route_band,cabin,pax_count,region,origin_region,total_duration,booking_month,stop_type,airline,total_legs,booking_dayofweek,lead_time_days,loyalty_members,destination,origin_city,city,home_region,booking_year,trip_type,payment_method,origin,nationality,airline_name,gender
1,3,1,8,5,220,2,1,54,1,1,3,1,22,68,22,5,2023,1,3,71,22,34,0
1,1,2,6,5,216,2,1,30,1,6,29,1,9,41,12,6,2016,1,3,46,30,33,1
1,3,5,8,5,215,5,1,49,1,6,58,1,20,41,19,8,2023,1,2,46,2,53,1
1,1,1,6,5,267,11,1,27,2,2,13,0,16,41,15,5,2017,2,5,46,23,30,0
0,1,2,1,0,782,11,1,14,2,1,23,1,80,16,77,0,2025,2,1,21,6,17,1
1,3,5,8,5,526,11,1,0,2,1,32,0,51,41,17,8,2022,2,2,46,22,24,1
2,3,1,5,5,129,8,1,13,1,1,32,1,7,24,47,5,2019,1,4,27,9,16,1
2,1,6,5,5,191,9,1,45,2,2,37,2,25,41,20,5,2020,0,3,46,9,42,1
0,0,1,4,5,970,12,1,18,2,3,52,1,59,41,52,5,2017,0,3,46,13,1,1
1,3,4,6,5,191,5,0,45,1,2,48,0,3,41,4,5,2019,1,3,46,23,42,0
3,1,3,2,5,1751,10,1,23,2,1,83,1,56,47,51,2,2019,2,5,7,1,26,1
0,1,2,6,0,741,2,1,26,2,6,103,0,3,3,4,0,2025,2,2,2,27,28,0
0,0,2,4,5,1193,12,1,47,3,3,16,0,69,0,33,4,2023,0,1,6,30,49,1
1,1,4,8,5,211,6,1,45,1,6,8,1,24,63,58,5,2023,1,0,68,29,42,0
0,0,1,0,5,705,8,1,13,2,4,49,0,50,41,42,5,2019,2,3,46,30,16,1
0,0,4,7,5,444,7,1,27,1,6,26,1,32,41,26,5,2021,1,2,46,15,30,1
0,1,1,7,6,561,1,1,5,2,4,21,1,70,57,27,7,2017,2,1,61,11,6,1
0,0,4,4,5,620,2,1,27,2,5,44,1,79,41,78,5,2023,2,0,46,22,30,0
0,1,2,4,5,773,7,0,45,2,1,51,0,53,35,48,5,2021,2,3,40,13,42,1
1,1,2,8,5,296,1,1,17,1,4,40,0,20,41,19,5,2022,1,3,46,34,19,0
0,1,6,4,5,863,3,1,29,2,3,62,1,5,35,6,4,2019,2,3,40,31,47,1
1,1,6,6,4,610,3,1,35,2,0,44,0,76,6,74,4,2018,2,1,5,5,8,1
1,0,3,8,5,293,3,1,37,1,0,6,0,43,41,37,8,2025,1,3,46,31,35,0
1,1,5,8,5,545,9,0,8,2,3,103,1,22,41,22,8,2024,2,3,46,29,9,1
0,1,2,1,0,701,4,1,48,2,1,127,1,63,56,18,1,2016,2,0,60,20,50,1
3,0,1,1,5,664,3,1,27,1,0,34,1,36,41,79,5,2022,1,1,46,9,30,1
0,0,2,4,8,591,9,0,49,1,1,88,0,69,30,33,8,2016,1,4,35,14,53,0
2,0,3,5,5,80,3,0,40,1,2,57,2,26,41,23,5,2021,1,4,46,9,39,1
0,1,6,8,3,714,11,1,37,2,3,101,2,22,66,22,8,2019,2,3,37,34,35,1
0,0,2,7,5,367,9,1,17,1,6,88,0,32,41,26,5,2022,1,0,46,22,19,0
0,1,1,0,5,486,1,0,13,1,4,49,0,44,20,38,5,2022,1,1,25,20,16,0
1,3,3,6,5,117,9,1,30,1,1,49,1,77,41,75,6,2025,1,1,46,8,33,1
0,2,1,5,0,407,3,1,15,1,3,68,0,6,16,0,5,2019,1,5,21,10,18,0
0,1,2,5,0,2012,10,1,26,3,1,9,0,55,21,50,0,2022,0,0,23,9,28,0
0,1,1,8,3,358,7,1,9,1,0,61,1,73,76,70,3,2020,1,5,62,25,14,0
1,3,4,8,5,203,6,1,27,1,0,27,0,73,41,70,5,2023,1,3,46,31,30,1
1,1,2,8,5,728,7,0,18,3,3,24,0,35,35,30,5,2017,0,1,40,28,1,1
3,0,5,3,5,912,9,0,9,2,5,58,2,64,41,11,3,2020,2,3,46,7,14,1
1,1,4,8,5,298,11,1,49,1,6,72,0,58,0,53,8,2019,1,2,6,2,53,0
0,0,2,0,3,728,11,1,34,2,6,39,0,23,11,21,3,2023,2,3,64,7,0,1
0,3,2,4,5,471,11,1,27,1,5,52,0,81,41,81,5,2024,1,4,46,30,30,1
3,1,1,1,5,683,12,0,54,1,3,32,0,47,41,45,5,2023,1,5,46,30,34,1
3,3,2,5,2,770,3,1,23,1,1,60,0,54,51,55,2,2024,1,2,56,31,26,0
1,1,1,6,5,198,2,1,27,1,5,59,0,28,41,80,5,2022,1,3,46,35,30,0
3,0,1,3,5,432,11,0,34,1,2,26,0,78,41,73,3,2025,1,1,46,30,0,0
1,1,2,6,5,243,9,1,41,2,6,47,0,15,41,10,6,2017,2,5,46,9,40,0
0,3,4,4,3,776,10,1,24,2,1,26,1,5,66,6,3,2019,2,1,37,13,29,0
0,1,3,4,5,902,9,1,17,2,1,21,1,29,68,64,5,2019,2,5,71,9,19,0
0,1,5,4,5,746,8,0,27,2,3,3,1,59,41,52,5,2023,2,5,46,31,30,0
0,1,2,4,5,401,6,1,53,1,5,59,0,79,41,78,4,2023,1,5,46,33,54,0
1,1,1,8,5,530,10,1,13,2,1,7,0,73,47,70,5,2024,2,1,7,30,16,1
1,1,1,6,5,246,4,1,20,1,6,51,1,10,41,7,5,2018,1,1,46,31,21,1
1,0,2,6,5,219,5,0,27,1,3,52,0,3,41,4,5,2022,1,1,46,28,30,1
0,0,2,7,1,823,7,0,48,2,5,79,0,45,18,40,1,2019,0,1,63,0,50,0
0,1,1,7,5,711,1,1,20,2,1,45,0,72,41,71,5,2020,2,3,46,22,21,1
0,1,2,4,5,810,11,1,15,2,5,84,1,4,41,5,5,2017,0,5,46,30,18,0
2,1,3,5,5,103,1,1,27,1,6,45,0,68,41,63,5,2018,1,5,46,28,30,1
0,1,2,7,4,323,11,1,6,1,0,37,1,32,25,26,4,2018,1,2,30,36,22,0
0,3,3,4,5,477,4,1,27,2,6,16,1,59,41,52,5,2022,0,0,46,22,30,1
1,0,5,8,5,515,7,1,37,2,6,68,1,14,41,54,8,2025,2,3,46,31,35,0
0,1,1,4,5,356,5,1,13,1,4,29,0,69,41,33,5,2015,1,1,46,28,16,0
0,0,2,7,6,792,11,1,41,3,6,29,0,32,7,26,6,2024,0,3,10,15,40,0
0,1,1,2,8,424,4,1,4,1,3,46,0,65,13,61,8,2024,1,0,12,14,5,0
0,2,2,2,8,275,4,1,13,1,3,131,1,65,31,61,5,2017,1,1,38,29,16,1
1,0,3,6,5,242,1,1,55,1,5,31,0,16,41,15,5,2024,1,4,46,35,55,1
3,0,5,3,5,505,12,1,27,1,1,32,0,33,41,28,5,2019,1,4,46,30,30,0
0,3,2,0,5,702,3,1,54,2,3,63,1,2,55,3,5,2025,0,1,54,2,34,0
0,1,2,5,4,405,6,0,55,1,1,18,0,54,46,55,5,2018,1,1,52,2,55,1
0,3,2,4,5,739,4,1,27,2,6,39,0,49,20,44,5,2015,2,3,25,28,30,0
3,0,2,2,5,817,10,0,45,1,3,19,2,75,41,72,5,2021,1,0,46,2,42,0
3,3,4,3,5,884,2,1,45,2,2,56,2,64,41,11,5,2025,2,5,46,2,42,0
3,1,3,1,5,1314,6,0,15,3,5,3,0,47,41,45,5,2020,0,1,46,31,18,0
0,1,6,7,5,744,2,1,27,2,4,47,1,32,41,26,5,2022,2,1,46,15,30,0
2,1,3,5,5,204,6,1,13,2,0,23,0,54,41,55,5,2020,2,2,46,22,16,0
0,3,5,7,5,687,10,0,5,2,6,31,2,72,41,71,7,2022,0,1,46,2,6,0
2,3,3,5,5,114,12,1,18,1,4,35,0,6,41,0,5,2021,1,5,46,28,1,0
1,1,6,8,5,510,2,0,45,2,0,45,2,51,41,17,5,2024,2,0,46,28,42,0
3,3,1,3,5,1112,7,1,13,2,1,102,1,62,41,76,5,2024,2,5,46,30,16,0
0,0,4,0,4,318,8,1,26,1,5,43,1,60,25,56,0,2024,1,1,30,33,28,0
0,1,3,4,5,922,2,1,27,2,3,12,0,79,41,78,5,2024,2,2,46,12,30,0
2,0,1,5,5,546,2,1,45,2,2,69,0,40,41,35,5,2019,0,0,46,22,42,0
0,1,3,4,5,394,2,1,22,1,1,29,1,39,41,32,4,2018,1,3,46,2,23,1
0,3,3,4,5,484,12,1,27,1,6,12,1,81,41,81,5,2023,1,5,46,28,30,0
1,1,3,6,5,110,6,1,45,1,6,17,0,9,63,12,5,2025,1,4,68,28,42,0
0,1,2,4,5,795,12,1,20,2,3,39,0,69,41,33,5,2023,2,5,46,9,21,0
1,1,1,5,6,638,3,0,55,2,1,58,0,6,80,0,5,2024,0,5,28,28,55,1
1,1,5,8,5,274,1,0,27,1,3,4,0,73,41,70,5,2022,1,1,46,28,30,1
0,0,2,7,5,800,8,1,54,2,3,28,0,45,68,40,5,2018,0,0,71,30,34,0
1,1,2,8,5,518,2,0,27,2,2,46,0,51,41,17,5,2021,2,3,46,9,30,0
0,0,4,4,5,303,6,0,27,1,1,36,2,59,41,52,5,2021,1,5,46,31,30,0
0,1,3,7,5,760,7,0,15,2,6,29,0,11,41,8,5,2024,2,0,46,9,18,0
2,1,4,5,5,209,5,1,27,2,2,52,0,54,41,55,5,2023,2,2,46,30,30,0
1,0,3,8,5,236,4,0,45,1,0,45,0,35,20,30,5,2016,1,1,25,34,42,1
1,0,4,8,5,479,3,1,27,2,4,26,1,66,41,62,5,2018,2,5,46,2,30,1
0,2,1,4,5,1301,10,0,27,3,2,3,0,52,41,46,5,2025,0,3,46,31,30,1
0,1,1,8,4,567,10,0,35,1,5,52,0,14,60,54,4,2024,1,0,18,5,8,0
0,0,2,4,5,921,4,1,27,2,5,106,0,69,41,33,5,2019,2,1,46,22,30,0
1,1,4,8,5,188,2,1,0,1,0,52,2,20,41,19,8,2018,1,4,46,14,24,0
1,1,3,8,5,773,3,0,8,2,0,97,0,48,41,43,8,2017,0,5,46,31,9,1
1,3,3,6,5,134,10,1,27,1,4,82,1,10,41,7,5,2025,1,5,46,31,30,0
3,0,1,3,5,428,11,1,34,1,2,52,0,64,68,11,3,2021,1,4,71,18,0,1
1,1,2,8,5,232,7,1,37,1,2,51,0,73,41,70,8,2022,1,1,46,9,35,0
0,1,5,7,5,835,8,1,17,2,1,88,0,72,41,71,5,2015,2,5,46,22,19,1
0,2,4,7,4,679,8,1,20,2,0,31,2,45,46,40,5,2018,2,0,52,15,21,1
1,1,1,8,5,406,8,1,27,2,1,84,0,73,41,70,5,2016,2,3,46,31,30,1
1,1,6,8,5,511,2,0,20,2,5,11,2,12,41,13,5,2022,2,3,46,9,21,1
0,1,1,7,6,854,9,0,21,2,2,14,0,57,74,49,6,2023,2,3,76,16,25,1
0,1,1,7,0,816,12,1,42,2,1,40,0,11,36,8,0,2016,2,3,42,10,44,0
0,1,2,4,5,469,2,1,27,1,0,75,2,18,41,60,5,2016,1,3,46,12,30,0
2,1,3,5,5,76,11,1,45,1,2,21,1,25,41,20,5,2025,1,1,46,28,42,1
0,0,3,4,5,724,12,0,17,2,3,24,1,81,41,81,5,2018,2,4,46,2,19,0
1,1,6,8,5,207,11,0,37,1,2,29,4,20,41,19,8,2022,1,3,46,30,35,1
1,0,2,6,5,230,7,1,17,1,3,9,0,77,41,75,5,2024,1,4,46,16,19,1
0,0,2,4,5,482,7,1,20,1,3,53,1,79,41,78,5,2016,1,3,46,33,21,0
1,1,5,6,5,243,4,1,21,1,6,39,2,15,41,10,6,2025,1,5,46,2,25,0
0,1,1,2,4,1060,12,1,3,2,0,22,1,75,33,72,4,2022,0,1,69,1,4,1
0,0,3,0,5,790,10,1,15,2,0,76,0,60,41,56,5,2017,2,1,46,28,18,1
0,3,3,5,4,957,6,1,13,2,5,34,0,27,64,24,5,2023,2,5,29,12,16,0
0,0,3,7,5,627,2,1,27,2,3,17,0,11,41,8,5,2025,2,2,46,31,30,1
1,1,4,8,5,471,11,0,40,2,4,8,0,24,20,58,5,2019,2,3,25,30,39,1
3,1,1,1,5,889,11,1,13,1,2,43,0,63,20,18,5,2021,1,0,25,28,16,0
3,1,2,3,5,424,4,1,10,1,5,59,1,62,47,76,3,2018,1,1,7,2,3,1
0,1,2,5,4,863,1,0,6,3,0,43,1,71,81,68,4,2018,0,1,81,33,22,1
1,0,2,4,6,570,11,1,30,2,3,25,1,59,80,52,6,2015,2,1,28,12,33,0
0,1,2,7,5,769,3,1,55,2,3,15,0,32,41,26,5,2018,2,1,46,28,55,1
1,1,4,6,5,124,12,0,32,1,6,73,0,77,41,75,6,2024,1,4,46,8,15,0
3,1,2,1,5,1353,3,1,27,3,6,8,0,31,41,65,5,2022,0,3,46,22,30,1
0,1,2,4,5,825,7,1,27,2,2,9,1,59,41,52,5,2020,2,1,46,5,30,0
0,1,1,7,5,412,10,0,19,1,5,49,0,19,0,34,7,2024,1,0,6,28,20,1
1,1,1,8,5,449,4,1,0,2,6,3,0,24,41,58,8,2019,2,1,46,25,24,1
1,1,2,8,5,484,5,1,17,2,4,18,0,12,41,13,5,2025,2,3,46,29,19,0
3,1,3,3,5,776,12,0,13,2,5,18,1,67,41,67,5,2023,0,2,46,21,16,1
1,0,1,8,5,869,11,1,18,3,0,1,1,35,41,30,5,2022,0,3,46,34,1,0
1,2,4,8,5,307,5,0,45,1,2,15,2,22,41,22,5,2023,1,0,46,30,42,1
0,1,2,4,5,884,6,1,18,2,1,68,0,49,41,44,5,2024,2,5,46,28,1,0
3,1,3,1,5,830,9,1,17,1,6,66,1,36,41,79,5,2022,1,3,46,28,19,0
1,1,1,8,5,465,5,1,37,2,1,54,0,43,41,37,8,2017,2,3,46,30,35,0
1,2,3,8,5,426,7,0,27,2,3,78,0,20,41,19,5,2023,2,5,46,28,30,0
1,1,1,6,5,442,10,1,45,2,0,1,0,16,41,15,5,2021,0,1,46,19,42,0
0,1,1,4,5,710,2,1,45,2,6,15,0,39,41,32,5,2025,2,5,46,9,42,1
0,2,1,7,5,632,12,0,27,2,4,68,1,11,41,8,5,2021,2,4,46,9,30,0
1,0,2,8,5,483,6,1,18,2,1,93,2,20,41,19,5,2025,2,3,46,28,1,1
0,3,1,4,5,1323,12,1,28,3,2,49,1,79,41,78,4,2016,0,5,46,22,31,1
1,0,1,6,5,399,10,1,36,2,2,13,0,61,41,57,6,2025,2,1,46,19,36,1
1,1,2,8,5,195,2,1,27,1,2,4,1,48,41,43,5,2023,1,5,46,22,30,1
0,1,1,8,0,341,11,1,37,1,0,21,0,66,21,62,8,2016,1,5,23,25,35,1
3,1,2,1,5,1431,4,1,48,2,1,43,1,63,41,18,1,2017,2,4,46,22,50,1
0,1,2,0,6,333,6,1,21,1,3,1,0,42,57,36,6,2017,1,3,61,23,25,0
1,1,4,8,5,563,2,0,18,2,3,47,1,58,41,53,5,2024,2,3,46,9,1,0
1,1,3,6,5,188,1,1,40,1,4,43,2,77,23,75,5,2023,1,2,26,2,39,0
0,1,1,7,5,747,8,1,20,2,5,50,0,70,23,27,5,2023,0,1,26,30,21,1
1,1,2,8,5,506,1,1,20,2,5,29,0,66,41,62,5,2023,2,1,46,29,21,0
2,1,1,5,5,88,1,0,27,1,6,20,1,7,41,47,5,2015,1,0,46,28,30,1
3,1,1,2,5,774,12,1,18,1,6,49,1,1,41,2,5,2022,1,1,46,22,1,1
3,0,3,3,5,511,9,0,34,1,0,97,1,62,47,76,3,2022,1,5,7,31,0,1
1,1,6,8,5,192,12,0,27,1,0,52,1,22,41,22,5,2021,1,1,46,34,30,0
3,1,1,3,5,536,3,1,45,1,2,32,0,62,41,76,5,2021,1,5,46,9,42,0
1,1,2,8,5,512,5,1,50,2,3,25,2,20,0,19,8,2016,2,5,6,9,46,0
1,1,1,6,5,246,3,0,18,2,4,100,0,3,41,4,5,2017,2,2,46,22,1,0
0,1,3,4,5,911,6,1,35,2,6,90,1,79,50,78,4,2019,2,3,55,2,8,0
1,1,6,6,5,709,10,1,17,3,6,61,3,74,35,69,5,2016,0,3,40,16,19,0
1,1,2,8,5,863,3,1,37,3,1,16,0,38,41,31,8,2025,0,3,46,2,35,0
1,2,4,8,5,461,2,1,37,2,3,38,2,43,41,37,8,2021,2,0,46,25,35,0
1,3,4,8,5,379,12,1,27,2,3,63,0,14,41,54,5,2022,2,2,46,22,30,1
2,3,4,5,5,238,4,1,27,2,6,58,1,7,41,47,5,2020,2,1,46,30,30,0
0,0,2,4,5,922,10,1,15,2,3,11,1,5,41,6,5,2023,2,5,46,22,18,0
1,1,3,8,5,279,9,1,15,1,4,10,1,22,41,22,5,2023,1,1,46,22,18,1
3,0,2,2,5,1588,10,1,13,3,2,69,2,1,47,2,5,2019,0,0,7,9,16,0
1,1,6,8,5,408,8,1,37,2,2,13,1,66,41,62,8,2025,2,5,46,3,35,1
0,1,3,4,5,315,9,1,20,1,6,7,0,53,0,48,5,2021,1,1,6,12,21,0
1,1,2,6,5,245,12,1,27,2,0,117,2,16,41,15,5,2016,2,0,46,31,30,1
0,3,4,4,5,759,7,1,13,2,5,66,2,29,41,64,5,2024,2,1,46,5,16,1
0,3,3,7,5,372,5,1,27,1,5,26,1,32,41,26,5,2025,1,2,46,22,30,1
1,3,4,8,5,827,11,1,18,3,2,53,2,35,0,30,5,2025,0,2,6,3,1,0
0,1,2,4,5,910,11,1,29,2,3,52,0,69,41,33,4,2018,2,2,46,5,47,0
0,1,6,5,4,863,7,0,15,2,4,98,2,68,52,63,5,2015,2,1,59,37,18,0
0,1,3,4,0,453,6,0,29,1,5,5,1,81,21,81,4,2015,1,1,23,32,47,1
2,1,3,5,5,173,2,0,27,2,6,10,0,54,41,55,5,2016,2,2,46,2,30,1
0,1,2,4,5,877,4,0,15,2,4,91,0,39,20,32,5,2015,2,1,25,31,18,0
0,1,2,4,3,279,8,0,34,1,3,66,0,30,76,25,3,2018,1,3,62,13,0,1
1,0,2,8,5,249,8,0,0,1,2,16,0,66,41,62,8,2019,1,3,46,28,24,0
0,0,2,0,5,446,8,1,45,1,3,35,0,23,50,21,5,2017,1,1,55,9,42,0
0,0,3,4,3,925,9,1,45,2,3,3,2,18,11,60,5,2024,2,1,64,17,42,0
3,1,4,1,5,658,7,1,20,1,2,84,1,80,41,77,5,2016,1,5,46,22,21,1
2,1,4,5,5,249,4,0,27,2,4,25,0,25,41,20,5,2018,2,2,46,31,30,0
1,1,2,8,5,499,3,0,55,2,6,36,0,58,41,53,5,2022,2,2,46,3,55,0
0,1,1,4,5,678,3,1,27,2,4,49,1,81,41,81,5,2025,2,3,46,2,30,1
1,2,2,6,5,156,3,1,40,1,0,96,1,61,41,57,5,2024,1,2,46,16,39,1
3,1,2,3,5,1071,10,1,45,2,0,41,1,78,41,73,5,2018,2,5,46,28,42,1
3,1,2,3,5,889,8,1,45,2,6,23,1,37,23,66,5,2024,0,2,26,2,42,0
0,1,3,4,5,908,10,1,53,2,0,62,0,81,41,81,4,2022,2,2,46,31,54,1
1,1,2,6,5,192,3,0,13,1,5,25,2,74,41,69,5,2016,1,1,46,2,16,1
1,1,3,6,5,483,7,1,18,2,6,67,2,77,41,75,5,2019,0,3,46,22,1,1
1,1,2,8,5,217,12,1,49,1,1,65,0,48,41,43,8,2021,1,4,46,22,53,1
0,1,1,4,8,924,9,0,37,2,3,67,1,79,37,78,8,2025,2,1,43,17,35,1
1,3,2,8,5,579,8,0,43,2,3,10,1,17,41,39,8,2017,2,3,46,30,45,0
1,1,4,8,5,407,3,0,17,2,6,12,0,24,55,58,5,2016,2,1,54,29,19,0
0,1,1,7,5,704,11,1,52,2,4,55,0,70,41,27,7,2020,2,5,46,36,51,1
0,1,3,7,1,464,12,1,52,1,3,14,1,32,79,26,7,2025,1,0,36,15,51,0
1,1,1,8,5,248,7,0,13,1,3,9,1,14,63,54,5,2019,1,1,68,25,16,0
2,1,2,5,5,71,7,1,45,1,2,45,0,71,63,68,5,2019,1,1,68,9,42,0
1,0,2,6,5,236,10,1,55,1,1,70,1,16,35,15,5,2016,1,0,40,16,55,1
3,1,5,3,5,427,1,1,27,1,5,41,1,62,35,76,5,2023,1,0,40,22,30,1
1,1,5,8,5,444,9,1,4,2,2,67,3,22,41,22,8,2025,2,3,46,25,5,1
2,1,5,5,5,180,12,1,27,2,0,20,0,40,41,35,5,2022,2,5,46,30,30,0
0,1,2,0,7,694,2,0,27,2,1,73,0,0,49,1,5,2019,2,1,57,36,30,1
1,0,3,6,5,331,11,1,27,2,5,65,2,10,41,7,5,2022,2,3,46,22,30,1
1,1,4,8,5,969,1,1,15,3,3,60,2,24,0,58,5,2017,0,1,6,30,18,1
0,2,2,7,1,1102,1,1,12,3,6,26,0,70,65,27,1,2016,0,1,31,6,13,1
0,1,1,0,1,807,6,1,1,2,0,33,0,50,59,42,1,2022,2,5,41,0,7,0
0,1,3,0,5,339,4,0,27,1,4,80,1,23,41,21,5,2016,1,1,46,30,30,1
0,3,1,1,4,738,5,1,7,2,3,47,0,31,64,65,4,2025,0,1,29,13,10,0
0,3,2,8,2,683,11,1,51,2,2,13,0,51,72,17,2,2024,2,5,75,14,52,0
0,1,2,8,4,849,11,1,28,2,2,52,1,38,25,31,4,2022,2,1,30,3,31,1
0,1,5,4,5,680,7,0,17,2,1,4,1,69,20,33,5,2025,2,0,25,12,19,1
1,3,2,8,5,483,9,1,37,2,5,52,0,58,50,53,8,2018,2,0,55,3,35,1
1,1,3,8,5,575,1,0,50,2,2,38,2,48,20,43,8,2019,2,0,25,3,46,0
1,3,3,6,5,636,12,0,55,2,1,30,0,10,41,7,5,2024,0,1,46,16,55,0
0,0,2,4,0,808,6,1,42,2,3,66,1,18,36,60,0,2024,2,2,42,27,44,1
1,2,1,5,8,289,6,1,54,1,0,72,0,54,43,55,5,2019,1,1,48,3,34,0
2,1,1,8,8,137,12,1,43,1,3,28,0,17,13,39,8,2024,1,3,12,14,45,0
0,3,5,3,2,821,9,1,9,2,3,48,2,78,14,73,3,2025,2,2,13,26,14,0
0,2,1,4,5,816,11,1,35,2,3,39,1,49,41,44,4,2018,2,3,46,2,8,0
1,0,3,6,5,235,8,0,27,1,1,74,1,74,41,69,5,2024,1,3,46,23,30,0
0,1,2,4,5,929,10,1,53,2,2,28,1,49,41,44,4,2017,2,0,46,9,54,0
0,0,2,7,5,342,10,1,38,1,4,35,0,57,0,49,7,2019,1,1,6,2,37,0
0,1,1,4,1,766,3,1,47,2,3,52,1,5,79,6,4,2023,0,2,36,6,49,0
1,1,1,8,5,262,2,1,0,1,0,10,0,14,41,54,8,2018,1,4,46,2,24,0
1,1,2,8,5,517,11,1,27,2,0,46,0,20,41,19,5,2024,2,1,46,30,30,1
0,1,2,0,5,791,8,0,27,2,3,101,0,44,41,38,5,2024,2,4,46,30,30,1
1,1,1,8,5,199,5,1,27,1,4,20,1,66,41,62,5,2021,1,0,46,31,30,0
1,0,1,8,5,306,7,1,17,1,0,73,0,17,24,39,5,2019,1,2,27,9,19,0
0,1,3,4,1,847,11,1,48,2,6,17,1,30,79,25,1,2024,2,1,36,37,50,0
0,1,2,8,6,592,12,1,4,3,1,95,0,12,57,13,8,2023,0,0,61,16,5,0
0,1,4,3,8,276,11,1,8,1,2,93,0,37,22,66,8,2024,1,1,22,29,9,1
2,0,1,5,5,152,2,1,45,2,6,49,0,7,20,47,5,2020,2,3,25,22,42,1
1,1,3,5,8,428,7,1,54,2,3,32,0,71,19,68,5,2018,2,5,20,22,34,0
1,1,5,8,5,236,6,1,27,1,5,77,0,58,41,53,5,2024,1,5,46,29,30,0
2,1,2,5,5,100,4,1,40,1,1,16,1,27,23,24,5,2018,1,4,26,2,39,1
0,1,6,4,5,360,11,1,27,1,1,46,0,69,41,33,5,2024,1,3,46,17,30,1
1,1,2,6,5,350,3,1,55,2,6,93,0,74,41,69,5,2023,2,3,46,2,55,0
1,1,2,8,5,183,2,1,49,1,0,68,2,24,41,58,8,2023,1,1,46,30,53,0
1,1,2,6,5,190,4,1,17,1,0,60,0,76,41,74,5,2018,1,1,46,28,19,1
3,0,3,1,5,1540,6,0,2,2,0,25,2,63,41,18,1,2022,2,3,46,30,2,0
3,1,1,3,5,541,5,0,34,1,6,53,1,62,41,76,3,2018,1,1,46,18,0,0
1,1,2,8,5,224,4,1,15,1,0,39,1,22,41,22,5,2023,1,3,46,28,18,0
0,1,2,0,6,682,7,0,32,2,0,88,0,42,69,36,6,2021,2,1,74,19,15,1
0,1,1,7,4,405,7,0,44,1,5,78,1,19,64,34,7,2024,1,3,29,33,43,1
0,1,3,4,5,395,2,1,29,1,4,55,0,81,41,81,4,2017,1,3,46,30,47,0
3,2,1,3,5,474,6,0,13,1,1,72,0,78,41,73,5,2015,1,3,46,22,16,0
1,0,3,8,5,197,1,1,0,1,1,30,1,24,47,58,8,2019,1,1,7,2,24,1
0,1,2,7,5,694,11,0,54,2,4,62,0,11,41,8,5,2022,2,4,46,36,34,1
1,1,3,8,5,560,5,1,27,2,1,63,1,51,41,17,5,2024,2,1,46,31,30,1
0,1,6,4,5,385,4,0,7,1,4,19,2,69,41,33,4,2024,1,1,46,2,10,0
2,1,3,5,5,109,1,1,54,1,6,79,2,7,41,47,5,2015,1,5,46,31,34,0
1,1,3,8,5,585,1,1,40,2,5,90,0,20,23,19,5,2022,2,5,26,31,39,0
1,0,1,8,5,531,2,1,37,2,2,9,0,66,41,62,8,2025,2,4,46,28,35,0
0,0,3,0,5,492,4,1,27,1,5,15,1,21,41,16,5,2022,1,5,46,2,30,1
0,1,3,7,5,1158,1,1,38,3,5,29,1,57,41,49,7,2022,0,4,46,28,37,1
1,3,5,6,5,381,7,0,20,2,5,81,1,15,41,10,5,2023,2,5,46,30,21,0
1,0,5,8,5,856,1,1,27,3,1,13,2,20,41,19,5,2024,0,5,46,2,30,1
0,1,2,3,4,641,4,1,9,2,1,9,2,62,60,76,3,2023,2,3,18,17,14,1
2,1,2,5,5,142,4,1,27,2,2,58,1,26,41,23,5,2025,2,5,46,30,30,0
0,1,3,7,6,668,3,1,46,2,3,34,2,11,4,8,7,2023,2,3,3,19,48,1
0,3,3,7,8,373,11,1,46,1,4,98,0,70,62,27,7,2023,1,5,66,29,48,1
0,0,2,7,5,652,3,0,46,2,1,9,1,11,41,8,7,2023,0,0,46,28,48,1
1,2,2,8,5,485,6,1,27,2,4,28,0,12,41,13,5,2022,2,5,46,9,30,1
1,1,3,6,5,409,5,0,27,2,1,29,1,10,41,7,5,2018,2,3,46,23,30,1
0,1,1,6,6,322,5,1,27,1,3,12,0,9,75,12,5,2024,1,1,77,23,30,0
0,1,2,4,7,821,6,0,5,2,1,70,1,30,40,25,7,2017,2,3,45,37,6,0
1,1,5,8,5,796,4,1,54,2,1,24,1,43,41,37,5,2025,0,2,46,14,34,1
0,0,2,4,5,301,9,1,27,1,2,29,1,5,41,6,5,2021,1,3,46,13,30,1
0,1,1,0,5,836,4,0,27,2,2,31,0,21,41,16,5,2019,2,3,46,28,30,0
1,1,1,6,5,202,7,1,27,1,0,82,0,74,41,69,5,2015,1,4,46,2,30,0
0,1,3,4,5,421,2,1,17,1,5,69,1,29,24,64,5,2025,1,0,27,17,19,1
1,1,1,8,5,289,10,1,8,1,5,50,0,38,41,31,8,2018,1,3,46,34,9,0
0,1,2,4,5,882,6,1,18,2,3,59,0,29,41,64,5,2025,2,1,46,30,1,0
0,3,3,4,5,388,4,1,18,1,4,46,0,81,24,81,5,2019,1,1,27,22,1,0
3,1,1,2,5,1704,8,1,27,2,6,41,0,13,41,14,5,2022,2,3,46,1,30,0
0,1,1,4,5,819,9,1,27,2,3,35,1,53,41,48,5,2015,2,1,46,9,30,1
0,1,4,5,4,422,2,0,27,1,5,96,1,46,60,41,5,2019,1,3,18,13,30,0
1,1,1,8,5,459,10,1,15,2,0,38,0,22,41,22,5,2018,2,1,46,22,18,1
0,0,1,7,5,878,2,1,17,2,1,21,0,57,41,49,5,2024,2,0,46,2,19,0
2,1,5,5,5,98,9,1,27,1,3,83,1,7,41,47,5,2016,1,3,46,9,30,1
3,1,2,1,5,1614,7,1,27,2,2,93,0,36,41,79,5,2023,2,4,46,28,30,0
0,1,2,4,5,334,3,1,28,1,5,70,0,53,41,48,4,2019,1,2,46,22,31,0
3,0,3,3,5,1234,8,0,27,3,2,12,0,64,41,11,5,2019,0,1,46,2,30,1
1,0,5,8,5,302,2,1,8,1,5,13,1,73,41,70,8,2019,1,1,46,14,9,1
1,1,1,5,8,191,8,1,18,1,3,16,1,6,58,0,5,2023,1,5,24,3,1,0
0,1,3,7,5,323,6,1,46,1,5,1,1,32,41,26,7,2016,1,3,46,15,48,0
0,1,2,0,5,877,3,1,45,3,5,66,0,2,68,3,5,2023,0,3,71,2,42,1
3,0,4,1,5,604,8,0,2,1,0,20,3,80,23,77,1,2024,1,2,26,28,2,0
0,1,1,4,5,943,2,1,16,2,0,18,0,4,41,5,4,2020,2,3,46,31,41,0
0,2,1,1,8,793,8,1,1,2,0,12,0,63,19,18,1,2025,2,0,20,14,7,1
0,1,2,8,4,1160,5,1,4,2,5,15,1,17,25,39,8,2025,2,5,30,13,5,1
0,3,3,4,5,907,3,1,27,2,1,39,1,52,41,46,5,2025,2,4,46,5,30,1
2,0,2,5,5,123,10,1,18,1,2,33,0,71,41,68,5,2019,1,1,46,31,1,1
1,1,2,6,5,206,9,1,55,1,6,46,0,34,41,29,5,2021,1,2,46,9,55,0
0,1,2,4,5,691,7,0,27,2,5,75,0,8,41,9,5,2017,2,1,46,28,30,0
1,1,1,8,5,271,11,0,45,1,5,89,0,48,41,43,5,2025,1,5,46,3,42,1
1,1,6,8,5,226,5,1,45,1,0,61,4,38,41,31,5,2022,1,4,46,31,42,0
0,1,2,7,5,759,6,1,54,2,3,137,0,11,41,8,5,2017,2,5,46,2,34,1
0,1,3,2,6,459,9,0,17,1,1,96,0,75,57,72,5,2021,1,3,61,19,19,0
2,2,2,5,5,208,10,1,18,2,3,31,0,6,41,0,5,2018,2,3,46,30,1,0
0,0,2,0,5,730,2,0,54,2,4,44,0,21,50,16,5,2018,0,1,55,27,34,1
1,1,4,8,5,476,11,0,4,2,6,2,2,17,41,39,8,2019,2,1,46,28,5,1
2,2,2,5,5,95,1,1,27,1,1,21,2,55,41,50,5,2025,1,5,46,31,30,0
0,1,1,4,5,794,5,0,3,2,0,59,1,18,63,60,4,2024,2,3,68,30,4,0
1,1,1,8,5,295,11,1,27,1,0,40,1,73,41,70,5,2025,1,2,46,34,30,1
1,1,2,8,5,385,4,1,4,2,1,13,1,51,41,17,8,2021,2,3,46,9,5,1
0,1,3,7,5,624,7,0,18,2,1,9,1,72,41,71,5,2020,2,5,46,31,1,0
0,1,2,7,5,688,6,1,40,2,0,104,1,57,41,49,5,2023,2,5,46,31,39,0
1,1,1,8,5,633,2,1,37,2,3,21,1,38,41,31,8,2022,2,4,46,31,35,1
2,1,2,5,5,68,10,1,45,1,6,32,1,55,41,50,5,2020,1,2,46,2,42,1
3,1,5,3,5,985,5,1,27,2,0,73,2,64,41,11,5,2018,2,1,46,31,30,0
0,1,5,0,5,313,4,1,15,1,4,20,2,50,41,42,5,2023,1,3,46,20,18,0
0,0,3,4,5,460,9,1,20,1,4,35,0,4,47,5,5,2021,1,4,7,22,21,1
1,0,2,8,5,217,12,1,37,1,5,16,1,43,41,37,8,2023,1,3,46,31,35,1
0,3,4,6,0,290,12,1,30,1,3,43,2,16,56,15,6,2022,1,0,60,10,33,0
0,1,4,4,5,804,6,0,17,2,4,86,3,59,41,52,5,2018,2,2,46,5,19,0
0,3,2,0,5,813,6,1,42,2,6,64,0,42,41,36,0,2022,2,1,46,28,44,1
1,0,4,8,5,456,4,0,18,2,2,62,0,51,41,17,5,2018,2,1,46,25,1,1
3,1,3,3,5,869,1,0,18,3,2,18,0,67,0,67,5,2019,0,1,6,30,1,1
1,1,1,6,5,196,3,1,40,1,5,21,0,77,55,75,5,2022,1,1,54,9,39,0
0,1,1,0,5,1291,8,1,55,3,3,10,0,23,41,21,5,2017,0,5,46,9,55,1
1,0,4,8,5,491,9,1,20,2,5,58,1,17,41,39,5,2018,2,3,46,28,21,1
3,1,2,1,5,778,2,1,27,1,0,2,0,41,41,59,5,2025,1,4,46,2,30,1
0,3,5,3,8,735,10,1,33,2,5,17,2,37,19,66,3,2024,2,1,20,3,12,0
1,1,3,8,5,381,6,0,43,2,6,75,0,17,41,39,8,2023,2,1,46,28,45,0
1,3,2,8,5,289,6,1,54,1,1,4,0,51,41,17,5,2023,1,3,46,9,34,1
2,1,1,5,5,984,7,1,45,2,3,85,0,40,41,35,5,2019,0,3,46,2,42,1
1,0,2,8,5,238,12,1,27,1,3,41,0,24,41,58,5,2022,1,1,46,28,30,1
1,3,1,8,5,768,3,1,17,3,4,91,0,14,50,54,5,2025,0,4,55,28,19,1
0,0,5,4,5,359,10,1,27,1,2,19,2,18,41,60,5,2024,1,3,46,2,30,0
1,1,2,8,5,207,9,1,45,1,1,76,1,73,41,70,5,2023,1,5,46,34,42,0
0,2,1,7,5,1298,9,1,46,3,3,64,1,11,41,8,7,2022,0,2,46,30,48,0
0,3,3,4,5,680,9,1,6,2,3,26,0,49,41,44,4,2017,2,0,46,9,22,1
0,3,1,4,5,823,1,1,47,2,5,33,1,59,41,52,4,2018,2,3,46,37,49,0
1,1,4,8,5,246,8,1,37,1,5,25,0,66,41,62,8,2021,1,3,46,31,35,0
0,1,6,4,5,401,8,1,27,1,3,31,2,30,50,25,5,2019,1,2,55,9,30,1
0,1,1,8,7,452,11,1,46,1,5,66,1,66,40,62,7,2018,1,0,45,24,48,1
2,2,2,5,5,63,1,1,54,1,6,23,1,54,41,55,5,2022,1,3,46,22,34,0
1,1,1,8,5,528,11,1,13,2,0,24,0,20,41,19,5,2016,2,1,46,31,16,0
0,3,6,4,5,433,10,1,6,1,1,69,1,53,41,48,4,2024,1,0,46,28,22,1
1,3,5,8,5,457,5,0,45,2,1,41,0,20,41,19,5,2017,2,2,46,22,42,0
3,1,1,1,5,1669,5,1,54,2,3,72,1,80,55,77,5,2019,2,0,54,31,34,1
0,0,2,1,8,346,11,1,4,1,6,54,0,80,62,77,8,2025,1,5,66,29,5,0
0,1,2,4,5,457,9,1,55,1,3,7,1,4,35,5,5,2019,1,4,40,28,55,1
0,1,3,0,5,456,1,1,17,1,1,16,1,44,41,38,5,2025,1,3,46,22,19,1
3,3,3,3,5,926,8,1,54,2,5,74,0,33,41,28,5,2016,2,2,46,31,34,0
0,0,3,5,4,959,4,1,53,2,6,56,1,40,32,35,4,2023,2,4,39,33,54,1
1,1,1,8,5,313,6,1,27,1,4,5,1,24,41,58,5,2017,1,1,46,28,30,0
0,1,4,5,4,703,3,0,16,2,0,42,0,25,44,20,4,2020,2,1,49,31,41,1
0,1,2,7,6,817,11,1,38,2,0,35,0,57,74,49,7,2021,2,4,76,35,37,0
1,1,1,6,4,1189,12,1,41,3,6,26,1,10,48,7,6,2017,0,1,53,17,40,1
1,1,3,8,5,643,2,0,43,2,1,30,0,51,41,17,8,2024,0,3,46,9,45,1
0,1,1,4,5,1202,12,0,17,3,0,73,0,4,41,5,5,2020,0,1,46,17,19,1
1,1,2,8,5,474,2,1,40,2,6,68,0,66,23,62,5,2019,2,3,26,34,39,1
2,3,1,5,5,65,6,0,40,1,6,23,0,26,41,23,5,2021,1,3,46,2,39,1
2,0,3,5,5,65,2,1,20,1,5,29,0,6,55,0,5,2023,1,4,54,9,21,1
3,1,2,5,2,874,1,1,40,1,6,67,0,26,2,23,5,2018,1,0,1,2,39,0
3,1,3,2,5,951,4,1,55,1,1,41,0,65,50,61,5,2022,1,3,55,30,55,1
1,1,2,8,5,1045,3,1,4,3,3,9,0,58,41,53,8,2023,0,3,46,25,5,0
0,1,1,4,5,905,11,1,27,2,4,3,0,8,41,9,5,2018,2,4,46,28,30,1
3,1,1,2,5,1805,5,1,51,2,6,6,1,56,20,51,2,2017,2,1,25,22,52,1
3,3,4,3,5,862,3,1,40,2,4,59,1,64,41,11,5,2022,0,5,46,22,39,0
1,1,1,8,5,504,5,1,4,2,0,64,0,14,41,54,8,2022,2,3,46,30,5,1
1,1,5,6,5,171,1,1,30,1,1,77,2,28,41,80,6,2018,1,5,46,19,33,0
0,0,1,0,0,608,9,0,14,2,0,35,0,21,38,16,0,2019,0,1,44,32,17,1
1,1,2,8,5,582,4,1,4,2,3,61,0,24,41,58,8,2024,0,1,46,31,5,0
1,1,2,6,5,351,5,0,15,2,2,64,0,61,41,57,5,2015,2,2,46,16,18,1
0,1,5,7,5,380,4,1,17,1,1,16,2,19,41,34,5,2022,1,1,46,28,19,1
1,1,3,8,5,579,7,1,20,2,3,5,0,73,41,70,5,2015,2,4,46,22,21,1
0,1,3,0,5,814,10,1,42,2,2,29,1,0,41,1,0,2023,2,3,46,22,44,0
1,1,3,8,5,407,4,1,40,2,0,15,0,66,35,62,5,2024,2,5,40,22,39,0
1,1,3,6,5,485,11,1,18,2,6,132,0,10,41,7,5,2023,2,5,46,22,1,0
0,1,2,4,5,306,10,0,27,1,4,13,1,4,41,5,5,2025,1,0,46,28,30,0
1,1,1,8,5,271,8,1,37,1,3,80,1,58,41,53,8,2015,1,3,46,30,35,1
0,1,5,7,5,375,9,1,18,1,1,28,2,19,41,34,5,2024,1,1,46,36,1,1
0,1,2,7,5,737,9,0,31,2,2,102,0,11,41,8,7,2017,2,3,46,15,32,1
0,1,2,8,2,762,9,0,50,2,0,36,1,20,2,19,8,2017,2,2,1,1,46,1
3,1,2,2,5,1849,12,1,27,2,5,23,0,13,41,14,5,2024,2,3,46,31,30,1
0,1,4,0,5,415,8,1,18,1,6,130,0,2,68,3,5,2020,1,4,71,20,1,0
0,1,3,4,5,819,9,1,27,2,5,15,0,5,41,6,5,2025,2,5,46,33,30,0
0,1,5,0,7,1028,4,1,19,3,6,22,3,50,34,42,7,2021,0,5,19,36,20,1
0,1,1,7,5,833,6,1,54,2,4,41,0,57,41,49,5,2022,2,3,46,30,34,0
1,1,2,6,5,460,11,1,17,2,0,79,0,61,55,57,5,2023,2,2,54,28,19,0
3,1,1,3,5,837,10,1,18,2,5,29,0,78,50,73,5,2023,0,2,55,28,1,1
3,0,1,2,5,878,1,1,27,1,1,61,0,56,41,51,5,2024,1,3,46,28,30,0
0,1,3,0,8,827,6,1,14,2,3,49,0,0,53,1,0,2019,2,3,58,27,17,0
0,1,2,3,7,320,11,0,38,1,4,57,1,67,40,67,7,2020,1,3,45,15,37,1
0,2,3,3,3,388,11,1,24,1,3,71,1,62,66,76,3,2021,1,4,37,21,29,0
1,2,2,8,5,861,10,0,18,3,6,46,1,58,68,53,5,2018,0,3,71,3,1,1
1,2,3,6,5,451,11,1,15,2,5,38,1,28,41,80,5,2015,0,4,46,22,18,0
2,2,1,5,5,159,6,1,18,2,1,8,0,25,41,20,5,2017,2,5,46,31,1,1
3,1,2,2,5,1569,11,1,27,2,0,6,1,75,41,72,5,2025,2,5,46,31,30,0
0,2,3,1,4,718,8,1,29,2,4,3,0,41,32,59,4,2024,2,4,39,0,47,0
0,1,2,4,5,781,10,1,7,2,5,9,0,53,41,48,4,2024,2,4,46,5,10,0
0,0,2,4,5,347,9,1,45,1,5,74,0,81,50,81,5,2016,1,5,55,17,42,1
0,1,5,0,5,348,4,1,27,1,2,45,3,60,41,56,5,2022,1,1,46,9,30,0
1,3,2,8,5,281,7,1,37,1,3,4,1,38,41,31,8,2024,1,0,46,30,35,0
2,1,3,5,5,164,3,1,18,2,6,40,1,6,41,0,5,2018,2,3,46,2,1,1
1,1,3,8,5,399,8,1,20,2,3,3,2,12,41,13,5,2023,2,2,46,2,21,1
0,1,5,4,5,894,10,1,54,2,1,52,2,29,20,64,5,2025,2,4,25,5,34,1
1,1,2,8,5,193,12,0,20,1,2,31,0,73,41,70,5,2019,1,3,46,34,21,1
3,1,3,2,5,882,4,0,27,1,2,95,0,1,41,2,5,2021,1,3,46,2,30,1
0,0,3,4,5,721,2,1,15,2,3,28,0,69,41,33,5,2019,2,1,46,33,18,1
0,2,1,6,1,703,8,1,48,2,4,46,0,74,79,69,1,2025,2,4,36,35,50,1
1,1,1,6,5,287,10,1,32,2,4,32,1,3,41,4,6,2025,2,2,46,8,15,0
0,1,3,6,7,579,7,1,38,2,0,4,1,74,49,69,7,2020,2,2,57,36,37,1
0,2,3,7,5,1166,11,1,20,3,4,6,0,11,47,8,5,2025,0,3,7,9,21,0
1,1,1,8,5,315,3,0,45,1,4,81,1,17,50,39,5,2018,1,0,55,28,42,0
0,1,3,4,8,1034,2,1,35,2,1,6,0,79,17,78,4,2016,2,1,51,5,8,0
1,1,3,8,5,600,8,0,4,2,4,35,0,17,41,39,8,2021,2,3,46,22,5,1
0,1,1,1,8,762,8,1,0,2,6,96,0,31,13,65,8,2021,0,0,12,29,24,1
3,1,6,3,5,535,1,1,55,1,3,34,2,33,41,28,5,2016,1,3,46,7,55,0
1,1,2,8,5,288,1,1,18,1,0,36,1,14,68,54,5,2025,1,0,71,22,1,1
0,1,3,0,5,732,6,1,42,2,4,3,0,42,41,36,0,2017,2,1,46,30,44,0
0,3,3,7,5,716,7,1,19,2,1,15,1,11,41,8,7,2019,2,1,46,31,20,1
0,1,4,4,5,412,4,1,27,2,5,34,1,53,41,48,5,2024,0,2,46,2,30,0
2,3,4,5,5,185,4,1,27,2,2,13,1,54,41,55,5,2020,2,2,46,31,30,0
1,0,2,4,6,202,5,1,53,1,2,17,0,79,12,78,4,2025,1,4,9,8,54,1
0,3,4,8,4,439,10,0,8,1,4,101,1,22,78,22,8,2024,1,3,79,34,9,1
1,1,3,8,5,874,8,1,27,3,6,74,2,58,41,53,5,2022,0,3,46,22,30,0
0,3,5,6,0,389,8,0,42,1,6,111,0,34,16,29,0,2019,1,2,21,20,44,1
3,1,2,3,5,867,3,1,27,2,3,62,1,33,41,28,5,2023,2,4,46,31,30,0
1,1,2,8,5,375,4,1,54,2,4,42,1,38,41,31,5,2019,2,1,46,28,34,0
0,3,2,8,4,1351,12,1,7,3,3,46,0,20,6,19,4,2021,0,1,5,12,10,0
1,1,1,6,5,322,7,1,32,2,1,70,0,10,41,7,6,2022,2,3,46,9,15,0
1,0,2,8,5,467,9,0,15,2,3,18,0,66,41,62,5,2023,2,1,46,9,18,0
3,3,1,2,5,1606,3,0,27,2,6,10,0,13,41,14,5,2025,2,5,46,2,30,1
1,1,3,6,5,314,3,0,45,2,5,25,1,9,20,12,5,2019,2,5,25,16,42,1
0,0,3,0,5,837,12,1,55,2,1,61,1,50,41,42,5,2018,2,4,46,20,55,1
0,1,4,7,1,699,6,1,5,2,2,89,2,32,77,26,7,2023,2,5,80,6,6,0
1,3,1,8,5,303,3,1,37,1,4,70,0,58,68,53,8,2025,1,4,71,28,35,0
2,0,2,8,8,513,5,1,49,2,4,48,0,73,43,70,8,2017,0,4,48,14,53,1
1,0,2,8,5,501,2,1,55,2,1,43,2,51,63,17,5,2019,2,1,68,28,55,0
0,1,1,4,5,404,5,1,17,1,0,71,1,30,41,25,5,2023,1,1,46,30,19,1
3,3,2,3,5,490,7,0,45,1,2,2,1,33,41,28,5,2024,1,3,46,31,42,0
0,3,2,4,5,789,8,0,7,2,0,100,0,49,41,44,4,2025,2,1,46,28,10,0
1,1,2,8,5,854,1,1,4,2,0,65,0,12,24,13,8,2019,0,2,27,25,5,1
1,1,1,8,5,213,3,0,27,1,2,67,0,58,41,53,5,2022,1,1,46,9,30,1
1,1,2,8,5,497,5,1,17,2,4,35,1,22,24,22,5,2021,2,1,27,29,19,0
0,1,4,7,5,362,11,1,52,1,1,86,2,45,41,40,7,2017,1,0,46,2,51,1
0,1,6,7,5,850,8,1,38,2,5,87,2,57,41,49,7,2019,2,1,46,2,37,1
0,3,2,7,5,694,7,0,45,2,3,25,2,45,41,40,5,2025,2,3,46,24,42,1
0,3,6,4,5,442,2,0,17,1,2,18,1,5,41,6,5,2024,1,5,46,2,19,0
1,1,5,8,5,485,2,1,27,2,4,57,1,24,41,58,5,2025,2,0,46,2,30,0
3,0,1,2,5,1439,1,1,39,2,0,13,0,75,35,72,2,2024,2,0,40,2,38,1
0,1,3,3,8,328,7,1,49,1,3,73,1,33,30,28,8,2025,1,5,35,18,53,1
1,3,2,8,5,521,6,1,27,2,0,54,0,43,41,37,5,2024,2,3,46,14,30,0
0,0,6,8,3,1054,4,1,43,3,3,71,0,17,11,39,8,2020,0,1,64,21,45,0
0,3,3,3,3,617,8,1,34,2,1,4,1,37,76,66,3,2022,2,1,62,7,0,1
0,3,3,7,4,599,10,1,47,2,0,94,0,32,32,26,4,2022,2,3,39,33,49,0
0,0,6,4,5,387,8,0,27,1,4,17,1,53,41,48,5,2025,1,0,46,13,30,1
0,1,2,7,5,309,9,1,19,1,1,119,1,11,41,8,7,2018,1,2,46,11,20,0
1,2,1,5,8,506,7,1,18,2,4,52,0,27,17,24,5,2025,2,2,51,22,1,1
0,0,2,6,0,296,5,1,41,1,3,72,1,76,38,74,6,2024,1,1,44,20,40,1
0,0,3,1,0,613,6,1,27,2,3,76,1,31,42,65,5,2019,2,3,50,4,30,1
0,1,1,3,2,838,5,1,34,2,6,7,1,62,61,76,3,2025,2,1,65,7,0,0
1,1,3,8,5,745,9,1,20,2,0,23,0,35,41,30,5,2018,0,3,46,2,21,0
3,1,2,3,5,490,12,1,18,1,5,2,1,33,0,28,5,2025,1,3,6,30,1,0
1,1,2,8,5,302,1,0,8,1,3,63,1,38,41,31,8,2016,1,4,46,31,9,1
1,3,1,8,5,559,9,1,43,2,6,29,1,17,41,39,8,2023,2,1,46,9,45,1
0,1,3,4,5,391,12,1,20,1,0,66,0,79,41,78,5,2019,1,3,46,30,21,0
1,1,3,8,5,443,10,0,50,2,0,2,0,20,41,19,8,2021,2,3,46,22,46,1
0,3,5,0,5,665,5,0,40,2,4,4,1,50,24,42,5,2023,2,3,27,28,39,0
0,0,1,4,5,885,4,0,27,2,3,28,0,4,41,5,5,2024,2,3,46,22,30,1
2,2,3,5,5,140,12,1,27,2,2,41,1,25,41,20,5,2025,2,5,46,31,30,0
1,1,2,8,5,232,11,0,27,1,2,46,2,38,41,31,5,2020,1,5,46,2,30,0
0,3,2,7,5,423,2,1,31,1,6,40,1,72,41,71,7,2023,1,2,46,31,32,1
0,2,4,4,5,740,11,1,35,2,0,63,0,5,41,6,4,2016,2,2,46,30,8,0
2,1,4,5,5,134,6,0,15,2,4,51,1,6,41,0,5,2020,2,0,46,28,18,1
3,1,2,1,5,1643,9,1,40,2,3,11,0,31,35,65,5,2025,2,5,40,30,39,0
1,1,2,6,5,341,1,1,18,2,6,19,1,9,68,12,5,2017,2,4,71,30,1,0
0,1,2,4,0,792,7,1,16,2,5,24,0,49,38,44,4,2021,2,3,44,32,41,1
1,1,3,8,5,425,9,0,45,2,4,20,0,43,41,37,5,2018,2,4,46,9,42,1
0,0,1,0,0,1148,6,0,26,3,0,121,0,60,38,56,0,2022,0,3,44,20,28,1
1,0,2,8,5,582,1,1,45,2,1,7,0,12,50,13,5,2017,2,3,55,22,42,1
1,1,5,8,5,443,5,1,17,2,2,11,1,58,41,53,5,2025,0,3,46,2,19,1
0,0,6,4,5,855,10,1,40,2,6,9,1,53,23,48,5,2021,2,4,26,2,39,1
2,0,4,5,5,165,11,1,45,2,1,58,0,40,41,35,5,2020,2,0,46,2,42,0
1,1,2,6,5,712,8,0,27,2,4,31,1,34,68,29,5,2024,0,1,71,35,30,1
0,0,2,7,5,794,11,1,27,2,6,33,0,57,41,49,5,2022,2,4,46,22,30,1
1,0,1,4,6,614,5,1,21,2,4,31,0,49,10,44,6,2024,2,3,15,23,25,1
3,1,4,3,5,1057,2,1,15,2,5,29,1,33,0,28,5,2015,2,1,6,22,18,1
0,3,3,1,4,624,1,1,45,2,4,43,1,36,5,79,5,2019,2,3,4,12,42,0
0,0,2,4,5,355,8,1,27,1,2,42,0,18,55,60,5,2016,1,0,54,33,30,0
2,1,1,5,5,196,10,1,27,2,6,5,0,71,41,68,5,2018,2,3,46,22,30,1
0,1,2,4,8,1043,3,1,16,2,1,51,1,69,70,33,4,2025,2,3,73,3,41,0
0,3,2,4,3,611,12,1,16,2,1,46,0,49,67,44,4,2022,2,5,67,5,41,1
0,1,1,4,5,771,8,1,54,2,4,94,0,30,41,25,5,2022,2,2,46,33,34,0
1,1,5,6,5,276,11,1,40,2,4,57,2,16,35,15,5,2025,2,2,40,30,39,1
0,1,4,4,5,783,12,1,16,2,6,105,1,8,41,9,4,2023,2,1,46,33,41,1
1,0,2,8,5,452,5,1,4,2,6,85,1,12,41,13,8,2017,2,5,46,31,5,1
3,2,1,2,5,889,6,1,23,1,0,60,1,56,41,51,2,2024,1,4,46,31,26,1
0,1,1,4,5,433,7,1,27,1,4,97,0,4,41,5,5,2025,1,3,46,28,30,0
2,1,2,5,5,79,7,1,27,1,5,17,2,6,41,0,5,2016,1,1,46,31,30,0
1,2,1,6,5,458,7,1,18,2,6,15,0,3,68,4,5,2015,2,5,71,2,1,1
3,3,3,2,5,769,8,1,51,1,1,22,0,13,41,14,2,2022,1,2,46,31,52,1
0,1,2,4,5,811,6,1,18,2,4,29,0,4,0,5,5,2024,2,3,6,12,1,1
0,1,1,4,5,576,3,1,40,2,5,39,0,52,41,46,5,2022,0,3,46,31,39,1
1,1,2,6,5,469,2,0,27,2,0,5,0,77,41,75,5,2023,2,3,46,28,30,1
1,1,6,8,5,505,12,1,15,2,3,62,4,73,41,70,5,2024,2,0,46,28,18,1
1,1,5,8,5,575,6,0,37,2,5,21,2,58,20,53,8,2022,2,3,25,3,35,0
3,1,4,3,5,927,7,0,27,2,4,30,1,33,41,28,5,2017,2,3,46,28,30,1
0,0,3,1,1,397,10,1,1,1,5,25,0,41,18,59,1,2025,1,1,63,6,7,1
1,3,6,8,5,317,2,0,15,1,4,48,0,43,0,37,5,2022,1,3,6,29,18,1
1,0,3,8,5,180,12,1,27,1,3,71,2,14,41,54,5,2025,1,3,46,30,30,1
1,1,2,8,5,514,12,1,0,2,2,46,1,24,41,58,8,2024,2,3,46,31,24,1
1,3,1,6,5,274,1,0,27,2,4,14,1,15,41,10,5,2019,2,2,46,28,30,0
0,1,3,7,5,737,7,0,15,2,3,99,1,57,41,49,5,2025,2,5,46,30,18,0
0,1,3,4,5,320,8,1,18,1,4,31,0,53,41,48,5,2016,1,0,46,22,1,1
1,1,2,8,5,231,9,1,27,1,3,98,0,48,41,43,5,2019,1,3,46,22,30,1
1,1,1,8,5,304,8,1,37,1,5,84,0,38,41,31,8,2025,1,3,46,9,35,1
0,0,3,7,5,316,1,0,45,1,3,63,2,57,41,49,5,2015,1,1,46,9,42,0
1,2,2,6,5,702,10,0,32,3,4,63,2,3,41,4,6,2023,0,0,46,30,15,0
1,0,3,5,8,383,12,1,45,2,6,50,2,55,17,50,5,2024,0,4,51,2,42,1
1,0,1,8,5,201,7,1,20,1,1,34,1,20,41,19,5,2022,1,1,46,31,21,0
0,1,1,4,5,683,3,1,7,2,5,48,0,81,55,81,4,2019,0,5,54,30,10,0
0,0,5,5,7,732,7,1,46,2,0,27,0,55,8,50,7,2024,2,3,11,9,48,0
1,1,6,6,5,427,4,1,32,2,4,21,1,16,41,15,6,2025,2,5,46,31,15,1
0,1,2,4,5,904,6,0,15,2,1,38,0,69,63,33,5,2024,2,3,68,33,18,0
0,0,3,4,5,925,7,0,47,2,6,40,1,69,55,33,4,2019,2,1,54,30,49,0
1,0,3,8,5,288,9,1,20,2,3,144,0,20,41,19,5,2024,0,4,46,2,21,0
0,0,4,6,2,283,7,0,51,1,0,171,2,76,51,74,2,2019,1,5,56,16,52,0
1,1,2,8,5,302,7,1,43,1,5,67,0,51,24,17,8,2025,1,1,27,30,45,1
2,3,2,5,5,82,2,1,27,1,2,30,2,71,41,68,5,2023,1,0,46,30,30,0
0,3,1,4,5,441,1,1,54,1,4,92,0,8,55,9,5,2021,1,0,54,33,34,0
1,3,6,6,5,175,5,1,45,1,4,97,4,16,63,15,5,2019,1,5,68,30,42,0
1,1,4,6,5,103,4,0,27,1,4,80,2,3,41,4,5,2015,1,4,46,9,30,1
0,1,5,5,7,868,2,1,5,2,2,59,1,6,49,0,7,2022,2,0,57,30,6,0
0,0,1,8,1,858,8,1,20,2,3,114,1,17,65,39,5,2023,2,3,31,0,21,1
0,1,6,4,5,925,4,1,27,2,2,74,3,18,41,60,5,2017,2,3,46,33,30,1
1,1,5,8,5,292,5,1,43,1,0,16,1,17,68,39,8,2024,1,3,71,22,45,1
2,0,5,5,5,109,12,1,17,1,5,30,1,6,41,0,5,2025,1,5,46,31,19,0
3,1,2,2,5,1678,10,1,54,2,4,33,0,65,41,61,5,2018,2,3,46,28,34,1
1,1,2,8,5,203,10,1,37,1,2,28,0,43,41,37,8,2024,1,1,46,30,35,1
0,1,1,4,5,840,3,0,3,2,5,48,0,69,41,33,4,2017,2,2,46,17,4,0
1,1,2,8,5,450,2,1,18,2,5,51,0,38,41,31,5,2016,2,1,46,31,1,1
1,2,3,8,5,558,7,0,0,2,0,1,2,35,24,30,8,2025,2,2,27,9,24,1
0,1,3,4,5,795,12,1,40,2,5,74,0,79,41,78,5,2018,2,3,46,28,39,0
2,1,1,5,5,79,4,1,27,1,5,86,1,71,41,68,5,2016,1,2,46,2,30,1
1,3,2,8,5,192,8,1,8,1,2,34,0,12,41,13,8,2015,1,1,46,2,9,1
3,1,3,1,5,1550,7,1,17,2,5,13,0,63,41,18,5,2019,2,5,46,9,19,1
0,0,1,4,5,860,11,1,13,2,0,28,1,49,0,44,5,2020,2,3,6,12,16,1
1,0,2,6,5,355,12,1,21,2,3,56,1,3,41,4,6,2024,2,5,46,22,25,0
1,1,2,8,5,267,10,0,49,1,0,10,2,35,41,30,8,2025,1,3,46,28,53,0
0,1,3,0,5,894,9,1,54,2,3,45,1,60,41,56,5,2020,2,3,46,2,34,0
0,1,2,5,4,308,4,1,47,1,6,13,1,7,33,47,4,2015,1,1,69,37,49,1
1,0,2,8,5,511,5,1,55,2,1,1,0,38,41,31,5,2019,2,3,46,3,55,0
2,3,6,5,5,72,12,1,40,1,0,70,0,26,41,23,5,2021,1,5,46,28,39,0
0,3,3,7,1,791,4,1,19,2,1,42,1,32,79,26,7,2021,2,2,36,6,20,1
0,1,5,4,5,815,9,1,55,2,3,14,2,4,41,5,5,2024,2,1,46,17,55,1
1,0,2,8,5,198,2,1,13,1,4,19,0,17,41,39,5,2024,1,5,46,28,16,0
3,1,6,3,5,1283,7,1,27,3,3,56,0,64,41,11,5,2016,0,5,46,9,30,0
0,1,2,7,5,337,12,1,17,1,1,4,0,32,41,26,5,2019,1,5,46,36,19,1
1,1,5,6,5,355,12,1,27,2,1,43,3,3,41,4,5,2019,2,3,46,30,30,1
2,0,4,5,5,234,12,1,20,2,4,19,1,7,41,47,5,2024,2,0,46,31,21,0
2,3,2,5,5,90,2,0,18,1,0,15,0,55,41,50,5,2017,1,0,46,22,1,0
3,0,1,2,5,728,10,1,18,1,5,114,0,13,41,14,5,2019,1,1,46,2,1,0
0,3,1,4,5,878,12,1,13,2,1,86,1,29,41,64,5,2025,2,1,46,28,16,1
0,1,3,4,5,765,5,0,27,2,4,76,0,30,41,25,5,2018,2,4,46,13,30,0
0,0,5,4,5,308,3,0,27,1,5,71,4,81,41,81,5,2024,1,3,46,13,30,0
0,1,2,4,5,869,3,1,3,2,5,40,1,4,50,5,4,2024,0,0,55,2,4,1
1,2,1,8,5,464,3,1,27,2,4,18,0,48,41,43,5,2018,2,1,46,29,30,1
0,1,4,6,2,495,10,1,20,1,1,55,1,16,61,15,5,2025,1,2,65,1,21,1
3,0,1,3,5,500,4,0,45,1,0,29,0,67,20,67,5,2019,1,1,25,22,42,1
2,1,3,5,5,201,10,0,27,2,3,25,1,27,41,24,5,2023,2,1,46,31,30,0
3,1,1,5,1,1499,1,0,45,2,6,45,0,25,77,20,5,2019,2,2,80,2,42,1
0,1,2,4,5,997,5,1,27,3,0,64,0,8,41,9,5,2023,0,2,46,2,30,1
1,1,4,8,5,577,9,1,13,2,3,55,0,43,41,37,5,2015,2,0,46,34,16,0
1,1,1,8,5,277,6,0,27,1,0,33,0,17,41,39,5,2020,1,3,46,28,30,1
1,1,1,6,5,163,10,1,45,1,4,36,1,61,41,57,5,2019,1,3,46,23,42,0
0,0,3,4,5,357,4,0,16,1,5,24,1,59,55,52,4,2024,1,3,54,31,41,1
0,0,1,4,5,871,9,0,18,2,3,60,1,69,68,33,5,2024,2,1,71,30,1,1
1,0,2,8,5,497,7,1,15,2,5,28,2,48,41,43,5,2024,2,0,46,2,18,1
1,3,3,8,5,255,10,1,20,1,4,30,1,22,41,22,5,2024,1,3,46,29,21,0
1,1,3,8,5,202,3,1,27,1,3,3,0,43,41,37,5,2024,1,4,46,9,30,1
1,0,1,8,5,220,8,0,37,1,0,21,1,58,41,53,8,2016,1,3,46,2,35,0
1,1,2,8,5,454,3,0,17,2,6,2,1,48,41,43,5,2015,2,1,46,3,19,1
3,1,5,5,3,584,2,1,9,1,6,95,2,46,73,41,3,2016,1,1,78,18,14,1
0,1,2,4,5,485,11,1,55,1,3,93,1,52,63,46,5,2024,1,4,68,2,55,1
3,1,2,2,5,1495,8,1,39,2,1,45,1,75,41,72,2,2018,2,1,46,9,38,1
1,0,3,8,5,409,6,1,4,2,3,15,2,38,41,31,8,2024,2,0,46,2,5,0
1,1,2,6,5,146,6,1,18,1,5,34,1,15,41,10,5,2019,1,1,46,22,1,0
1,1,2,8,5,546,6,0,4,2,5,32,0,17,41,39,8,2024,2,5,46,28,5,0
0,1,6,7,5,838,4,1,40,2,6,33,2,32,41,26,5,2020,2,3,46,22,39,1
1,1,2,8,5,492,10,1,27,2,5,10,0,38,41,31,5,2016,2,5,46,25,30,0
1,1,2,8,5,578,2,0,49,2,1,49,1,14,41,54,8,2017,2,1,46,25,53,0
1,1,3,8,5,495,9,1,8,2,4,8,0,22,41,22,8,2024,2,1,46,22,9,0
1,1,4,6,5,278,8,1,55,2,2,76,0,28,24,80,5,2025,2,3,27,22,55,0
2,0,3,5,5,222,4,1,55,2,2,59,0,6,63,0,5,2025,2,2,68,30,55,0
0,1,3,4,5,843,7,0,27,2,4,10,0,53,41,48,5,2021,2,0,46,5,30,0
0,0,3,4,5,889,11,1,40,2,1,21,1,59,23,52,5,2018,2,3,26,5,39,0
3,1,3,1,5,1265,9,1,45,2,3,76,0,63,41,18,5,2024,2,4,46,2,42,0
0,0,2,4,5,878,8,1,47,2,2,4,1,69,41,33,4,2025,2,0,46,30,49,0
1,3,1,8,5,255,7,1,54,1,1,89,1,73,55,70,5,2024,1,1,54,3,34,1
1,0,3,5,8,257,1,1,37,1,0,53,0,26,58,23,8,2025,1,3,24,31,35,1
1,1,1,8,5,620,6,1,15,2,4,49,0,73,41,70,5,2025,2,5,46,31,18,1
1,1,2,8,5,516,8,0,20,2,2,25,1,73,41,70,5,2023,2,1,46,29,21,1
2,1,1,5,5,70,11,1,18,1,0,43,0,6,68,0,5,2022,1,2,71,30,1,0
0,1,1,7,5,793,7,1,18,2,3,24,0,32,41,26,5,2015,2,3,46,30,1,0
3,1,3,3,5,562,9,1,20,1,2,40,1,64,41,11,5,2018,1,3,46,7,21,1
1,1,2,8,5,540,8,1,49,2,6,57,1,58,41,53,8,2017,2,0,46,34,53,0
0,2,3,4,5,840,5,1,35,2,0,83,1,59,41,52,4,2023,2,3,46,33,8,1
0,1,3,3,4,385,12,1,7,1,3,49,0,62,78,76,4,2023,1,1,79,12,10,1
2,0,1,5,5,201,1,1,18,2,0,91,0,6,41,0,5,2021,2,2,46,22,1,1
0,1,4,7,5,840,9,1,20,2,2,74,1,32,41,26,5,2023,0,5,46,28,21,1
1,1,1,6,5,269,10,1,20,2,2,7,0,10,41,7,5,2018,2,3,46,9,21,1
1,0,3,6,5,163,12,0,55,1,5,69,0,77,41,75,5,2025,1,3,46,2,55,1
1,0,1,8,5,276,10,1,54,1,2,38,1,22,41,22,5,2018,1,3,46,14,34,1
1,3,2,8,5,319,2,0,20,1,2,29,1,43,41,37,5,2022,1,1,46,9,21,0
0,1,2,4,5,1372,9,1,27,3,4,32,0,81,41,81,5,2017,0,3,46,12,30,1
0,1,4,4,5,785,8,1,17,2,1,21,1,18,41,60,5,2017,2,5,46,17,19,1
1,3,2,8,5,433,2,1,27,2,4,95,1,12,41,13,5,2025,2,5,46,9,30,1
1,1,2,8,5,523,10,0,49,2,3,17,1,35,41,30,8,2016,0,3,46,2,53,0
1,0,3,8,5,214,12,0,50,1,1,17,1,22,41,22,8,2023,1,3,46,9,46,1
1,1,4,8,5,489,10,1,27,2,1,46,1,24,41,58,5,2025,2,0,46,9,30,1
0,1,2,7,5,1172,5,0,46,3,4,63,1,11,41,8,7,2024,0,1,46,30,48,0
0,1,2,0,5,708,1,1,27,2,4,17,0,50,41,42,5,2023,2,1,46,28,30,0
3,1,4,3,5,993,8,1,11,2,6,42,1,33,68,28,3,2017,2,1,71,21,11,1
3,1,2,3,5,888,9,0,55,2,4,93,1,33,23,28,5,2023,0,3,26,28,55,0
0,1,3,7,5,335,4,1,52,1,0,65,0,32,41,26,7,2015,1,3,46,30,51,0
1,3,6,8,5,523,9,1,17,2,2,96,0,58,41,53,5,2023,2,2,46,29,19,0
1,1,2,8,5,318,2,1,4,1,4,28,0,35,41,30,8,2015,1,5,46,30,5,1
0,2,2,0,5,644,4,0,27,2,1,40,1,42,41,36,5,2023,2,4,46,22,30,0
2,0,5,5,5,204,12,0,45,2,1,26,1,46,47,41,5,2022,2,2,7,9,42,0
1,1,4,8,5,713,5,0,50,3,3,24,1,20,41,19,8,2018,0,0,46,28,46,1
0,2,2,2,6,709,7,0,21,2,6,93,0,1,57,2,6,2024,2,1,61,1,25,1
1,1,1,6,5,314,3,0,27,2,1,19,0,34,41,29,5,2017,2,1,46,31,30,0
1,1,1,6,5,203,12,1,36,1,0,59,0,3,41,4,6,2016,1,0,46,23,36,0
0,0,1,4,5,482,2,1,20,1,6,132,0,69,41,33,5,2024,1,0,46,37,21,1
0,1,2,4,2,356,3,0,51,1,3,6,1,49,14,44,2,2018,1,5,13,37,52,1
1,1,3,8,5,494,6,0,13,2,3,56,1,51,41,17,5,2024,2,1,46,3,16,1
1,0,3,8,5,619,12,1,17,2,5,40,0,35,41,30,5,2022,2,1,46,9,19,0
1,1,1,8,5,489,12,1,27,2,3,80,0,73,41,70,5,2018,2,5,46,34,30,0
1,1,1,8,5,236,3,1,27,1,6,8,0,43,41,37,5,2024,1,3,46,30,30,1
1,0,1,8,5,467,1,0,55,2,5,23,1,73,41,70,5,2015,2,3,46,9,55,1
0,1,3,3,7,342,9,1,10,1,2,32,1,64,49,11,3,2025,1,3,57,24,3,0
0,1,2,7,7,373,11,1,31,1,2,36,1,72,26,71,7,2024,1,1,32,36,32,1
1,1,4,8,5,289,2,1,40,1,4,17,0,20,41,19,5,2024,1,2,46,28,39,1
0,2,1,4,5,906,9,1,16,2,2,96,0,8,41,9,4,2017,2,2,46,31,41,1
1,1,6,6,5,203,4,1,17,1,5,21,0,15,63,10,5,2024,1,3,68,2,19,1
2,0,6,4,4,79,3,0,22,1,0,95,1,52,78,46,4,2017,1,1,79,13,23,0
0,1,1,7,4,1285,4,0,22,3,1,70,1,11,46,8,4,2025,0,4,52,37,23,1
0,1,1,7,5,1111,6,1,55,3,3,49,0,45,63,40,5,2025,0,1,68,9,55,0
3,1,2,3,5,963,9,1,18,2,0,21,1,62,68,76,5,2023,2,3,71,2,1,1
1,1,1,5,6,157,10,1,30,1,0,88,0,46,29,41,6,2022,1,3,34,16,33,1
3,1,2,5,2,1619,7,1,51,2,0,46,0,26,14,23,2,2018,2,2,13,9,52,1
0,1,2,5,7,333,11,0,54,1,3,48,0,54,40,55,5,2019,1,1,45,15,34,1
3,1,1,3,5,1432,7,0,9,3,6,11,0,78,41,73,3,2018,0,3,46,22,14,1
3,1,3,3,5,869,4,1,11,2,4,60,2,37,41,66,3,2019,2,1,46,18,11,0
0,0,2,4,1,815,11,1,29,2,1,29,0,53,77,48,4,2022,0,3,80,13,47,1
0,1,3,1,2,835,7,1,12,2,1,37,1,31,2,65,1,2018,2,3,1,0,13,1
0,1,1,7,5,392,3,1,55,1,3,20,1,57,41,49,5,2024,1,3,46,9,55,0
1,3,3,8,5,208,1,1,15,1,2,2,0,17,41,39,5,2023,1,5,46,9,18,1
0,0,2,4,5,894,3,1,16,2,2,30,1,39,41,32,4,2025,2,3,46,12,41,1
1,1,1,6,5,399,8,0,36,2,0,15,0,3,41,4,6,2018,2,2,46,16,36,1
1,1,2,8,5,593,3,1,27,2,0,23,1,58,41,53,5,2018,2,3,46,3,30,0
1,3,2,8,5,483,12,1,40,2,4,36,0,48,41,43,5,2019,2,2,46,31,39,0
1,2,2,8,5,399,7,1,13,2,3,62,0,20,41,19,5,2023,2,0,46,3,16,0
0,1,3,5,4,777,8,1,54,2,3,37,1,54,32,55,5,2017,2,1,39,12,34,1
0,0,2,7,6,885,3,0,32,2,0,15,0,57,57,49,6,2022,2,0,61,11,15,0
1,0,1,8,5,429,6,0,27,2,1,69,0,73,50,70,5,2024,2,3,55,22,30,0
0,0,1,4,8,401,4,1,6,1,2,95,1,59,17,52,4,2022,1,0,51,17,22,1
3,3,1,1,5,814,7,1,45,1,4,46,0,36,41,79,5,2017,1,4,46,0,42,0
3,1,2,1,5,602,6,1,55,1,2,72,1,63,23,18,5,2023,1,3,26,9,55,1
2,0,3,8,8,248,12,0,50,2,0,10,1,66,22,62,8,2018,2,1,22,34,46,1
1,1,4,8,5,503,2,1,40,2,1,35,2,73,41,70,5,2025,2,1,46,28,39,0
0,1,2,4,5,731,11,0,20,2,0,10,0,69,50,33,5,2018,2,2,55,22,21,0
2,0,3,5,5,107,4,1,15,1,0,35,1,27,41,24,5,2025,1,3,46,30,18,1
2,1,1,5,5,238,7,1,18,2,4,73,0,55,41,50,5,2025,2,1,46,9,1,1
0,3,2,7,5,727,10,1,15,2,0,72,1,72,41,71,5,2019,2,5,46,31,18,0
0,1,5,4,5,828,6,1,27,2,4,63,0,52,41,46,5,2018,2,4,46,9,30,0
1,1,2,8,5,478,4,1,43,2,4,77,2,24,41,58,8,2023,2,5,46,2,45,0
0,1,2,4,5,704,4,1,17,2,3,26,0,5,41,6,5,2017,2,1,46,22,19,1
1,0,3,8,5,471,11,0,49,2,4,89,0,14,41,54,8,2017,2,5,46,30,53,0
1,1,1,8,5,470,12,1,54,2,0,26,0,20,41,19,5,2017,2,5,46,30,34,0
0,1,3,5,7,2126,4,1,38,3,4,24,0,71,71,68,7,2024,0,5,72,31,37,1
2,3,4,8,8,101,5,1,0,1,6,48,1,43,43,37,8,2019,1,5,48,25,24,1
0,2,1,4,5,387,10,1,54,1,3,43,1,49,20,44,5,2019,1,3,25,22,34,1
0,1,3,7,5,784,8,1,19,2,1,23,0,19,41,34,7,2023,2,1,46,31,20,1
3,3,1,2,5,729,7,1,27,1,1,19,0,56,41,51,5,2017,1,5,46,2,30,0
0,0,5,6,1,305,4,1,48,1,0,7,2,77,18,75,1,2025,1,1,63,16,50,0
0,1,2,4,5,718,5,1,45,2,0,4,0,81,41,81,5,2020,2,1,46,9,42,1
0,1,1,8,7,672,8,1,13,2,1,57,1,35,8,30,5,2023,2,5,11,36,16,0
0,3,2,4,5,806,6,1,55,2,6,18,0,8,41,9,5,2025,2,3,46,28,55,1
3,1,2,3,5,921,8,1,24,2,6,75,1,67,41,67,3,2016,2,0,46,28,29,1
1,1,2,8,5,200,9,1,54,1,0,34,0,17,41,39,5,2019,1,4,46,3,34,0
2,1,5,5,5,200,8,0,45,2,1,102,3,6,41,0,5,2020,2,1,46,9,42,0
3,1,1,3,5,940,12,1,45,2,3,11,0,67,41,67,5,2018,2,1,46,9,42,1
0,1,1,6,8,913,3,1,4,2,6,19,0,77,13,75,8,2015,2,2,12,35,5,1
1,1,3,8,5,309,7,1,45,1,2,5,1,24,0,58,5,2025,1,2,6,2,42,0
2,1,1,5,5,76,9,1,13,1,3,3,1,27,41,24,5,2024,1,3,46,30,16,0
0,1,2,3,7,650,7,1,52,2,2,39,0,64,26,11,7,2024,2,3,32,36,51,1
1,0,1,8,5,504,9,1,49,2,6,63,1,35,41,30,8,2023,2,4,46,2,53,1
0,0,2,4,5,946,3,0,17,2,1,9,1,81,41,81,5,2016,2,1,46,2,19,1
0,1,3,4,5,1179,9,1,7,3,1,66,1,81,41,81,4,2016,0,0,46,22,10,1
2,1,2,5,5,181,3,1,27,2,1,5,0,27,41,24,5,2020,2,1,46,30,30,0
2,1,1,5,5,112,7,1,15,1,6,71,0,40,41,35,5,2024,1,4,46,22,18,1
3,3,3,1,5,1479,4,1,54,2,2,75,0,47,41,45,5,2022,2,2,46,31,34,1
3,1,1,3,5,1012,11,1,27,2,6,37,0,33,41,28,5,2022,2,4,46,30,30,0
3,1,6,3,5,513,11,1,27,1,4,51,0,37,41,66,5,2022,1,2,46,9,30,1
1,3,3,6,5,394,8,0,18,2,6,62,1,10,41,7,5,2025,2,1,46,28,1,0
0,1,2,6,8,641,12,1,20,2,5,1,0,28,62,80,5,2018,2,3,66,25,21,0
1,2,4,4,6,678,3,1,32,2,6,35,2,4,15,5,6,2022,2,4,16,23,15,0
1,1,2,8,5,498,1,0,40,2,2,76,0,35,41,30,5,2023,2,3,46,25,39,1
3,3,4,3,5,1004,12,0,45,2,1,9,2,78,41,73,5,2020,2,3,46,18,42,0
0,1,3,4,0,809,10,0,53,2,4,12,1,4,36,5,4,2023,2,0,42,32,54,0
0,1,3,8,4,1102,6,1,0,2,1,51,2,43,52,37,8,2019,2,3,59,33,24,0
0,1,3,7,5,780,6,1,5,2,0,77,0,70,41,27,7,2024,2,5,46,2,6,1
1,1,3,8,5,214,8,1,43,1,5,98,1,24,41,58,8,2024,1,2,46,2,45,1
3,1,2,3,5,485,6,1,33,1,1,52,0,78,41,73,3,2023,1,5,46,2,12,1
1,1,1,8,5,1012,7,0,43,3,3,42,1,43,50,37,8,2023,0,5,55,30,45,1
3,1,6,2,5,1557,10,1,45,2,1,71,3,75,63,72,5,2017,2,0,68,28,42,0
0,2,3,4,5,316,5,1,16,1,0,49,1,8,55,9,4,2018,1,0,54,31,41,0
1,1,2,8,5,203,7,1,4,1,6,71,0,35,41,30,8,2017,1,2,46,28,5,1
3,1,3,3,5,516,1,1,55,1,6,105,0,33,63,28,5,2019,1,5,68,2,55,1
0,1,3,7,5,315,9,0,52,1,1,23,0,19,41,34,7,2023,1,5,46,30,51,0
1,1,5,6,5,118,6,1,13,1,6,17,3,34,41,29,5,2016,1,3,46,35,16,0
0,1,2,0,7,315,4,1,40,1,6,2,0,2,26,3,5,2024,1,1,32,36,39,1
3,1,2,3,5,946,7,1,27,2,0,33,1,33,41,28,5,2025,2,2,46,31,30,0
0,1,2,4,5,349,4,1,6,1,6,40,0,29,41,64,4,2019,1,5,46,28,22,1
1,0,2,4,6,564,8,1,7,2,3,63,1,53,57,48,4,2018,2,3,61,12,10,0
2,2,2,5,5,221,8,1,54,2,6,32,0,55,41,50,5,2023,2,3,46,9,34,0
0,1,2,4,5,937,10,0,20,2,1,13,1,8,41,9,5,2022,2,1,46,17,21,0
3,1,2,3,5,1017,11,0,9,2,6,64,1,78,41,73,3,2023,2,3,46,9,14,1
1,1,2,8,5,487,10,1,27,2,2,86,1,38,41,31,5,2025,2,3,46,31,30,0
0,1,3,4,5,692,10,0,15,2,2,79,0,53,41,48,5,2024,2,3,46,31,18,0
0,1,2,7,5,726,2,1,54,2,2,31,0,11,41,8,5,2015,2,3,46,30,34,0
0,1,5,7,5,1007,10,0,55,3,1,8,1,11,0,8,5,2025,0,3,6,9,55,0
0,0,2,4,8,524,12,1,37,1,3,82,1,69,53,33,8,2016,1,2,58,25,35,1
0,1,2,4,5,705,9,1,27,2,1,28,1,18,41,60,5,2022,2,1,46,2,30,1
0,1,1,7,5,728,7,1,45,2,6,6,0,19,20,34,5,2018,2,2,25,28,42,0
0,1,1,7,5,787,6,1,27,2,3,33,0,72,41,71,5,2024,2,2,46,36,30,0
0,2,4,4,5,468,12,0,15,1,1,90,1,8,41,9,5,2025,1,3,46,31,18,1
1,1,3,8,5,229,4,1,37,1,1,14,1,24,41,58,8,2017,1,5,46,9,35,1
0,0,5,0,5,962,3,1,27,2,3,14,1,44,41,38,5,2025,2,1,46,22,30,1
0,1,2,4,5,361,11,1,7,1,1,11,1,49,41,44,4,2019,1,1,46,2,10,1
1,0,2,8,5,643,6,0,27,2,5,43,1,58,41,53,5,2024,0,1,46,28,30,0
0,1,3,4,5,649,1,1,15,2,4,7,0,18,41,60,5,2025,2,3,46,28,18,0
1,1,5,8,5,271,4,0,15,1,6,23,1,17,35,39,5,2017,1,3,40,29,18,1
1,0,2,6,5,161,3,1,55,1,3,41,0,10,41,7,5,2022,1,0,46,31,55,0
2,1,1,5,5,66,4,0,27,1,5,37,0,27,41,24,5,2023,1,3,46,9,30,1
0,1,2,4,5,784,4,1,17,2,6,38,1,81,23,81,5,2023,2,3,26,28,19,0
1,1,2,5,8,514,4,1,0,2,3,7,1,7,30,47,8,2017,2,1,35,3,24,1
2,1,1,5,5,213,10,0,20,2,1,13,0,6,41,0,5,2024,2,3,46,9,21,0
2,1,1,8,8,359,11,1,43,2,2,40,0,38,17,31,8,2020,2,3,51,34,45,1
0,1,1,7,5,307,9,1,19,1,3,64,1,19,41,34,7,2017,1,0,46,31,20,1
0,1,2,3,8,641,5,1,43,2,0,15,1,62,13,76,8,2020,2,3,12,29,45,0
3,3,2,1,5,718,12,1,27,1,3,28,0,80,41,77,5,2019,1,5,46,0,30,1
1,1,1,8,5,528,4,1,37,2,2,20,1,73,41,70,8,2024,2,5,46,3,35,0
0,1,5,7,5,306,11,1,55,1,4,49,1,45,63,40,5,2018,1,0,68,15,55,0
1,0,3,5,6,307,9,1,54,2,3,89,1,26,12,23,5,2019,2,4,9,28,34,0
0,1,6,1,1,425,1,0,48,1,1,10,2,47,79,45,1,2025,1,3,36,4,50,0
1,1,5,8,5,279,5,1,0,1,0,40,3,35,41,30,8,2016,1,5,46,31,24,0
0,3,4,4,5,363,8,1,28,1,5,73,0,30,41,25,4,2023,1,1,46,31,31,1
1,3,2,8,5,691,7,1,18,2,4,53,0,51,41,17,5,2020,0,5,46,22,1,0
0,1,1,3,8,1700,6,0,37,3,5,11,1,62,43,76,8,2017,0,3,48,34,35,1
0,1,1,0,5,423,12,1,54,1,4,39,1,42,41,36,5,2022,1,5,46,28,34,1
0,0,3,4,5,1074,11,1,3,3,2,74,1,18,50,60,4,2016,0,5,55,17,4,0
0,1,1,4,5,808,2,1,15,2,6,65,0,52,41,46,5,2023,2,1,46,30,18,1
3,0,2,3,5,1068,10,1,17,2,4,60,0,67,41,67,5,2022,2,5,46,9,19,0
2,1,2,5,5,200,4,1,17,2,0,8,1,71,55,68,5,2015,2,5,54,9,19,1
3,1,3,1,5,1586,10,0,40,2,6,65,0,36,41,79,5,2015,2,2,46,0,39,1
2,3,3,5,5,70,3,0,45,1,1,41,0,55,41,50,5,2015,1,3,46,9,42,0
0,0,5,7,6,791,6,1,41,2,1,77,1,70,74,27,6,2016,2,5,76,36,40,1
1,0,6,6,5,344,2,1,27,2,0,31,3,10,41,7,5,2024,2,4,46,31,30,1
1,0,2,8,5,441,11,1,17,2,5,1,1,17,41,39,5,2022,2,1,46,22,19,1
0,1,2,0,4,865,10,1,25,2,1,46,0,2,52,3,4,2022,0,3,59,12,27,0
3,1,3,3,5,993,4,0,55,2,3,52,1,33,41,28,5,2023,2,4,46,31,55,0
1,3,1,8,5,976,3,1,27,3,5,71,0,58,41,53,5,2025,0,3,46,31,30,1
0,3,4,0,5,1207,7,1,27,3,3,53,2,23,41,21,5,2019,0,4,46,20,30,1
0,3,2,7,5,414,6,0,27,1,0,79,2,72,41,71,5,2024,1,5,46,28,30,0
0,2,2,4,5,768,5,0,15,2,3,51,1,49,41,44,5,2019,2,5,46,28,18,1
1,0,1,8,5,495,4,1,18,2,3,73,1,66,41,62,5,2023,2,0,46,3,1,1
1,3,2,8,5,236,9,1,27,1,3,28,0,43,41,37,5,2016,1,5,46,31,30,1
3,1,4,2,5,819,10,0,45,1,2,76,1,56,41,51,5,2018,1,0,46,2,42,0
2,1,3,5,5,251,11,1,20,2,4,47,1,7,41,47,5,2025,2,4,46,9,21,0
1,1,2,8,5,246,7,0,27,1,3,48,1,66,68,62,5,2017,1,2,71,30,30,1
0,1,2,4,5,701,8,0,15,2,3,82,0,30,41,25,5,2018,0,2,46,13,18,1
0,1,2,0,5,350,4,0,27,1,4,72,0,2,41,3,5,2022,1,3,46,30,30,0
1,0,3,6,5,217,4,1,27,1,6,1,0,15,41,10,5,2015,1,3,46,9,30,0
0,1,1,0,5,765,12,0,42,2,2,60,0,42,41,36,0,2022,2,5,46,28,44,0
0,1,1,7,5,854,4,1,17,2,6,56,0,19,41,34,5,2024,2,3,46,22,19,0
0,2,5,8,3,708,2,0,4,2,2,20,1,24,67,58,8,2017,2,0,67,7,5,1
1,0,2,6,5,359,9,0,36,2,1,7,0,10,68,7,6,2021,2,3,71,22,36,1
0,3,2,5,4,1546,12,1,27,3,5,53,1,7,25,47,5,2018,0,0,30,9,30,0
0,1,2,4,5,783,10,1,27,2,1,30,0,39,41,32,5,2022,2,1,46,28,30,1
1,1,2,6,5,286,5,1,27,2,0,5,0,10,41,7,5,2025,2,4,46,16,30,1
0,2,1,7,5,648,2,1,20,2,3,22,1,57,41,49,5,2017,2,1,46,24,21,0
1,1,3,6,5,119,4,1,36,1,1,63,0,28,63,80,6,2024,1,1,68,19,36,1
0,1,3,8,6,854,3,1,0,2,4,10,2,35,69,30,8,2024,0,4,74,35,24,1
0,1,3,3,8,712,3,1,33,2,4,88,2,78,13,73,3,2017,2,3,12,14,12,1
0,1,3,4,3,773,6,1,6,2,4,30,0,53,76,48,4,2016,2,2,62,33,22,0
1,1,1,8,5,533,4,0,27,2,2,93,0,14,41,54,5,2022,2,4,46,9,30,1
3,0,2,3,5,551,11,1,27,1,1,68,1,67,41,67,5,2016,1,2,46,28,30,0
0,1,1,4,5,345,5,1,17,1,0,1,1,59,41,52,5,2021,1,2,46,17,19,1
1,0,2,8,5,203,4,1,40,1,4,25,0,51,41,17,5,2023,1,1,46,28,39,1
0,0,2,4,5,353,12,1,27,1,6,2,0,4,41,5,5,2023,1,2,46,17,30,0
1,0,5,8,5,467,11,0,40,2,1,20,3,66,20,62,5,2025,2,1,25,22,39,0
0,0,1,5,4,437,3,1,40,1,0,70,0,25,46,20,5,2021,1,3,52,9,39,0
0,0,5,8,1,419,8,1,1,1,1,58,0,73,45,70,1,2016,1,1,47,6,7,0
2,2,1,5,5,208,4,1,40,2,5,104,0,40,41,35,5,2024,2,0,46,9,39,0
3,0,3,2,5,1499,6,0,39,3,4,70,1,56,41,51,2,2025,0,3,46,1,38,0
0,0,1,4,3,304,5,1,53,1,3,52,1,53,73,48,4,2015,1,3,78,18,54,0
3,1,3,1,5,669,11,1,17,1,2,29,0,36,41,79,5,2024,1,4,46,4,19,1
1,0,3,6,5,420,1,1,32,2,1,39,0,76,41,74,6,2024,2,3,46,22,15,0
1,1,1,8,5,563,8,0,45,2,2,27,0,20,41,19,5,2021,2,3,46,28,42,0
3,2,5,1,5,652,6,1,15,1,0,53,1,47,0,45,5,2025,1,3,6,9,18,1
1,1,2,8,5,549,5,1,43,2,5,31,1,51,41,17,8,2024,2,1,46,2,45,0
1,1,4,6,5,444,12,1,27,2,5,19,1,16,41,15,5,2017,2,3,46,28,30,1
0,0,2,7,5,774,11,0,52,2,4,21,0,19,63,34,7,2019,0,3,68,15,51,0
1,0,2,8,5,721,2,1,37,2,4,27,0,43,41,37,8,2022,0,3,46,2,35,0
0,2,3,3,8,614,10,1,43,2,0,84,2,62,13,76,8,2016,2,2,12,18,45,0
1,1,2,8,5,290,6,0,40,1,3,82,0,24,41,58,5,2016,1,0,46,28,39,0
3,1,3,5,1,1475,10,1,2,2,0,62,1,6,65,0,1,2017,2,1,31,2,2,0
0,3,2,7,5,333,12,1,20,1,1,7,0,70,41,27,5,2017,1,1,46,22,21,1
0,1,4,6,1,847,3,1,41,2,4,12,3,76,59,74,6,2018,2,5,41,4,40,0
0,1,1,7,5,399,1,1,15,1,3,32,0,32,41,26,5,2018,1,0,46,22,18,0
3,0,5,3,5,863,3,1,34,2,2,18,1,33,41,28,3,2024,2,2,46,21,0,1
1,0,1,8,5,525,5,1,15,2,0,78,0,66,68,62,5,2017,2,1,71,3,18,0
1,1,2,6,5,249,12,0,27,2,3,61,0,61,41,57,5,2017,2,1,46,28,30,1
1,1,3,8,5,525,6,1,27,2,2,56,1,22,41,22,5,2024,2,5,46,31,30,1
0,0,3,6,7,385,12,1,19,1,5,51,2,9,49,12,7,2016,1,3,57,24,20,0
1,0,2,8,5,277,4,1,20,1,2,27,0,48,41,43,5,2022,1,2,46,22,21,0
0,0,3,8,6,543,12,1,21,2,4,57,1,24,57,58,6,2021,2,2,61,23,25,0
0,3,3,0,5,305,7,1,54,1,2,51,1,44,55,38,5,2025,1,1,54,9,34,0
0,1,1,4,5,423,3,1,13,1,3,30,0,69,41,33,5,2025,1,2,46,17,16,1
0,0,1,4,5,397,12,1,27,1,5,22,0,8,41,9,5,2023,1,1,46,13,30,0
1,3,3,8,5,566,6,0,55,2,3,24,2,58,35,53,5,2019,2,4,40,31,55,1
0,1,2,4,5,795,5,1,40,2,6,36,0,4,41,5,5,2023,2,1,46,9,39,1
0,1,2,3,1,439,3,1,34,1,3,42,1,33,45,28,3,2025,1,5,47,6,0,0
3,1,2,2,5,955,8,1,27,1,0,1,1,75,41,72,5,2019,1,3,46,28,30,0
0,1,1,4,5,380,4,1,13,1,6,48,1,49,24,44,5,2015,1,2,27,28,16,0
0,0,1,6,7,603,7,1,38,2,0,46,0,61,49,57,7,2024,2,4,57,36,37,0
1,1,1,8,5,185,2,0,8,1,2,64,0,51,35,17,8,2024,1,5,40,31,9,1
0,3,6,3,1,399,8,1,1,1,3,55,4,62,59,76,1,2016,1,1,41,6,7,0
3,0,2,1,5,709,6,1,27,1,0,71,0,31,41,65,5,2025,1,1,46,31,30,1
0,3,4,4,5,740,6,0,22,2,0,12,1,52,41,46,4,2023,2,1,46,28,23,1
1,3,2,8,5,1071,9,1,27,3,3,4,1,12,41,13,5,2021,0,3,46,28,30,0
0,1,1,4,5,866,11,1,55,2,3,33,0,81,41,81,5,2018,2,1,46,9,55,1
1,1,1,6,5,100,7,0,41,1,3,44,0,3,41,4,6,2016,1,2,46,28,40,0
3,1,2,5,2,873,12,1,55,1,4,40,0,40,72,35,5,2022,1,3,75,30,55,0
1,1,3,5,8,565,6,1,0,2,5,10,1,25,62,20,8,2024,2,3,66,2,24,0
1,3,1,8,5,533,7,1,8,2,5,20,0,20,41,19,8,2016,2,5,46,22,9,1
3,1,2,5,3,508,8,1,27,1,6,65,1,54,11,55,5,2023,1,0,64,28,30,0
0,0,1,7,5,1080,11,1,55,3,1,67,0,19,35,34,5,2021,0,5,40,24,55,0
1,0,4,6,5,440,5,1,45,2,0,99,1,15,41,10,5,2022,2,5,46,9,42,0
1,1,6,8,5,280,8,1,27,1,6,64,4,58,41,53,5,2025,1,3,46,9,30,1
1,0,2,5,6,213,6,1,45,1,2,19,1,25,80,20,5,2022,1,4,28,9,42,0
0,2,3,4,5,843,6,1,22,2,4,70,0,52,41,46,4,2019,2,0,46,37,23,1
0,0,2,7,5,657,5,0,27,2,3,70,0,19,41,34,5,2016,2,5,46,2,30,1
0,1,4,4,5,496,9,1,18,1,1,28,1,81,41,81,5,2025,1,5,46,28,1,1
2,0,1,5,5,200,10,1,54,2,6,103,0,46,63,41,5,2015,2,1,68,31,34,0
0,2,1,4,5,911,2,1,54,3,2,44,1,29,24,64,5,2024,0,4,27,2,34,1
0,1,2,0,5,813,8,0,13,2,3,76,0,50,24,42,5,2016,2,3,27,9,16,0
3,0,2,3,5,1091,8,0,15,2,3,19,0,33,41,28,5,2024,2,0,46,28,18,0
0,1,3,4,5,393,4,1,13,1,3,21,1,8,41,9,5,2015,1,3,46,2,16,0
2,1,2,2,2,219,7,1,51,2,5,67,1,75,61,72,2,2018,2,3,65,1,52,0
0,0,6,4,5,410,6,1,27,1,1,49,1,81,41,81,5,2018,1,1,46,31,30,0
1,3,1,8,5,237,6,1,13,1,5,12,1,48,41,43,5,2019,1,3,46,31,16,0
0,1,3,0,1,296,10,1,12,1,3,31,1,2,77,3,1,2023,1,1,80,0,13,1
0,1,1,4,5,307,5,1,27,1,6,64,0,52,41,46,5,2017,1,2,46,2,30,1
0,1,1,0,5,978,10,1,17,2,4,99,1,44,41,38,5,2016,0,5,46,9,19,1
2,1,2,5,5,898,11,1,54,2,2,101,1,25,41,20,5,2019,0,2,46,31,34,1
2,3,5,5,5,235,1,1,45,2,5,23,1,54,41,55,5,2019,2,4,46,9,42,1
3,1,2,2,5,700,6,1,27,1,2,8,0,75,41,72,5,2024,1,4,46,22,30,1
1,1,1,6,5,360,5,0,27,2,4,34,1,77,41,75,5,2025,2,1,46,28,30,0
1,0,2,6,5,250,9,1,20,1,2,40,0,9,41,12,5,2020,1,2,46,31,21,1
0,0,2,7,5,367,6,1,45,1,1,33,1,11,20,8,5,2022,1,3,25,15,42,0
3,1,5,2,5,860,6,0,27,1,0,3,0,75,41,72,5,2019,1,3,46,31,30,0
3,2,3,2,5,1533,12,1,23,2,5,22,0,65,41,61,2,2024,2,5,46,31,26,0
0,1,1,0,5,837,7,1,27,2,6,7,0,42,41,36,5,2018,2,1,46,32,30,1
0,1,4,5,4,781,4,1,7,2,5,32,1,6,44,0,4,2024,2,1,49,12,10,1
1,1,3,8,5,490,3,0,45,2,3,48,1,58,41,53,5,2024,2,3,46,29,42,0
3,3,1,1,5,1552,2,0,20,2,6,10,0,63,41,18,5,2022,2,0,46,22,21,0
0,1,1,7,4,256,9,0,28,1,0,35,1,19,52,34,4,2023,1,0,59,11,31,1
0,1,6,4,5,717,10,1,55,2,6,49,2,79,41,78,5,2023,2,3,46,5,55,1
0,1,4,4,5,832,2,1,55,2,3,22,2,5,41,6,5,2015,2,3,46,5,55,1
1,3,1,8,5,312,2,1,27,1,0,92,0,48,41,43,5,2016,1,1,46,9,30,0
0,1,5,3,8,678,6,1,4,2,1,29,1,78,58,73,8,2024,2,5,24,14,5,1
1,1,3,8,5,205,10,1,8,1,3,73,2,20,50,19,8,2024,1,3,55,30,9,1
0,1,2,4,5,364,3,1,28,1,4,82,0,39,50,32,4,2017,1,1,55,2,31,0
2,1,1,5,5,69,7,1,17,1,6,98,0,55,24,50,5,2020,1,1,27,9,19,0
0,0,4,4,5,1495,11,1,7,3,0,50,0,53,41,48,4,2024,0,3,46,37,10,0
1,3,3,8,5,541,5,1,17,2,6,10,0,22,24,22,5,2020,2,0,27,3,19,0
0,1,4,4,5,890,8,1,25,2,5,88,0,59,41,52,4,2024,2,3,46,17,27,0
0,0,4,4,5,713,6,0,27,2,0,25,1,8,41,9,5,2025,2,5,46,22,30,1
0,1,2,2,3,603,6,1,10,2,5,27,2,1,67,2,3,2023,2,1,67,18,3,0
0,1,4,4,5,412,11,0,45,1,1,36,1,30,41,25,5,2020,1,1,46,31,42,1
1,1,2,8,5,264,6,0,27,1,5,13,0,14,41,54,5,2022,1,5,46,29,30,1
1,1,1,8,5,315,2,0,40,1,5,3,1,22,41,22,5,2025,1,5,46,2,39,1
0,1,6,8,1,361,3,1,18,1,5,81,1,22,18,22,5,2023,1,1,63,29,1,1
1,1,2,6,5,274,5,1,17,2,2,23,0,16,0,15,5,2022,2,0,6,22,19,0
3,0,3,3,5,1256,12,0,33,3,3,14,0,67,41,67,3,2018,0,1,46,22,12,0
0,1,4,3,4,866,8,1,24,2,1,22,2,37,52,66,3,2016,0,5,59,33,29,1
2,1,6,8,8,275,6,1,37,2,6,36,3,22,70,22,8,2019,2,5,73,3,35,1
0,1,3,7,4,482,10,1,22,1,3,82,1,11,9,8,4,2022,1,2,8,37,23,0
0,0,3,7,5,693,10,1,55,2,0,22,2,72,35,71,5,2022,2,1,40,24,55,1
0,0,2,4,5,950,6,0,13,2,2,99,0,5,41,6,5,2022,2,4,46,5,16,1
2,3,2,4,4,272,8,1,7,2,6,36,0,79,33,78,4,2025,2,3,69,5,10,1
1,3,3,8,5,295,7,1,55,1,2,24,2,20,0,19,5,2024,1,2,6,14,55,0
2,1,1,4,4,510,8,1,35,2,5,20,0,4,81,5,4,2017,0,5,81,12,8,1
0,3,1,5,4,349,5,1,45,1,3,22,0,40,78,35,5,2020,1,1,79,30,42,1
2,0,3,5,5,141,7,1,54,2,3,4,0,26,41,23,5,2023,2,2,46,22,34,0
2,1,3,5,5,234,4,0,45,2,4,20,1,6,41,0,5,2025,2,2,46,22,42,1
1,1,2,8,5,222,4,1,45,1,2,53,1,12,41,13,5,2022,1,1,46,2,42,1
0,1,4,6,3,791,8,0,34,2,6,58,0,15,73,10,3,2018,2,1,78,21,0,0
0,1,4,4,5,834,1,1,28,2,3,139,1,30,23,25,4,2024,0,1,26,31,31,0
1,1,3,8,5,593,7,1,27,2,5,51,0,58,41,53,5,2025,2,0,46,31,30,1
1,0,3,8,5,307,8,1,27,1,3,52,1,22,41,22,5,2022,1,3,46,2,30,1
0,1,3,7,5,753,1,1,55,2,2,29,0,32,41,26,5,2017,2,5,46,31,55,0
0,1,5,6,6,871,11,1,41,2,6,14,2,3,7,4,6,2023,2,3,10,8,40,0
3,1,2,1,5,1301,9,0,1,2,1,39,1,63,41,18,1,2020,2,2,46,28,7,0
0,1,4,4,5,855,7,1,18,2,3,70,2,81,68,81,5,2022,0,1,71,22,1,0
1,1,2,8,5,268,12,1,49,1,0,20,1,24,41,58,8,2022,1,1,46,31,53,0
1,1,2,6,5,464,9,1,27,2,0,40,0,16,41,15,5,2023,2,3,46,22,30,1
1,2,4,8,5,187,11,1,27,1,2,3,3,35,41,30,5,2022,1,4,46,2,30,0
1,1,5,6,5,238,12,1,40,1,4,11,1,61,41,57,5,2017,1,2,46,30,39,0
2,0,3,5,5,127,2,1,45,1,5,25,1,68,41,63,5,2021,1,3,46,28,42,1
1,1,4,8,5,887,3,1,20,3,2,136,2,24,41,58,5,2025,0,4,46,22,21,1
0,1,4,7,5,781,5,1,38,2,0,34,0,72,63,71,7,2018,2,3,68,24,37,0
1,0,6,8,5,493,10,1,27,2,1,27,1,14,41,54,5,2017,2,0,46,3,30,1
0,2,5,4,5,839,4,1,7,2,5,15,1,29,41,64,4,2018,2,5,46,2,10,0
0,1,1,0,5,462,7,1,27,1,2,12,0,0,41,1,5,2025,1,1,46,27,30,0
0,3,2,0,5,804,6,1,14,2,3,91,0,44,41,38,0,2016,2,1,46,10,17,1
0,1,2,0,3,722,6,0,27,2,2,11,0,42,67,36,5,2023,2,1,67,20,30,0
0,2,5,4,5,422,1,1,27,1,3,40,2,81,41,81,5,2018,1,1,46,22,30,1
1,0,3,8,5,289,9,1,0,1,1,48,2,14,41,54,8,2019,1,2,46,31,24,1
0,1,1,4,5,435,3,1,47,1,6,10,0,39,41,32,4,2024,1,1,46,33,49,1
1,0,2,8,5,436,4,0,18,2,0,10,0,51,41,17,5,2017,2,4,46,29,1,0
1,0,4,8,5,297,9,0,27,1,6,69,0,24,41,58,5,2025,1,2,46,34,30,1
1,2,6,8,5,520,3,1,20,2,0,30,2,51,41,17,5,2018,2,5,46,22,21,0
1,1,2,8,5,263,12,1,4,1,1,5,0,58,41,53,8,2019,1,0,46,2,5,0
0,1,5,0,5,1849,6,1,15,3,6,62,1,21,0,16,5,2022,0,3,6,32,18,1
2,1,1,5,5,144,6,1,27,2,3,27,1,40,41,35,5,2021,2,3,46,22,30,1
0,1,2,7,5,719,4,1,13,2,2,81,0,72,24,71,5,2025,2,3,27,9,16,0
0,1,1,4,5,486,7,1,16,1,3,68,1,8,41,9,4,2023,1,1,46,30,41,1
0,1,1,4,2,455,10,1,45,1,1,28,0,5,61,6,5,2018,1,3,65,26,42,1
0,1,1,7,5,774,5,1,13,2,1,72,0,11,20,8,5,2018,2,2,25,28,16,1
1,1,2,6,5,208,6,1,30,1,3,76,1,9,41,12,6,2024,1,5,46,30,33,0
3,1,3,2,5,825,12,1,27,1,2,99,1,75,41,72,5,2016,1,3,46,26,30,0
2,1,1,5,5,146,11,1,45,2,2,17,0,25,41,20,5,2018,2,5,46,30,42,0
0,1,1,4,5,764,8,1,16,2,4,100,1,49,41,44,4,2025,2,1,46,31,41,0
0,1,2,4,5,702,9,0,17,2,1,17,0,29,41,64,5,2025,2,1,46,37,19,1
0,1,5,4,5,859,3,1,47,2,3,31,2,30,55,25,4,2017,2,5,54,31,49,0
0,1,2,4,8,487,8,1,4,1,2,63,0,53,54,48,8,2024,1,1,14,37,5,1
0,1,1,4,5,715,12,1,7,2,0,22,1,52,41,46,4,2019,2,0,46,12,10,1
3,1,1,2,5,1820,3,1,17,2,0,98,0,65,24,61,5,2019,2,3,27,2,19,1
0,0,1,0,5,356,7,1,27,1,2,75,0,23,41,21,5,2016,1,3,46,27,30,1
1,0,3,8,5,474,2,1,37,2,4,4,0,66,24,62,8,2018,2,1,27,22,35,1
1,3,2,6,5,322,8,1,32,2,1,18,0,34,0,29,6,2019,2,3,6,2,15,0
0,2,3,4,5,395,9,1,29,1,2,41,0,81,41,81,4,2021,1,0,46,22,47,1
1,1,3,6,5,247,7,0,27,2,4,67,1,61,41,57,5,2024,2,0,46,31,30,0
0,3,2,4,5,420,6,0,55,1,6,27,0,8,41,9,5,2016,1,1,46,12,55,0
0,3,6,6,6,754,3,1,30,2,4,62,2,76,12,74,6,2016,2,3,9,35,33,1
2,1,2,5,5,96,10,1,55,1,2,83,1,40,41,35,5,2024,1,1,46,30,55,0
3,1,2,1,5,697,8,1,13,1,6,101,0,36,41,79,5,2021,1,5,46,2,16,1
1,1,4,8,5,508,2,1,37,2,5,47,1,14,41,54,8,2021,2,2,46,9,35,0
1,1,2,8,5,425,7,1,54,2,3,30,1,17,41,39,5,2023,2,3,46,31,34,0
0,0,4,4,5,302,12,0,15,1,2,31,1,81,0,81,5,2024,1,0,6,5,18,0
0,1,3,8,1,355,5,1,12,1,2,71,0,66,59,62,1,2025,1,2,41,4,13,1
3,1,5,3,5,1064,2,0,27,2,6,37,1,78,41,73,5,2022,2,5,46,30,30,1
1,1,4,8,5,451,10,1,15,2,6,27,2,66,41,62,5,2022,2,1,46,31,18,0
0,1,1,4,5,886,1,1,40,2,6,15,0,30,41,25,5,2018,2,3,46,5,39,1
2,1,5,5,5,64,2,1,27,1,6,12,3,40,41,35,5,2016,1,3,46,30,30,1
0,0,6,4,5,836,11,1,27,2,1,44,2,52,41,46,5,2021,2,3,46,13,30,0
0,1,4,8,4,926,1,1,37,2,6,11,1,58,5,53,8,2025,2,5,4,14,35,0
0,0,2,4,8,450,4,1,35,1,5,101,0,79,43,78,4,2019,1,3,48,29,8,1
1,1,1,8,5,449,7,1,45,2,6,2,1,66,63,62,5,2019,2,2,68,30,42,1
0,3,2,4,5,777,4,1,54,2,3,21,0,53,20,48,5,2022,2,3,25,37,34,1
1,0,2,8,5,566,7,1,4,2,2,26,1,17,41,39,8,2017,2,5,46,25,5,0
0,3,2,8,0,955,6,1,4,3,3,10,0,48,42,43,8,2018,0,5,50,32,5,0
1,3,2,8,5,493,7,1,27,2,1,48,1,51,41,17,5,2022,2,3,46,22,30,1
0,1,5,5,4,754,4,1,47,2,5,17,3,26,81,23,4,2025,2,4,81,5,49,1
0,1,3,0,5,843,7,1,27,2,0,45,1,42,41,36,5,2017,2,1,46,2,30,1
1,1,3,6,4,266,9,1,36,1,6,20,0,3,52,4,6,2024,1,3,59,37,36,1
0,0,6,4,5,626,6,1,3,2,5,60,1,49,41,44,4,2025,2,5,46,31,4,1
0,1,2,3,0,758,9,1,24,2,4,8,1,78,42,73,3,2023,2,1,50,32,29,0
0,1,4,4,5,763,10,1,55,2,3,33,1,59,41,52,5,2024,2,5,46,2,55,0
3,1,5,3,5,1013,11,1,24,2,3,13,3,37,41,66,3,2022,0,3,46,28,29,1
1,1,1,8,5,413,1,1,0,2,1,28,0,17,41,39,8,2017,2,1,46,3,24,0
2,2,4,5,5,108,4,0,20,1,6,61,1,71,41,68,5,2024,1,1,46,2,21,0
0,1,2,7,6,363,8,1,31,1,3,83,0,57,80,49,7,2023,1,0,28,15,32,0
0,1,2,4,5,308,3,1,6,1,6,20,1,69,24,33,4,2023,1,1,27,13,22,1
0,1,2,4,5,764,4,1,47,2,4,16,0,39,41,32,4,2022,0,0,46,22,49,0
3,0,6,5,3,448,9,1,13,1,3,35,2,7,28,47,5,2018,1,1,33,9,16,1
3,1,2,2,5,1430,5,0,23,2,3,47,0,75,41,72,2,2022,2,0,46,26,26,1
3,3,3,1,5,1683,8,1,15,2,6,6,1,80,0,77,5,2024,2,4,6,2,18,0
0,1,1,0,5,854,10,1,18,2,1,6,1,21,0,16,5,2022,2,3,6,22,1,0
1,1,2,8,5,248,12,1,54,1,0,1,0,48,41,43,5,2024,1,4,46,14,34,1
0,2,3,4,8,405,6,1,4,1,3,156,0,29,54,64,8,2023,1,0,14,29,5,0
0,1,4,4,5,908,7,1,7,2,6,27,2,5,41,6,4,2019,0,2,46,28,10,1
0,0,1,7,5,785,6,0,40,2,0,23,1,19,41,34,5,2025,2,0,46,28,39,1
3,1,4,3,5,869,5,1,11,2,6,77,1,33,41,28,3,2025,2,5,46,21,11,1
0,1,3,4,5,790,5,1,27,2,6,46,0,81,41,81,5,2022,2,0,46,22,30,0
1,1,3,8,5,298,9,1,40,1,2,21,1,20,23,19,5,2022,1,4,26,9,39,0
2,0,1,5,5,200,4,1,15,2,6,55,1,55,41,50,5,2017,2,3,46,2,18,1
0,1,2,3,2,345,7,1,10,1,3,97,0,64,2,11,3,2024,1,4,1,1,3,1
0,0,2,7,5,668,9,1,45,2,2,5,1,57,41,49,5,2021,2,1,46,2,42,0
0,2,1,4,0,523,2,0,14,2,6,54,0,81,1,81,0,2025,2,5,0,33,17,0
0,0,5,4,5,496,10,1,55,1,2,33,1,81,63,81,5,2018,1,3,68,17,55,0
0,3,2,4,5,469,7,0,28,1,5,24,0,30,41,25,4,2024,1,4,46,31,31,0
0,1,1,5,7,432,10,0,19,1,0,49,0,6,40,0,7,2018,1,0,45,11,20,0
2,0,1,5,5,248,3,1,18,2,4,19,0,25,41,20,5,2023,2,1,46,22,1,1
0,0,6,4,5,714,6,1,45,2,1,25,1,81,20,81,5,2024,2,5,25,2,42,0
1,1,3,8,5,547,3,0,45,2,5,8,0,24,47,58,5,2019,2,0,7,14,42,0
0,1,1,4,5,454,8,0,27,1,5,31,0,5,41,6,5,2025,1,3,46,28,30,1
1,1,3,8,5,215,5,0,15,1,0,46,0,48,41,43,5,2024,1,1,46,22,18,0
1,1,2,5,8,687,4,1,18,2,0,73,0,27,39,24,5,2024,0,3,17,29,1,1
0,0,6,4,5,818,1,1,27,2,5,55,2,18,41,60,5,2025,2,4,46,22,30,0
1,0,2,8,5,258,1,1,20,1,1,85,1,14,63,54,5,2024,1,2,68,2,21,1
0,1,4,7,6,459,4,0,52,1,1,16,2,11,4,8,7,2023,1,5,3,23,51,0
1,1,1,6,5,305,4,1,32,2,0,79,0,28,41,80,6,2025,2,0,46,9,15,1
1,3,1,8,5,265,7,1,13,1,5,48,1,22,41,22,5,2016,1,4,46,28,16,0
1,1,3,8,5,422,9,1,37,2,5,77,0,48,41,43,8,2023,2,2,46,14,35,1
1,1,2,6,5,267,10,1,40,2,3,1,1,34,23,29,5,2019,2,2,26,16,39,0
3,1,3,5,3,1022,12,1,15,2,2,66,3,40,11,35,5,2023,2,3,64,18,18,0
1,1,2,8,5,211,9,0,4,1,6,32,0,66,41,62,8,2018,1,3,46,22,5,0
2,3,3,5,5,121,4,1,45,1,4,6,2,25,41,20,5,2023,1,3,46,9,42,1
1,2,2,6,5,422,1,1,15,2,2,12,1,9,41,12,5,2017,2,4,46,28,18,1
0,1,2,7,0,776,8,1,45,2,3,29,1,70,56,27,5,2023,2,4,60,32,42,0
0,3,2,4,5,498,9,1,15,1,2,3,0,8,41,9,5,2019,1,1,46,2,18,0
0,0,1,4,5,945,2,1,27,2,4,2,1,29,41,64,5,2016,2,1,46,22,30,1
1,3,3,8,5,225,9,1,0,1,2,83,1,20,41,19,8,2024,1,0,46,30,24,1
1,1,2,6,5,213,7,1,30,1,4,50,0,9,41,12,6,2024,1,5,46,9,33,1
0,3,2,0,5,703,4,1,17,2,5,26,0,42,24,36,5,2020,2,3,27,31,19,0
0,1,2,4,5,815,2,1,15,2,3,25,0,18,41,60,5,2024,2,3,46,30,18,1
1,1,1,8,5,309,9,1,13,1,4,101,0,73,41,70,5,2018,1,5,46,9,16,0
1,1,2,6,5,243,9,1,27,1,2,30,2,15,41,10,5,2022,1,0,46,30,30,0
1,0,2,8,5,215,6,1,40,1,2,82,1,24,41,58,5,2022,1,4,46,34,39,0
1,1,1,8,5,318,5,1,20,1,4,42,0,38,41,31,5,2017,1,0,46,34,21,0
1,0,4,8,5,516,1,1,49,2,4,34,1,24,41,58,8,2016,2,4,46,30,53,1
0,1,3,4,0,383,12,1,7,1,6,15,0,8,36,9,4,2019,1,3,42,10,10,1
1,3,4,8,5,503,8,1,40,2,5,56,2,20,41,19,5,2024,2,3,46,30,39,0
0,1,4,6,1,352,5,1,12,1,2,43,1,9,45,12,1,2024,1,5,47,0,13,0
1,0,2,8,5,606,1,0,49,2,5,20,0,38,41,31,8,2024,2,5,46,22,53,1
0,1,2,7,5,746,6,0,27,2,0,55,0,11,41,8,5,2019,2,1,46,22,30,0
0,1,1,4,5,748,5,1,53,2,0,72,0,29,35,64,4,2015,2,1,40,13,54,1
3,1,6,3,5,1037,11,0,45,2,4,69,1,64,20,11,5,2021,2,4,25,2,42,1
2,1,3,5,5,197,7,0,15,2,3,32,0,6,41,0,5,2023,2,4,46,30,18,0
1,1,2,8,5,397,11,0,20,2,6,70,2,14,41,54,5,2023,2,1,46,34,21,1
0,2,5,4,5,443,6,1,55,1,3,49,0,79,63,78,5,2022,1,3,68,2,55,1
0,1,2,4,8,884,6,1,22,2,6,60,2,53,54,48,4,2023,2,4,14,14,23,1
0,3,2,8,6,669,2,1,8,2,1,56,1,48,57,43,8,2020,2,4,61,35,9,0
1,1,1,8,5,505,1,1,27,2,1,19,0,58,41,53,5,2024,2,0,46,22,30,1
1,0,5,6,5,169,9,0,27,1,3,93,1,16,41,15,5,2025,1,0,46,31,30,1
2,2,3,5,5,175,12,1,55,2,3,36,1,7,63,47,5,2024,2,3,68,2,55,1
1,1,1,8,5,465,8,1,20,2,1,53,1,38,41,31,5,2024,2,1,46,14,21,1
3,1,1,3,5,1096,7,1,54,2,5,41,0,37,41,66,5,2017,2,3,46,28,34,1
3,1,2,3,5,1001,9,1,10,2,0,24,0,78,41,73,3,2015,2,1,46,9,3,0
3,1,2,1,5,680,10,1,27,1,2,41,0,31,41,65,5,2020,1,3,46,31,30,1
0,1,3,0,2,826,4,1,39,2,4,48,1,23,51,21,2,2024,2,1,56,32,38,1
0,1,4,4,5,412,9,1,22,1,1,20,3,39,41,32,4,2025,1,1,46,28,23,0
0,2,2,4,5,359,12,1,53,1,5,22,1,30,41,25,4,2025,1,4,46,2,54,0
1,1,2,6,5,339,1,1,17,2,0,94,0,61,24,57,5,2019,2,4,27,16,19,0
1,1,1,8,5,277,3,1,27,1,2,59,0,17,23,39,5,2024,1,4,26,25,30,0
0,1,2,4,5,456,7,1,54,1,3,86,1,53,41,48,5,2016,1,3,46,9,34,1
0,3,2,0,5,841,9,1,27,2,3,26,1,2,41,3,5,2019,2,1,46,31,30,0
0,0,2,7,0,754,5,0,26,2,1,17,0,72,21,71,0,2017,2,1,23,20,28,0
0,1,1,4,8,445,9,1,37,1,3,58,0,59,43,52,8,2019,1,4,48,13,35,0
0,1,3,7,5,1540,12,1,27,3,0,11,0,72,41,71,5,2019,0,4,46,30,30,1
0,3,1,4,5,824,5,1,18,2,2,97,1,29,41,64,5,2021,2,2,46,31,1,1
0,1,1,4,5,753,4,0,27,2,4,30,1,8,41,9,5,2023,2,4,46,2,30,1
0,0,2,4,5,831,1,0,55,2,6,43,1,29,41,64,5,2015,2,5,46,12,55,1
3,1,4,3,5,1024,9,0,15,2,4,25,2,62,20,76,5,2023,2,5,25,7,18,0
1,1,2,6,5,159,12,1,27,1,1,35,0,16,41,15,5,2022,1,3,46,30,30,0
1,1,4,8,5,551,3,0,4,2,6,32,2,24,23,58,8,2022,2,4,26,22,5,1
1,1,2,8,5,373,1,1,27,2,2,23,0,51,41,17,5,2020,2,5,46,14,30,0
1,1,2,8,5,272,10,1,0,1,2,33,1,35,41,30,8,2017,1,1,46,31,24,0
1,1,2,8,5,393,10,1,37,2,4,36,0,58,24,53,8,2025,2,1,27,22,35,1
1,1,2,8,5,308,7,1,37,1,2,27,0,14,41,54,8,2015,1,4,46,25,35,0
3,3,5,3,5,1050,8,1,13,2,6,88,1,78,41,73,5,2025,2,0,46,21,16,0
2,0,5,8,8,232,10,1,43,2,3,35,2,48,22,43,8,2022,2,3,22,34,45,1
1,1,2,6,5,140,8,0,13,1,5,31,1,16,24,15,5,2019,1,0,27,2,16,0
3,1,4,5,1,1434,4,1,2,2,1,64,0,26,65,23,1,2019,2,1,31,6,2,0
1,1,3,6,5,188,8,0,17,1,0,27,0,77,41,75,5,2022,1,1,46,9,19,0
0,1,3,4,5,413,5,1,47,1,3,74,1,79,41,78,4,2025,1,3,46,31,49,1
0,3,3,4,5,444,2,1,27,1,5,97,1,30,41,25,5,2023,1,1,46,31,30,0
0,1,1,0,5,355,12,0,42,1,6,65,0,50,23,42,0,2017,1,5,26,30,44,0
1,3,5,6,5,288,10,1,32,2,4,4,2,34,41,29,6,2015,2,5,46,8,15,0
1,0,3,8,5,526,9,1,4,2,6,17,0,66,41,62,8,2019,2,2,46,22,5,0
2,1,1,5,5,120,3,0,45,1,0,25,0,68,41,63,5,2025,1,2,46,28,42,1
0,0,1,7,5,410,4,1,54,1,3,47,0,72,41,71,5,2017,1,5,46,22,34,0
0,3,6,6,7,847,10,1,31,2,5,36,2,15,40,10,7,2025,2,3,45,16,32,0
0,1,3,0,7,436,3,1,44,1,4,25,0,42,71,36,7,2018,1,2,72,11,43,0
3,0,2,1,5,1640,9,1,45,2,2,30,1,80,68,77,5,2025,2,3,71,30,42,0
1,1,3,6,5,228,2,1,15,1,6,42,1,15,41,10,5,2018,1,3,46,31,18,1
0,1,2,4,7,278,10,0,46,1,6,9,0,81,8,81,7,2018,1,3,11,5,48,1
2,1,3,8,8,287,5,1,37,2,5,9,2,48,37,43,8,2025,2,3,43,25,35,1
0,1,1,4,5,816,11,0,27,2,6,5,1,30,41,25,5,2021,2,3,46,28,30,1
0,3,3,4,5,321,4,1,20,1,1,21,2,8,68,9,5,2018,1,1,71,30,21,0
1,1,2,8,5,368,8,1,18,2,4,69,0,43,41,37,5,2025,2,3,46,30,1,1
1,0,2,8,5,550,2,1,27,2,4,6,1,17,41,39,5,2024,2,3,46,9,30,0
1,1,1,6,5,299,1,1,27,2,0,8,0,10,41,7,5,2019,2,1,46,28,30,1
1,1,3,6,5,106,1,1,32,1,2,28,1,16,41,15,6,2023,1,3,46,35,15,0
0,2,4,3,6,488,9,1,11,1,3,10,0,33,57,28,3,2023,1,0,61,35,11,0
1,2,1,6,4,328,3,1,21,1,1,54,0,10,32,7,6,2017,1,4,39,12,25,0
0,1,2,4,5,915,11,1,27,2,6,81,0,49,41,44,5,2023,2,5,46,5,30,0
1,1,6,8,5,550,3,1,37,2,2,59,1,38,55,31,8,2019,2,1,54,9,35,1
1,3,1,8,5,687,7,1,27,3,0,70,1,14,41,54,5,2019,0,3,46,28,30,0
1,1,3,6,5,194,11,1,40,1,4,14,0,76,41,74,5,2023,1,5,46,28,39,1
0,1,1,0,5,378,10,0,27,1,6,15,1,42,41,36,5,2022,1,2,46,10,30,0
0,0,1,4,5,776,5,0,6,2,5,51,0,8,41,9,4,2016,2,3,46,5,22,1
1,2,5,8,5,246,2,0,43,1,4,86,1,14,41,54,8,2016,1,4,46,2,45,1
1,3,1,6,5,154,5,1,17,1,3,75,1,77,41,75,5,2016,1,0,46,16,19,0
0,1,1,0,0,716,4,1,14,2,0,3,0,0,3,1,0,2023,2,3,2,20,17,1
1,3,2,6,5,396,1,0,55,2,3,81,0,3,55,4,5,2024,2,5,54,28,55,1
1,2,4,8,5,528,5,0,45,2,0,27,1,17,63,39,5,2025,2,5,68,3,42,1
0,0,3,4,3,694,11,0,11,2,1,5,0,81,66,81,3,2025,2,1,37,12,11,0
0,1,5,6,0,760,3,1,40,2,0,32,1,77,16,75,5,2019,2,3,21,27,39,0
1,1,1,8,5,315,6,1,54,1,2,157,0,66,41,62,5,2025,1,3,46,30,34,0
0,1,5,4,5,761,4,1,53,3,1,55,1,49,41,44,4,2023,0,3,46,13,54,0
0,0,2,4,5,833,3,1,54,2,3,16,0,18,41,60,5,2024,2,5,46,12,34,1
3,1,3,2,5,1175,8,1,17,2,0,13,1,13,41,14,5,2022,0,3,46,30,19,0
0,2,2,4,5,637,2,0,3,2,1,47,1,18,41,60,4,2023,2,2,46,30,4,0
2,1,1,5,5,154,3,1,45,2,0,108,0,25,41,20,5,2025,2,3,46,22,42,0
1,1,2,6,5,421,1,1,13,2,4,62,1,3,0,4,5,2025,2,3,6,22,16,0
2,1,6,5,5,103,9,1,27,1,0,59,3,71,41,68,5,2017,1,3,46,28,30,0
0,1,2,0,5,906,2,1,27,2,1,18,0,0,41,1,5,2017,2,1,46,10,30,0
0,1,6,4,5,388,10,0,22,1,6,33,0,8,41,9,4,2016,1,3,46,9,23,1
1,1,1,6,5,389,4,1,55,2,3,2,0,34,20,29,5,2017,2,1,25,16,55,1
2,1,4,5,5,173,4,1,18,2,6,63,1,6,41,0,5,2020,2,3,46,2,1,0
3,1,1,3,5,508,11,1,34,1,6,24,0,37,41,66,3,2025,1,3,46,9,0,1
1,2,1,6,5,318,5,0,54,2,6,62,0,9,41,12,5,2024,2,3,46,9,34,0
1,2,1,6,5,333,2,1,27,2,1,39,0,10,41,7,5,2023,2,3,46,9,30,1
0,0,5,4,5,490,3,1,6,1,1,58,1,59,35,52,4,2025,1,3,40,2,22,0
1,1,3,8,5,517,7,1,13,2,0,100,0,58,41,53,5,2024,2,5,46,25,16,1
1,1,5,8,5,249,9,1,55,1,5,33,0,14,63,54,5,2020,1,0,68,2,55,0
1,0,1,6,5,334,9,1,27,2,3,63,0,28,41,80,5,2022,2,1,46,2,30,0
1,1,5,8,5,476,5,0,17,2,4,30,2,35,24,30,5,2024,2,4,27,30,19,1
1,2,4,8,5,189,12,1,37,1,2,14,2,58,41,53,8,2023,1,3,46,2,35,1
0,0,6,8,4,973,10,0,43,2,3,94,1,24,32,58,8,2022,2,0,39,5,45,1
0,0,3,4,5,699,8,0,17,2,1,5,2,79,41,78,5,2022,2,1,46,2,19,0
2,0,2,5,5,214,11,1,15,2,3,14,0,25,41,20,5,2023,2,4,46,2,18,0
0,1,1,7,5,835,6,1,17,2,3,12,0,72,41,71,5,2025,2,1,46,31,19,0
3,3,1,5,1,723,9,1,2,1,3,1,0,7,45,47,1,2024,1,5,47,22,2,0
1,1,4,8,5,244,11,1,17,1,2,104,1,73,41,70,5,2019,1,5,46,28,19,1
0,2,1,7,5,344,8,1,15,1,5,3,1,70,41,27,5,2023,1,5,46,31,18,0
0,1,2,4,5,728,12,0,18,2,0,1,0,69,41,33,5,2022,0,5,46,31,1,1
0,0,1,4,5,460,10,0,27,1,2,97,0,81,41,81,5,2023,1,1,46,5,30,0
1,1,5,6,5,120,10,1,40,1,1,14,2,61,41,57,5,2022,1,1,46,19,39,0
0,1,1,4,5,876,11,0,18,2,0,58,0,79,41,78,5,2018,2,4,46,30,1,0
1,1,4,6,5,134,10,1,41,1,6,27,1,3,41,4,6,2025,1,3,46,23,40,0
0,0,1,0,5,792,10,1,54,2,0,42,0,21,63,16,5,2022,2,3,68,22,34,0
1,0,2,6,5,244,5,1,18,1,0,54,0,76,41,74,5,2017,1,0,46,2,1,0
2,3,4,5,5,165,3,0,13,2,6,1,2,26,41,23,5,2017,2,3,46,9,16,1
1,0,5,8,5,497,3,1,40,2,2,38,1,14,41,54,5,2015,2,2,46,22,39,0
0,0,1,4,5,953,1,0,20,2,6,64,0,4,47,5,5,2019,2,3,7,31,21,0
0,1,2,0,6,264,1,1,30,1,1,3,0,21,57,16,6,2025,1,0,61,8,33,1
1,1,3,8,5,483,10,1,27,2,5,9,0,73,41,70,5,2015,2,5,46,30,30,0
2,3,1,5,5,77,9,1,54,1,2,6,0,25,41,20,5,2021,1,0,46,9,34,0
1,1,2,8,5,440,10,1,27,2,5,109,1,66,41,62,5,2023,2,1,46,22,30,0
1,1,4,4,6,704,7,1,32,2,2,73,1,18,15,60,6,2019,2,1,16,35,15,1
1,1,2,8,5,426,10,1,27,2,2,46,0,43,41,37,5,2021,2,1,46,29,30,1
0,1,2,4,5,406,10,0,15,1,6,39,0,8,0,9,5,2025,1,1,6,9,18,0
0,0,2,4,5,792,1,1,18,2,6,38,0,4,41,5,5,2022,2,1,46,2,1,1
1,1,3,6,5,405,3,1,55,2,4,15,1,77,35,75,5,2022,2,1,40,22,55,0
0,1,2,4,5,848,1,1,27,2,3,69,1,49,41,44,5,2023,2,2,46,9,30,1
0,1,4,7,5,687,8,0,27,2,1,45,1,72,41,71,5,2025,2,2,46,30,30,1
1,0,6,6,5,384,2,1,32,2,2,25,3,16,41,15,6,2023,2,3,46,2,15,1
0,3,1,4,5,847,4,0,18,2,3,22,1,39,41,32,5,2023,2,2,46,9,1,1
2,1,1,5,5,205,10,1,54,2,1,64,0,54,41,55,5,2025,2,3,46,28,34,1
3,1,5,1,5,1429,10,1,2,2,4,75,2,80,41,77,1,2023,2,3,46,9,2,0
1,1,3,8,5,414,12,1,45,2,6,6,0,58,41,53,5,2015,2,5,46,2,42,1
1,2,5,6,5,255,5,0,27,2,0,4,3,16,41,15,5,2022,2,2,46,16,30,1
0,1,1,7,5,729,1,0,54,2,2,26,1,57,55,49,5,2025,2,0,54,2,34,1
1,1,4,8,5,598,9,1,27,2,2,10,0,58,41,53,5,2017,2,3,46,28,30,1
2,1,2,4,4,1014,6,1,22,3,1,77,1,52,60,46,4,2023,0,5,18,17,23,1
1,0,2,8,5,551,7,1,8,2,2,10,0,48,41,43,8,2022,2,1,46,28,9,1
1,1,1,8,5,214,8,1,55,1,2,33,0,17,41,39,5,2025,1,2,46,9,55,0
1,1,3,8,5,496,8,1,17,2,5,11,2,20,50,19,5,2015,2,3,55,22,19,1
1,1,4,8,5,598,1,1,27,2,0,59,0,14,41,54,5,2017,2,3,46,28,30,0
1,1,6,8,5,460,1,0,43,2,0,14,3,14,41,54,8,2019,2,4,46,25,45,0
3,2,4,2,5,1794,8,0,15,2,5,59,1,65,41,61,5,2016,2,2,46,30,18,0
0,1,3,6,1,618,9,1,12,2,5,38,1,74,45,69,1,2018,2,3,47,4,13,1
2,0,1,5,5,207,6,1,27,2,2,9,0,6,41,0,5,2023,2,5,46,28,30,1
1,1,1,6,5,572,9,1,15,2,2,16,1,74,41,69,5,2024,0,5,46,28,18,0
1,3,1,8,5,280,1,1,37,1,0,17,1,48,41,43,8,2019,1,5,46,34,35,1
1,0,2,8,5,540,12,1,40,2,5,21,1,38,41,31,5,2025,2,3,46,22,39,0
0,3,3,7,5,365,2,0,45,1,2,63,2,70,35,27,5,2024,1,0,40,36,42,1
3,0,2,2,5,853,6,1,27,1,5,6,0,75,41,72,5,2023,1,1,46,22,30,0
0,0,3,4,5,322,7,1,27,1,4,65,0,29,63,64,5,2023,1,5,68,13,30,0
1,0,4,8,5,201,2,1,27,1,6,25,0,38,41,31,5,2025,1,5,46,31,30,0
2,3,6,5,5,84,5,1,18,1,5,14,2,6,41,0,5,2022,1,4,46,28,1,1
2,1,3,5,5,164,6,1,20,2,4,37,1,7,35,47,5,2021,2,2,40,2,21,1
1,2,4,6,5,438,12,1,18,2,4,73,1,15,41,10,5,2022,2,4,46,9,1,0
0,1,1,6,8,663,9,1,0,2,4,23,1,10,22,7,8,2018,2,4,22,16,24,0
0,1,3,4,5,765,7,1,15,2,5,2,0,52,41,46,5,2021,2,3,46,17,18,0
1,1,1,6,5,244,8,1,27,1,6,19,1,77,41,75,5,2016,1,1,46,31,30,1
0,1,1,4,5,486,12,1,40,1,5,42,0,49,41,44,5,2025,1,1,46,30,39,0
0,1,4,4,5,890,7,1,40,2,1,11,2,39,41,32,5,2019,2,1,46,2,39,0
0,1,2,4,5,820,8,0,25,2,0,20,0,4,68,5,4,2021,2,0,71,30,27,1
2,3,2,5,5,216,12,0,54,2,0,7,0,6,23,0,5,2015,2,5,26,30,34,0
1,1,1,8,5,565,12,1,49,2,0,3,0,24,41,58,8,2021,2,3,46,28,53,1
0,1,1,4,5,718,8,1,27,2,6,15,0,5,41,6,5,2021,2,0,46,28,30,0
3,0,1,3,5,509,9,1,27,1,3,17,1,37,41,66,5,2019,1,1,46,28,30,0
0,3,2,0,3,694,2,1,11,2,4,71,0,42,66,36,3,2019,2,2,37,21,11,0
0,0,2,4,5,370,2,1,45,1,0,2,1,18,35,60,5,2025,1,5,40,5,42,0
0,1,3,4,5,1029,6,0,3,3,1,26,0,49,41,44,4,2025,0,3,46,2,4,1
2,0,4,5,5,240,11,0,40,2,6,54,1,26,55,23,5,2025,2,3,54,28,39,0
0,1,3,4,5,359,10,0,27,1,4,39,0,39,41,32,5,2025,1,0,46,30,30,1
0,0,4,7,5,397,8,1,46,1,1,31,2,57,41,49,7,2017,1,0,46,11,48,1
1,1,3,8,5,523,2,1,13,2,3,85,1,14,41,54,5,2021,2,3,46,31,16,0
1,1,2,6,5,337,5,1,27,2,0,47,1,34,41,29,5,2021,2,3,46,23,30,1
3,3,1,3,5,548,2,1,11,1,2,17,1,37,41,66,3,2025,1,1,46,22,11,0
1,1,1,8,5,454,9,0,27,2,6,90,0,14,41,54,5,2023,2,4,46,28,30,0
0,1,2,7,5,743,11,1,55,2,4,26,0,57,35,49,5,2021,2,3,40,31,55,1
0,1,1,7,5,746,12,1,54,2,4,25,0,11,41,8,5,2025,2,3,46,2,34,1
1,1,1,8,5,445,2,1,43,2,6,40,0,38,41,31,8,2025,2,3,46,28,45,1
0,1,1,7,6,945,2,1,32,2,5,2,1,72,69,71,6,2024,2,5,74,8,15,1
1,1,5,8,5,221,5,0,37,1,4,26,1,73,41,70,8,2016,1,2,46,9,35,1
1,0,1,8,5,1119,9,1,15,3,1,56,0,48,41,43,5,2016,0,1,46,34,18,1
0,1,3,7,5,368,8,1,27,1,0,18,0,45,41,40,5,2017,1,2,46,30,30,1
0,1,2,4,5,948,10,1,27,2,5,14,0,53,41,48,5,2025,2,5,46,33,30,1
1,2,4,8,5,483,11,0,37,2,0,82,2,24,24,58,8,2016,2,3,27,29,35,0
1,1,3,6,5,519,2,1,27,2,5,23,1,76,41,74,5,2020,0,3,46,22,30,0
0,1,1,7,5,631,7,1,19,2,4,15,0,19,68,34,7,2018,2,2,71,11,20,0
0,0,2,7,0,595,3,0,13,2,1,11,0,32,56,26,5,2018,2,5,60,20,16,1
1,3,5,8,5,187,6,1,37,1,0,102,1,66,41,62,8,2025,1,3,46,30,35,0
1,2,2,6,5,212,8,1,45,1,3,17,1,3,0,4,5,2017,1,4,6,2,42,1
3,2,2,3,5,440,5,1,11,1,2,17,0,33,0,28,3,2025,1,1,6,2,11,1
0,1,1,0,5,879,11,0,42,2,6,71,0,21,41,16,0,2022,2,0,46,31,44,0
0,0,3,4,5,866,4,1,45,2,3,37,0,79,35,78,5,2025,2,5,40,33,42,0
3,1,4,2,5,759,5,1,54,1,0,38,2,1,41,2,5,2023,1,1,46,26,34,0
0,1,2,7,5,319,5,1,27,1,5,52,0,72,41,71,5,2021,1,1,46,9,30,0
0,0,5,5,4,745,5,1,40,2,3,4,3,54,6,55,5,2025,2,1,5,2,39,0
0,1,2,4,5,819,4,1,55,2,0,40,1,79,41,78,5,2024,2,5,46,2,55,1
1,1,2,8,5,463,1,1,45,2,4,34,0,66,20,62,5,2018,2,1,25,28,42,1
0,0,1,4,5,989,9,1,27,2,1,60,0,18,41,60,5,2018,0,5,46,2,30,0
0,1,2,4,8,975,2,0,4,2,3,14,0,5,54,6,8,2025,2,4,14,3,5,1
3,1,1,5,1,824,10,1,17,1,1,15,0,27,65,24,5,2021,1,0,31,2,19,0
2,1,2,5,5,207,4,0,40,2,5,34,1,40,41,35,5,2018,2,5,46,22,39,1
1,1,2,8,5,480,3,1,43,2,4,61,1,17,41,39,8,2016,2,5,46,22,45,1
0,3,2,6,1,767,2,1,48,2,3,45,0,77,77,75,1,2016,2,1,80,16,50,0
1,1,3,8,5,488,1,1,27,2,6,22,0,38,41,31,5,2025,2,0,46,2,30,0
1,2,6,8,5,485,1,1,45,2,4,50,3,66,41,62,5,2024,2,3,46,14,42,0
2,1,1,8,8,268,9,1,50,2,6,69,0,17,58,39,8,2023,2,2,24,34,46,1
1,0,6,6,5,325,5,0,18,2,2,4,1,28,41,80,5,2025,2,3,46,30,1,1
0,0,5,8,6,681,6,1,54,2,6,94,1,22,74,22,5,2016,2,5,76,29,34,1
0,1,4,0,5,1030,4,1,45,3,4,20,2,0,41,1,5,2025,0,1,46,32,42,0
1,3,1,6,5,346,11,1,45,2,4,99,0,16,20,15,5,2015,2,1,25,8,42,1
2,1,2,5,5,107,7,1,40,1,5,64,1,54,41,55,5,2024,1,1,46,9,39,0
1,1,5,8,5,555,10,1,8,2,5,53,2,20,41,19,8,2024,2,3,46,28,9,1
2,1,5,5,5,204,8,1,55,2,4,30,2,40,41,35,5,2023,2,1,46,28,55,0
0,1,4,4,5,772,11,1,54,2,4,15,1,5,41,6,5,2024,2,4,46,12,34,1
1,1,2,8,5,442,6,1,20,2,5,2,1,22,47,22,5,2023,2,4,7,9,21,0
0,1,3,4,5,800,8,1,18,2,4,45,0,18,41,60,5,2017,2,2,46,9,1,0
2,2,3,2,2,926,4,0,51,3,5,73,1,1,72,2,2,2015,0,5,75,1,52,0
0,1,3,4,5,342,3,1,27,1,3,27,1,30,41,25,5,2020,1,1,46,9,30,0
3,1,3,3,5,422,10,1,54,1,6,29,0,67,41,67,5,2024,1,2,46,9,34,0
2,2,3,5,5,138,5,1,17,2,4,20,1,71,41,68,5,2024,2,5,46,31,19,1
1,0,1,6,5,223,12,1,21,1,5,57,1,3,41,4,6,2016,1,5,46,9,25,1
0,1,3,4,0,493,12,1,3,1,3,82,1,30,42,25,4,2016,1,3,50,33,4,0
0,0,1,8,4,599,2,0,15,1,5,74,0,17,46,39,5,2016,1,0,52,34,18,1
0,0,4,5,4,324,11,1,16,1,1,34,2,40,9,35,4,2022,1,3,8,2,41,0
2,1,2,5,5,127,9,1,15,1,5,55,1,71,41,68,5,2022,1,5,46,31,18,1
1,0,1,8,5,396,8,0,0,2,1,54,1,35,41,30,8,2018,0,3,46,3,24,1
1,1,4,8,5,580,12,0,20,2,3,92,2,48,41,43,5,2017,2,1,46,28,21,0
0,1,2,7,0,841,8,1,54,2,3,38,1,72,42,71,5,2021,2,5,50,27,34,0
0,1,3,7,4,341,10,1,52,1,1,9,0,32,44,26,7,2023,1,5,49,17,51,0
1,3,5,8,5,216,7,1,17,1,2,81,3,17,20,39,5,2025,1,1,25,2,19,0
0,1,4,4,5,620,1,1,16,2,4,70,2,53,41,48,4,2019,0,1,46,30,41,0
0,1,5,5,4,384,5,1,3,1,4,44,3,71,44,68,4,2020,1,3,49,9,4,0
1,1,2,6,5,120,1,0,41,1,2,42,0,3,41,4,6,2022,1,1,46,9,40,0
3,1,3,3,5,515,12,0,27,1,3,65,1,78,41,73,5,2022,1,1,46,28,30,1
0,0,2,0,5,405,3,1,13,1,5,36,0,44,41,38,5,2018,1,1,46,9,16,1
3,1,2,2,5,1603,9,1,23,2,3,17,2,75,41,72,2,2018,2,5,46,9,26,1
0,2,4,4,5,663,5,0,7,2,2,29,2,59,41,52,4,2025,2,1,46,9,10,1
1,1,3,8,5,187,7,0,37,1,1,33,0,38,41,31,8,2025,1,5,46,34,35,1
1,1,3,8,5,618,8,0,15,2,1,39,1,48,55,43,5,2019,2,3,54,25,18,1
1,1,1,6,5,235,5,0,27,1,6,29,0,10,41,7,5,2023,1,1,46,9,30,1
1,2,2,8,5,879,6,1,27,3,0,83,0,73,41,70,5,2025,0,1,46,29,30,1
0,1,5,6,6,639,8,1,21,2,4,41,2,10,69,7,6,2018,2,3,74,8,25,0
0,1,4,6,3,701,10,1,33,2,4,13,1,10,66,7,3,2022,2,3,37,21,12,1
3,2,1,2,5,1630,8,1,54,2,4,14,1,65,41,61,5,2020,2,1,46,9,34,1
1,0,5,6,5,138,11,1,15,1,6,41,1,34,41,29,5,2024,1,1,46,30,18,1
3,0,2,3,5,522,1,0,13,1,4,46,0,64,41,11,5,2023,1,5,46,22,16,1
0,3,3,4,5,436,11,1,15,1,3,57,0,29,41,64,5,2025,1,1,46,28,18,1
0,1,5,5,7,820,4,1,40,2,5,54,2,6,71,0,5,2016,2,0,72,11,39,1
0,0,3,7,5,751,6,1,27,2,2,28,0,11,41,8,5,2022,2,3,46,9,30,1
0,1,1,7,0,880,10,1,26,2,5,58,0,32,56,26,0,2017,2,0,60,15,28,0
2,0,2,8,8,221,10,1,0,2,2,69,0,51,31,17,8,2016,2,0,38,3,24,0
0,1,1,7,5,786,2,1,52,2,1,1,0,70,41,27,7,2023,2,1,46,30,51,1
3,3,3,1,5,861,2,0,27,1,5,94,1,80,41,77,5,2018,1,3,46,9,30,1
1,1,3,8,5,494,4,1,20,2,2,65,0,48,41,43,5,2023,2,5,46,29,21,0
1,1,6,6,5,419,9,1,18,2,5,50,2,61,68,57,5,2022,2,0,71,35,1,1
3,1,1,1,5,1406,11,1,45,2,5,26,0,36,50,79,5,2019,0,1,55,6,42,1
0,0,1,8,3,880,10,1,43,2,5,27,1,48,28,43,8,2024,2,5,33,21,45,1
0,1,3,7,4,1256,12,1,31,3,6,14,0,45,5,40,7,2025,0,3,4,15,32,1
0,0,2,0,5,723,3,1,18,2,0,65,1,21,41,16,5,2025,2,3,46,22,1,1
0,3,6,7,8,615,2,1,50,2,3,49,3,11,62,8,8,2025,2,0,66,14,46,0
0,3,4,4,5,718,11,1,27,2,6,67,0,81,41,81,5,2016,2,2,46,2,30,1
1,1,3,8,5,505,1,1,27,2,2,18,0,20,41,19,5,2023,2,0,46,3,30,0
0,1,1,4,0,297,12,1,7,1,0,63,1,53,16,48,4,2022,1,3,21,10,10,0
1,1,4,5,8,485,8,0,37,2,5,6,1,26,31,23,8,2024,2,5,38,34,35,1
0,1,3,8,2,407,11,1,43,1,1,19,0,43,51,37,8,2020,1,3,56,29,45,0
0,3,3,7,5,1009,2,1,54,3,4,178,0,57,55,49,5,2022,0,3,54,30,34,1
0,3,1,4,5,450,3,1,45,1,3,22,0,79,41,78,5,2022,1,1,46,31,42,0
3,1,1,5,2,1716,6,1,55,2,4,49,0,40,51,35,5,2023,2,1,56,26,55,0
2,3,4,5,5,120,12,1,55,1,2,14,2,68,41,63,5,2019,1,1,46,31,55,0
3,0,2,2,5,1723,9,0,27,2,1,19,0,56,41,51,5,2023,2,3,46,31,30,0
0,1,2,5,0,670,6,1,40,2,2,67,0,7,16,47,5,2015,2,1,21,2,39,0
1,2,1,8,5,1101,4,1,37,3,2,94,1,43,41,37,8,2024,0,2,46,30,35,1
0,2,4,4,5,655,9,1,45,2,1,15,1,5,35,6,5,2018,2,5,40,37,42,1
0,1,2,4,5,484,10,0,27,1,5,56,1,8,41,9,5,2023,1,3,46,5,30,1
0,1,3,7,5,820,7,0,40,2,6,2,0,70,41,27,5,2022,2,5,46,28,39,0
3,1,3,3,5,473,9,1,10,1,3,64,2,64,41,11,3,2025,1,1,46,31,3,0
0,0,3,7,6,547,12,1,45,2,4,38,2,11,75,8,5,2021,2,0,77,35,42,0
2,1,2,5,5,204,11,1,15,2,0,8,2,55,41,50,5,2017,2,2,46,31,18,1
3,1,5,3,5,992,3,0,33,2,1,3,1,67,41,67,3,2023,2,1,46,9,12,1
0,1,1,3,6,479,2,0,18,1,3,79,1,64,69,11,5,2015,1,5,74,23,1,1
0,1,1,6,8,257,1,1,0,1,1,10,1,15,54,10,8,2019,1,1,14,34,24,1
0,3,1,4,5,450,3,1,29,1,5,23,0,81,41,81,4,2025,1,1,46,9,47,1
1,1,2,6,5,268,2,0,27,2,0,30,1,61,55,57,5,2019,2,4,54,35,30,0
0,1,4,6,8,422,1,1,37,1,1,8,1,3,43,4,8,2017,1,1,48,3,35,0
0,2,1,0,5,827,11,1,45,2,2,44,0,44,41,38,5,2025,2,5,46,31,42,0
3,1,3,1,5,811,6,1,13,1,3,26,1,41,41,59,5,2025,1,2,46,22,16,0
1,1,2,8,5,430,3,1,27,2,3,21,0,48,41,43,5,2025,2,4,46,28,30,0
0,1,1,4,3,419,2,1,20,1,5,38,0,29,11,64,5,2019,1,1,64,37,21,1
1,2,1,8,5,442,7,1,27,2,3,22,1,12,41,13,5,2024,2,2,46,9,30,0
0,3,5,4,5,358,6,1,27,1,6,65,2,30,41,25,5,2023,1,1,46,17,30,1
0,3,4,0,1,670,11,1,1,2,5,37,1,0,45,1,1,2021,2,4,47,4,7,0
2,0,2,5,5,93,7,0,20,1,5,32,1,7,50,47,5,2024,1,3,55,9,21,1
0,0,3,7,5,785,9,0,20,2,5,53,2,57,41,49,5,2020,0,3,46,28,21,1
0,1,2,6,3,481,8,1,11,1,3,63,1,10,28,7,3,2024,1,3,33,21,11,0
0,3,2,4,5,435,6,1,6,1,0,47,0,81,41,81,4,2022,1,0,46,5,22,1
0,1,2,4,5,816,12,0,45,2,2,49,0,5,68,6,5,2022,2,5,71,22,42,0
1,3,2,5,6,383,6,1,17,2,3,1,2,27,15,24,5,2019,2,2,16,23,19,1
1,1,3,8,5,468,10,1,15,2,5,15,0,20,41,19,5,2023,2,1,46,2,18,1
3,1,6,5,1,1502,5,1,55,2,0,34,2,46,79,41,5,2023,2,2,36,30,55,0
3,1,2,3,5,534,12,1,27,1,5,45,0,37,0,66,5,2016,1,4,6,31,30,0
2,0,5,5,5,227,2,1,18,2,1,37,2,54,41,55,5,2024,2,1,46,30,1,0
0,1,1,4,5,695,10,1,22,2,6,12,0,81,41,81,4,2019,0,3,46,9,23,0
1,1,2,8,5,486,6,1,55,2,5,68,0,48,41,43,5,2023,2,1,46,31,55,0
0,0,1,4,5,796,10,1,6,2,5,36,0,39,63,32,4,2023,2,3,68,9,22,0
0,1,2,7,5,766,10,1,40,2,4,6,1,19,24,34,5,2017,0,2,27,22,39,0
0,1,6,7,5,327,7,1,38,1,2,48,2,70,41,27,7,2020,1,2,46,36,37,1
0,0,4,0,5,387,6,1,13,1,0,41,3,23,41,21,5,2025,1,5,46,31,16,1
0,1,1,6,6,827,5,1,18,2,4,5,0,10,4,7,5,2025,0,2,3,8,1,0
1,0,3,8,5,249,8,1,27,1,5,46,0,48,41,43,5,2019,1,1,46,3,30,0
1,1,1,8,5,546,11,0,27,2,6,80,0,14,41,54,5,2020,2,3,46,30,30,0
1,1,1,6,5,107,10,0,41,1,2,32,1,3,68,4,6,2022,1,1,71,28,40,0
0,1,3,4,5,822,1,1,27,2,5,44,1,29,41,64,5,2023,2,1,46,13,30,0
1,1,2,8,5,437,8,1,4,2,5,62,0,12,41,13,8,2024,2,3,46,30,5,0
0,1,2,4,5,860,5,1,13,2,6,72,0,8,41,9,5,2019,2,1,46,33,16,1
0,1,5,8,4,1023,1,1,3,2,5,91,0,14,33,54,4,2015,2,4,69,3,4,1
1,0,2,6,5,797,3,1,27,3,0,83,0,9,41,12,5,2023,0,1,46,23,30,1
3,1,3,2,5,1444,1,1,55,2,0,7,0,1,41,2,5,2023,2,3,46,28,55,1
1,0,2,8,5,572,6,1,0,2,3,76,1,43,41,37,8,2021,2,1,46,2,24,0
0,1,4,4,5,448,4,0,54,1,4,51,2,8,41,9,5,2021,1,2,46,31,34,0
2,1,5,5,5,130,4,1,20,1,0,63,2,7,41,47,5,2018,1,4,46,28,21,0
1,1,3,8,5,519,10,0,18,2,5,26,1,51,68,17,5,2023,2,4,71,22,1,0
1,0,2,6,5,336,8,0,17,2,2,73,1,61,24,57,5,2022,2,1,27,19,19,1
0,1,1,4,5,908,12,0,27,2,6,37,1,81,41,81,5,2015,2,1,46,31,30,0
1,1,1,8,5,314,1,0,27,1,0,38,0,66,41,62,5,2016,1,2,46,31,30,0
2,0,2,5,5,92,1,1,27,1,0,5,1,40,41,35,5,2025,1,1,46,2,30,0
0,1,1,4,5,912,7,0,13,2,2,6,1,59,41,52,5,2024,2,1,46,30,16,1
0,1,3,4,5,870,11,0,16,2,2,28,2,8,41,9,4,2022,2,3,46,22,41,1
1,1,2,8,5,206,5,1,0,1,2,49,0,22,41,22,8,2015,1,0,46,14,24,1
1,1,4,8,5,579,6,1,45,2,4,39,1,24,41,58,5,2018,2,3,46,25,42,1
0,0,1,2,3,873,12,1,33,2,3,31,1,65,67,61,3,2016,2,3,67,26,12,1
2,1,2,5,5,171,8,1,18,2,2,83,0,25,41,20,5,2019,2,5,46,28,1,1
0,1,4,4,5,833,1,1,55,2,1,82,0,18,41,60,5,2023,2,5,46,9,55,1
0,0,3,4,5,1007,12,1,16,3,5,72,2,5,41,6,4,2025,0,1,46,28,41,1
1,1,2,8,5,215,5,1,37,1,3,19,0,12,63,13,8,2022,1,4,68,9,35,1
3,1,4,2,5,1793,9,0,27,3,5,8,1,56,41,51,5,2019,0,1,46,28,30,0
3,1,2,1,5,1411,6,1,12,2,5,1,0,47,68,45,1,2025,2,3,71,22,13,0
1,1,1,8,5,298,3,1,37,1,6,30,1,22,41,22,8,2022,1,1,46,30,35,1
0,1,1,4,5,721,10,1,27,2,1,39,1,79,41,78,5,2017,0,1,46,17,30,0
1,0,2,8,5,1130,12,1,0,3,4,16,0,35,41,30,8,2015,0,1,46,9,24,1
1,0,5,8,5,528,10,0,27,2,0,3,0,24,41,58,5,2023,2,0,46,2,30,1
0,1,4,4,5,821,8,1,45,2,5,1,0,4,41,5,5,2016,2,0,46,5,42,1
1,0,2,6,5,384,4,1,45,2,1,21,1,61,41,57,5,2023,2,3,46,9,42,0
0,1,2,7,5,347,12,1,54,1,2,61,1,57,41,49,5,2023,1,5,46,9,34,0
0,1,1,4,5,478,1,1,7,1,3,109,0,49,41,44,4,2025,1,0,46,2,10,1
0,1,1,4,5,698,12,0,55,2,6,43,0,53,41,48,5,2024,2,5,46,22,55,1
1,1,2,8,5,583,8,0,43,2,1,5,2,14,41,54,8,2024,2,5,46,22,45,1
0,1,2,7,5,843,5,1,38,2,6,83,0,57,41,49,7,2024,2,5,46,11,37,0
1,0,2,8,5,506,9,0,13,2,0,37,0,48,41,43,5,2018,2,3,46,25,16,0
1,1,2,8,5,243,7,1,8,1,5,17,0,43,41,37,8,2024,1,1,46,28,9,0
3,1,4,3,5,1098,11,1,24,2,2,35,1,78,41,73,3,2023,2,5,46,30,29,0
0,1,2,4,5,728,2,1,54,2,4,58,1,53,41,48,5,2023,2,0,46,9,34,0
0,0,2,7,5,679,11,0,38,2,5,146,0,19,68,34,7,2025,0,3,71,9,37,0
1,1,1,8,5,205,5,1,37,1,3,27,0,66,41,62,8,2017,1,1,46,9,35,0
1,1,2,8,5,407,1,1,45,2,2,101,0,24,41,58,5,2016,2,5,46,29,42,0
2,1,3,5,5,90,4,0,13,1,3,96,1,71,41,68,5,2025,1,1,46,9,16,1
2,0,2,5,5,195,11,1,27,2,2,2,0,26,41,23,5,2018,2,5,46,28,30,0
0,0,2,8,0,1309,6,1,0,3,0,59,1,35,38,30,8,2015,0,5,44,32,24,1
1,1,2,8,5,219,5,1,8,1,1,15,2,48,50,43,8,2017,1,2,55,31,9,1
3,1,2,5,2,787,12,1,45,1,5,78,0,40,2,35,5,2021,1,5,1,1,42,1
1,3,2,8,5,522,2,0,15,2,0,51,0,38,41,31,5,2019,2,3,46,29,18,0
1,1,4,8,5,222,1,1,18,1,2,30,1,43,41,37,5,2023,1,3,46,30,1,1
1,0,2,8,5,471,9,1,0,2,5,60,0,17,41,39,8,2018,2,3,46,31,24,1
1,3,1,6,5,407,4,1,17,2,2,45,1,10,41,7,5,2022,2,2,46,22,19,1
0,1,1,4,5,694,5,1,53,2,3,65,0,49,41,44,4,2019,2,3,46,22,54,0
0,1,3,4,5,492,6,1,3,1,4,14,2,4,41,5,4,2023,1,3,46,2,4,1
0,0,3,7,5,760,2,1,27,2,6,12,1,57,41,49,5,2019,2,2,46,2,30,0
1,3,4,8,5,472,4,1,15,2,4,37,1,35,41,30,5,2025,2,3,46,31,18,1
1,1,6,8,5,457,8,1,17,2,4,110,2,48,41,43,5,2015,2,4,46,30,19,1
3,3,2,2,5,1642,5,1,27,2,3,8,0,75,41,72,5,2016,2,3,46,22,30,0
2,1,1,5,5,641,6,1,18,3,6,10,0,68,0,63,5,2022,0,5,6,30,1,0
1,1,1,8,5,550,4,1,27,2,3,10,1,20,41,19,5,2019,2,3,46,9,30,0
1,1,5,8,5,527,12,1,13,2,2,2,2,73,41,70,5,2016,2,0,46,28,16,1
0,0,2,4,5,432,8,0,6,1,4,21,0,8,41,9,4,2020,1,3,46,22,22,0
0,1,3,4,0,752,2,0,47,2,0,1,0,39,1,32,4,2022,2,3,0,10,49,1
3,0,6,3,5,1053,3,1,34,2,1,29,3,37,41,66,3,2023,2,1,46,28,0,1
1,1,4,8,5,282,1,0,20,1,0,55,1,66,47,62,5,2019,1,2,7,30,21,1
1,1,3,8,5,476,6,1,55,2,0,49,1,43,63,37,5,2024,2,5,68,22,55,0
0,0,2,0,5,841,4,1,18,2,5,49,1,60,41,56,5,2025,2,4,46,2,1,1
0,3,1,4,5,845,3,0,27,2,1,5,0,4,41,5,5,2016,2,1,46,22,30,0
1,1,3,5,8,189,2,0,27,1,4,44,1,71,22,68,5,2020,1,3,22,2,30,1
1,1,5,8,5,276,7,1,8,1,6,27,2,12,41,13,8,2019,1,1,46,22,9,0
0,1,3,7,5,710,6,1,52,2,2,34,0,11,41,8,7,2022,2,4,46,2,51,0
0,1,2,4,3,816,2,0,28,2,3,2,1,30,11,25,4,2015,2,1,64,17,31,1
3,1,4,2,5,815,7,1,51,1,2,48,0,56,55,51,2,2025,1,3,54,22,52,1
1,1,3,8,5,465,11,1,20,2,5,41,0,24,41,58,5,2017,2,1,46,22,21,0
0,1,3,4,2,825,1,1,53,2,5,3,1,4,2,5,4,2019,0,5,1,5,54,1
1,1,5,8,5,501,2,1,37,2,0,34,1,58,41,53,8,2019,2,4,46,9,35,1
1,1,1,6,5,166,4,0,41,1,6,35,0,74,23,69,6,2025,1,5,26,31,40,0
1,1,4,8,5,505,10,1,15,2,3,20,2,38,41,31,5,2024,2,4,46,25,18,0
1,1,3,8,5,540,2,1,37,2,5,77,2,38,35,31,8,2021,2,3,40,31,35,1
0,1,2,7,5,305,8,1,20,1,5,70,1,57,41,49,5,2019,1,4,46,9,21,1
1,0,2,8,5,533,12,1,37,2,6,76,0,66,41,62,8,2023,2,4,46,25,35,1
1,1,2,6,5,297,8,1,20,2,0,8,1,74,47,69,5,2025,2,3,7,9,21,1
0,1,2,7,5,690,4,1,46,2,4,97,1,11,41,8,7,2025,2,4,46,36,48,1
1,0,2,8,5,586,12,1,15,2,2,89,0,17,41,39,5,2018,0,0,46,9,18,1
0,0,1,4,5,754,7,1,6,2,4,70,1,39,68,32,4,2019,2,5,71,22,22,1
1,0,1,8,5,223,7,0,45,1,1,72,0,35,41,30,5,2015,1,1,46,34,42,0
1,1,5,6,5,183,3,1,45,1,4,8,0,15,41,10,5,2017,1,5,46,30,42,0
0,1,1,8,7,814,12,1,4,2,5,66,0,17,34,39,8,2024,2,5,19,14,5,0
1,3,2,8,5,514,7,0,18,2,0,76,1,14,0,54,5,2023,2,4,6,22,1,0
0,1,1,4,5,345,8,1,47,1,4,2,0,59,63,52,4,2018,1,3,68,22,49,1
1,0,2,8,5,483,6,1,18,2,2,55,0,58,68,53,5,2025,2,5,71,29,1,1
1,1,3,8,5,527,4,1,8,2,0,28,2,22,50,22,8,2022,2,4,55,25,9,0
1,2,4,6,5,311,9,1,27,2,4,40,0,77,41,75,5,2019,2,2,46,35,30,0
0,1,4,7,5,444,12,1,17,1,5,30,0,72,41,71,5,2025,1,2,46,2,19,0
1,1,1,8,5,279,3,1,54,1,6,10,0,73,41,70,5,2023,1,1,46,31,34,0
3,1,3,2,5,857,12,1,27,1,0,76,0,75,41,72,5,2025,1,0,46,30,30,1
3,2,3,2,5,956,9,1,27,1,1,21,1,1,41,2,5,2015,1,1,46,22,30,1
0,0,2,4,1,960,7,0,48,3,4,46,0,4,18,5,1,2025,0,2,63,6,50,0
1,3,4,8,5,510,8,1,54,2,6,115,1,48,41,43,5,2023,2,3,46,2,34,0
0,1,3,7,5,788,12,1,19,2,6,81,0,19,23,34,7,2022,2,3,26,28,20,0
0,2,3,0,5,656,7,0,18,2,4,16,2,44,41,38,5,2024,2,3,46,22,1,0
0,0,2,4,5,787,2,1,22,2,2,33,0,8,41,9,4,2020,2,1,46,30,23,1
0,3,3,7,5,795,7,0,13,2,5,23,0,57,41,49,5,2017,2,5,46,22,16,1
1,1,4,8,5,540,6,1,43,2,0,94,3,14,41,54,8,2019,2,1,46,34,45,1
1,0,2,4,6,205,6,0,53,1,2,32,0,4,57,5,4,2016,1,3,61,35,54,1
2,1,2,5,5,79,3,1,45,1,6,101,0,6,47,0,5,2022,1,5,7,28,42,0
1,1,2,8,5,275,9,0,4,1,2,63,0,14,41,54,8,2017,1,1,46,14,5,1
2,1,1,5,5,756,10,1,13,3,2,26,0,27,41,24,5,2017,0,2,46,2,16,0
0,1,2,4,5,892,7,0,29,2,1,10,0,30,41,25,4,2016,2,3,46,9,47,1
1,3,1,8,5,456,11,0,43,2,3,80,0,12,41,13,8,2025,2,1,46,30,45,1
0,1,2,6,8,440,3,1,43,1,6,12,1,77,58,75,8,2025,1,1,24,35,45,1
0,1,3,8,4,517,4,1,22,1,6,53,0,22,6,22,4,2018,1,2,5,13,23,0
1,0,2,8,5,198,3,1,55,1,3,19,1,17,41,39,5,2021,1,2,46,29,55,0
0,1,1,6,8,644,4,1,49,2,1,27,1,16,30,15,8,2017,2,3,35,29,53,0
3,0,2,3,5,1093,5,0,9,2,2,79,1,67,41,67,3,2023,2,3,46,9,14,1
0,1,1,7,5,415,1,1,31,1,3,37,1,19,41,34,7,2025,1,3,46,9,32,1
3,1,2,2,5,1458,8,1,54,2,1,73,2,1,55,2,5,2019,2,1,54,22,34,1
1,1,3,6,5,199,11,1,45,1,0,87,1,3,41,4,5,2016,1,5,46,31,42,1
1,1,3,8,5,255,4,1,37,1,6,85,1,43,41,37,8,2017,1,5,46,31,35,1
3,1,3,3,5,955,8,1,13,2,2,71,0,78,41,73,5,2021,2,4,46,2,16,1
0,1,5,4,7,314,9,1,6,1,1,26,2,29,34,64,4,2023,1,3,19,37,22,1
1,1,1,8,5,541,8,1,15,2,6,16,1,43,63,37,5,2017,2,2,68,22,18,1
1,1,6,8,5,542,5,0,20,2,1,61,3,14,41,54,5,2022,2,4,46,9,21,0
0,3,5,4,5,731,10,1,40,2,2,11,2,49,41,44,5,2025,2,2,46,12,39,1
0,0,2,6,6,250,5,1,30,1,1,19,0,9,69,12,6,2019,1,3,74,8,33,1
1,1,3,8,5,243,8,1,43,1,5,112,0,35,41,30,8,2021,1,1,46,31,45,0
0,1,2,8,6,300,7,1,4,1,0,75,0,35,10,30,8,2018,1,5,15,8,5,0
0,1,5,4,5,403,6,0,16,1,6,13,1,8,41,9,4,2023,1,1,46,30,41,0
3,1,4,2,5,1645,8,0,27,2,3,28,0,1,41,2,5,2024,2,5,46,31,30,0
1,0,2,8,5,299,6,1,27,1,6,85,0,73,41,70,5,2016,1,5,46,30,30,1
3,0,3,1,5,1185,5,0,27,2,4,90,2,31,41,65,5,2019,0,3,46,30,30,1
1,3,4,8,5,254,1,1,13,1,0,46,1,66,24,62,5,2017,1,4,27,28,16,1
0,0,3,4,1,451,7,1,25,2,5,19,2,69,59,33,4,2025,0,2,41,0,27,1
0,3,3,8,2,834,11,1,49,2,2,109,1,58,61,53,8,2024,2,0,65,1,53,0
0,2,4,7,5,718,5,1,15,2,1,89,1,45,24,40,5,2017,2,5,27,31,18,0
0,1,2,4,5,433,8,0,54,1,6,51,0,81,41,81,5,2016,1,3,46,22,34,1
0,1,2,4,5,425,12,1,27,1,0,5,2,30,41,25,5,2022,1,2,46,28,30,1
1,1,3,8,5,238,12,1,0,1,1,43,0,51,41,17,8,2016,1,3,46,31,24,1
1,1,1,8,5,497,11,1,49,2,3,35,0,24,41,58,8,2025,2,1,46,28,53,1
0,1,5,4,5,344,5,1,40,1,0,32,3,53,41,48,5,2022,1,1,46,9,39,0
0,1,1,4,5,781,10,0,28,2,3,33,1,81,41,81,4,2019,2,1,46,31,31,0
2,1,2,5,5,138,8,1,45,2,1,1,0,25,50,20,5,2022,2,1,55,2,42,1
1,0,2,8,5,300,3,1,27,1,6,15,1,35,41,30,5,2023,1,3,46,2,30,1
0,1,4,5,4,886,6,1,35,2,3,22,0,55,33,50,4,2023,2,5,69,9,8,1
0,1,1,4,5,368,2,0,18,1,0,22,1,79,41,78,5,2017,1,0,46,13,1,1
1,1,3,8,5,654,9,1,15,2,5,17,1,66,23,62,5,2019,0,2,26,9,18,0
1,1,1,8,5,577,12,1,43,2,6,86,0,24,50,58,8,2020,2,2,55,28,45,0
0,1,2,4,5,672,3,1,27,2,3,83,1,81,41,81,5,2025,2,1,46,28,30,1
0,1,2,4,5,461,8,1,20,1,0,17,0,8,41,9,5,2025,1,5,46,17,21,0
1,0,3,8,5,533,4,0,13,2,1,69,2,24,41,58,5,2018,2,3,46,14,16,0
0,1,5,7,5,744,5,1,27,2,5,53,0,70,41,27,5,2022,2,1,46,22,30,0
2,1,1,5,5,70,11,0,18,1,2,8,0,26,41,23,5,2024,1,4,46,30,1,0
3,1,3,3,5,568,3,1,24,1,0,4,2,78,41,73,3,2021,1,1,46,21,29,1
0,1,2,0,5,692,9,1,27,2,1,22,1,44,41,38,5,2016,0,3,46,2,30,0
1,3,3,8,5,512,7,0,43,2,4,37,0,12,41,13,8,2024,2,1,46,31,45,1
2,1,1,5,5,195,9,0,27,2,1,85,0,26,41,23,5,2022,2,2,46,28,30,1
1,3,3,5,6,157,9,0,18,1,5,27,1,71,69,68,5,2023,1,2,74,22,1,1
1,1,5,6,5,213,2,0,45,1,0,61,0,61,50,57,5,2025,1,2,55,30,42,1
0,0,4,0,8,867,4,1,26,2,0,15,1,0,54,1,0,2023,2,4,14,27,28,0
1,1,1,5,6,491,2,1,13,2,4,45,0,71,57,68,5,2025,2,1,61,8,16,1
1,1,3,8,5,240,2,1,8,1,1,82,0,20,41,19,8,2025,1,0,46,9,9,1
2,1,3,5,5,171,2,0,17,2,4,63,1,27,41,24,5,2023,2,3,46,31,19,1
3,1,4,3,5,1486,3,0,17,3,4,55,2,62,41,76,5,2022,0,3,46,2,19,1
1,1,2,8,5,690,10,0,13,2,0,2,0,66,41,62,5,2021,0,4,46,9,16,0
0,0,1,0,5,406,3,1,20,1,6,27,1,0,23,1,5,2015,1,2,26,9,21,0
1,2,4,8,5,610,7,1,43,2,1,84,1,51,41,17,8,2024,2,1,46,30,45,0
0,1,4,4,5,782,4,1,25,2,4,65,1,8,41,9,4,2025,2,1,46,12,27,0
1,1,2,8,5,315,8,1,0,1,5,5,1,51,41,17,8,2019,1,3,46,31,24,0
1,1,2,8,5,286,9,1,27,1,6,84,1,48,41,43,5,2024,1,5,46,34,30,0
0,1,1,4,5,318,9,1,29,1,2,24,1,81,41,81,4,2017,1,3,46,5,47,0
2,1,1,8,8,79,6,1,37,1,4,68,1,38,53,31,8,2022,1,0,58,14,35,1
1,0,6,6,5,339,5,1,15,2,0,61,3,76,41,74,5,2018,2,4,46,2,18,1
1,0,5,4,6,739,2,0,7,2,6,76,0,49,80,44,4,2025,2,3,28,37,10,1
1,1,1,8,5,518,8,1,43,2,4,33,0,12,41,13,8,2021,2,2,46,14,45,0
0,0,2,0,5,780,12,1,27,2,5,48,1,60,41,56,5,2025,2,4,46,31,30,0
0,3,4,0,5,823,5,0,18,2,0,14,1,50,41,42,5,2018,2,3,46,2,1,0
0,1,2,3,4,552,4,1,53,2,3,43,0,33,32,28,4,2019,0,1,39,17,54,0
0,1,2,0,8,368,2,1,0,1,0,69,0,0,53,1,8,2020,1,4,58,34,24,0
0,3,2,0,5,731,2,1,27,2,0,29,0,42,41,36,5,2024,2,1,46,30,30,0
3,1,3,3,5,1067,11,0,34,2,4,15,1,62,55,76,3,2021,2,3,54,9,0,0
2,0,3,5,5,217,2,1,15,2,4,22,1,40,0,35,5,2025,2,1,6,31,18,0
1,3,3,8,5,212,5,1,55,1,1,26,0,48,41,43,5,2018,1,1,46,31,55,0
0,0,2,4,5,778,10,1,13,2,4,26,1,30,41,25,5,2018,0,0,46,13,16,1
1,3,3,8,5,505,2,1,40,2,4,6,1,38,41,31,5,2024,2,5,46,34,39,0
0,1,4,4,5,477,8,1,27,1,2,13,0,39,41,32,5,2019,1,0,46,33,30,0
3,1,3,2,5,1551,7,1,27,2,5,4,1,1,0,2,5,2025,2,2,6,30,30,1
2,3,1,5,5,70,5,1,17,1,3,63,1,6,68,0,5,2024,1,3,71,2,19,1
2,1,5,5,5,67,5,1,45,1,1,24,0,25,41,20,5,2025,1,2,46,30,42,1
1,3,5,6,5,112,7,0,27,1,4,33,0,74,41,69,5,2021,1,0,46,31,30,0
0,1,3,4,5,318,1,1,6,1,6,86,0,79,24,78,4,2017,1,3,27,33,22,1
1,3,4,8,5,514,9,0,27,2,3,3,1,22,41,22,5,2016,2,1,46,14,30,0
1,1,2,8,5,494,11,1,18,2,5,20,0,58,0,53,5,2019,2,3,6,31,1,0
1,1,2,8,5,384,6,1,40,2,4,123,1,66,41,62,5,2022,2,2,46,2,39,1
0,3,3,4,5,306,6,1,25,1,0,65,1,59,41,52,4,2018,1,5,46,30,27,1
0,1,3,4,5,449,11,1,47,1,6,96,1,49,41,44,4,2024,1,3,46,13,49,0
2,1,3,5,5,1199,1,1,55,3,1,86,1,71,63,68,5,2024,0,1,68,22,55,1
0,1,3,1,8,334,8,0,50,1,1,89,1,80,22,77,8,2016,1,3,22,14,46,0
1,0,6,6,5,117,6,0,32,1,4,89,3,34,41,29,6,2025,1,5,46,9,15,0
0,1,1,7,5,624,3,0,55,2,6,10,1,72,55,71,5,2020,2,3,54,9,55,0
3,1,1,3,5,1117,3,1,13,2,1,22,1,62,23,76,5,2025,2,5,26,31,16,0
1,1,2,8,5,445,5,1,4,2,4,61,0,38,41,31,8,2024,2,0,46,14,5,0
1,1,2,8,5,415,11,1,13,2,1,105,0,20,41,19,5,2024,2,1,46,3,16,1
0,1,1,4,5,374,12,1,28,1,1,53,0,5,24,6,4,2025,1,2,27,28,31,0
3,2,1,1,5,1160,9,0,54,2,6,51,1,80,41,77,5,2022,0,1,46,30,34,0
3,1,5,3,5,1081,8,1,11,2,6,28,1,33,41,28,3,2018,2,4,46,22,11,1
0,1,2,5,7,816,11,1,38,2,3,34,0,55,49,50,7,2023,2,1,57,36,37,1
1,1,4,6,5,239,11,1,45,1,2,65,1,28,41,80,5,2018,1,3,46,23,42,1
0,2,5,0,5,413,3,1,27,1,3,10,2,21,41,16,5,2019,1,3,46,10,30,1
0,1,1,1,0,702,2,0,2,2,0,110,0,80,1,77,1,2022,2,1,0,20,2,0
0,1,1,8,7,839,2,1,37,2,1,41,1,38,8,31,8,2019,2,2,11,15,35,0
2,1,2,8,8,305,6,1,49,2,3,76,0,51,37,17,8,2024,2,1,43,25,53,1
1,0,5,8,5,1218,5,1,37,3,5,98,4,48,55,43,8,2025,0,1,54,30,35,0
3,0,1,1,5,1572,12,1,1,2,6,1,0,41,41,59,1,2023,2,3,46,4,7,0
0,2,4,5,4,481,4,0,47,1,4,17,0,27,32,24,4,2019,1,0,39,12,49,1
1,1,3,8,5,502,2,1,54,2,4,71,0,73,41,70,5,2023,2,3,46,2,34,0
0,1,2,7,5,822,2,1,15,2,2,45,0,57,47,49,5,2024,2,1,7,24,18,1
2,0,2,5,5,173,7,1,55,2,6,29,0,27,41,24,5,2019,2,3,46,2,55,1
0,1,1,3,6,924,7,0,34,2,0,52,0,62,7,76,3,2025,2,1,10,18,0,1
0,1,3,7,5,1160,3,0,54,3,3,3,1,70,41,27,5,2023,0,3,46,2,34,0
0,1,6,6,0,366,8,1,26,1,1,21,2,28,42,80,0,2022,1,4,50,16,28,0
0,0,4,4,5,1317,2,1,27,3,0,69,1,4,41,5,5,2023,0,1,46,31,30,0
1,1,2,8,5,430,6,1,43,2,1,49,0,58,0,53,8,2025,2,5,6,30,45,0
1,1,2,8,5,1029,2,1,27,3,5,50,2,20,41,19,5,2019,0,3,46,9,30,1
1,1,1,8,5,436,12,1,27,2,4,63,0,14,41,54,5,2023,2,3,46,3,30,0
1,1,6,8,5,269,1,1,18,1,4,47,3,17,0,39,5,2022,1,3,6,31,1,0
1,1,3,8,5,278,9,1,27,1,4,21,0,35,68,30,5,2021,1,4,71,30,30,0
1,1,2,6,5,356,8,0,30,2,4,61,1,9,41,12,6,2020,2,3,46,30,33,1
1,0,4,8,5,561,3,0,40,2,1,55,1,48,41,43,5,2024,2,3,46,34,39,1
3,1,4,1,5,1337,10,1,54,2,1,17,0,47,41,45,5,2018,2,3,46,31,34,0
0,1,5,4,5,841,2,0,27,2,1,48,1,81,41,81,5,2024,2,3,46,17,30,1
3,3,2,2,5,1681,2,0,39,2,0,14,1,56,47,51,2,2019,2,3,7,2,38,1
0,1,2,4,5,666,12,1,27,2,0,66,1,39,41,32,5,2019,2,3,46,22,30,1
3,0,2,2,5,1664,8,1,23,2,3,98,0,13,23,14,2,2025,2,0,26,26,26,1
1,1,3,8,5,319,4,1,0,1,1,12,0,38,41,31,8,2022,1,1,46,34,24,1
1,3,1,5,8,507,1,1,40,2,6,65,0,7,53,47,5,2024,2,0,58,14,39,1
1,1,4,6,5,245,5,1,27,1,0,15,0,28,41,80,5,2021,1,1,46,22,30,1
0,0,2,4,5,355,2,1,20,1,0,171,1,4,41,5,5,2022,1,4,46,28,21,1
0,1,5,6,2,441,4,0,41,1,1,16,2,34,72,29,6,2019,1,2,75,8,40,1
2,3,3,5,5,93,12,1,27,1,1,4,1,54,41,55,5,2016,1,5,46,2,30,1
3,1,1,2,5,1579,6,1,51,2,1,58,0,75,41,72,2,2017,2,2,46,28,52,0
1,1,2,6,5,253,11,1,15,2,2,21,1,9,41,12,5,2022,2,5,46,22,18,0
0,0,4,4,5,905,5,1,17,2,5,92,0,5,41,6,5,2023,2,1,46,28,19,1
1,3,1,6,5,365,12,1,55,2,4,25,0,10,41,7,5,2025,2,3,46,28,55,0
0,2,5,7,5,379,1,1,5,1,2,1,0,72,41,71,7,2018,1,2,46,9,6,0
1,1,3,8,5,245,6,1,20,1,3,16,1,66,41,62,5,2023,1,1,46,2,21,1
0,1,1,5,4,832,11,1,22,2,3,18,0,7,5,47,4,2018,2,2,4,37,23,1
1,1,3,8,5,310,11,1,27,1,1,2,1,17,41,39,5,2022,1,5,46,31,30,1
2,1,1,5,5,188,12,1,27,2,3,24,0,68,41,63,5,2022,2,3,46,22,30,0
3,3,2,1,5,760,11,1,27,1,2,8,1,47,41,45,5,2019,1,2,46,31,30,0
0,1,5,4,5,324,7,1,22,1,1,29,3,52,47,46,4,2025,1,3,7,30,23,1
0,1,3,4,5,412,1,1,17,1,4,36,1,39,41,32,5,2017,1,0,46,37,19,0
3,1,2,3,5,593,1,1,18,1,2,51,1,62,41,76,5,2020,1,0,46,31,1,0
0,1,2,8,0,610,11,0,26,2,0,11,1,24,36,58,0,2023,2,4,42,25,28,1
0,0,5,7,5,425,6,0,13,1,0,5,2,57,41,49,5,2023,1,4,46,24,16,1
0,1,2,4,5,854,5,1,27,2,6,7,0,59,41,52,5,2023,2,0,46,9,30,0
3,0,2,3,5,431,4,0,18,1,4,14,0,78,20,73,5,2016,1,5,25,31,1,0
0,1,2,4,8,1077,10,1,8,2,5,105,0,4,22,5,8,2023,2,1,22,17,9,1
0,1,1,0,5,772,2,1,55,2,6,77,1,60,41,56,5,2022,0,1,46,28,55,1
0,1,1,4,5,301,4,0,45,1,1,2,0,30,41,25,5,2024,1,2,46,9,42,1
2,1,5,5,5,67,12,1,27,1,6,8,1,25,41,20,5,2016,1,1,46,22,30,1
1,1,6,8,5,437,2,1,55,2,3,68,3,35,35,30,5,2017,2,3,40,22,55,1
2,1,2,5,5,62,8,1,27,1,6,8,0,40,41,35,5,2024,1,1,46,2,30,1
2,2,2,5,5,126,8,1,18,1,2,38,0,7,41,47,5,2023,1,3,46,28,1,0
2,3,3,5,5,166,5,1,27,2,4,98,0,26,41,23,5,2018,2,3,46,22,30,1
0,3,5,8,1,855,3,1,2,2,5,74,2,17,65,39,1,2015,2,3,31,34,2,1
1,1,3,8,5,582,12,1,27,2,1,45,0,73,41,70,5,2025,2,2,46,2,30,1
0,0,6,4,5,756,10,1,22,2,5,7,2,4,68,5,4,2019,2,3,71,9,23,0
0,1,2,8,6,979,8,1,49,2,4,91,0,51,15,17,8,2025,2,1,16,34,53,1
1,0,5,8,5,456,12,0,27,2,0,15,1,73,41,70,5,2024,2,4,46,31,30,0
1,1,5,6,5,371,7,0,27,2,4,2,2,34,41,29,5,2019,2,5,46,22,30,1
1,0,2,6,5,1489,3,1,32,3,6,18,0,16,41,15,6,2018,0,1,46,16,15,1
2,1,2,5,5,183,10,1,27,2,0,56,0,26,41,23,5,2020,2,5,46,31,30,1
1,0,5,6,5,417,1,1,21,2,0,16,1,15,20,10,6,2025,2,3,25,28,25,0
3,3,4,3,5,1058,2,1,13,2,6,55,0,37,41,66,5,2019,2,3,46,7,16,0
1,1,2,6,5,1003,7,0,18,3,0,26,0,77,68,75,5,2025,0,1,71,31,1,1
0,2,4,7,5,769,11,0,19,2,6,6,0,45,41,40,7,2018,2,1,46,31,20,1
1,1,2,8,5,467,11,1,27,2,3,41,1,22,41,22,5,2020,2,5,46,31,30,0
1,0,1,8,5,542,3,1,27,2,4,35,0,43,41,37,5,2023,2,3,46,25,30,0
0,1,1,4,5,943,1,1,27,3,6,1,0,5,41,6,5,2022,0,5,46,12,30,1
2,1,5,5,5,129,8,1,40,2,0,59,1,26,41,23,5,2018,2,0,46,22,39,0
0,3,6,7,5,388,11,1,45,1,5,15,0,19,41,34,5,2023,1,3,46,9,42,1
1,1,2,8,5,450,3,1,54,2,0,29,0,51,41,17,5,2022,2,1,46,34,34,1
1,3,1,6,5,135,7,0,18,1,6,54,0,77,47,75,5,2022,1,4,7,22,1,1
0,1,2,4,8,1024,3,0,49,2,5,4,2,53,22,48,8,2024,2,2,22,34,53,1
0,1,2,8,6,904,9,1,37,2,0,28,2,48,4,43,8,2023,2,2,3,8,35,1
2,1,5,5,5,129,11,1,27,1,4,62,1,40,41,35,5,2024,1,3,46,30,30,1
1,1,2,8,5,221,3,1,50,1,5,80,1,20,41,19,8,2023,1,3,46,28,46,1
1,3,2,8,5,297,4,1,13,1,0,50,0,22,41,22,5,2023,1,4,46,22,16,1
1,1,3,8,5,1119,4,0,4,3,0,62,2,14,68,54,8,2025,0,1,71,30,5,0
1,1,2,8,5,477,10,1,13,2,0,38,0,22,41,22,5,2025,2,5,46,30,16,1
1,1,3,8,5,1067,3,1,27,3,6,79,1,12,41,13,5,2023,0,0,46,25,30,1
3,1,3,3,5,1134,3,0,40,2,1,26,1,37,41,66,5,2023,2,4,46,30,39,0
1,0,6,6,5,208,8,0,54,2,6,76,1,61,41,57,5,2025,2,0,46,30,34,0
0,1,5,0,5,325,12,1,45,1,2,51,1,0,41,1,5,2016,1,5,46,2,42,1
3,1,2,2,5,1662,7,1,17,2,1,95,1,1,41,2,5,2018,2,1,46,26,19,1
0,2,3,4,8,1023,10,1,3,2,5,76,1,53,58,48,4,2020,2,3,24,17,4,0
1,3,2,6,5,351,4,1,45,2,0,44,1,28,20,80,5,2025,2,3,25,22,42,0
3,1,2,2,5,1440,8,1,51,2,1,56,2,56,55,51,2,2024,2,3,54,9,52,1
3,0,5,3,5,598,4,1,55,1,0,66,0,64,41,11,5,2019,1,5,46,2,55,1
0,3,2,0,5,311,5,1,27,1,6,1,1,23,41,21,5,2017,1,2,46,30,30,0
3,1,1,2,5,947,11,1,51,1,2,43,1,1,41,2,2,2025,1,3,46,9,52,0
1,1,2,8,5,621,6,1,4,2,4,28,1,17,41,39,8,2025,2,2,46,22,5,1
0,3,2,4,5,370,4,1,3,1,5,25,0,8,41,9,4,2018,1,3,46,22,4,1
3,1,2,1,5,1125,12,0,45,2,0,72,0,31,63,65,5,2016,0,4,68,28,42,0
1,1,4,8,5,441,1,0,18,2,3,61,0,35,41,30,5,2024,2,2,46,2,1,0
2,3,2,5,5,422,9,1,27,2,3,10,0,54,41,55,5,2024,0,3,46,30,30,1
0,2,2,7,5,842,10,0,13,2,2,78,0,32,24,26,5,2024,2,3,27,31,16,1
0,2,1,4,2,546,8,0,7,2,5,77,0,39,2,32,4,2022,2,4,1,13,10,1
1,1,1,6,5,163,9,1,27,1,1,27,0,77,41,75,5,2019,1,3,46,22,30,0
0,0,3,4,2,463,7,1,51,1,4,10,2,29,72,64,2,2019,1,4,75,12,52,1
1,1,6,8,5,420,9,0,18,2,4,14,3,12,41,13,5,2022,2,5,46,25,1,1
0,0,4,4,5,887,3,0,27,2,0,24,0,5,41,6,5,2015,2,2,46,22,30,0
0,1,3,3,1,399,7,1,55,1,6,42,1,33,59,28,5,2016,1,3,41,7,55,0
0,3,2,7,5,347,9,1,27,1,2,20,1,45,24,40,5,2024,1,5,27,24,30,0
0,0,2,4,5,674,11,1,15,2,5,90,0,52,41,46,5,2023,2,2,46,22,18,0
1,3,1,8,5,847,7,1,55,3,2,25,0,43,41,37,5,2016,0,2,46,31,55,0
1,0,4,8,5,295,4,1,40,1,4,68,0,12,41,13,5,2016,1,3,46,9,39,0
3,1,2,1,5,710,1,0,27,1,5,84,0,36,41,79,5,2025,1,4,46,30,30,0
1,0,3,6,5,141,3,1,13,1,5,30,0,3,24,4,5,2023,1,2,27,8,16,0
1,3,3,8,5,576,9,1,4,2,4,23,0,12,41,13,8,2024,2,5,46,25,5,0
1,3,3,6,5,199,8,1,27,1,2,4,0,34,41,29,5,2023,1,5,46,8,30,0
1,1,5,6,5,246,12,1,17,1,4,95,2,10,41,7,5,2025,1,1,46,31,19,0
0,0,2,7,6,886,6,1,21,2,1,20,0,70,7,27,6,2021,2,5,10,15,25,1
1,1,2,8,5,427,7,1,20,2,1,64,0,58,41,53,5,2019,2,1,46,14,21,0
1,0,1,8,5,263,6,1,27,1,0,39,0,51,41,17,5,2019,1,5,46,9,30,1
0,1,2,5,4,782,7,0,17,2,6,36,1,27,78,24,5,2019,2,0,79,37,19,1
1,3,4,8,5,199,9,1,27,1,5,36,1,38,41,31,5,2019,1,5,46,2,30,0
1,1,2,6,5,213,6,1,54,1,4,21,0,34,41,29,5,2025,1,3,46,9,34,1
3,1,2,1,5,762,1,0,48,1,6,5,1,41,41,59,1,2018,1,4,46,2,50,0
0,1,3,4,5,710,11,1,13,2,6,92,0,30,41,25,5,2025,2,1,46,30,16,1
0,1,4,4,5,831,6,0,35,2,6,8,1,30,41,25,4,2024,2,1,46,22,8,0
1,3,2,8,5,257,2,1,15,1,6,14,0,66,41,62,5,2018,1,1,46,22,18,1
1,1,1,8,5,465,6,1,45,2,0,23,0,66,20,62,5,2024,2,1,25,3,42,1
0,0,2,5,7,866,11,1,27,2,0,90,0,46,27,41,5,2024,2,1,70,36,30,1
3,1,1,3,5,875,4,0,45,2,5,43,0,67,41,67,5,2025,0,3,46,22,42,1
0,1,4,4,5,385,8,1,55,1,3,93,0,69,41,33,5,2016,1,2,46,13,55,0
1,1,3,8,5,575,9,0,0,2,3,52,1,17,41,39,8,2023,2,3,46,2,24,1
0,1,2,4,8,934,10,0,29,2,5,14,0,81,43,81,4,2017,2,5,48,34,47,1
1,1,1,6,5,158,7,0,27,1,4,33,0,16,41,15,5,2018,1,3,46,28,30,1
0,1,2,8,4,1129,11,1,54,2,4,87,1,22,33,22,5,2024,2,5,69,17,34,1
0,0,1,4,5,359,2,1,18,1,0,3,1,69,68,33,5,2015,1,2,71,12,1,1
0,2,2,0,2,447,5,1,26,1,6,58,2,60,2,56,0,2025,1,5,1,1,28,1
1,0,5,8,5,238,8,0,49,1,6,41,0,48,41,43,8,2022,1,1,46,28,53,0
0,3,5,7,5,1217,11,1,18,3,3,47,2,57,68,49,5,2024,0,1,71,9,1,0
1,1,1,5,8,296,5,1,0,1,3,61,1,25,58,20,8,2018,1,1,24,14,24,1
0,1,1,7,5,755,2,1,54,2,4,148,0,45,41,40,5,2022,2,1,46,22,34,0
3,3,3,1,5,659,7,1,1,1,3,57,1,47,24,45,1,2018,1,1,27,0,7,0
1,1,1,8,5,546,7,0,4,2,2,95,0,20,47,19,8,2022,2,1,7,2,5,1
0,1,2,4,5,690,7,1,40,2,4,43,1,81,41,81,5,2023,0,2,46,5,39,1
1,1,1,8,5,496,1,1,20,2,6,32,1,17,41,39,5,2022,2,4,46,22,21,1
0,1,3,0,5,408,3,1,40,1,5,18,1,21,41,16,5,2025,1,4,46,28,39,0
3,1,2,1,5,679,8,1,27,1,5,7,1,41,41,59,5,2022,1,5,46,28,30,0
1,0,2,8,5,513,12,1,0,2,1,51,1,17,41,39,8,2025,2,1,46,3,24,1
1,2,5,6,5,345,8,0,45,2,1,63,1,76,41,74,5,2025,2,1,46,16,42,1
1,3,2,6,4,275,10,1,53,1,4,69,0,76,64,74,4,2015,1,3,29,17,54,0
3,1,2,2,5,1509,6,1,27,2,2,79,2,65,41,61,5,2021,2,3,46,2,30,1
1,0,4,8,5,225,6,1,45,1,6,58,2,73,63,70,5,2024,1,3,68,30,42,1
0,3,2,5,7,675,3,1,46,2,6,87,0,71,8,68,7,2023,2,3,11,22,48,1
0,1,2,4,5,386,7,1,27,1,2,76,1,18,41,60,5,2024,1,3,46,30,30,1
1,1,1,8,5,986,11,1,55,3,2,61,0,51,47,17,5,2017,0,1,7,31,55,1
1,1,4,8,5,241,1,1,45,1,5,27,2,58,20,53,5,2020,1,1,25,30,42,0
3,1,1,2,5,1521,1,1,27,2,4,3,0,1,41,2,5,2016,2,4,46,28,30,1
1,1,2,6,5,381,7,1,30,2,6,21,0,10,41,7,6,2025,2,2,46,8,33,1
1,1,4,8,5,291,11,1,37,1,1,105,2,66,0,62,8,2021,1,2,6,28,35,1
0,1,2,7,5,811,6,0,52,2,2,64,0,70,41,27,7,2024,2,1,46,28,51,1
0,1,2,4,3,438,3,1,11,1,1,23,0,49,28,44,3,2017,1,5,33,7,11,1
3,1,4,2,5,942,2,0,27,1,0,44,1,1,41,2,5,2025,1,0,46,1,30,0
0,1,1,4,5,415,12,1,13,1,4,25,1,5,24,6,5,2023,1,1,27,9,16,1
1,1,2,8,5,490,8,1,20,2,2,12,0,20,41,19,5,2021,2,2,46,3,21,1
2,0,2,5,5,166,5,0,54,2,4,3,1,40,55,35,5,2019,2,4,54,22,34,0
1,1,3,8,5,294,11,1,27,1,1,19,0,48,41,43,5,2021,1,4,46,9,30,1
0,1,3,3,0,713,6,1,33,2,1,5,0,67,1,67,3,2021,2,2,0,18,12,1
2,0,2,5,5,171,6,1,17,2,0,23,1,71,41,68,5,2024,2,3,46,9,19,0
0,1,2,4,2,499,11,1,16,1,5,27,1,18,14,60,4,2025,1,1,13,26,41,0
1,3,1,6,5,144,4,1,17,1,0,79,1,77,41,75,5,2024,1,4,46,35,19,1
1,1,1,8,5,593,5,1,43,2,3,39,0,73,41,70,8,2018,2,3,46,3,45,1
0,3,5,8,4,814,2,0,20,2,3,30,1,73,48,70,5,2023,0,5,53,33,21,1
1,0,2,8,5,731,7,1,45,2,1,2,0,66,41,62,5,2019,0,3,46,9,42,0
0,0,1,4,5,784,12,1,54,2,1,29,1,81,41,81,5,2020,2,5,46,28,34,0
0,1,2,6,1,259,12,1,48,1,4,47,0,3,18,4,1,2018,1,3,63,6,50,1
3,0,5,3,5,462,9,1,15,1,0,1,0,67,41,67,5,2023,1,4,46,28,18,0
0,1,4,4,5,827,2,1,18,2,1,35,1,59,41,52,5,2019,0,5,46,2,1,0
1,1,1,6,5,135,3,1,18,1,2,36,0,16,41,15,5,2020,1,3,46,8,1,1
1,1,2,5,8,522,5,0,27,2,0,85,1,46,58,41,5,2016,2,1,24,34,30,0
0,1,3,4,5,762,5,1,22,2,4,72,0,52,41,46,4,2023,2,2,46,13,23,1
3,1,3,3,5,1000,12,1,34,2,0,31,3,64,41,11,3,2017,2,3,46,9,0,0
2,0,2,5,5,674,4,1,55,2,0,29,0,68,41,63,5,2024,0,1,46,2,55,0
0,0,3,4,5,829,9,1,29,2,1,91,0,30,35,25,4,2022,0,0,40,5,47,0
3,1,4,3,5,576,7,0,33,1,2,43,0,37,41,66,3,2016,1,3,46,31,12,0
0,0,3,4,5,807,7,1,16,2,3,81,1,18,35,60,4,2025,2,0,40,2,41,1
3,1,2,1,5,1613,5,1,40,3,6,99,1,31,41,65,5,2024,0,3,46,6,39,0
0,3,2,5,4,375,9,1,54,1,6,16,0,46,46,41,5,2023,1,4,52,5,34,0
0,1,2,0,0,358,11,1,42,1,5,1,2,21,3,16,0,2022,1,0,2,27,44,0
0,1,2,0,5,816,10,1,55,2,2,16,1,0,41,1,5,2021,2,0,46,22,55,0
3,1,6,2,5,952,4,1,18,1,2,35,1,1,0,2,5,2024,1,5,6,26,1,0
0,2,3,7,8,629,2,1,46,2,1,77,1,11,54,8,7,2024,2,3,14,36,48,0
0,1,3,4,5,425,11,1,35,1,3,64,1,59,35,52,4,2019,1,1,40,2,8,0
1,1,2,8,5,246,9,1,15,1,6,52,1,73,41,70,5,2016,1,2,46,30,18,1
1,2,3,8,5,470,1,1,8,2,0,95,1,38,41,31,8,2025,2,1,46,28,9,1
1,1,2,6,5,372,1,1,41,2,1,47,0,74,41,69,6,2025,2,2,46,19,40,0
3,3,3,1,5,1464,8,1,18,2,0,99,0,41,68,59,5,2018,2,4,71,6,1,0
1,1,2,8,5,518,12,0,43,2,0,7,1,35,41,30,8,2022,2,3,46,30,45,0
0,3,2,8,3,940,6,0,33,2,3,77,1,43,67,37,3,2023,2,1,67,25,12,0
0,1,1,7,5,876,12,1,18,2,2,45,1,45,41,40,5,2023,0,3,46,28,1,1
3,1,4,1,5,1473,7,0,20,2,0,45,0,31,41,65,5,2025,2,4,46,31,21,1
1,1,3,8,5,553,5,1,50,2,2,76,0,43,41,37,8,2017,2,1,46,14,46,1
0,0,3,7,5,768,8,1,15,2,0,70,2,57,41,49,5,2017,2,0,46,36,18,1
0,1,1,4,5,752,4,1,6,2,6,35,0,29,41,64,4,2022,2,5,46,2,22,0
3,1,6,3,5,1059,4,1,40,2,4,106,3,67,23,67,5,2020,2,1,26,30,39,0
0,0,5,4,8,460,4,1,4,1,0,17,2,29,43,64,8,2016,1,5,48,14,5,1
0,2,2,4,5,448,4,0,27,1,4,96,0,18,41,60,5,2024,1,4,46,31,30,1
1,3,4,4,6,231,9,0,30,1,0,46,0,30,12,25,6,2022,1,4,9,19,33,0
0,1,2,7,5,361,3,1,18,1,1,26,0,57,41,49,5,2018,1,1,46,28,1,1
3,0,3,3,5,558,5,1,55,1,2,104,3,67,41,67,5,2025,1,2,46,2,55,0
0,1,3,8,4,1000,10,1,49,3,3,34,1,35,25,30,8,2023,0,3,30,25,53,1
3,1,1,2,5,1727,7,0,27,2,2,76,1,65,41,61,5,2015,2,3,46,28,30,0
1,0,1,8,5,193,3,1,18,1,6,56,0,73,41,70,5,2016,1,4,46,28,1,1
1,1,3,8,5,230,3,1,27,1,5,39,1,73,41,70,5,2018,1,2,46,30,30,1
0,1,4,4,5,868,12,1,27,2,4,76,1,29,41,64,5,2023,2,5,46,31,30,0
1,1,1,8,5,427,3,1,27,2,1,84,1,20,41,19,5,2016,2,5,46,22,30,1
0,0,4,4,7,283,9,1,19,1,3,92,3,18,34,60,7,2023,1,4,19,15,20,0
1,0,4,8,5,534,4,1,49,2,4,93,2,17,24,39,8,2024,0,3,27,28,53,1
1,0,1,8,5,273,9,1,55,1,6,23,1,20,41,19,5,2024,1,1,46,28,55,0
0,1,2,4,5,930,4,1,27,2,3,1,0,53,41,48,5,2018,2,2,46,2,30,1
1,1,1,5,6,477,7,0,45,2,4,106,1,68,7,63,5,2019,2,4,10,35,42,1
1,0,1,8,5,552,2,1,27,2,1,46,1,73,41,70,5,2023,2,3,46,22,30,0
3,0,2,2,5,712,3,1,27,1,5,37,0,13,41,14,5,2024,1,5,46,9,30,1
0,0,2,4,5,793,9,0,29,2,3,59,2,59,41,52,4,2022,2,3,46,30,47,1
0,1,3,4,5,820,6,1,55,2,2,25,1,69,41,33,5,2025,2,3,46,2,55,1
0,0,2,7,5,801,6,1,31,2,6,53,1,45,41,40,7,2019,2,0,46,28,32,1
0,0,2,5,7,785,4,1,19,2,2,70,0,26,8,23,7,2022,2,3,11,9,20,0
1,0,4,8,5,592,8,0,49,2,5,70,1,35,63,30,8,2023,2,2,68,30,53,1
2,0,2,5,5,170,3,1,18,2,6,10,0,40,41,35,5,2018,2,5,46,31,1,0
1,2,1,8,5,502,1,1,27,2,2,4,0,58,41,53,5,2018,2,3,46,31,30,1
0,0,1,4,5,861,9,1,55,2,0,34,0,5,41,6,5,2022,2,3,46,13,55,0
3,0,5,1,5,1586,11,1,12,2,3,9,2,80,50,77,1,2020,2,3,55,9,13,0
3,3,2,2,5,1421,2,1,27,2,6,35,0,65,41,61,5,2016,2,4,46,28,30,1
1,1,2,8,5,313,4,1,37,1,6,55,0,66,47,62,8,2025,1,1,7,25,35,1
3,1,4,2,5,867,11,1,13,1,1,7,1,13,41,14,5,2025,1,1,46,22,16,0
0,0,1,4,5,703,5,0,55,2,5,86,0,52,55,46,5,2023,2,1,54,9,55,0
1,1,2,8,5,283,9,1,43,1,6,14,0,14,0,54,8,2018,1,3,6,22,45,0
3,1,3,3,5,902,8,1,27,2,1,67,1,33,41,28,5,2016,2,1,46,31,30,0
0,2,3,4,5,872,5,1,22,2,1,35,0,79,41,78,4,2023,2,3,46,30,23,1
3,0,3,1,5,1333,11,1,27,2,3,70,1,80,41,77,5,2017,2,2,46,2,30,0
0,0,5,7,5,1165,12,1,18,3,0,32,2,70,0,27,5,2023,0,1,6,28,1,0
1,1,2,8,5,233,2,1,50,1,0,15,0,20,41,19,8,2025,1,3,46,29,46,0
3,3,4,3,5,590,3,1,17,1,4,18,0,78,41,73,5,2018,1,5,46,30,19,1
1,1,3,8,5,230,1,1,18,1,2,38,1,14,41,54,5,2021,1,5,46,34,1,0
0,0,5,4,5,461,8,1,28,1,0,67,1,49,41,44,4,2024,1,0,46,22,31,0
1,1,2,6,5,418,5,0,20,2,5,14,1,34,41,29,5,2015,2,1,46,35,21,0
1,1,5,8,5,195,11,1,37,1,0,74,1,58,41,53,8,2023,1,1,46,28,35,1
0,0,1,4,5,370,10,0,17,1,4,24,0,5,41,6,5,2018,1,2,46,12,19,1
1,1,1,8,5,609,6,1,43,2,1,23,1,14,41,54,8,2025,2,4,46,9,45,1
1,1,3,6,5,212,2,0,54,2,5,58,0,3,41,4,5,2025,2,2,46,8,34,1
0,1,4,0,5,655,8,1,14,2,4,42,3,23,41,21,0,2022,2,0,46,22,17,0
2,0,3,5,5,243,10,1,27,2,3,67,1,27,41,24,5,2021,0,3,46,30,30,0
0,1,2,7,5,433,9,1,5,1,6,31,1,45,41,40,7,2016,1,2,46,24,6,1
1,1,2,8,5,484,6,1,40,2,6,79,0,14,41,54,5,2018,2,0,46,29,39,1
1,0,3,8,5,516,4,0,49,2,3,7,1,22,41,22,8,2024,2,4,46,31,53,1
0,1,3,8,0,850,11,0,14,2,0,80,1,14,1,54,0,2023,2,1,0,29,17,1
1,1,1,8,5,494,4,1,27,2,1,50,0,38,41,31,5,2023,2,3,46,22,30,0
2,0,1,5,5,105,7,1,15,1,4,66,1,54,41,55,5,2020,1,4,46,9,18,0
0,1,4,7,5,314,1,0,31,1,0,26,1,11,41,8,7,2019,1,2,46,22,32,0
1,0,3,6,5,180,7,0,40,1,4,31,0,9,23,12,5,2024,1,3,26,16,39,1
1,1,2,8,5,562,6,1,50,2,0,22,1,38,41,31,8,2025,2,2,46,30,46,1
0,1,4,4,5,888,8,1,47,2,0,32,0,59,47,52,4,2025,2,1,7,2,49,1
0,1,2,4,5,435,10,0,27,1,4,32,0,53,41,48,5,2018,1,4,46,2,30,1
0,0,4,5,7,791,3,1,5,2,0,115,2,27,40,24,7,2015,2,1,45,31,6,0
3,0,1,1,5,845,8,0,27,1,1,66,1,63,41,18,5,2023,1,5,46,30,30,0
0,2,1,4,5,1166,3,0,53,3,2,71,1,5,41,6,4,2018,0,1,46,33,54,0
0,1,1,6,6,345,10,1,21,1,3,63,0,76,57,74,6,2024,1,5,61,19,25,1
2,2,5,5,5,138,4,1,20,2,5,13,4,7,41,47,5,2023,2,1,46,22,21,1
2,1,3,5,5,79,2,1,27,1,2,99,0,68,41,63,5,2017,1,0,46,28,30,0
3,1,2,3,5,497,2,0,20,1,3,56,2,62,24,76,5,2025,1,5,27,7,21,1
1,2,3,6,4,300,4,1,6,1,4,24,1,34,6,29,4,2025,1,0,5,5,22,0
1,1,1,8,5,383,7,1,54,2,4,54,0,24,41,58,5,2017,2,5,46,28,34,0
0,1,1,0,7,658,10,0,44,2,3,6,0,2,27,3,7,2019,2,0,70,10,43,1
0,1,5,7,8,887,4,0,4,2,1,21,2,19,58,34,8,2017,2,3,24,15,5,0
0,1,2,7,5,708,6,1,19,2,5,7,0,19,41,34,7,2024,2,3,46,31,20,1
0,3,3,4,5,744,9,1,27,2,4,61,1,79,41,78,5,2015,2,1,46,2,30,0
0,1,4,4,5,313,2,1,15,1,3,4,2,4,41,5,5,2019,1,3,46,33,18,1
1,1,4,8,5,196,10,0,27,1,6,42,1,66,41,62,5,2017,1,1,46,3,30,0
0,3,1,7,5,759,8,1,18,2,4,50,0,72,24,71,5,2017,2,3,27,2,1,1
1,0,3,8,5,542,2,0,37,2,3,26,1,73,41,70,8,2018,2,0,46,2,35,0
3,1,6,5,3,654,3,0,27,2,3,69,1,68,66,63,5,2025,0,0,37,18,30,0
1,0,4,8,5,512,6,0,55,2,5,13,1,22,41,22,5,2017,2,3,46,2,55,1
1,1,2,6,5,180,4,1,18,1,6,22,0,77,68,75,5,2018,1,4,71,2,1,0
0,0,2,6,3,472,11,1,24,1,2,78,0,15,73,10,3,2024,1,1,78,21,29,1
0,3,1,4,5,470,11,0,27,1,3,54,0,79,41,78,5,2016,1,5,46,22,30,1
0,0,2,4,7,1145,10,0,27,3,1,9,0,49,26,44,5,2016,0,4,32,13,30,0
2,0,3,5,5,113,7,1,27,1,6,73,0,6,41,0,5,2021,1,5,46,2,30,1
0,0,1,1,7,820,4,1,38,2,5,3,0,80,40,77,7,2025,2,3,45,6,37,1
3,0,3,2,5,1683,5,1,39,2,6,35,0,56,41,51,2,2015,2,1,46,30,38,1
1,3,1,6,5,391,2,1,27,2,6,24,1,61,41,57,5,2019,2,3,46,28,30,1
0,0,3,8,1,713,7,1,1,2,5,30,0,43,18,37,1,2021,2,3,63,0,7,0
3,1,1,3,5,701,12,1,27,2,5,86,0,64,41,11,5,2024,0,2,46,2,30,1
3,1,3,1,5,635,10,1,17,1,2,23,0,41,41,59,5,2015,1,1,46,9,19,1
1,1,3,6,4,654,10,0,6,2,0,28,0,77,64,75,4,2025,2,4,29,37,22,1
1,0,2,8,5,262,7,1,4,1,6,63,0,58,41,53,8,2017,1,5,46,2,5,1
1,1,5,6,5,404,6,0,18,2,4,19,1,3,41,4,5,2020,2,3,46,22,1,0
2,1,2,5,5,182,1,1,18,2,3,21,0,54,35,55,5,2017,2,3,40,9,1,1
1,0,1,8,5,619,4,1,27,2,5,16,1,43,41,37,5,2018,2,1,46,9,30,1
0,1,1,0,5,368,1,0,45,1,1,57,0,23,35,21,5,2025,1,3,40,9,42,0
1,1,1,4,6,461,11,0,32,2,2,40,0,4,29,5,6,2025,2,2,34,37,15,0
3,1,2,5,3,2085,3,0,45,3,2,29,0,40,73,35,5,2023,0,1,78,21,42,0
3,1,2,1,5,826,5,0,18,1,4,49,1,80,41,77,5,2025,1,3,46,0,1,0
1,1,4,8,5,204,4,0,27,1,4,38,2,48,41,43,5,2025,1,1,46,3,30,1
3,1,3,5,2,1695,9,1,18,2,3,105,0,71,61,68,5,2016,2,3,65,31,1,1
0,1,1,8,4,551,3,1,16,1,1,35,1,20,48,19,4,2023,1,5,53,13,41,1
0,1,2,3,6,471,8,1,30,1,4,50,0,33,12,28,6,2023,1,2,9,21,33,1
2,2,6,5,5,181,10,0,27,2,0,41,3,27,41,24,5,2019,2,3,46,28,30,0
3,0,1,2,5,1225,5,1,54,2,2,59,0,65,24,61,5,2021,0,4,27,31,34,0
1,0,1,8,5,515,5,0,27,2,0,13,1,20,41,19,5,2020,2,2,46,29,30,1
3,3,5,5,2,739,1,1,39,1,1,3,1,6,72,0,2,2025,1,4,75,28,38,0
1,0,2,8,5,195,12,0,43,1,0,10,0,35,41,30,8,2023,1,0,46,28,45,1
1,1,2,8,5,500,12,1,0,2,6,28,0,12,41,13,8,2016,2,3,46,2,24,1
2,3,2,4,4,220,4,0,53,1,3,8,0,59,5,52,4,2017,1,5,4,37,54,1
1,3,2,8,5,543,9,0,40,2,3,65,0,43,41,37,5,2018,2,3,46,2,39,1
3,0,1,1,5,1747,1,1,18,3,3,33,1,47,47,45,5,2024,0,3,7,22,1,1
0,2,4,7,3,772,2,1,10,2,5,88,1,57,11,49,3,2024,2,3,64,7,3,1
0,1,1,4,5,477,10,1,27,1,2,18,0,69,41,33,5,2023,1,0,46,17,30,1
3,0,4,1,5,1501,1,0,55,2,5,88,1,31,24,65,5,2018,2,3,27,31,55,0
1,3,4,8,5,466,8,0,4,2,3,8,1,17,41,39,8,2019,2,0,46,22,5,0
1,1,1,8,5,583,7,1,15,2,2,61,0,24,23,58,5,2017,2,3,26,30,18,0
0,2,1,7,5,372,12,1,52,1,0,91,0,70,41,27,7,2017,1,5,46,22,51,1
1,1,2,8,5,483,10,1,18,2,2,50,1,43,0,37,5,2016,2,2,6,2,1,0
3,3,4,3,5,543,9,0,11,1,3,5,1,33,41,28,3,2019,1,1,46,2,11,1
0,1,2,4,5,681,1,1,54,2,1,30,1,59,50,52,5,2017,0,5,55,13,34,0
0,3,1,4,5,393,5,0,55,1,0,62,0,30,35,25,5,2024,1,3,40,33,55,1
0,1,2,7,5,765,12,0,45,2,0,8,1,11,50,8,5,2023,2,5,55,9,42,0
3,1,3,1,5,1510,3,1,27,2,2,56,1,41,41,59,5,2017,2,2,46,30,30,0
2,3,5,5,5,165,8,1,27,2,5,65,2,71,41,68,5,2023,2,1,46,31,30,1
1,0,4,8,5,532,4,0,27,2,5,28,1,43,41,37,5,2025,2,2,46,29,30,0
1,1,2,8,5,308,10,0,27,1,4,22,1,48,41,43,5,2024,1,2,46,14,30,1
3,1,5,2,5,1716,6,1,45,2,4,100,2,65,41,61,5,2017,2,5,46,1,42,0
1,3,4,8,5,298,10,1,37,1,3,35,1,73,41,70,8,2022,1,3,46,25,35,1
0,0,5,3,6,440,6,1,18,1,0,39,2,33,10,28,5,2018,1,5,15,7,1,1
2,0,2,5,5,179,7,1,20,2,6,32,0,7,68,47,5,2024,2,1,71,30,21,0
1,1,4,6,5,237,7,1,54,2,5,23,0,16,41,15,5,2018,2,3,46,19,34,1
0,0,5,7,4,500,11,1,47,1,2,44,1,32,32,26,4,2025,1,3,39,15,49,1
0,3,3,7,5,1143,11,1,52,3,1,50,1,32,41,26,7,2024,0,4,46,9,51,1
0,0,5,8,1,1077,5,1,43,3,0,61,1,35,18,30,8,2019,0,1,63,25,45,1
3,1,1,1,5,1404,5,0,1,2,6,72,1,80,41,77,1,2022,2,1,46,4,7,0
1,1,5,8,5,192,4,1,40,1,4,39,1,22,41,22,5,2017,1,5,46,22,39,0
2,1,4,4,4,188,6,1,22,2,6,18,1,30,9,25,4,2023,2,4,8,33,23,0
0,3,4,0,8,864,1,1,0,2,1,74,0,23,30,21,8,2024,2,5,35,14,24,1
1,0,4,8,5,460,5,1,54,2,6,16,1,20,41,19,5,2015,2,1,46,31,34,1
3,1,2,5,2,1661,9,1,45,2,5,43,1,7,51,47,5,2021,2,2,56,9,42,0
0,3,2,7,5,730,9,1,46,2,6,21,0,11,41,8,7,2021,2,2,46,24,48,1
1,1,2,8,5,474,2,0,49,2,2,57,0,48,41,43,8,2022,2,5,46,34,53,0
1,1,1,6,5,442,9,0,27,2,0,51,0,61,41,57,5,2025,2,4,46,30,30,1
0,1,2,4,5,381,12,1,27,1,1,16,1,79,41,78,5,2024,1,3,46,37,30,0
0,1,1,4,8,1120,10,0,0,2,0,18,0,59,13,52,8,2019,2,1,12,3,24,0
3,1,1,2,5,838,12,1,40,1,3,108,1,75,20,72,5,2019,1,3,25,31,39,1
0,1,1,4,5,854,10,1,35,2,3,51,0,29,41,64,4,2017,2,1,46,5,8,0
0,1,2,4,5,422,7,1,53,1,3,42,0,79,41,78,4,2017,1,4,46,9,54,1
1,1,4,8,5,497,6,0,54,2,1,32,2,73,41,70,5,2022,2,5,46,30,34,0
0,0,1,0,5,619,12,1,20,2,0,64,0,42,41,36,5,2020,2,1,46,31,21,1
0,0,2,5,7,691,8,1,54,2,6,12,0,71,27,68,5,2021,2,1,70,2,34,0
1,0,1,8,5,460,2,1,49,2,3,12,0,43,41,37,8,2017,2,3,46,14,53,1
1,1,5,8,5,505,10,1,27,2,2,58,2,51,41,17,5,2024,2,5,46,22,30,1
1,2,3,8,5,200,3,0,54,1,3,45,0,48,41,43,5,2018,1,2,46,29,34,1
1,1,1,8,5,553,11,1,4,2,6,68,1,51,41,17,8,2016,2,2,46,3,5,1
1,1,2,8,5,410,3,0,8,2,5,3,1,20,41,19,8,2019,2,0,46,2,9,1
0,1,4,4,5,330,6,0,55,1,5,41,2,49,41,44,5,2019,1,1,46,37,55,0
0,1,4,0,5,495,10,1,27,1,5,43,1,23,41,21,5,2025,1,4,46,22,30,0
0,1,6,4,5,761,10,1,3,2,4,20,1,5,41,6,4,2017,2,4,46,28,4,1
0,1,4,3,6,459,10,1,11,1,5,4,1,67,12,67,3,2023,1,3,9,35,11,1
0,1,1,2,4,825,5,1,39,2,1,27,1,1,52,2,2,2018,2,1,59,13,38,1
0,3,4,6,1,441,1,1,2,1,1,94,0,34,77,29,1,2018,1,1,80,6,2,0
1,0,2,6,5,289,8,1,13,2,2,47,0,77,41,75,5,2024,2,4,46,22,16,0
1,0,6,8,5,301,4,1,37,1,5,72,2,58,41,53,8,2018,1,1,46,9,35,0
1,1,3,6,5,128,5,1,13,1,6,11,0,76,41,74,5,2019,1,1,46,31,16,0
1,1,4,6,5,326,8,0,27,2,3,57,0,9,41,12,5,2021,2,2,46,30,30,0
0,1,5,4,5,373,7,0,29,1,1,21,0,52,41,46,4,2019,1,2,46,5,47,1
0,1,3,4,5,930,12,1,54,2,6,47,1,18,41,60,5,2025,2,1,46,37,34,1
1,1,1,4,6,1154,4,1,32,3,5,71,1,49,29,44,6,2023,0,4,34,35,15,0
3,0,2,3,5,1080,11,0,10,2,0,29,0,64,41,11,3,2019,2,5,46,2,3,1
1,1,4,8,5,278,8,0,27,1,1,79,2,48,41,43,5,2025,1,4,46,2,30,0
1,1,2,6,5,525,1,0,45,2,4,19,1,3,50,4,5,2023,0,1,55,2,42,0
0,1,4,4,5,819,2,0,27,2,0,1,1,8,41,9,5,2020,2,1,46,28,30,1
1,1,4,8,5,210,9,1,27,1,5,84,1,66,41,62,5,2019,1,1,46,2,30,1
1,1,1,8,5,491,12,1,27,2,4,10,1,22,41,22,5,2023,2,2,46,22,30,0
1,3,3,8,5,489,10,1,27,2,2,41,1,51,41,17,5,2023,2,1,46,3,30,1
0,1,1,4,5,408,11,1,45,1,0,24,0,30,41,25,5,2021,1,1,46,22,42,1
0,2,1,4,5,752,4,1,18,2,5,95,0,53,41,48,5,2023,2,1,46,30,1,1
1,0,5,8,5,286,11,1,13,1,6,64,0,20,68,19,5,2017,1,1,71,34,16,1
2,3,1,5,5,211,3,1,45,2,3,87,0,40,41,35,5,2024,2,5,46,31,42,0
0,0,1,7,1,456,12,1,2,1,2,157,1,70,79,27,1,2024,1,5,36,6,2,1
0,1,6,4,5,755,5,0,20,2,3,87,3,52,47,46,5,2019,2,0,7,2,21,0
1,0,1,8,5,255,2,0,0,1,0,33,0,51,41,17,8,2016,1,5,46,31,24,1
3,1,1,2,5,751,7,1,45,1,4,44,0,13,20,14,5,2024,1,3,25,26,42,0
1,1,1,8,5,511,12,1,17,2,2,30,0,17,41,39,5,2021,2,3,46,9,19,0
3,1,3,2,5,871,3,0,13,1,4,39,0,1,41,2,5,2023,1,3,46,9,16,1
0,1,1,4,5,848,2,1,27,2,6,33,0,53,41,48,5,2024,2,3,46,5,30,0
1,0,1,8,5,194,4,1,20,1,1,54,1,43,41,37,5,2025,1,5,46,9,21,0
1,1,2,6,5,315,12,1,27,2,4,38,1,9,41,12,5,2022,2,3,46,22,30,0
0,1,1,8,7,750,5,0,18,2,1,47,0,58,49,53,5,2023,2,5,57,15,1,1
0,0,2,7,5,753,1,1,40,2,6,26,2,11,41,8,5,2022,2,3,46,24,39,0
3,1,3,1,5,863,12,1,1,1,3,65,1,41,41,59,1,2024,1,1,46,30,7,0
2,1,1,5,5,182,12,1,27,2,3,37,0,68,20,63,5,2019,2,3,25,31,30,1
0,3,4,7,1,699,6,1,2,2,4,78,1,72,77,71,1,2015,2,0,80,4,2,0
1,1,2,6,4,561,10,1,22,2,5,74,2,61,9,57,4,2025,2,2,8,5,23,1
1,1,4,6,5,240,6,1,27,1,6,49,1,28,41,80,5,2022,1,1,46,2,30,0
0,1,3,4,5,748,11,0,54,2,1,88,1,52,41,46,5,2018,2,1,46,22,34,0
0,1,2,7,5,318,10,1,27,1,1,8,0,45,41,40,5,2015,1,0,46,30,30,0
0,0,2,5,4,921,6,1,54,3,1,41,1,54,5,55,5,2022,0,0,4,12,34,1
1,1,2,8,5,535,10,1,27,2,0,20,1,35,41,30,5,2017,2,3,46,25,30,1
0,1,3,7,5,733,7,1,15,2,4,35,1,72,41,71,5,2024,2,5,46,22,18,0
1,1,2,8,5,469,8,1,55,2,4,53,1,58,35,53,5,2018,2,3,40,28,55,0
0,0,2,4,5,746,5,0,27,2,2,70,1,18,41,60,5,2024,0,3,46,12,30,0
0,0,3,0,5,436,7,1,55,1,2,32,1,0,41,1,5,2022,1,2,46,28,55,1
1,1,2,8,5,562,4,1,50,2,6,37,1,35,41,30,8,2025,2,1,46,34,46,1
3,1,2,2,5,837,8,0,13,1,5,34,0,1,41,2,5,2023,1,3,46,30,16,1
0,0,2,4,5,899,9,1,27,2,6,83,0,69,41,33,5,2023,2,1,46,30,30,1
0,2,1,4,5,797,7,1,54,2,4,44,1,30,41,25,5,2021,0,1,46,28,34,1
3,1,3,1,5,861,9,1,20,1,4,23,1,41,41,59,5,2015,1,2,46,30,21,1
3,2,2,3,5,583,5,1,10,1,2,33,0,33,23,28,3,2017,1,1,26,21,3,0
1,2,5,6,4,1118,1,1,35,3,1,6,2,74,81,69,4,2021,0,1,81,37,8,1
3,1,1,3,5,1101,11,1,17,2,1,36,0,67,41,67,5,2022,2,2,46,2,19,0
0,1,3,8,1,1078,8,1,43,3,2,140,2,38,77,31,8,2025,0,2,80,4,45,0
3,3,1,2,5,958,9,0,55,1,5,72,1,1,41,2,5,2018,1,1,46,30,55,1
0,0,2,4,5,861,8,1,27,2,2,41,0,18,41,60,5,2019,2,5,46,33,30,1
1,1,6,6,4,549,1,1,47,2,6,29,4,74,25,69,4,2022,2,0,30,37,49,1
1,1,5,6,5,611,4,1,54,3,2,14,2,16,41,15,5,2021,0,1,46,9,34,0
1,0,3,8,5,448,9,1,15,2,2,44,0,22,41,22,5,2025,2,2,46,34,18,0
0,1,3,8,1,903,1,0,12,2,6,84,1,58,65,53,1,2021,2,4,31,0,13,0
0,1,2,7,5,349,5,0,27,1,2,56,0,19,41,34,5,2024,1,1,46,28,30,0
0,0,4,7,5,351,10,1,27,1,4,31,2,45,41,40,5,2025,1,1,46,24,30,0
0,1,5,8,1,727,8,1,37,2,2,24,1,43,59,37,8,2017,2,1,41,14,35,0
0,1,1,7,5,308,4,1,40,1,2,89,0,57,41,49,5,2025,1,1,46,30,39,1
1,1,2,8,5,918,6,1,15,3,4,58,1,12,20,13,5,2024,0,1,25,28,18,1
0,0,1,8,1,339,10,1,0,1,3,8,0,14,65,54,8,2023,1,5,31,6,24,0
1,1,2,6,5,191,6,1,15,1,2,92,0,10,41,7,5,2018,1,3,46,16,18,0
0,1,2,4,5,853,1,1,47,2,2,112,1,18,41,60,4,2025,2,5,46,12,49,0
2,1,3,5,5,98,12,1,15,1,4,61,3,25,41,20,5,2018,1,2,46,9,18,1
0,1,6,7,5,864,10,1,55,2,5,21,2,57,41,49,5,2018,2,1,46,31,55,0
0,1,3,7,5,606,11,1,27,2,0,76,1,19,41,34,5,2022,2,0,46,22,30,0
1,1,1,8,5,545,9,1,27,2,2,40,0,51,41,17,5,2017,2,0,46,2,30,0
0,1,2,2,0,788,4,1,23,2,5,65,2,13,38,14,2,2024,2,2,44,10,26,0
0,1,3,7,5,736,9,1,27,2,2,20,1,11,41,8,5,2015,2,5,46,9,30,1
0,1,1,3,3,270,1,1,10,1,6,33,0,78,11,73,3,2015,1,3,64,18,3,1
2,3,4,5,5,174,10,1,27,2,2,56,1,71,41,68,5,2016,2,5,46,31,30,1
0,1,2,4,5,735,6,0,20,2,0,17,1,18,47,60,5,2019,2,5,7,22,21,1
0,1,1,4,1,347,6,0,6,1,6,83,0,53,65,48,4,2020,1,3,31,12,22,0
0,1,4,7,4,305,11,1,38,1,0,41,0,11,33,8,7,2024,1,3,69,24,37,0
0,3,5,4,5,666,8,1,29,2,4,38,1,4,41,5,4,2019,2,1,46,9,47,1
0,0,3,7,5,782,11,1,15,2,6,59,0,72,41,71,5,2015,2,5,46,11,18,0
1,0,2,8,5,461,9,0,43,2,6,8,2,51,41,17,8,2017,2,2,46,2,45,0
2,1,5,5,5,94,7,1,27,1,5,69,0,54,20,55,5,2015,1,2,25,9,30,0
0,1,1,7,5,378,8,0,27,1,3,48,0,19,41,34,5,2024,1,3,46,31,30,0
0,1,2,4,5,433,11,1,54,1,1,2,1,49,41,44,5,2019,1,4,46,37,34,1
0,3,4,4,5,373,11,1,18,1,6,11,1,52,0,46,5,2017,1,3,6,22,1,0
0,1,3,4,5,909,9,0,13,2,5,13,1,49,23,44,5,2019,2,5,26,28,16,0
0,1,2,3,4,658,12,1,53,2,6,12,1,62,52,76,4,2019,2,3,59,37,54,0
3,3,2,2,5,812,5,1,17,1,3,66,0,65,41,61,5,2019,1,3,46,2,19,0
0,1,3,0,5,357,2,0,55,1,0,9,1,44,41,38,5,2018,1,3,46,30,55,0
0,1,2,7,6,856,1,1,36,2,6,10,0,11,29,8,6,2019,2,1,34,8,36,1
0,1,1,7,5,706,11,1,27,2,1,32,0,57,55,49,5,2024,2,3,54,28,30,1
0,1,2,5,4,859,9,0,55,2,4,78,2,71,78,68,5,2018,2,4,79,12,55,1
1,3,3,8,5,252,2,1,37,1,4,54,1,43,41,37,8,2025,1,3,46,28,35,0
0,1,2,0,5,825,1,1,45,2,3,73,2,0,50,1,5,2024,2,1,55,30,42,1
0,2,1,4,5,453,12,1,55,1,3,104,1,39,41,32,5,2015,1,1,46,9,55,0
0,3,5,4,5,754,12,1,54,2,5,3,1,52,41,46,5,2022,2,4,46,31,34,1
1,0,5,8,5,416,10,1,13,2,3,54,1,58,41,53,5,2015,2,5,46,25,16,0
0,1,5,4,5,796,1,1,54,2,1,12,3,39,41,32,5,2016,2,1,46,9,34,1
3,1,5,2,5,928,3,1,55,1,5,37,3,1,41,2,5,2019,1,1,46,2,55,0
2,1,2,5,5,178,3,1,17,2,0,22,1,55,68,50,5,2017,2,3,71,30,19,1
1,1,2,8,5,493,5,0,4,2,4,23,0,51,41,17,8,2018,2,1,46,31,5,1
1,1,1,5,8,515,8,1,37,2,2,11,1,46,22,41,8,2024,2,3,22,25,35,1
2,1,2,5,5,68,1,1,15,1,3,92,0,6,41,0,5,2019,1,2,46,2,18,0
1,0,2,8,5,301,9,1,27,1,1,75,2,17,41,39,5,2025,1,5,46,31,30,0
3,3,2,1,5,874,4,0,48,1,4,16,0,36,41,79,1,2017,1,2,46,22,50,0
2,3,1,5,5,181,8,0,18,2,5,59,0,55,41,50,5,2015,2,1,46,22,1,1
0,0,6,4,8,589,3,1,47,1,1,96,1,69,70,33,4,2017,1,3,73,37,49,1
2,1,3,5,5,177,9,1,27,2,6,8,1,26,41,23,5,2024,0,3,46,30,30,1
1,0,3,8,5,567,3,1,0,2,2,97,2,48,41,43,8,2022,2,2,46,3,24,1
0,0,3,7,5,438,6,0,27,1,5,32,1,70,41,27,5,2017,1,3,46,15,30,0
0,3,1,1,3,711,10,1,48,2,1,101,0,36,11,79,1,2023,2,3,64,18,50,0
1,1,5,6,5,246,2,1,27,1,0,66,2,28,41,80,5,2018,1,5,46,28,30,1
2,1,1,5,5,210,12,0,45,2,3,93,1,40,41,35,5,2024,2,0,46,2,42,0
1,0,5,8,5,312,8,0,18,1,3,74,2,58,41,53,5,2021,1,1,46,2,1,1
1,0,2,6,5,315,1,1,13,2,6,35,1,74,24,69,5,2024,2,1,27,23,16,1
0,1,4,6,0,766,4,0,14,2,6,55,1,28,16,80,0,2018,2,2,21,10,17,1
3,1,5,3,5,542,1,0,55,1,5,63,0,62,41,76,5,2021,1,1,46,28,55,0
0,3,5,7,5,364,12,1,31,1,5,3,2,32,41,26,7,2024,1,0,46,24,32,0
1,1,2,8,5,189,11,1,27,1,5,28,0,66,41,62,5,2022,1,3,46,3,30,1
2,0,5,5,5,72,8,1,27,1,2,38,2,40,41,35,5,2015,1,3,46,2,30,1
0,3,4,4,5,947,5,1,25,2,5,35,1,4,41,5,4,2018,2,4,46,28,27,0
1,1,2,8,5,584,3,1,45,2,6,75,0,35,50,30,5,2015,2,0,55,2,42,1
1,3,2,6,5,310,7,1,18,2,6,45,1,10,20,7,5,2024,2,5,25,16,1,1
3,0,1,2,5,1767,9,1,40,2,5,97,0,1,41,2,5,2022,2,2,46,9,39,0
0,1,1,4,5,809,7,1,16,2,5,92,0,49,63,44,4,2017,2,2,68,2,41,0
1,0,6,8,5,658,9,1,20,2,5,9,2,43,41,37,5,2023,0,3,46,3,21,1
3,2,2,2,5,1687,7,1,15,2,0,35,1,65,41,61,5,2024,2,5,46,30,18,0
3,3,4,3,5,1110,6,0,33,2,4,11,0,67,41,67,3,2016,2,5,46,31,12,0
0,3,4,4,0,378,5,1,3,1,4,36,1,18,1,60,4,2025,1,0,0,13,4,1
0,1,1,4,5,718,2,1,27,2,4,87,0,79,41,78,5,2016,2,3,46,13,30,0
0,1,1,4,5,901,1,1,27,2,1,8,0,81,41,81,5,2018,2,1,46,5,30,0
0,1,2,4,5,901,3,0,47,2,0,18,1,4,35,5,4,2018,2,1,40,31,49,1
2,1,2,5,5,126,7,0,20,1,1,75,1,7,41,47,5,2023,1,1,46,22,21,0
0,1,2,4,3,255,7,1,34,1,1,41,0,18,76,60,3,2018,1,1,62,12,0,0
3,1,3,2,5,1545,12,1,54,3,1,104,0,13,41,14,5,2019,0,1,46,26,34,1
1,3,2,6,5,491,3,1,15,2,1,23,0,28,41,80,5,2020,0,2,46,30,18,0
0,1,1,4,8,955,9,1,0,2,5,36,1,59,30,52,8,2024,2,2,35,5,24,1
1,1,3,8,5,218,2,1,18,1,3,61,1,17,47,39,5,2023,1,3,7,14,1,1
2,1,4,5,5,92,2,1,15,1,3,59,2,6,41,0,5,2025,1,5,46,31,18,0
0,2,4,5,4,842,12,1,25,2,0,81,1,27,5,24,4,2019,2,0,4,12,27,0
0,0,1,4,5,397,12,0,47,1,3,23,0,79,41,78,4,2022,1,5,46,12,49,0
0,1,1,4,8,932,9,1,35,2,5,20,1,59,37,52,4,2018,2,3,43,12,8,0
0,1,3,0,2,711,12,0,26,2,2,49,1,60,14,56,0,2025,2,3,13,1,28,0
0,1,3,4,5,329,4,1,35,1,0,1,0,79,41,78,4,2018,1,1,46,31,8,1
1,0,2,8,5,289,4,0,0,1,2,114,0,24,41,58,8,2018,1,0,46,31,24,0
0,1,1,4,5,764,12,1,27,2,0,94,1,39,41,32,5,2025,2,0,46,28,30,0
3,1,6,5,1,897,7,1,13,1,1,45,3,6,59,0,5,2016,1,3,41,6,16,1
0,1,4,6,2,688,5,1,23,2,0,32,0,9,14,12,2,2025,2,3,13,26,26,0
0,1,3,7,5,445,9,0,15,1,5,66,1,11,41,8,5,2018,1,3,46,15,18,1
1,1,1,8,5,291,11,1,37,1,1,1,1,73,55,70,8,2018,1,2,54,30,35,1
1,1,1,8,5,190,12,0,27,1,0,80,0,22,41,22,5,2025,1,3,46,30,30,0
0,1,4,8,6,819,12,1,37,2,6,13,1,38,75,31,8,2025,2,1,77,8,35,0
1,1,1,8,5,551,7,1,4,2,6,22,1,51,41,17,8,2016,2,1,46,30,5,0
1,1,1,8,5,498,10,1,18,2,1,27,1,73,0,70,5,2023,2,1,6,30,1,0
0,1,4,2,6,624,11,1,23,2,6,3,2,56,7,51,2,2016,2,3,10,23,26,0
1,1,3,8,5,298,3,1,27,1,4,81,0,22,41,22,5,2017,1,1,46,30,30,0
1,1,2,8,5,529,9,1,4,2,4,85,1,35,41,30,8,2025,2,5,46,2,5,1
1,0,1,6,5,351,10,1,21,2,4,49,1,61,41,57,6,2019,2,0,46,22,25,1
0,0,1,4,5,724,7,0,28,2,3,34,1,79,41,78,4,2018,0,5,46,13,31,0
0,0,2,4,5,706,5,1,27,2,6,42,1,59,41,52,5,2016,2,0,46,13,30,1
0,2,1,0,5,795,11,1,27,2,3,102,0,60,41,56,5,2018,2,5,46,28,30,1
0,0,2,7,5,310,4,1,38,1,6,50,1,57,41,49,7,2024,1,3,46,30,37,1
3,3,5,3,5,573,9,1,20,1,1,40,3,67,0,67,5,2022,1,3,6,22,21,0
0,0,1,4,5,352,9,1,27,1,2,84,0,52,41,46,5,2025,1,0,46,9,30,1
3,0,1,3,5,937,4,1,45,2,2,46,1,78,20,73,5,2022,2,3,25,31,42,0
0,0,1,4,5,890,7,1,40,2,1,87,1,4,41,5,5,2025,2,5,46,31,39,0
0,3,1,4,5,717,6,1,54,2,0,52,1,39,41,32,5,2023,2,3,46,31,34,1
3,1,1,1,5,1545,5,1,27,2,0,5,0,36,41,79,5,2024,2,5,46,28,30,1
2,1,1,5,5,212,8,1,20,2,4,26,1,7,0,47,5,2023,2,3,6,31,21,0
0,1,4,4,5,376,2,1,25,1,0,57,1,4,41,5,4,2018,1,3,46,28,27,1
0,1,3,0,5,479,12,1,27,1,2,25,1,2,41,3,5,2018,1,0,46,30,30,1
0,1,2,4,5,837,3,1,29,2,5,5,0,30,41,25,4,2020,2,1,46,22,47,1
0,1,2,4,8,552,8,1,49,1,4,24,1,18,17,60,8,2019,1,2,51,13,53,0
1,1,1,8,5,226,11,1,50,1,1,13,1,14,41,54,8,2023,1,1,46,9,46,0
0,1,1,7,2,1184,3,1,19,3,2,26,0,19,72,34,7,2023,0,5,75,24,20,1
0,3,5,8,3,748,9,1,4,2,1,82,1,17,76,39,8,2025,2,0,62,21,5,0
0,0,2,0,5,371,8,1,54,1,1,38,0,44,41,38,5,2022,1,2,46,10,34,0
1,1,2,8,5,548,8,1,27,2,5,36,0,17,41,39,5,2023,2,3,46,30,30,1
0,1,3,3,3,266,5,0,15,1,6,16,2,37,11,66,5,2024,1,3,64,21,18,1
0,1,1,4,5,809,3,1,17,2,2,43,1,4,41,5,5,2023,2,1,46,9,19,0
1,0,2,6,5,401,11,1,55,2,3,62,1,10,41,7,5,2018,2,3,46,30,55,1
0,1,5,5,0,852,4,0,55,2,0,54,1,55,42,50,5,2022,2,3,50,20,55,1
1,1,1,8,5,888,5,0,27,3,5,91,0,51,41,17,5,2015,0,1,46,9,30,0
1,1,2,6,5,313,1,1,20,2,1,39,1,10,41,7,5,2016,2,3,46,9,21,1
2,1,2,5,5,87,5,0,55,1,6,8,0,26,35,23,5,2017,1,1,40,22,55,0
3,1,2,1,5,615,4,1,48,1,2,21,1,36,20,79,1,2023,1,4,25,28,50,0
2,1,6,5,5,207,3,0,18,2,5,35,0,71,41,68,5,2018,2,3,46,30,1,1
1,1,2,8,5,228,10,0,37,1,3,24,1,48,50,43,8,2023,1,3,55,22,35,1
1,1,1,6,4,389,5,1,3,1,5,36,0,74,60,69,4,2017,1,5,18,5,4,1
2,1,3,5,5,82,3,1,27,1,2,6,1,68,41,63,5,2019,1,1,46,28,30,1
2,1,2,5,5,118,5,0,27,1,6,44,1,55,41,50,5,2018,1,1,46,9,30,1
3,1,2,3,5,422,8,0,27,1,4,44,0,78,41,73,5,2024,1,1,46,31,30,1
1,1,3,8,5,556,1,1,0,2,3,24,0,58,41,53,8,2018,2,3,46,9,24,0
2,1,4,5,5,173,6,0,27,2,5,89,2,25,41,20,5,2022,2,1,46,22,30,1
1,1,3,8,5,728,11,1,50,2,4,57,3,38,41,31,8,2023,0,3,46,29,46,1
0,0,3,4,5,639,12,1,40,2,5,116,0,49,41,44,5,2019,2,3,46,22,39,1
0,1,1,0,5,764,8,0,40,2,3,66,0,60,41,56,5,2024,2,5,46,32,39,1
1,1,1,8,5,616,8,1,43,2,4,53,0,12,41,13,8,2025,2,2,46,22,45,0
0,0,2,4,5,476,10,0,27,1,3,8,0,49,41,44,5,2025,1,0,46,2,30,0
3,0,2,1,5,1331,11,1,18,2,1,19,0,31,20,65,5,2024,2,3,25,2,1,0
0,1,4,0,5,418,4,0,54,1,2,81,2,2,41,3,5,2021,1,1,46,10,34,1
1,1,1,8,5,232,6,1,40,1,2,76,0,22,41,22,5,2019,1,5,46,28,39,0
1,1,6,8,5,492,7,1,0,2,1,63,3,12,41,13,8,2025,2,3,46,34,24,0
0,1,3,0,5,910,3,1,20,2,2,20,1,23,41,21,5,2020,2,3,46,22,21,0
1,0,2,6,5,148,2,1,55,1,5,15,0,76,41,74,5,2024,1,3,46,30,55,1
0,1,4,7,7,370,2,1,52,1,1,27,0,19,49,34,7,2016,1,3,57,36,51,1
1,1,1,6,4,358,7,1,21,1,2,21,0,15,78,10,6,2023,1,4,79,13,25,0
1,1,2,8,5,206,7,1,13,1,4,39,0,43,20,37,5,2025,1,3,25,14,16,1
1,1,1,8,5,409,1,1,0,2,6,4,0,12,41,13,8,2022,2,5,46,30,24,0
0,0,3,4,5,876,10,1,45,2,2,25,1,39,41,32,5,2018,2,5,46,33,42,1
0,3,1,7,5,817,11,0,38,2,2,28,1,57,41,49,7,2024,2,1,46,31,37,0
1,1,2,6,4,204,7,1,45,1,6,90,1,74,81,69,5,2023,1,5,81,33,42,0
0,0,1,4,5,818,3,0,28,2,3,28,0,30,41,25,4,2020,2,3,46,5,31,1
3,1,1,5,3,1219,12,1,11,2,5,26,0,27,66,24,3,2020,0,2,37,30,11,1
0,1,3,3,4,539,10,1,3,2,4,30,1,62,5,76,4,2019,2,3,4,18,4,1
0,2,3,8,6,716,12,1,54,2,0,61,2,43,4,37,5,2024,2,1,3,16,34,1
1,1,2,8,5,475,3,0,15,2,0,27,0,73,63,70,5,2021,2,4,68,30,18,0
0,1,1,4,8,1167,12,1,47,2,4,32,0,81,30,81,4,2017,2,3,35,14,49,1
0,1,2,0,5,440,7,1,54,1,6,50,1,44,41,38,5,2015,1,1,46,2,34,0
0,1,5,7,8,808,4,1,37,2,2,73,2,57,31,49,8,2021,0,4,38,34,35,0
0,0,3,8,4,975,1,1,29,2,5,84,0,48,9,43,4,2024,0,5,8,29,47,1
0,1,3,8,4,1021,9,0,53,2,4,61,0,17,44,39,4,2019,2,1,49,37,54,1
0,1,2,8,0,756,10,0,26,2,5,37,1,58,56,53,0,2025,2,4,60,10,28,1
1,1,2,8,5,613,5,1,27,2,0,13,0,17,41,39,5,2015,2,5,46,31,30,0
1,1,1,8,5,535,4,1,17,2,6,30,0,24,23,58,5,2023,2,1,26,31,19,1
3,1,4,1,5,1389,1,1,27,2,6,23,0,47,47,45,5,2021,2,4,7,31,30,1
0,0,2,7,5,366,7,1,17,1,6,40,0,11,41,8,5,2021,1,0,46,2,19,1
1,0,4,8,5,549,8,0,43,2,2,95,0,14,41,54,8,2017,2,1,46,9,45,1
0,0,1,7,5,746,11,1,38,2,1,54,0,19,41,34,7,2025,2,5,46,31,37,0
1,2,3,8,5,468,12,1,43,2,3,47,1,17,23,39,8,2019,2,5,26,25,45,0
2,3,1,5,5,78,9,1,20,1,2,53,1,55,41,50,5,2021,1,3,46,30,21,0
0,1,1,4,5,642,7,1,54,2,2,11,1,52,41,46,5,2025,2,0,46,2,34,1
0,1,2,4,8,488,12,1,22,1,0,48,1,49,53,44,4,2023,1,1,58,25,23,1
0,0,3,8,7,653,5,1,52,2,5,5,1,51,27,17,7,2025,2,0,70,25,51,0
1,1,2,8,5,494,1,1,37,2,0,22,0,58,41,53,8,2017,2,3,46,34,35,0
1,1,3,8,5,554,1,0,37,2,6,74,0,48,41,43,8,2022,2,4,46,9,35,0
1,1,2,8,5,492,4,1,49,2,6,12,0,35,41,30,8,2022,2,1,46,28,53,1
2,3,3,5,5,120,3,1,55,1,6,63,1,25,41,20,5,2024,1,1,46,22,55,0
1,0,1,8,5,268,10,1,27,1,5,68,1,22,41,22,5,2017,1,3,46,31,30,1
0,3,1,4,5,759,10,1,53,2,3,76,1,8,41,9,4,2024,2,3,46,2,54,0
0,3,5,4,5,346,6,1,15,1,5,50,0,8,24,9,5,2016,1,0,27,9,18,0
1,1,4,4,6,276,7,0,25,1,6,18,0,4,80,5,4,2024,1,5,28,19,27,1
0,3,3,4,8,1150,12,1,28,2,5,58,0,79,53,78,4,2023,2,2,58,13,31,0
0,2,3,4,0,367,6,1,53,1,0,65,0,18,21,60,4,2023,1,1,23,27,54,1
1,1,3,6,5,330,2,1,20,2,5,35,2,28,41,80,5,2017,2,0,46,9,21,0
1,1,2,4,6,545,5,0,28,2,6,55,1,30,69,25,4,2022,2,5,74,8,31,0
1,0,3,8,5,569,10,1,13,2,2,53,1,66,41,62,5,2017,2,4,46,9,16,1
1,1,2,4,6,594,3,1,6,2,3,37,0,52,69,46,4,2025,2,1,74,16,22,1
1,1,2,8,5,562,3,1,0,2,0,62,1,24,41,58,8,2018,2,1,46,2,24,1
2,1,3,5,5,785,12,1,13,2,0,83,0,40,20,35,5,2021,0,3,25,2,16,1
2,3,3,5,5,204,10,1,27,2,1,83,1,26,41,23,5,2021,2,1,46,2,30,0
2,0,2,5,5,63,12,1,55,1,6,25,1,71,41,68,5,2021,1,0,46,28,55,1
0,1,5,7,5,350,12,1,18,1,3,69,2,32,41,26,5,2022,1,5,46,2,1,0
1,1,1,8,5,273,2,0,27,1,2,32,1,20,41,19,5,2019,1,0,46,28,30,1
1,1,2,8,5,231,1,0,20,1,2,87,1,38,35,31,5,2023,1,2,40,28,21,1
0,1,3,1,3,660,3,0,1,2,3,12,1,63,66,18,1,2018,2,3,37,6,7,1
0,1,3,7,5,422,8,1,27,1,0,40,0,32,41,26,5,2024,1,0,46,22,30,0
0,1,4,8,6,854,8,1,27,2,2,50,0,14,69,54,5,2023,2,5,74,25,30,0
1,1,2,6,5,316,12,0,41,2,5,21,0,28,41,80,6,2023,2,3,46,9,40,1
0,1,1,6,2,805,4,0,51,2,1,65,1,3,14,4,2,2025,2,3,13,1,52,1
1,1,1,8,5,465,9,1,15,2,3,114,0,12,0,13,5,2016,2,4,6,14,18,0
0,1,1,4,0,754,8,0,29,2,6,53,0,39,42,32,4,2017,0,3,50,32,47,0
0,1,3,4,5,905,4,0,13,2,2,60,0,69,68,33,5,2024,2,5,71,17,16,1
3,0,1,3,5,1175,10,1,9,2,0,78,1,64,41,11,3,2019,0,1,46,2,14,1
1,1,2,8,5,298,7,1,15,1,6,17,1,58,41,53,5,2023,1,5,46,2,18,1
0,1,2,6,6,623,4,0,21,2,4,36,0,76,57,74,6,2023,2,2,61,35,25,0
3,0,3,1,5,741,1,1,48,1,4,33,0,31,63,65,1,2016,1,3,68,31,50,0
0,1,3,7,5,836,7,1,46,2,3,120,0,11,68,8,7,2023,2,1,71,2,48,0
0,1,2,7,8,737,9,1,0,2,0,27,1,57,17,49,8,2023,2,3,51,3,24,1
1,1,6,6,5,398,8,0,27,2,4,6,1,34,41,29,5,2018,2,3,46,2,30,0
0,1,1,1,4,449,6,1,45,1,6,18,1,80,6,77,5,2018,1,5,5,0,42,0
0,2,3,8,7,801,5,1,8,2,0,13,1,48,27,43,8,2023,2,1,70,14,9,0
3,1,1,3,5,584,2,1,27,1,2,100,1,62,41,76,5,2024,1,3,46,9,30,1
1,1,6,6,5,310,11,1,55,2,1,72,1,10,41,7,5,2016,2,3,46,2,55,0
0,1,3,5,4,801,12,1,6,2,6,12,0,25,33,20,4,2016,2,1,69,5,22,1
1,0,1,6,5,467,8,1,45,2,6,20,0,34,47,29,5,2024,2,5,7,22,42,0
0,2,1,4,5,315,6,1,20,1,1,21,0,30,41,25,5,2021,1,3,46,9,21,1
0,0,1,4,5,471,9,1,27,1,2,49,0,49,41,44,5,2022,1,1,46,30,30,0
0,0,1,7,5,446,11,1,40,1,5,5,1,11,41,8,5,2021,1,4,46,28,39,0
3,1,2,2,5,1888,8,1,27,2,3,50,0,65,41,61,5,2019,2,1,46,31,30,1
0,1,3,0,5,333,11,0,27,1,3,11,1,50,41,42,5,2019,1,2,46,32,30,0
0,1,4,7,5,302,8,1,27,1,6,39,1,70,41,27,5,2019,1,5,46,31,30,1
1,0,5,8,5,289,12,0,4,1,5,16,1,17,41,39,8,2019,1,5,46,29,5,0
0,3,3,0,5,943,10,1,55,2,2,2,0,2,41,3,5,2025,2,3,46,9,55,0
1,1,1,8,5,201,3,1,40,1,4,9,1,48,23,43,5,2022,1,1,26,30,39,0
0,1,4,0,5,355,1,1,27,1,6,15,2,2,41,3,5,2024,1,0,46,28,30,0
1,1,1,6,5,151,3,1,54,1,2,36,1,28,41,80,5,2023,1,5,46,16,34,1
0,1,1,4,5,661,5,0,40,2,5,43,1,69,41,33,5,2019,2,1,46,22,39,0
0,3,6,7,5,344,1,1,18,1,5,78,0,70,41,27,5,2019,1,3,46,9,1,0
0,1,1,4,7,942,2,0,7,2,5,27,1,53,27,48,4,2025,2,1,70,24,10,1
0,1,2,6,6,821,10,0,41,2,3,52,0,3,75,4,6,2024,2,0,77,23,40,1
0,0,4,7,5,814,2,1,40,2,3,13,0,57,41,49,5,2024,2,0,46,31,39,0
0,3,2,4,5,627,11,0,47,2,1,23,0,81,41,81,4,2021,0,1,46,37,49,1
1,1,2,8,5,546,6,0,4,2,3,17,1,14,41,54,8,2015,2,2,46,31,5,0
3,3,3,5,2,1700,5,1,51,2,6,4,0,55,72,50,2,2016,2,1,75,9,52,1
2,0,1,5,5,116,12,1,40,1,6,45,1,25,41,20,5,2017,1,0,46,30,39,1
1,1,2,8,5,565,10,1,55,2,4,48,1,24,41,58,5,2024,2,3,46,28,55,0
1,3,1,6,5,369,2,1,27,2,3,69,0,74,41,69,5,2023,2,5,46,28,30,1
1,0,1,8,5,257,6,1,27,1,0,15,1,51,41,17,5,2019,1,2,46,31,30,0
1,1,3,8,5,511,2,1,54,2,5,52,0,35,41,30,5,2019,2,1,46,22,34,0
0,3,1,7,5,831,2,1,27,2,3,39,1,70,41,27,5,2020,0,0,46,2,30,1
1,1,1,8,5,503,11,1,15,2,3,104,0,35,41,30,5,2015,2,5,46,25,18,0
1,0,2,8,5,273,5,1,37,1,0,136,1,73,41,70,8,2024,1,3,46,25,35,1
3,1,1,3,5,502,4,1,45,1,1,25,0,37,35,66,5,2025,1,3,40,28,42,0
0,1,1,4,5,347,10,1,15,1,3,5,1,52,41,46,5,2017,1,3,46,31,18,1
0,1,1,0,5,810,8,1,40,2,3,9,0,50,41,42,5,2025,2,2,46,28,39,0
0,3,1,4,5,922,10,1,17,2,6,28,1,53,41,48,5,2025,2,3,46,28,19,0
3,1,1,5,1,654,9,1,45,1,5,57,0,68,65,63,5,2016,1,1,31,31,42,1
1,1,2,8,5,453,9,1,27,2,6,42,1,38,41,31,5,2024,2,1,46,14,30,1
3,1,2,2,5,1486,9,0,23,3,1,33,0,75,41,72,2,2023,0,4,46,2,26,1
0,1,1,4,5,925,2,1,15,2,5,26,0,39,41,32,5,2025,2,1,46,22,18,0
1,0,2,6,5,501,7,1,15,2,1,53,0,77,41,75,5,2019,0,2,46,2,18,0
2,1,1,5,5,196,10,1,55,2,1,21,1,40,41,35,5,2024,2,0,46,9,55,1
0,1,4,7,5,1035,4,0,27,3,5,33,0,70,20,27,5,2023,0,5,25,28,30,0
1,1,3,6,4,474,7,1,32,2,2,29,0,76,46,74,6,2018,2,1,52,5,15,0
3,1,6,1,5,641,12,1,18,1,6,22,2,36,0,79,5,2025,1,2,6,22,1,1
0,0,6,4,5,483,8,1,27,1,3,20,3,53,41,48,5,2024,1,2,46,2,30,1
0,1,1,8,6,440,10,1,55,1,0,14,0,58,57,53,5,2024,1,1,61,23,55,0
0,1,2,7,5,408,8,1,27,1,2,68,0,32,41,26,5,2025,1,3,46,9,30,0
1,1,5,8,5,277,12,1,18,1,6,29,0,73,20,70,5,2022,1,1,25,34,1,1
1,3,4,8,5,610,7,1,37,2,6,93,0,43,41,37,8,2020,0,1,46,14,35,0
3,0,2,1,5,1427,4,0,27,2,4,26,1,80,41,77,5,2023,2,1,46,28,30,0
1,1,3,8,5,532,12,1,0,2,5,81,1,22,63,22,8,2023,2,4,68,30,24,1
0,1,4,4,5,735,1,1,13,2,2,27,1,53,41,48,5,2015,2,4,46,13,16,1
1,2,1,6,5,977,7,0,55,3,1,97,0,28,41,80,5,2019,0,5,46,16,55,1
1,1,2,8,5,262,9,1,27,1,1,15,0,43,41,37,5,2019,1,5,46,25,30,1
1,1,5,8,5,207,4,1,18,1,5,38,2,12,41,13,5,2023,1,1,46,9,1,0
1,1,2,6,5,286,2,0,15,2,5,14,1,3,41,4,5,2024,2,3,46,16,18,0
0,3,5,6,6,636,10,0,30,2,2,19,1,61,12,57,6,2018,2,2,9,16,33,0
0,0,1,7,4,348,12,1,38,1,6,22,0,19,6,34,7,2024,1,3,5,17,37,1
0,1,1,0,5,699,10,1,27,2,3,16,1,42,41,36,5,2018,2,0,46,31,30,0
0,1,2,3,7,738,10,1,11,2,6,5,1,33,71,28,3,2019,2,3,72,11,11,1
1,1,2,8,5,476,11,1,27,2,4,72,1,20,41,19,5,2025,2,2,46,9,30,1
1,3,2,6,5,420,7,0,55,2,0,74,1,76,41,74,5,2023,2,1,46,2,55,1
1,1,2,8,5,591,3,1,4,2,4,147,0,14,41,54,8,2022,2,1,46,9,5,1
1,0,1,6,5,399,3,0,20,2,0,29,0,10,47,7,5,2023,2,2,7,35,21,0
1,0,2,6,5,390,4,1,27,2,1,24,1,28,41,80,5,2017,2,3,46,22,30,1
0,1,5,7,5,709,1,1,27,2,4,50,2,19,41,34,5,2024,2,2,46,9,30,0
0,1,6,0,5,634,5,1,40,2,3,40,2,23,41,21,5,2024,2,5,46,28,39,0
0,1,1,4,5,335,2,1,7,1,5,58,0,39,41,32,4,2024,1,5,46,5,10,0
1,1,1,8,5,228,7,1,0,1,5,18,1,24,41,58,8,2025,1,2,46,9,24,0
0,1,2,6,8,761,11,0,43,2,5,3,1,74,30,69,8,2019,2,1,35,19,45,1
0,1,2,3,6,963,3,1,32,3,0,59,1,62,80,76,6,2019,0,1,28,18,15,0
0,1,1,0,5,778,5,1,27,2,1,49,0,23,41,21,5,2024,2,5,46,27,30,1
0,1,3,4,5,419,3,1,40,1,2,114,1,69,41,33,5,2015,1,3,46,37,39,1
0,1,3,4,5,795,8,1,27,2,5,70,0,81,41,81,5,2025,2,1,46,2,30,1
0,1,3,0,0,492,11,0,27,1,0,79,0,42,21,36,5,2025,1,3,23,27,30,1
0,1,5,7,7,464,4,1,44,1,6,46,2,32,71,26,7,2025,1,1,72,11,43,0
1,0,2,8,5,571,10,1,0,2,0,73,1,17,41,39,8,2016,2,5,46,9,24,0
0,1,2,7,5,680,5,0,19,2,0,39,1,19,41,34,7,2019,0,3,46,36,20,1
0,1,1,4,5,773,1,0,18,2,0,68,0,18,41,60,5,2022,2,0,46,22,1,0
0,1,3,4,5,874,2,0,54,2,0,51,0,79,41,78,5,2015,2,3,46,9,34,1
0,0,2,6,6,564,5,1,21,2,1,38,0,28,74,80,6,2017,2,1,76,8,25,0
0,1,2,8,6,740,8,1,8,2,5,26,1,51,15,17,8,2021,2,1,16,8,9,1
0,1,6,4,5,759,12,1,27,2,4,62,2,81,41,81,5,2025,2,1,46,22,30,1
1,1,3,4,6,706,10,1,55,2,5,31,2,49,10,44,5,2020,2,3,15,16,55,1
0,1,1,0,2,671,9,1,26,2,5,27,0,60,14,56,0,2025,2,4,13,32,28,0
0,1,4,7,5,339,12,1,17,1,0,33,0,45,41,40,5,2023,1,4,46,22,19,0
0,1,5,4,5,723,1,1,53,2,6,48,2,49,41,44,4,2018,2,5,46,22,54,0
0,1,6,3,4,316,8,1,7,1,6,27,1,64,44,11,4,2024,1,3,49,5,10,0
0,1,1,7,4,825,7,0,52,2,5,42,0,32,25,26,7,2020,2,5,30,11,51,1
0,0,2,7,5,449,5,1,31,1,5,16,0,45,41,40,7,2025,1,2,46,31,32,1
1,0,3,8,5,244,8,1,4,1,5,60,0,24,41,58,8,2015,1,5,46,9,5,0
1,1,2,6,5,429,4,1,27,2,4,49,0,15,41,10,5,2025,2,3,46,31,30,1
1,1,2,6,5,385,6,0,32,2,1,32,1,74,41,69,6,2018,2,1,46,30,15,0
1,1,1,6,5,272,1,1,21,2,3,9,0,15,41,10,6,2022,2,2,46,31,25,0
1,1,2,8,5,442,6,1,40,2,0,19,1,14,41,54,5,2019,2,0,46,3,39,1
1,1,2,8,5,851,10,1,50,3,5,76,0,20,41,19,8,2025,0,5,46,22,46,0
1,1,2,8,5,196,7,1,55,1,2,115,0,51,41,17,5,2017,1,3,46,9,55,0
0,0,2,4,5,793,8,0,20,2,1,7,0,52,41,46,5,2016,2,2,46,5,21,0
1,0,3,8,5,230,7,1,27,1,4,48,0,48,41,43,5,2019,1,5,46,14,30,1
0,1,2,4,5,666,12,1,27,2,4,47,1,8,41,9,5,2022,2,3,46,31,30,1
0,1,2,7,5,1169,3,0,18,3,4,8,0,57,41,49,5,2017,0,1,46,31,1,1
0,1,2,4,5,747,10,1,3,2,6,46,1,18,68,60,4,2025,2,0,71,13,4,1
2,1,3,5,5,170,5,1,27,2,5,84,0,54,41,55,5,2019,2,3,46,22,30,1
0,0,5,4,5,939,8,0,20,2,5,47,3,53,41,48,5,2019,0,3,46,22,21,1
0,1,2,7,8,327,2,1,38,1,6,64,1,57,43,49,7,2025,1,3,48,24,37,1
1,1,3,6,5,452,1,1,30,2,1,31,1,3,41,4,6,2020,2,1,46,19,33,0
0,1,2,5,4,818,3,1,18,2,6,91,1,55,46,50,5,2019,2,3,52,2,1,0
0,1,3,0,6,319,10,1,14,1,4,92,1,0,80,1,0,2025,1,4,28,19,17,0
0,1,2,7,5,385,3,1,18,1,4,29,2,57,0,49,5,2022,1,2,6,15,1,1
1,0,5,6,5,447,11,1,15,2,5,2,3,10,41,7,5,2016,2,4,46,28,18,1
0,1,4,4,5,748,1,1,25,2,6,41,1,30,41,25,4,2025,2,5,46,37,27,0
0,1,2,0,5,750,7,1,14,2,0,83,0,2,35,3,0,2022,2,3,40,28,17,0
0,1,2,2,4,812,4,1,6,2,3,13,0,56,81,51,4,2019,2,1,81,5,22,1
3,1,3,3,5,1009,8,1,20,2,4,9,0,78,35,73,5,2023,2,2,40,21,21,0
0,1,2,6,0,371,12,0,21,1,0,59,1,74,38,69,6,2022,1,1,44,23,25,0
0,1,2,8,2,480,1,0,51,1,2,65,0,66,61,62,2,2018,1,3,65,34,52,0
2,1,3,5,5,128,1,1,27,2,1,99,0,27,41,24,5,2015,2,1,46,30,30,1
0,1,4,4,5,463,6,1,27,1,4,76,2,29,41,64,5,2023,1,0,46,12,30,0
1,1,3,6,5,338,6,1,55,2,2,61,1,9,35,12,5,2024,2,3,40,19,55,1
0,1,4,4,5,610,4,1,18,2,0,51,2,79,68,78,5,2022,2,3,71,22,1,0
0,1,3,4,5,428,6,0,6,1,4,53,0,29,41,64,4,2023,1,1,46,17,22,1
0,1,1,4,5,643,6,1,35,2,1,72,0,79,41,78,4,2018,0,1,46,30,8,0
0,1,3,4,5,460,9,1,27,1,0,115,1,53,41,48,5,2019,1,5,46,9,30,1
0,1,4,7,5,418,9,1,13,1,5,14,1,57,41,49,5,2022,1,4,46,9,16,0
2,1,2,5,5,229,1,1,17,2,0,3,1,27,20,24,5,2023,2,5,25,9,19,1
0,1,3,4,5,333,3,0,27,1,4,75,0,5,41,6,5,2025,1,0,46,31,30,0
1,1,4,6,5,329,10,0,32,2,4,3,1,74,41,69,6,2024,2,3,46,2,15,0
1,0,2,8,5,532,10,0,20,2,2,14,1,17,41,39,5,2020,2,0,46,31,21,1
0,1,4,4,5,772,11,1,27,2,3,23,1,81,41,81,5,2023,2,2,46,2,30,0
1,1,2,8,5,272,12,1,37,1,1,104,0,38,41,31,8,2021,1,5,46,30,35,0
0,3,4,7,4,723,3,0,29,2,6,26,2,11,81,8,4,2018,2,1,81,24,47,0
0,3,1,6,0,738,10,0,14,2,1,3,1,77,42,75,0,2024,2,1,50,27,17,0
0,1,3,6,0,899,5,1,27,2,3,28,1,76,42,74,5,2019,2,1,50,19,30,1
1,1,2,6,5,336,10,1,21,2,4,95,0,10,41,7,6,2024,2,5,46,31,25,1
2,0,2,5,5,84,9,1,20,1,5,9,0,54,41,55,5,2025,1,2,46,30,21,0
1,1,1,8,5,209,9,1,17,1,3,78,0,22,41,22,5,2018,1,4,46,3,19,0
1,2,3,6,5,104,7,0,27,1,4,105,3,76,41,74,5,2024,1,1,46,28,30,0
3,0,3,2,5,920,3,1,51,1,2,38,0,65,47,61,2,2015,1,2,7,26,52,0
1,1,5,6,5,435,11,1,45,2,1,17,3,9,35,12,5,2022,2,1,40,28,42,1
0,0,5,4,5,801,12,1,27,2,3,15,2,30,41,25,5,2021,2,0,46,5,30,1
0,1,1,3,8,779,7,1,0,2,5,55,0,62,30,76,8,2024,2,5,35,34,24,1
1,1,3,6,5,124,10,1,45,1,2,40,2,76,41,74,5,2024,1,0,46,16,42,0
3,1,3,1,5,1514,3,1,12,2,4,87,2,41,23,59,1,2024,2,3,26,30,13,0
0,1,3,6,7,348,7,0,21,1,1,37,1,15,71,10,6,2024,1,2,72,11,25,1
0,0,2,4,5,333,8,1,6,1,6,94,0,29,0,64,4,2018,1,5,6,31,22,1
1,3,4,6,5,925,4,1,27,3,0,22,0,10,41,7,5,2022,0,1,46,2,30,0
0,2,3,0,8,741,7,1,8,2,2,14,2,60,19,56,8,2016,2,5,20,27,9,0
0,1,1,7,8,474,11,1,4,1,0,1,1,70,22,27,8,2024,1,3,22,15,5,0
3,1,1,2,5,1865,4,0,51,2,0,74,1,56,41,51,2,2023,2,2,46,30,52,0
0,2,3,4,5,702,8,1,53,2,2,59,0,4,41,5,4,2025,2,4,46,22,54,0
1,0,3,6,5,334,6,1,32,2,3,15,2,74,41,69,6,2025,2,3,46,9,15,0
1,1,4,8,5,242,3,0,40,1,5,44,2,14,41,54,5,2022,1,1,46,31,39,1
1,1,1,8,5,555,1,1,37,2,5,13,1,48,41,43,8,2025,2,1,46,31,35,0
0,3,1,7,5,809,1,0,27,2,3,79,0,70,41,27,5,2023,2,1,46,11,30,1
0,1,1,0,8,446,8,1,43,1,4,21,0,2,54,3,8,2018,1,4,14,34,45,0
0,1,4,4,5,499,6,0,27,1,3,104,0,29,41,64,5,2023,1,3,46,28,30,0
0,2,2,4,5,891,9,0,27,2,2,16,1,39,55,32,5,2023,2,1,54,22,30,1
1,1,1,8,5,305,7,0,37,2,5,9,0,38,41,31,8,2023,0,4,46,22,35,1
0,1,6,4,5,435,9,1,22,1,1,37,3,30,41,25,4,2025,1,3,46,28,23,0
1,0,2,8,5,510,4,1,15,2,3,15,1,20,41,19,5,2020,0,2,46,9,18,0
1,1,2,8,5,251,6,1,43,1,4,3,1,17,41,39,8,2018,1,0,46,28,45,0
0,3,1,4,5,729,6,1,18,2,5,18,0,81,41,81,5,2015,2,3,46,33,1,1
0,3,2,4,5,797,2,0,16,2,1,36,1,30,41,25,4,2023,2,0,46,9,41,0
0,0,6,0,4,473,10,0,28,1,1,75,0,21,25,16,4,2021,1,2,30,20,31,1
1,1,3,8,5,585,6,1,50,2,4,70,0,14,41,54,8,2024,2,5,46,2,46,0
1,1,2,6,5,112,12,1,18,1,1,90,1,28,0,80,5,2023,1,5,6,9,1,0
1,1,1,8,5,195,4,0,49,1,4,2,0,12,41,13,8,2025,1,0,46,3,53,1
2,1,6,5,5,164,4,0,45,2,3,13,0,40,41,35,5,2021,2,3,46,31,42,1
0,1,2,4,5,423,6,1,55,1,3,1,0,4,68,5,5,2018,1,3,71,31,55,0
1,1,1,8,5,394,10,0,18,2,4,24,0,66,41,62,5,2022,2,1,46,25,1,1
0,0,6,4,5,350,12,0,6,1,1,21,3,29,41,64,4,2018,1,2,46,9,22,1
0,1,3,6,3,438,1,1,10,1,0,20,0,9,11,12,3,2023,1,1,64,18,3,1
1,3,4,8,5,837,10,1,27,3,2,81,1,14,41,54,5,2019,0,2,46,29,30,1
3,0,1,1,5,889,9,1,1,1,1,75,0,47,41,45,1,2025,1,4,46,31,7,1
1,1,5,8,5,247,11,1,17,1,5,64,1,22,41,22,5,2017,1,0,46,25,19,0
1,1,4,8,5,256,10,1,0,1,4,67,0,35,41,30,8,2016,1,3,46,30,24,1
1,1,5,8,5,197,11,1,27,1,4,108,3,20,41,19,5,2019,1,1,46,22,30,1
3,0,5,2,5,1677,12,1,27,2,3,1,1,13,41,14,5,2022,2,2,46,2,30,0
0,1,1,0,5,814,12,1,27,2,2,41,1,0,41,1,5,2024,2,5,46,30,30,0
0,3,3,4,5,451,3,1,40,1,3,30,2,29,23,64,5,2023,1,5,26,30,39,1
1,1,4,8,5,234,12,1,49,1,0,82,1,12,41,13,8,2020,1,2,46,34,53,0
1,2,1,8,5,251,11,1,13,1,6,36,0,38,41,31,5,2024,1,1,46,30,16,0
3,1,1,5,1,775,11,1,45,1,3,72,0,55,18,50,5,2022,1,4,63,28,42,1
2,1,2,5,5,207,10,1,45,2,6,84,0,25,41,20,5,2019,2,2,46,28,42,0
1,0,1,8,5,487,4,1,27,2,0,50,0,38,41,31,5,2025,2,3,46,25,30,0
1,1,2,8,5,418,2,1,27,2,1,48,1,48,41,43,5,2025,2,4,46,9,30,0
1,1,1,6,5,194,10,0,15,1,1,9,0,9,55,12,5,2022,1,3,54,22,18,1
2,3,2,5,5,146,5,1,18,2,2,15,0,7,24,47,5,2024,2,1,27,28,1,1
1,3,4,5,6,213,2,1,45,1,5,26,2,40,4,35,5,2016,1,3,3,30,42,1
0,1,2,4,5,747,11,1,25,2,4,12,0,5,41,6,4,2018,2,3,46,30,27,1
1,0,4,8,5,457,7,1,27,2,0,30,1,73,41,70,5,2021,2,2,46,3,30,1
2,1,1,5,5,99,10,1,17,1,1,7,0,26,41,23,5,2025,1,4,46,2,19,1
1,3,5,8,5,473,4,1,27,2,0,86,3,73,41,70,5,2022,2,2,46,29,30,1
2,1,4,5,5,133,3,1,15,2,6,69,3,6,41,0,5,2024,2,1,46,22,18,1
0,2,2,7,3,485,3,1,27,1,4,80,0,45,73,40,5,2017,1,5,78,21,30,1
0,1,1,7,5,680,8,1,27,2,6,57,0,11,41,8,5,2018,2,1,46,36,30,1
0,1,1,7,5,392,5,0,52,1,3,45,1,70,41,27,7,2024,1,3,46,31,51,0
1,1,2,8,5,255,6,1,17,1,3,28,1,20,41,19,5,2023,1,3,46,29,19,0
2,1,4,4,4,275,8,1,47,2,6,15,1,49,9,44,4,2019,2,4,8,33,49,0
0,0,4,7,5,646,1,1,13,2,0,88,0,45,41,40,5,2017,2,5,46,30,16,0
0,1,5,7,4,575,6,1,7,2,4,32,0,72,25,71,4,2025,2,3,30,5,10,1
0,1,6,7,4,494,9,1,17,1,3,45,2,32,32,26,5,2018,1,2,39,17,19,1
0,3,3,4,3,549,12,1,33,2,4,143,1,5,11,6,3,2022,0,1,64,7,12,1
3,2,2,2,5,1311,2,1,23,3,3,74,0,75,41,72,2,2022,0,5,46,26,26,1
1,1,3,6,5,909,4,1,55,3,1,7,1,76,55,74,5,2024,0,0,54,31,55,0
1,3,1,8,5,539,2,0,17,2,6,65,1,35,41,30,5,2018,2,5,46,34,19,0
1,1,1,8,5,243,6,1,20,1,1,49,0,73,41,70,5,2022,1,3,46,22,21,1
0,0,1,4,5,373,4,1,54,1,0,78,0,53,41,48,5,2016,1,3,46,31,34,0
0,1,2,4,5,403,8,0,25,1,2,31,0,4,55,5,4,2024,1,4,54,17,27,0
0,3,2,7,8,538,1,1,38,2,6,6,1,57,62,49,7,2024,2,4,66,25,37,0
0,1,2,4,5,1332,12,1,47,3,3,8,1,39,41,32,4,2019,0,2,46,9,49,1
1,1,2,6,5,344,8,0,21,2,6,82,0,3,41,4,6,2025,2,1,46,9,25,0
2,1,1,5,5,185,6,0,18,2,3,52,1,71,41,68,5,2020,2,0,46,31,1,0
1,1,1,8,5,602,4,1,27,2,6,85,1,66,41,62,5,2020,2,3,46,30,30,0
1,1,4,8,5,271,2,1,49,1,1,52,1,38,41,31,8,2019,1,5,46,31,53,0
0,3,2,4,5,924,3,1,45,2,2,90,0,49,41,44,5,2025,2,1,46,31,42,1
1,1,1,8,5,225,7,1,4,1,6,12,0,17,55,39,8,2015,1,3,54,2,5,1
0,1,2,7,5,434,5,1,27,1,1,87,1,72,41,71,5,2024,1,3,46,2,30,0
0,1,2,4,5,792,3,0,35,2,4,108,2,81,41,81,4,2024,2,3,46,17,8,1
3,1,4,1,5,618,1,1,13,1,5,19,1,63,24,18,5,2023,1,0,27,0,16,1
0,3,2,7,7,920,1,1,44,2,3,60,1,72,8,71,7,2019,2,3,11,11,43,1
0,0,1,4,5,743,10,1,15,2,5,16,0,39,41,32,5,2017,2,5,46,30,18,1
1,1,2,8,5,490,9,1,27,2,0,13,0,48,41,43,5,2016,2,3,46,2,30,1
1,1,4,8,5,547,11,1,27,2,2,63,2,48,41,43,5,2021,2,1,46,29,30,1
0,3,4,0,5,412,1,1,17,1,3,38,2,60,41,56,5,2023,1,3,46,30,19,0
1,1,3,8,5,195,2,1,40,1,5,26,1,66,23,62,5,2019,1,1,26,31,39,1
3,1,1,1,5,1513,7,1,54,3,5,36,1,80,55,77,5,2024,0,2,54,28,34,1
0,3,1,4,5,861,4,1,27,2,3,75,1,5,41,6,5,2020,2,1,46,28,30,0
2,0,1,5,5,236,7,1,27,2,0,101,0,55,41,50,5,2021,2,4,46,9,30,0
0,1,1,6,8,848,9,1,8,2,1,46,0,28,22,80,8,2024,2,1,22,23,9,1
2,0,5,5,5,126,5,0,27,2,5,59,1,25,41,20,5,2018,2,3,46,31,30,1
1,1,3,8,5,474,7,1,15,2,6,56,0,38,47,31,5,2025,2,2,7,34,18,1
2,2,3,5,5,466,2,0,54,2,4,1,0,40,63,35,5,2024,0,1,68,30,34,0
0,1,3,7,5,774,12,1,31,2,2,58,1,70,41,27,7,2018,2,0,46,24,32,0
1,1,1,6,5,175,4,1,45,1,1,66,0,61,35,57,5,2022,1,2,40,28,42,1
0,3,3,7,5,625,1,0,27,2,6,100,3,57,41,49,5,2017,2,2,46,24,30,0
2,0,5,4,4,179,9,1,6,1,6,62,0,18,64,60,4,2024,1,3,29,5,22,0
1,1,1,8,5,228,1,1,17,1,1,36,0,12,41,13,5,2016,1,5,46,9,19,1
1,1,1,8,5,1416,11,1,54,3,6,87,0,35,41,30,5,2023,0,3,46,29,34,0
0,3,3,4,5,722,2,0,53,2,1,86,1,49,41,44,4,2018,2,1,46,22,54,0
0,0,2,4,3,381,8,1,35,1,0,86,1,53,67,48,4,2022,1,4,67,18,8,1
1,1,1,8,5,393,4,1,20,2,2,49,0,17,41,39,5,2019,2,4,46,9,21,1
0,1,3,4,5,444,3,1,27,1,3,14,1,52,41,46,5,2022,1,3,46,30,30,1
0,1,2,8,3,756,10,1,18,2,6,99,0,66,11,62,5,2019,0,3,64,25,1,1
1,1,4,8,5,510,2,0,45,2,2,82,1,20,23,19,5,2023,2,2,26,2,42,1
1,3,4,8,5,1291,6,1,43,3,2,16,1,17,41,39,8,2025,0,4,46,28,45,0
0,1,6,8,3,418,3,1,0,1,2,88,4,12,11,13,8,2020,1,3,64,14,24,0
1,1,2,8,5,233,5,1,27,1,1,1,1,48,41,43,5,2024,1,3,46,34,30,0
0,3,3,4,5,807,3,1,18,2,5,51,0,29,41,64,5,2016,2,0,46,12,1,1
0,1,3,4,5,694,12,0,22,2,2,77,1,5,41,6,4,2024,2,1,46,22,23,1
1,1,3,8,5,485,8,1,27,2,6,35,0,58,41,53,5,2022,2,5,46,29,30,0
3,1,4,2,5,844,5,1,27,1,1,12,1,56,41,51,5,2018,1,1,46,31,30,0
0,1,2,4,8,463,11,1,37,1,1,19,0,81,53,81,8,2022,1,0,58,34,35,0
1,0,4,8,5,361,12,1,27,2,0,2,1,66,41,62,5,2021,2,1,46,2,30,1
0,1,5,7,5,785,12,0,55,2,3,14,3,19,23,34,5,2019,2,3,26,11,55,1
1,0,4,6,5,225,5,1,18,1,0,49,1,3,41,4,5,2025,1,3,46,2,1,0
1,0,3,8,5,462,8,1,45,2,3,8,1,35,41,30,5,2025,2,2,46,9,42,0
1,1,1,8,5,496,11,0,27,2,2,61,0,35,41,30,5,2022,2,3,46,25,30,0
1,1,2,8,5,874,11,1,27,3,2,25,1,51,41,17,5,2024,0,1,46,14,30,1
0,2,2,4,5,802,9,1,27,2,0,13,1,69,41,33,5,2016,2,1,46,12,30,1
1,0,3,4,6,398,1,1,35,1,2,28,1,8,10,9,4,2024,1,3,15,19,8,1
3,3,5,3,5,428,3,1,10,1,4,92,1,64,41,11,3,2018,1,3,46,22,3,1
1,1,2,8,5,237,1,1,43,1,4,46,1,51,41,17,8,2019,1,0,46,30,45,0
3,1,2,3,5,451,7,1,9,1,5,37,1,78,41,73,3,2023,1,1,46,30,14,0
1,1,2,8,5,245,5,1,17,1,6,102,0,73,41,70,5,2025,1,2,46,31,19,0
0,2,3,4,5,332,7,1,40,1,2,54,0,8,41,9,5,2018,1,2,46,2,39,1
3,1,5,2,5,841,10,1,17,1,5,105,1,1,24,2,5,2016,1,5,27,22,19,1
1,1,6,6,5,105,11,1,27,1,0,65,4,3,41,4,5,2022,1,4,46,2,30,1
0,1,2,1,4,1160,9,1,7,3,6,12,0,36,48,79,4,2017,0,1,53,33,10,1
1,0,3,8,5,544,9,1,4,2,5,35,1,14,41,54,8,2024,2,1,46,30,5,0
0,1,1,4,5,392,8,0,7,1,2,34,1,8,41,9,4,2015,1,3,46,9,10,1
1,3,3,8,5,438,11,1,45,2,0,30,0,73,20,70,5,2020,2,1,25,22,42,0
0,2,2,0,5,779,5,1,15,2,5,28,0,42,41,36,5,2016,2,3,46,22,18,0
0,0,4,6,1,606,10,1,48,2,2,57,0,74,79,69,1,2017,2,2,36,6,50,1
1,1,3,8,5,428,12,1,55,2,1,88,0,35,41,30,5,2021,2,3,46,30,55,0
0,1,1,4,5,780,9,0,53,2,0,53,0,53,41,48,4,2019,2,0,46,22,54,0
1,2,5,6,5,237,9,0,45,1,1,6,2,3,41,4,5,2023,1,1,46,28,42,0
0,3,1,4,5,851,2,1,3,2,2,34,1,18,20,60,4,2023,2,3,25,31,4,0
2,1,2,5,5,126,2,1,17,1,3,40,1,40,41,35,5,2022,1,5,46,2,19,1
3,0,3,2,5,1759,10,0,17,2,1,11,2,56,41,51,5,2025,2,0,46,30,19,1
1,1,4,8,5,320,8,1,55,1,1,91,1,73,41,70,5,2022,1,5,46,25,55,0
0,1,2,4,8,582,6,1,53,1,6,87,1,79,39,78,4,2024,1,5,17,12,54,1
0,1,2,6,2,759,3,0,23,2,2,2,0,77,61,75,2,2019,2,0,65,19,26,0
1,0,6,6,5,225,2,1,27,2,4,66,1,16,41,15,5,2018,2,3,46,28,30,1
0,1,3,3,6,710,6,1,33,2,0,43,0,67,74,67,3,2025,2,3,76,23,12,0
1,1,4,8,5,518,3,1,37,2,0,114,0,38,41,31,8,2024,2,1,46,25,35,1
0,1,2,4,5,810,2,1,28,2,1,51,1,30,41,25,4,2017,2,3,46,5,31,1
0,1,2,0,5,985,4,0,17,2,5,10,1,42,41,36,5,2016,2,5,46,9,19,1
1,0,2,8,5,299,8,1,0,1,6,106,1,14,35,54,8,2024,1,0,40,31,24,0
1,3,4,8,5,560,5,0,20,2,2,24,0,24,41,58,5,2025,0,4,46,22,21,1
1,0,4,8,5,317,9,1,20,1,0,51,0,35,41,30,5,2019,1,1,46,28,21,0
0,1,2,4,5,411,4,1,27,1,2,72,0,59,41,52,5,2018,1,4,46,22,30,1
1,2,6,6,5,497,7,1,32,2,6,11,3,16,41,15,6,2020,2,3,46,9,15,0
1,2,2,6,5,312,3,0,30,2,2,1,0,9,41,12,6,2024,2,3,46,28,33,1
0,1,2,3,3,742,4,0,9,2,3,93,0,78,11,73,3,2022,2,3,64,21,14,0
1,0,4,8,5,551,3,1,4,2,6,100,0,35,41,30,8,2024,2,5,46,30,5,1
3,2,5,2,5,781,12,1,17,1,6,47,1,75,41,72,5,2025,1,3,46,22,19,0
0,0,2,3,6,751,12,1,10,2,0,84,1,64,80,11,3,2025,2,3,28,35,3,0
2,0,3,5,5,240,12,1,27,2,4,97,0,54,41,55,5,2019,2,3,46,22,30,0
1,1,2,8,5,444,9,0,40,2,0,17,0,24,41,58,5,2017,2,2,46,34,39,1
3,1,3,2,5,1505,8,0,13,2,1,43,0,65,41,61,5,2023,2,5,46,2,16,1
2,1,1,5,5,175,2,0,45,2,5,6,0,26,20,23,5,2021,2,3,25,28,42,0
0,1,3,4,5,750,5,0,27,2,5,35,2,49,41,44,5,2017,2,4,46,30,30,1
0,1,1,5,0,932,3,1,55,2,6,58,0,68,1,63,5,2020,2,0,0,9,55,0
1,1,2,8,5,533,12,0,0,2,2,95,0,17,41,39,8,2022,2,1,46,22,24,1
1,0,3,8,5,510,10,1,40,2,0,89,0,20,41,19,5,2016,2,5,46,28,39,1
1,1,3,8,5,266,3,1,13,1,3,81,0,22,41,22,5,2021,1,3,46,9,16,1
3,1,1,1,5,1657,12,1,45,2,6,41,0,31,24,65,5,2015,2,0,27,28,42,1
2,3,1,5,5,235,4,1,18,2,1,65,0,71,47,68,5,2016,2,1,7,30,1,1
1,1,3,8,5,520,7,1,37,2,6,37,0,66,41,62,8,2020,2,1,46,22,35,0
0,0,2,7,5,304,11,1,55,1,0,12,0,45,35,40,5,2025,1,2,40,9,55,0
0,0,1,4,5,938,5,1,27,2,3,11,0,18,41,60,5,2021,2,3,46,22,30,0
0,2,2,8,0,1279,9,1,55,3,5,59,1,58,42,53,5,2019,0,3,50,10,55,0
1,2,4,8,5,271,12,1,49,1,6,8,2,14,41,54,8,2025,1,3,46,9,53,1
1,1,1,8,5,432,9,1,0,2,2,37,0,51,41,17,8,2019,2,2,46,29,24,1
0,2,4,7,5,731,12,1,15,2,0,93,1,11,41,8,5,2021,2,1,46,28,18,1
0,1,3,4,5,333,1,1,29,1,0,77,0,81,41,81,4,2016,1,3,46,28,47,1
1,1,2,8,5,188,11,0,15,1,5,68,1,35,41,30,5,2020,1,4,46,9,18,1
0,1,4,6,3,453,4,1,20,1,4,36,1,10,73,7,5,2017,1,2,78,8,21,0
0,1,4,8,4,449,1,0,0,1,2,41,1,24,52,58,8,2022,1,1,59,12,24,1
1,0,2,6,5,300,10,1,17,2,3,93,0,76,41,74,5,2025,2,1,46,35,19,0
1,1,2,8,5,446,1,1,27,2,3,41,0,35,41,30,5,2020,0,2,46,2,30,1
1,1,2,8,5,425,4,1,27,2,5,16,1,22,41,22,5,2019,2,3,46,31,30,0
0,1,5,4,5,309,4,0,15,1,0,96,2,8,41,9,5,2018,1,3,46,9,18,0
0,1,1,7,5,384,7,1,44,1,2,52,1,72,41,71,7,2019,1,3,46,31,43,1
2,1,1,5,5,173,10,1,54,2,6,48,0,54,41,55,5,2023,2,0,46,22,34,0
3,1,2,1,5,1519,2,0,15,2,1,15,0,47,41,45,5,2018,2,3,46,9,18,1
0,1,5,5,4,876,3,1,25,2,5,13,2,25,5,20,4,2023,2,3,4,13,27,1
0,1,5,3,0,347,10,1,10,1,5,29,2,67,42,67,3,2020,1,4,50,27,3,1
1,1,2,6,5,383,4,1,27,2,6,27,1,74,41,69,5,2019,2,4,46,2,30,1
0,1,3,8,2,729,9,1,55,2,3,36,0,48,2,43,5,2025,2,3,1,14,55,1
0,1,3,0,5,789,6,1,27,2,1,69,1,0,41,1,5,2020,2,3,46,9,30,0
0,1,3,4,5,691,12,1,15,2,6,35,1,39,24,32,5,2024,2,4,27,5,18,0
3,0,2,2,5,1320,10,1,39,3,1,40,0,56,41,51,2,2015,0,1,46,30,38,0
1,1,3,6,5,546,7,0,45,2,6,46,1,9,41,12,5,2024,0,0,46,2,42,1
2,2,2,5,5,1111,8,1,45,3,0,64,0,55,41,50,5,2024,0,1,46,22,42,1
0,0,2,4,5,326,12,1,45,1,6,54,0,52,20,46,5,2024,1,1,25,2,42,1
2,1,2,5,5,75,9,0,27,1,0,33,0,6,35,0,5,2024,1,5,40,31,30,0
0,1,3,4,5,451,3,1,7,1,4,76,0,49,41,44,4,2019,1,5,46,13,10,0
1,3,2,6,5,236,10,1,20,1,0,23,1,77,41,75,5,2021,1,2,46,9,21,1
2,1,2,5,5,200,6,1,45,2,4,35,0,40,41,35,5,2023,2,3,46,28,42,0
0,2,1,4,5,781,7,1,17,2,2,48,0,18,23,60,5,2016,2,1,26,33,19,1
2,1,2,4,4,194,9,1,6,1,6,50,0,59,64,52,4,2024,1,2,29,13,22,0
0,1,3,7,5,757,10,1,31,2,1,39,1,45,23,40,7,2023,2,5,26,28,32,1
3,1,4,2,5,760,9,0,55,1,6,26,1,75,41,72,5,2015,1,3,46,2,55,0
1,3,5,6,5,827,5,1,27,3,6,31,1,77,41,75,5,2025,0,3,46,35,30,1
1,1,1,8,5,477,9,1,17,2,3,9,0,73,41,70,5,2021,2,2,46,2,19,0
0,2,1,4,5,819,12,1,16,2,5,8,1,8,47,9,4,2025,2,4,7,30,41,1
1,2,4,8,5,240,9,1,13,1,4,59,1,38,41,31,5,2025,1,3,46,9,16,0
1,0,3,6,5,500,6,0,18,2,6,84,1,74,41,69,5,2023,0,2,46,22,1,0
1,1,3,8,5,214,8,1,13,1,3,45,1,43,23,37,5,2015,1,3,26,2,16,0
1,2,3,6,5,493,6,1,21,2,6,25,0,15,41,10,6,2022,0,5,46,22,25,0
0,1,1,4,5,478,4,1,6,1,2,24,1,59,41,52,4,2024,1,2,46,30,22,1
0,1,2,4,5,863,8,1,15,2,6,51,0,29,41,64,5,2025,0,5,46,28,18,1
0,0,6,7,5,343,4,1,5,1,2,52,3,45,41,40,7,2020,1,2,46,11,6,0
1,1,1,8,5,477,12,1,55,2,5,62,1,22,41,22,5,2023,2,4,46,34,55,1
1,1,2,8,5,582,12,1,4,2,1,54,2,12,23,13,8,2025,2,3,26,9,5,0
1,1,1,8,5,561,5,1,37,2,3,40,0,38,55,31,8,2023,2,1,54,31,35,1
1,1,3,6,5,385,5,0,20,2,1,30,1,15,47,10,5,2024,2,5,7,28,21,0
1,3,2,6,5,203,10,0,20,1,6,93,0,34,47,29,5,2021,1,5,7,28,21,0
2,1,1,5,5,123,7,1,54,1,2,35,0,54,41,55,5,2023,1,1,46,31,34,0
1,1,4,6,5,353,7,1,27,2,1,67,1,9,41,12,5,2023,2,3,46,30,30,0
0,1,4,4,5,822,1,1,15,2,4,50,0,81,41,81,5,2024,2,2,46,17,18,1
1,1,3,8,5,530,11,0,45,2,6,29,0,73,50,70,5,2023,2,3,55,28,42,1
1,3,2,8,5,460,9,1,27,2,4,52,0,48,41,43,5,2016,2,4,46,14,30,0
0,1,2,4,5,337,8,0,29,1,0,28,1,81,41,81,4,2016,1,1,46,37,47,1
2,0,2,5,5,128,5,1,27,2,5,33,1,71,41,68,5,2022,2,5,46,9,30,0
1,1,2,8,5,248,12,0,43,1,6,70,1,24,41,58,8,2023,1,0,46,9,45,0
0,3,6,4,5,865,8,1,45,2,6,78,1,81,41,81,5,2018,2,0,46,13,42,0
2,1,2,8,8,222,3,1,37,2,2,10,0,48,58,43,8,2016,2,3,24,14,35,0
2,3,1,5,5,178,2,1,40,2,5,31,1,54,35,55,5,2016,2,1,40,22,39,0
2,0,2,5,5,217,10,0,40,2,1,16,1,25,41,20,5,2025,2,0,46,31,39,0
0,3,1,0,5,964,12,1,26,2,4,17,0,60,41,56,0,2025,2,3,46,22,28,1
1,3,3,8,5,210,1,1,27,1,0,35,0,20,41,19,5,2017,1,1,46,31,30,1
0,1,5,3,0,674,10,1,11,2,2,18,2,37,3,66,3,2023,2,1,2,27,11,0
1,1,5,8,5,470,11,0,43,2,6,89,0,24,41,58,8,2023,2,5,46,2,45,0
0,0,3,3,6,252,7,1,10,1,0,42,1,78,12,73,3,2017,1,1,9,8,3,1
3,3,5,1,5,762,6,1,45,1,1,83,3,36,20,79,5,2021,1,0,25,22,42,1
0,1,3,7,5,383,12,1,13,1,1,74,0,45,41,40,5,2018,1,2,46,11,16,0
0,2,3,4,5,885,1,1,27,2,1,28,0,59,41,52,5,2017,2,3,46,9,30,1
3,1,3,2,5,848,11,1,27,1,4,20,1,75,41,72,5,2017,1,5,46,9,30,1
0,1,2,0,5,319,9,0,45,1,2,6,1,2,41,3,5,2021,1,1,46,20,42,0
3,0,1,3,5,545,8,1,45,1,5,6,0,62,50,76,5,2017,1,1,55,2,42,1
1,1,6,6,4,546,10,0,53,2,4,53,1,77,9,75,4,2025,2,4,8,17,54,0
0,3,2,7,5,369,1,0,20,1,0,32,1,72,41,71,5,2025,1,0,46,9,21,0
1,0,5,8,5,443,3,0,27,2,4,37,3,20,41,19,5,2023,2,5,46,22,30,0
3,1,2,1,5,1426,7,0,45,2,1,16,1,31,35,65,5,2024,2,1,40,28,42,1
1,0,2,6,5,358,4,1,20,2,2,22,1,16,47,15,5,2019,2,2,7,30,21,1
1,1,2,6,5,231,9,1,21,2,1,17,1,10,41,7,6,2022,2,5,46,30,25,0
1,1,2,6,5,126,12,1,27,1,4,78,1,15,24,10,5,2016,1,5,27,30,30,0
1,1,5,8,5,253,9,1,27,1,2,19,0,38,41,31,5,2024,1,1,46,25,30,1
0,1,3,0,4,711,11,0,6,2,6,20,0,42,64,36,4,2019,2,5,29,20,22,0
0,0,2,6,3,305,9,1,21,1,4,24,1,15,66,10,6,2023,1,5,37,18,25,1
0,1,2,4,5,627,6,1,27,2,6,19,0,69,41,33,5,2022,2,3,46,12,30,1
1,1,1,8,5,565,3,0,43,2,3,59,0,51,41,17,8,2019,2,5,46,30,45,1
2,1,1,5,5,167,3,0,27,2,3,100,1,25,50,20,5,2023,2,3,55,28,30,0
1,1,2,6,5,231,10,1,17,1,6,8,0,3,55,4,5,2019,1,2,54,30,19,1
1,1,1,8,5,1039,4,1,43,3,2,26,0,66,41,62,8,2021,0,1,46,34,45,0
0,0,3,7,5,757,12,1,40,2,4,58,1,11,68,8,5,2024,2,3,71,30,39,0
0,0,1,4,5,818,12,1,20,2,4,20,1,52,41,46,5,2021,2,3,46,30,21,1
3,1,5,5,3,941,2,1,27,2,5,16,1,54,66,55,5,2023,2,5,37,21,30,0
3,1,6,2,5,792,9,1,45,1,5,25,1,1,41,2,5,2018,1,4,46,28,42,1
1,1,2,6,5,385,11,0,36,2,2,30,1,16,0,15,6,2022,2,1,6,2,36,1
0,1,5,0,5,743,4,1,55,2,4,20,1,21,41,16,5,2019,2,5,46,22,55,0
1,1,2,8,5,211,10,1,50,1,4,33,0,43,41,37,8,2018,1,2,46,3,46,1
0,0,5,3,4,272,4,1,33,1,3,6,0,67,6,67,3,2025,1,3,5,12,12,1
1,3,1,8,5,467,1,1,54,2,0,43,0,43,41,37,5,2020,2,1,46,22,34,0
1,1,2,8,5,557,12,0,40,2,2,13,1,22,41,22,5,2024,2,4,46,25,39,0
1,1,3,8,5,310,12,1,27,1,0,3,1,35,41,30,5,2025,1,4,46,31,30,0
1,3,4,6,5,359,8,1,40,2,5,73,3,76,41,74,5,2024,2,5,46,30,39,1
1,0,4,8,5,461,10,0,27,2,1,1,1,22,41,22,5,2021,2,4,46,14,30,0
0,1,2,7,3,393,3,1,38,1,0,31,1,57,11,49,7,2019,1,5,64,21,37,0
2,1,1,5,5,99,8,0,40,1,1,180,0,40,41,35,5,2023,1,5,46,28,39,0
3,2,1,1,5,2341,4,0,27,3,1,131,0,36,41,79,5,2025,0,5,46,31,30,1
0,0,4,7,5,381,3,1,45,1,1,23,2,57,41,49,5,2024,1,1,46,15,42,1
1,1,2,8,5,508,1,1,37,2,0,82,1,48,41,43,8,2016,2,0,46,22,35,0
1,0,2,6,5,219,12,1,40,1,4,61,0,16,41,15,5,2023,1,1,46,28,39,0
0,1,2,8,1,881,9,0,0,2,6,18,0,14,77,54,8,2017,2,1,80,6,24,1
2,1,1,5,5,232,5,1,27,2,1,53,1,25,41,20,5,2018,2,5,46,22,30,0
0,0,2,4,5,879,12,1,27,2,1,5,1,4,41,5,5,2018,2,2,46,2,30,0
0,1,1,6,7,420,1,1,46,1,5,98,0,28,49,80,7,2018,1,3,57,11,48,0
1,2,3,6,5,267,11,1,27,2,6,8,0,16,41,15,5,2023,2,4,46,22,30,1
0,0,2,4,5,817,9,1,54,2,1,79,1,52,41,46,5,2016,2,3,46,22,34,1
0,0,1,4,5,353,10,1,27,1,2,33,0,8,41,9,5,2025,1,2,46,9,30,0
0,1,1,0,6,381,9,1,21,1,2,65,0,42,57,36,6,2019,1,3,61,10,25,0
2,2,1,2,2,299,11,1,51,1,5,41,0,75,2,72,2,2019,1,5,1,26,52,0
1,1,2,8,5,497,1,0,27,2,4,22,0,12,41,13,5,2023,2,4,46,29,30,1
1,1,3,8,5,206,5,1,54,1,6,36,0,22,55,22,5,2017,1,3,54,3,34,0
1,2,1,8,5,290,6,0,27,1,2,21,1,51,41,17,5,2020,1,3,46,28,30,0
3,1,2,3,5,1147,6,1,10,2,6,69,1,64,35,11,3,2018,2,0,40,28,3,0
0,1,1,4,5,417,3,1,53,1,6,94,1,53,41,48,4,2019,1,4,46,9,54,0
0,1,2,4,8,1091,3,0,27,2,3,87,1,49,43,44,5,2021,2,1,48,33,30,0
1,1,3,8,5,1295,2,1,0,3,6,53,0,14,41,54,8,2025,0,3,46,28,24,1
1,0,3,8,5,191,9,1,0,1,6,33,1,12,41,13,8,2023,1,3,46,28,24,1
3,0,2,5,3,1033,9,1,45,3,0,80,0,55,11,50,5,2017,0,4,64,9,42,0
0,1,1,7,5,351,11,1,38,1,1,22,0,11,41,8,7,2017,1,1,46,30,37,0
0,0,6,1,8,296,9,1,37,1,5,28,2,63,70,18,8,2025,1,2,73,29,35,0
1,1,2,6,5,377,9,1,18,2,6,114,0,9,68,12,5,2015,2,1,71,31,1,0
0,1,1,4,0,924,2,1,13,2,0,30,1,53,56,48,5,2024,2,1,60,13,16,1
0,1,3,4,5,877,2,1,25,2,3,17,0,4,41,5,4,2022,2,0,46,9,27,1
0,3,3,4,5,746,6,1,7,2,5,84,1,29,0,64,4,2022,2,2,6,2,10,0
0,1,6,0,4,693,12,0,47,2,0,68,0,42,32,36,4,2022,2,1,39,17,49,1
0,1,5,8,6,365,2,0,49,1,1,17,1,35,10,30,8,2021,1,4,15,29,53,0
2,2,1,5,5,214,8,0,45,2,6,18,0,25,0,20,5,2023,2,0,6,2,42,1
0,0,3,7,5,686,6,0,15,2,6,39,1,45,41,40,5,2024,0,3,46,30,18,0
0,1,1,8,7,930,5,0,52,2,2,37,1,66,27,62,7,2018,2,4,70,34,51,1
0,3,6,4,5,808,7,1,6,2,2,87,2,29,41,64,4,2019,2,1,46,22,22,1
0,1,2,4,5,817,7,0,13,2,4,47,1,30,41,25,5,2023,2,5,46,12,16,1
0,3,3,8,4,440,4,1,0,1,1,65,0,73,52,70,8,2024,1,2,59,14,24,1
1,0,2,8,5,599,5,0,49,2,0,33,1,22,41,22,8,2021,2,1,46,31,53,1
0,0,1,7,5,739,11,1,15,2,4,44,0,57,68,49,5,2020,2,3,71,2,18,0
1,1,2,6,5,321,5,1,15,2,6,53,1,34,41,29,5,2025,2,3,46,22,18,0
2,1,5,5,5,86,8,1,15,1,2,97,2,27,55,24,5,2019,1,0,54,28,18,0
0,2,5,5,0,897,6,1,17,2,5,18,2,27,21,24,5,2024,2,5,23,32,19,0
0,1,1,7,1,714,2,0,2,2,2,76,0,32,77,26,1,2017,2,1,80,0,2,0
0,1,4,4,8,543,6,1,7,1,5,35,3,4,58,5,4,2024,1,3,24,14,10,0
0,1,1,4,5,897,1,1,6,2,6,24,0,29,41,64,4,2017,2,3,46,13,22,0
1,1,2,8,5,419,9,1,37,2,3,56,1,73,41,70,8,2019,2,3,46,30,35,1
0,1,2,4,5,458,8,1,15,1,5,97,0,4,41,5,5,2016,1,2,46,9,18,1
0,0,2,4,0,803,2,1,47,2,5,97,0,49,3,44,4,2025,2,1,2,5,49,1
0,0,1,4,5,739,10,1,45,2,1,82,0,59,41,52,5,2025,2,1,46,31,42,0
1,1,2,8,5,211,6,1,0,1,5,47,1,24,41,58,8,2021,1,1,46,22,24,1
1,1,1,8,5,533,2,1,45,2,6,70,0,22,50,22,5,2023,2,1,55,2,42,1
0,1,2,3,0,1261,1,0,14,3,1,13,1,62,42,76,0,2024,0,3,50,27,17,0
0,1,6,4,5,612,5,1,35,2,3,44,2,5,0,6,4,2023,0,2,6,2,8,1
1,1,2,6,5,364,1,1,32,2,4,25,1,9,41,12,6,2024,2,3,46,19,15,1
3,1,1,3,5,464,12,1,27,1,6,42,1,78,41,73,5,2017,1,3,46,30,30,1
1,2,1,8,5,1005,12,1,17,3,3,8,0,43,41,37,5,2016,0,0,46,9,19,1
0,1,1,4,5,825,11,1,13,2,2,38,0,30,24,25,5,2017,0,3,27,9,16,1
2,1,1,5,5,165,10,0,15,2,2,86,0,71,41,68,5,2024,2,3,46,2,18,0
1,0,1,6,5,246,4,0,45,1,4,40,1,76,41,74,5,2015,1,5,46,30,42,1
0,1,3,8,3,256,9,1,43,1,1,77,2,12,76,13,8,2017,1,0,62,7,45,1
0,1,4,7,6,336,12,1,32,1,4,10,1,72,69,71,6,2023,1,1,74,35,15,1
0,1,6,4,5,820,1,1,27,2,0,49,2,18,41,60,5,2023,2,0,46,17,30,0
0,0,1,4,5,436,10,1,27,1,5,85,0,69,41,33,5,2022,1,1,46,12,30,0
2,3,1,5,5,247,8,1,45,2,3,47,0,55,41,50,5,2025,0,3,46,2,42,0
0,0,4,0,5,756,7,0,27,2,5,42,2,60,41,56,5,2017,2,1,46,22,30,1
2,0,2,5,5,71,4,1,27,1,2,66,0,40,47,35,5,2021,1,0,7,2,30,0
0,0,2,0,5,813,2,1,20,2,2,94,0,23,41,21,5,2019,2,3,46,32,21,0
1,1,6,6,5,333,8,0,55,2,3,79,0,61,41,57,5,2015,2,3,46,9,55,0
3,1,4,3,5,1114,5,1,24,2,2,65,1,37,41,66,3,2021,2,1,46,31,29,0
3,1,3,3,5,525,1,1,27,1,0,23,1,37,41,66,5,2019,1,4,46,30,30,1
0,1,3,4,5,839,7,1,45,2,0,40,0,39,20,32,5,2025,2,4,25,12,42,1
1,1,6,5,6,296,12,0,55,2,4,12,2,40,7,35,5,2021,2,1,10,35,55,0
0,2,1,4,5,787,10,0,16,2,5,92,0,8,55,9,4,2019,2,4,54,33,41,0
2,0,1,5,5,103,7,1,18,1,5,50,0,55,41,50,5,2017,1,5,46,9,1,1
1,1,3,6,5,333,8,1,13,2,2,75,1,3,24,4,5,2025,2,1,27,2,16,0
0,1,1,4,5,667,11,0,22,2,1,43,0,8,0,9,4,2024,2,1,6,2,23,0
0,3,2,7,3,638,5,0,24,2,6,24,1,11,66,8,3,2023,2,3,37,11,29,0
1,1,1,8,5,297,10,1,18,1,2,86,0,12,41,13,5,2019,1,1,46,30,1,1
3,1,3,3,5,1140,10,1,40,2,2,64,0,33,50,28,5,2025,2,5,55,2,39,1
1,0,2,8,5,282,10,1,54,1,5,26,1,58,41,53,5,2019,1,1,46,28,34,1
3,1,1,3,5,534,11,0,45,1,5,86,0,37,41,66,5,2021,1,2,46,18,42,0
3,1,2,2,5,1790,3,1,15,2,0,55,1,56,41,51,5,2024,2,1,46,28,18,0
1,1,2,8,5,465,5,1,37,2,0,5,1,24,41,58,8,2024,2,3,46,28,35,0
1,1,2,8,5,472,4,1,45,2,3,55,1,22,41,22,5,2019,2,4,46,31,42,1
0,1,3,4,5,385,2,1,28,1,0,79,1,29,68,64,4,2020,1,4,71,9,31,1
0,1,2,4,0,392,3,1,26,1,1,9,0,53,56,48,0,2022,1,1,60,10,28,1
0,0,1,0,5,352,3,1,42,1,0,35,0,42,41,36,0,2017,1,1,46,31,44,0
2,1,4,5,5,126,5,0,45,1,3,18,1,40,41,35,5,2022,1,0,46,30,42,1
0,2,2,4,5,743,7,1,28,2,2,2,0,69,41,33,4,2024,2,3,46,33,31,0
0,1,1,4,5,442,9,1,18,1,5,90,1,8,41,9,5,2018,1,5,46,30,1,1
3,1,6,5,3,570,4,1,9,1,3,20,1,7,73,47,3,2016,1,5,78,2,14,0
0,1,2,4,5,741,6,0,16,2,2,35,0,5,50,6,4,2024,2,5,55,2,41,1
1,1,6,5,8,465,11,1,18,2,3,5,2,71,62,68,5,2023,2,0,66,14,1,0
0,1,2,4,5,339,6,1,27,1,3,6,0,4,41,5,5,2025,1,5,46,12,30,0
1,0,3,8,5,222,2,1,43,1,3,46,0,20,41,19,8,2025,1,5,46,3,45,0
0,1,2,0,0,929,11,0,26,2,4,70,0,60,21,56,0,2017,2,1,23,10,28,0
0,0,3,7,5,680,12,1,27,2,0,83,1,19,41,34,5,2019,2,5,46,28,30,1
1,1,2,6,5,327,6,1,45,2,3,42,0,15,50,10,5,2022,2,1,55,19,42,1
0,1,3,7,5,375,2,1,27,1,0,108,0,57,41,49,5,2023,1,2,46,15,30,1
0,1,1,7,5,313,10,1,15,1,4,17,0,11,41,8,5,2017,1,2,46,24,18,0
0,1,2,4,5,486,8,1,15,1,2,36,0,79,41,78,5,2018,1,4,46,9,18,1
1,1,6,8,5,228,4,1,4,1,6,18,2,14,41,54,8,2020,1,2,46,29,5,1
0,1,4,1,4,902,7,1,16,2,3,6,2,80,48,77,4,2023,2,1,53,4,41,0
1,0,4,6,4,654,8,1,16,2,1,57,3,15,44,10,4,2024,2,3,49,5,41,0
1,1,5,8,5,509,5,0,4,2,6,37,4,66,41,62,8,2025,2,2,46,28,5,1
1,0,3,8,5,189,2,1,50,1,5,14,0,38,41,31,8,2019,1,3,46,31,46,0
1,3,1,8,5,305,2,1,27,1,5,40,0,20,41,19,5,2023,1,3,46,22,30,0
2,0,3,5,5,72,4,1,15,1,0,7,2,68,0,63,5,2021,1,1,6,31,18,1
0,0,4,4,5,766,12,1,28,2,4,21,0,30,50,25,4,2018,2,2,55,31,31,0
1,0,6,8,5,449,2,1,49,2,5,92,2,51,41,17,8,2023,2,3,46,30,53,1
0,3,3,4,5,418,11,1,55,1,2,90,0,69,41,33,5,2024,1,0,46,2,55,0
2,3,2,5,5,166,11,1,55,2,0,18,1,7,41,47,5,2024,2,1,46,22,55,0
0,1,1,8,4,1024,3,1,16,2,3,60,0,73,60,70,4,2023,2,4,18,13,41,0
0,0,1,7,6,434,7,0,31,1,0,49,1,45,69,40,7,2017,1,5,74,11,32,1
0,3,2,8,6,324,11,1,49,1,0,34,1,14,15,54,8,2025,1,1,16,16,53,1
0,1,1,8,2,271,11,1,43,1,2,49,1,24,61,58,8,2015,1,5,65,3,45,1
2,1,2,5,5,445,2,1,13,2,6,1,1,26,63,23,5,2024,0,5,68,30,16,0
1,0,3,8,5,231,7,0,49,1,3,32,0,51,41,17,8,2023,1,2,46,31,53,1
1,1,2,6,5,123,1,1,54,1,6,95,1,77,41,75,5,2018,1,3,46,16,34,0
1,1,2,8,5,199,8,1,0,1,1,31,1,17,41,39,8,2021,1,2,46,9,24,0
1,2,6,8,5,500,10,1,4,2,4,35,1,43,35,37,8,2021,2,1,40,29,5,1
0,1,2,0,5,987,4,1,40,3,2,8,2,23,23,21,5,2017,0,5,26,30,39,1
0,1,2,7,5,624,10,1,52,2,6,26,0,70,41,27,7,2018,2,3,46,28,51,0
2,1,3,8,8,67,11,1,37,1,5,19,0,38,62,31,8,2024,1,2,66,25,35,1
2,1,1,5,5,129,10,0,17,1,3,36,0,6,41,0,5,2019,1,1,46,9,19,0
0,0,4,4,5,918,1,1,27,2,3,72,1,49,41,44,5,2024,2,3,46,9,30,1
0,1,1,0,4,443,3,1,13,1,6,35,1,0,9,1,5,2015,1,0,8,20,16,0
0,1,2,4,5,743,12,1,6,2,2,80,0,18,41,60,4,2018,2,5,46,13,22,0
0,1,5,2,0,449,9,0,26,1,3,67,1,1,56,2,0,2025,1,1,60,32,28,1
2,1,2,5,5,229,1,1,15,2,6,94,0,26,41,23,5,2024,2,1,46,2,18,1
1,0,1,6,5,140,1,1,17,1,4,83,1,77,63,75,5,2021,1,2,68,28,19,0
2,1,4,5,5,86,4,0,55,1,5,9,1,68,41,63,5,2023,1,2,46,28,55,1
0,2,1,0,5,735,3,1,27,2,1,9,0,21,41,16,5,2024,2,5,46,10,30,1
1,1,3,8,5,470,12,1,27,2,6,11,0,24,41,58,5,2019,2,1,46,29,30,0
1,2,3,6,5,417,3,1,13,2,3,23,0,76,0,74,5,2020,2,4,6,28,16,0
0,0,2,8,2,391,1,1,39,1,6,40,1,14,72,54,2,2023,1,1,75,1,38,0
2,3,2,5,5,200,2,1,20,2,5,89,2,26,47,23,5,2017,2,1,7,22,21,1
0,3,1,0,0,420,11,1,45,1,2,57,1,60,1,56,5,2024,1,3,0,10,42,0
1,1,2,8,5,405,3,1,27,2,6,78,0,12,41,13,5,2025,2,2,46,25,30,1
0,1,2,4,5,869,12,1,27,2,2,18,0,39,41,32,5,2015,2,1,46,12,30,0
1,0,3,8,5,499,2,1,8,2,4,54,1,43,50,37,8,2016,2,1,55,2,9,1
0,1,6,8,4,1350,12,1,28,3,5,82,1,17,52,39,4,2019,0,5,59,5,31,1
0,1,1,0,5,325,2,1,20,1,3,34,0,0,41,1,5,2022,1,4,46,31,21,1
2,1,3,4,4,191,11,1,22,1,1,63,1,8,44,9,4,2016,1,1,49,33,23,1
1,1,1,8,5,208,4,0,13,1,0,14,0,51,41,17,5,2023,1,3,46,30,16,1
0,1,2,8,6,929,11,1,49,2,5,80,0,51,15,17,8,2025,2,5,16,16,53,0
1,1,4,8,5,596,12,0,27,2,1,50,0,17,41,39,5,2019,2,4,46,14,30,1
1,1,2,6,5,219,7,0,41,1,2,134,0,3,41,4,6,2023,1,3,46,16,40,1
0,1,2,4,5,454,11,0,7,1,6,23,0,53,41,48,4,2022,1,3,46,9,10,0
0,2,1,7,6,542,11,1,5,2,0,41,0,70,80,27,7,2016,2,5,28,16,6,0
2,1,3,5,5,123,7,0,55,1,5,47,1,40,0,35,5,2019,1,2,6,22,55,1
0,1,2,4,5,722,3,1,45,2,2,41,0,5,63,6,5,2018,2,5,68,31,42,0
2,1,1,5,5,180,6,0,55,2,2,39,0,71,41,68,5,2025,2,3,46,30,55,1
0,1,5,4,5,874,7,0,20,2,6,7,3,53,41,48,5,2018,2,1,46,37,21,1
1,1,4,6,5,174,3,1,32,1,4,10,2,74,41,69,6,2020,1,0,46,30,15,1
2,1,4,4,4,225,6,1,22,1,5,49,1,52,6,46,4,2016,1,2,5,12,23,0
0,0,1,4,5,858,9,1,27,2,3,68,0,49,41,44,5,2020,2,1,46,22,30,1
2,1,4,5,5,88,3,1,54,1,2,52,0,25,41,20,5,2022,1,4,46,31,34,0
0,0,1,5,4,438,9,1,45,1,4,4,0,54,81,55,5,2021,1,3,81,30,42,1
1,1,1,8,5,242,1,1,18,1,4,28,0,43,41,37,5,2023,1,2,46,9,1,0
1,2,5,8,5,750,5,1,54,2,1,47,1,24,41,58,5,2025,0,3,46,14,34,1
1,2,2,8,5,288,1,1,4,1,1,21,0,51,41,17,8,2017,1,4,46,22,5,0
1,1,2,6,5,449,2,1,15,2,5,48,0,61,41,57,5,2024,2,3,46,22,18,0
0,0,2,6,6,482,12,1,41,1,2,25,0,9,74,12,6,2023,1,1,76,16,40,0
3,2,1,2,5,1628,3,1,45,2,1,30,1,1,41,2,5,2017,2,1,46,1,42,1
0,1,3,0,4,359,6,0,14,1,3,71,1,0,60,1,0,2025,1,0,18,37,17,1
0,2,2,4,5,394,5,1,17,1,6,9,0,49,41,44,5,2024,1,3,46,31,19,1
0,1,1,0,3,683,2,1,20,2,0,27,0,60,28,56,5,2023,2,1,33,21,21,1
3,3,6,3,5,1330,2,1,24,3,5,20,2,37,41,66,3,2018,0,1,46,28,29,0
0,1,2,8,1,675,8,1,55,2,3,49,0,22,65,22,5,2024,2,3,31,29,55,1
1,2,4,8,5,303,9,1,4,1,1,50,0,51,41,17,8,2025,1,3,46,28,5,0
1,1,4,8,5,242,11,1,13,1,6,38,1,24,41,58,5,2016,1,3,46,14,16,1
0,1,3,7,5,306,7,0,19,1,6,8,1,45,41,40,7,2022,1,1,46,30,20,0
0,1,1,7,5,868,9,1,19,2,4,41,1,32,41,26,7,2023,2,1,46,22,20,0
1,0,1,6,5,166,9,1,30,1,0,25,1,9,20,12,6,2016,1,3,25,28,33,1
0,1,3,4,5,830,3,1,27,2,2,23,1,81,41,81,5,2022,2,2,46,2,30,0
1,3,3,6,5,206,5,1,27,2,3,30,0,61,41,57,5,2021,2,1,46,23,30,1
0,1,2,7,5,314,10,1,27,1,6,57,0,72,41,71,5,2024,1,5,46,30,30,0
0,1,6,4,5,814,1,1,40,2,4,83,0,81,41,81,5,2019,2,1,46,22,39,1
0,1,2,4,5,832,5,1,28,3,6,48,0,49,41,44,4,2023,0,5,46,5,31,0
2,1,4,5,5,106,8,1,20,1,2,30,1,26,41,23,5,2025,1,0,46,31,21,0
0,2,3,7,5,779,9,1,52,2,0,42,1,70,41,27,7,2022,2,3,46,15,51,0
0,0,1,4,3,1023,12,1,47,3,6,35,1,8,28,9,4,2019,0,3,33,5,49,1
0,1,6,5,0,316,5,0,17,1,3,26,2,27,38,24,5,2021,1,5,44,30,19,1
0,1,2,7,4,720,7,1,44,2,0,36,0,11,5,8,7,2019,2,3,4,17,43,0
0,2,2,7,5,1006,10,1,27,3,0,6,0,70,41,27,5,2017,0,0,46,30,30,0
0,1,2,7,5,835,10,1,38,2,5,60,1,57,41,49,7,2017,2,4,46,30,37,1
3,1,6,3,5,743,8,1,11,2,1,79,2,62,41,76,3,2024,0,3,46,7,11,0
1,1,3,8,5,468,11,1,13,2,1,19,0,73,41,70,5,2019,2,3,46,22,16,0
1,0,6,8,5,231,4,1,43,1,2,87,1,73,41,70,8,2017,1,4,46,9,45,0
1,1,3,8,5,301,2,1,27,1,6,81,1,43,41,37,5,2024,1,2,46,9,30,1
1,1,2,6,5,164,11,0,27,1,3,60,1,28,41,80,5,2022,1,2,46,2,30,0
1,3,2,8,5,466,5,1,37,2,6,56,0,43,35,37,8,2021,2,1,40,34,35,0
1,1,3,8,5,485,10,1,54,2,1,7,1,73,55,70,5,2025,2,3,54,22,34,1
0,3,4,4,7,874,11,1,22,2,5,38,1,53,26,48,4,2015,0,2,32,36,23,0
0,1,5,6,8,339,10,1,49,1,0,11,2,34,58,29,8,2019,1,3,24,29,53,0
1,1,1,8,5,506,11,1,27,2,5,35,1,58,41,53,5,2016,2,2,46,25,30,1
0,1,2,4,3,298,2,0,47,1,3,18,2,39,28,32,4,2024,1,3,33,21,49,1
1,1,3,6,5,242,6,1,54,1,1,12,1,74,41,69,5,2020,1,1,46,23,34,0
0,2,3,7,5,681,5,0,27,2,0,39,0,32,41,26,5,2021,2,1,46,31,30,0
1,1,1,8,5,512,3,0,20,2,5,8,0,58,41,53,5,2024,2,2,46,22,21,1
1,2,5,8,5,555,10,1,55,2,3,36,0,51,41,17,5,2018,2,1,46,30,55,0
3,0,6,3,5,523,12,0,34,1,1,57,2,64,41,11,3,2024,1,5,46,7,0,1
0,1,2,5,4,724,8,1,7,2,4,53,1,55,60,50,4,2022,2,1,18,12,10,1
3,1,5,2,5,1333,1,0,20,3,5,1,3,56,47,51,5,2023,0,5,7,9,21,1
0,1,1,4,2,621,7,1,28,2,3,84,1,39,2,32,4,2017,2,1,1,13,31,0
3,1,1,2,5,1558,10,1,13,2,3,12,0,13,41,14,5,2022,2,4,46,9,16,1
0,1,2,8,1,261,7,0,0,1,0,7,0,51,59,17,8,2022,1,4,41,4,24,1
0,1,2,5,0,1680,10,0,45,3,2,62,0,71,42,68,5,2025,0,4,50,31,42,0
1,1,2,5,8,408,9,1,20,2,1,21,0,7,22,47,5,2024,2,3,22,29,21,1
1,1,2,8,5,250,12,0,43,1,3,12,0,14,41,54,8,2018,1,5,46,14,45,0
1,1,4,8,5,506,3,1,55,2,1,5,1,73,41,70,5,2016,2,5,46,3,55,1
3,1,2,3,5,594,12,1,27,1,1,19,0,64,41,11,5,2022,1,3,46,21,30,1
1,1,4,8,5,541,1,1,50,2,6,21,0,35,50,30,8,2024,2,3,55,34,46,0
0,1,2,3,6,1023,2,1,24,3,4,69,1,37,15,66,3,2024,0,5,16,16,29,1
0,0,1,4,5,880,1,1,27,2,2,15,0,18,41,60,5,2023,2,5,46,30,30,1
0,1,2,5,4,371,5,1,35,1,6,31,1,6,46,0,4,2025,1,4,52,9,8,1
1,2,3,6,5,211,7,0,54,1,1,39,0,74,35,69,5,2020,1,2,40,9,34,0
1,0,3,8,5,1041,7,1,4,3,6,22,0,35,41,30,8,2018,0,3,46,28,5,0
1,3,4,6,5,337,12,1,32,2,1,41,0,16,35,15,6,2023,2,4,40,31,15,1
1,1,3,8,5,524,6,1,27,2,3,50,1,35,41,30,5,2017,2,2,46,3,30,1
1,1,4,8,5,232,10,1,20,1,5,96,2,22,41,22,5,2023,1,3,46,25,21,1
1,0,2,6,5,560,5,1,15,2,1,28,0,76,41,74,5,2021,0,2,46,31,18,0
2,1,3,5,5,158,5,1,20,2,2,16,1,6,41,0,5,2024,2,1,46,30,21,0
2,1,4,5,5,122,8,1,27,1,5,32,1,68,41,63,5,2025,1,2,46,28,30,1
1,1,1,8,5,243,3,1,37,1,5,75,0,48,50,43,8,2015,1,0,55,22,35,1
3,1,3,2,5,1639,9,1,20,2,2,31,0,65,41,61,5,2017,2,1,46,31,21,0
0,1,2,0,5,334,7,1,40,1,6,8,0,2,0,3,5,2016,1,1,6,22,39,1
1,1,2,6,5,229,5,1,27,1,0,60,0,16,41,15,5,2024,1,3,46,9,30,0
1,0,3,6,5,129,12,1,30,1,1,66,0,3,41,4,6,2025,1,5,46,31,33,0
1,3,4,8,5,556,3,1,45,2,1,21,1,43,41,37,5,2018,2,5,46,2,42,0
0,1,6,4,5,800,10,1,47,2,0,112,2,53,41,48,4,2015,2,3,46,37,49,0
0,1,3,4,5,817,12,0,45,2,2,40,0,5,41,6,5,2021,2,0,46,17,42,0
0,1,6,4,5,837,1,0,25,2,5,10,3,69,41,33,4,2023,2,1,46,31,27,0
2,1,1,5,5,192,11,1,45,2,3,85,1,68,41,63,5,2016,2,2,46,31,42,1
0,1,1,4,5,870,9,1,53,2,6,79,0,49,41,44,4,2018,2,3,46,28,54,0
1,1,1,6,5,219,12,0,32,1,3,11,1,76,41,74,6,2015,1,1,46,16,15,1
1,1,1,8,5,282,5,1,49,1,3,84,0,51,41,17,8,2018,1,1,46,25,53,0
0,1,4,0,0,937,8,1,26,2,2,47,0,44,21,38,0,2024,2,3,23,20,28,0
3,1,2,2,5,1675,8,1,40,2,3,82,0,65,41,61,5,2017,2,5,46,26,39,1
1,1,2,6,5,168,6,1,32,1,3,4,1,74,41,69,6,2015,1,0,46,9,15,0
1,1,2,8,5,319,4,0,54,1,0,98,0,12,20,13,5,2016,1,3,25,2,34,0
0,1,3,8,4,548,7,1,37,1,0,40,1,48,46,43,8,2018,1,1,52,17,35,1
3,1,4,3,5,444,3,0,27,1,4,94,0,62,41,76,5,2024,1,2,46,2,30,1
1,1,1,6,5,185,1,0,27,1,0,104,0,61,41,57,5,2025,1,1,46,23,30,1
1,1,2,8,5,300,4,0,4,1,1,80,0,58,41,53,8,2024,1,3,46,9,5,0
0,0,2,8,6,629,10,1,37,2,4,58,1,58,29,53,8,2017,2,5,34,16,35,1
1,1,2,6,5,296,6,0,27,2,2,117,0,16,41,15,5,2022,2,3,46,30,30,0
1,0,3,8,5,633,10,1,50,2,2,43,1,51,41,17,8,2015,2,0,46,2,46,1
3,1,1,1,5,836,4,1,17,1,6,24,1,31,41,65,5,2017,1,1,46,2,19,1
2,1,3,5,5,170,7,1,45,2,5,31,0,68,41,63,5,2025,2,2,46,22,42,0
0,3,1,0,5,303,5,0,27,1,1,25,0,60,41,56,5,2024,1,0,46,20,30,1
2,0,3,5,5,226,1,1,55,2,6,44,0,55,41,50,5,2022,2,0,46,28,55,1
0,1,2,0,6,795,10,1,26,2,3,66,1,2,74,3,0,2016,2,3,76,20,28,0
3,0,3,2,5,1506,9,0,18,2,0,27,1,1,41,2,5,2024,2,0,46,31,1,1
1,1,4,8,5,610,7,1,55,2,2,56,3,58,41,53,5,2015,2,1,46,9,55,0
0,0,2,7,5,399,6,0,27,1,1,6,0,32,41,26,5,2023,1,3,46,36,30,0
1,1,2,8,5,626,3,1,45,2,1,47,0,14,35,54,5,2025,2,4,40,30,42,0
1,1,1,8,5,439,5,1,49,2,6,72,1,24,41,58,8,2021,2,0,46,9,53,1
0,1,3,8,4,1255,11,1,49,3,5,32,0,51,46,17,8,2023,0,1,52,14,53,1
2,1,2,5,5,194,10,0,27,2,6,68,0,25,41,20,5,2023,2,3,46,9,30,1
0,1,1,5,0,725,6,0,18,2,6,78,1,7,16,47,5,2021,2,3,21,2,1,0
1,0,6,8,5,262,8,1,27,1,0,21,1,58,41,53,5,2023,1,4,46,34,30,1
0,1,2,4,5,310,5,1,54,1,1,1,1,30,41,25,5,2018,1,2,46,9,34,0
3,1,1,3,5,425,12,1,54,1,4,37,1,37,41,66,5,2024,1,3,46,31,34,0
1,0,3,6,5,231,6,1,36,1,2,37,0,16,41,15,6,2020,1,5,46,2,36,1
1,1,5,8,5,308,8,0,17,1,1,11,3,17,24,39,5,2023,1,5,27,28,19,0
0,0,2,7,5,425,10,1,18,1,5,4,1,72,41,71,5,2015,1,2,46,30,1,0
0,0,5,7,5,632,5,1,27,2,0,14,1,19,41,34,5,2016,2,3,46,22,30,0
2,3,5,5,5,170,4,1,45,2,5,22,0,25,50,20,5,2018,2,3,55,9,42,0
1,1,2,8,5,492,5,1,45,2,3,49,0,17,20,39,5,2018,2,1,25,3,42,0
1,1,1,6,5,249,8,0,17,1,2,26,0,15,24,10,5,2018,1,1,27,28,19,1
3,0,2,3,5,495,10,1,10,1,0,26,0,67,41,67,3,2022,1,3,46,7,3,0
3,1,4,1,5,1277,9,1,2,3,5,25,1,80,41,77,1,2020,0,2,46,0,2,0
0,1,3,5,0,792,1,0,15,2,5,9,0,6,42,0,5,2023,2,2,50,30,18,0
0,1,3,5,4,774,12,1,40,2,4,14,0,55,32,50,5,2016,2,5,39,5,39,1
0,1,2,4,5,741,2,1,27,2,1,14,2,4,41,5,5,2018,2,4,46,9,30,1
3,1,2,5,3,457,1,1,54,1,6,35,1,55,67,50,5,2018,1,3,67,21,34,1
0,0,5,4,5,472,11,0,27,1,0,25,1,5,41,6,5,2017,1,3,46,17,30,1
0,0,4,4,5,852,10,1,27,3,1,64,2,29,41,64,5,2024,0,3,46,9,30,1
0,1,4,4,5,919,3,1,7,3,0,104,1,30,41,25,4,2022,0,3,46,31,10,0
0,3,5,4,3,754,11,0,35,2,2,32,1,59,73,52,4,2021,2,0,78,33,8,0
0,1,6,4,5,850,6,0,27,2,5,57,2,8,41,9,5,2021,2,2,46,30,30,1
1,0,3,8,5,210,11,1,15,1,5,147,0,38,41,31,5,2024,1,0,46,31,18,1
1,1,3,8,5,482,7,1,13,2,2,45,1,17,41,39,5,2017,2,5,46,9,16,0
1,1,1,8,5,530,6,1,0,2,4,69,0,24,41,58,8,2015,0,3,46,9,24,0
0,0,1,4,5,436,10,1,22,1,4,78,0,53,41,48,4,2024,1,3,46,37,23,1
1,0,4,8,5,527,3,1,37,2,4,83,1,58,41,53,8,2023,0,3,46,30,35,1
0,1,4,7,5,349,12,0,18,1,1,100,1,19,63,34,5,2025,1,3,68,28,1,0
0,0,3,0,5,784,6,1,27,2,0,56,0,2,41,3,5,2018,2,1,46,22,30,1
0,1,2,4,5,482,10,0,47,1,5,48,0,18,41,60,4,2018,1,2,46,37,49,1
3,1,3,1,5,644,6,1,1,1,6,29,1,63,41,18,1,2024,1,0,46,28,7,1
1,1,2,8,5,418,7,1,18,2,2,48,0,22,41,22,5,2025,2,5,46,2,1,1
0,1,1,3,6,543,8,0,17,2,0,26,1,67,69,67,5,2017,0,4,74,19,19,1
0,0,6,4,7,970,8,1,28,2,2,13,1,69,26,33,4,2019,2,0,32,24,31,0
0,1,3,8,2,393,2,1,37,1,1,55,0,38,2,31,8,2023,1,0,1,29,35,1
1,1,1,6,5,322,8,1,15,2,0,34,0,34,41,29,5,2015,2,1,46,28,18,1
1,1,3,8,5,741,12,0,8,3,2,32,0,22,41,22,8,2016,0,2,46,22,9,1
0,0,3,6,7,722,9,0,19,2,2,28,0,16,27,15,7,2024,2,0,70,11,20,0
0,1,2,7,5,612,8,1,27,2,2,7,1,19,41,34,5,2024,2,3,46,24,30,1
0,2,6,0,5,684,11,1,26,2,4,34,0,23,41,21,0,2018,2,3,46,2,28,1
3,1,1,2,5,931,5,1,54,1,1,7,1,65,41,61,5,2020,1,2,46,9,34,0
3,3,1,3,5,569,9,1,33,1,5,32,0,64,41,11,3,2019,1,4,46,21,12,0
0,1,1,4,5,648,8,1,54,2,3,53,0,8,41,9,5,2022,2,3,46,28,34,1
1,1,1,8,5,558,3,1,40,2,0,10,0,51,41,17,5,2025,2,0,46,9,39,0
2,1,4,5,5,201,8,0,40,2,4,65,2,40,41,35,5,2022,2,2,46,2,39,1
2,2,2,5,5,200,3,1,45,2,5,1,1,6,63,0,5,2023,2,3,68,2,42,1
0,1,2,8,1,829,1,1,43,2,2,43,1,35,65,30,8,2016,0,0,31,6,45,0
0,2,3,0,5,480,5,0,40,1,2,36,1,44,55,38,5,2022,1,3,54,31,39,0
0,3,4,4,5,754,12,1,54,2,2,110,3,53,41,48,5,2022,2,1,46,30,34,0
0,1,1,7,5,806,1,0,31,2,5,24,0,19,41,34,7,2019,0,1,46,28,32,0
0,1,1,0,0,734,5,0,13,2,1,43,1,2,21,3,5,2023,2,1,23,20,16,1
0,3,2,4,5,1135,10,0,20,3,3,29,0,18,41,60,5,2019,0,2,46,31,21,0
1,3,4,8,5,430,6,1,0,2,4,40,1,17,35,39,8,2015,2,3,40,9,24,1
1,2,2,8,5,546,6,0,0,2,5,11,1,17,41,39,8,2017,2,3,46,14,24,1
1,1,6,6,5,312,6,1,18,2,2,22,2,16,20,15,5,2022,2,1,25,2,1,1
0,1,3,4,5,410,7,1,18,1,1,60,0,18,41,60,5,2020,1,5,46,13,1,1
3,2,2,1,5,2059,3,1,18,3,1,30,0,31,68,65,5,2020,0,5,71,2,1,0
0,1,3,8,0,378,9,1,49,1,2,104,0,14,16,54,8,2022,1,2,21,20,53,0
0,1,1,4,5,801,6,1,27,2,4,58,0,29,41,64,5,2021,2,1,46,28,30,0
1,1,2,8,5,405,1,0,43,2,0,1,0,43,41,37,8,2019,2,3,46,22,45,0
0,1,1,7,5,764,2,1,45,2,2,11,1,11,41,8,5,2019,2,1,46,9,42,0
0,0,2,2,8,662,12,0,4,2,6,63,0,56,13,51,8,2024,2,1,12,34,5,0
3,1,2,5,3,422,2,1,17,1,5,48,0,55,11,50,5,2025,1,2,64,18,19,1
1,3,2,8,5,587,3,1,50,2,5,93,1,20,41,19,8,2019,2,2,46,31,46,0
3,2,1,2,5,817,8,0,51,1,0,5,1,56,24,51,2,2025,1,5,27,2,52,1
1,1,2,5,8,228,11,1,37,1,2,5,0,68,70,63,8,2021,1,1,73,28,35,1
1,1,2,6,5,220,4,0,13,1,5,34,0,10,24,7,5,2017,1,3,27,2,16,0
0,1,2,4,5,422,5,1,22,1,1,65,1,4,68,5,4,2015,1,2,71,2,23,1
0,1,2,7,5,427,8,0,27,1,2,56,1,45,41,40,5,2021,1,5,46,11,30,1
2,1,3,5,5,100,7,1,27,1,1,43,0,68,41,63,5,2025,1,3,46,30,30,1
1,0,4,8,5,528,9,1,54,2,0,32,0,20,55,19,5,2023,2,1,54,34,34,0
0,1,1,1,6,316,11,1,32,1,2,118,0,36,15,79,6,2025,1,3,16,4,15,0
1,0,2,6,5,310,5,1,21,2,5,86,0,10,41,7,6,2022,2,3,46,8,25,1
1,1,3,6,5,119,11,0,41,1,6,99,0,3,20,4,6,2022,1,3,25,9,40,0
0,1,2,4,8,1142,12,1,49,3,5,77,0,49,30,44,8,2018,0,0,35,3,53,1
0,1,1,7,5,692,1,1,18,2,5,1,0,72,0,71,5,2017,2,5,6,15,1,0
0,0,3,4,7,428,9,1,54,1,5,82,0,18,26,60,5,2023,1,1,32,33,34,1
2,1,3,5,5,240,7,1,27,2,4,63,1,25,41,20,5,2025,2,1,46,30,30,0
0,0,2,0,5,922,10,1,40,2,6,82,1,21,41,16,5,2023,2,1,46,20,39,0
0,1,1,4,5,988,12,1,17,3,1,15,0,52,41,46,5,2023,0,5,46,33,19,1
1,1,2,8,5,241,7,0,27,1,0,71,0,17,41,39,5,2019,1,3,46,28,30,0
0,0,1,7,5,1061,6,1,19,3,0,5,0,19,35,34,7,2019,0,0,40,30,20,0
1,1,1,4,6,352,11,1,32,1,6,43,0,52,29,46,6,2023,1,3,34,23,15,0
2,1,2,5,5,204,12,1,54,2,2,73,0,25,41,20,5,2016,0,1,46,2,34,1
0,0,1,4,5,850,10,1,13,2,4,20,0,69,41,33,5,2025,2,1,46,2,16,1
0,3,2,7,0,770,12,1,26,2,6,133,1,72,56,71,0,2025,2,0,60,20,28,1
3,0,4,2,5,1661,7,1,20,3,6,21,2,13,41,14,5,2020,0,3,46,30,21,1
0,2,4,4,5,795,7,0,45,2,5,34,1,69,35,33,5,2016,2,5,40,17,42,1
0,1,3,4,5,879,7,1,27,2,5,30,2,5,41,6,5,2025,2,1,46,22,30,0
1,0,2,6,5,127,7,1,36,1,6,101,0,77,47,75,6,2016,1,5,7,19,36,1
0,0,3,4,5,406,2,1,22,1,2,108,1,30,41,25,4,2025,1,3,46,12,23,1
0,0,2,0,3,461,2,1,54,1,4,14,0,42,28,36,5,2021,1,5,33,18,34,1
1,0,5,8,5,253,8,1,17,1,5,51,0,17,41,39,5,2023,1,2,46,30,19,0
0,1,5,0,5,690,2,0,42,2,5,40,1,42,41,36,0,2024,2,3,46,10,44,0
0,0,2,4,5,703,4,1,55,2,0,57,0,49,41,44,5,2017,2,1,46,30,55,1
3,1,2,3,5,958,10,1,10,2,3,19,0,62,24,76,3,2023,2,2,27,9,3,1
3,3,1,1,5,1460,1,0,20,2,4,12,0,31,41,65,5,2020,2,1,46,22,21,1
1,0,5,8,5,430,7,0,17,2,0,3,1,35,41,30,5,2022,2,2,46,2,19,0
0,1,5,7,5,699,5,1,46,2,4,44,3,11,41,8,7,2017,2,1,46,31,48,0
1,0,2,6,5,383,1,1,27,2,4,30,1,10,41,7,5,2016,2,4,46,28,30,1
0,1,2,4,5,727,9,0,22,2,5,22,0,8,55,9,4,2019,2,1,54,31,23,1
2,1,3,5,5,196,10,1,27,2,1,4,1,26,41,23,5,2023,2,3,46,28,30,1
3,0,3,5,3,1012,10,1,20,2,1,65,1,7,76,47,5,2016,2,3,62,28,21,1
0,0,2,0,5,411,2,0,45,1,3,30,0,21,41,16,5,2020,1,3,46,30,42,0
0,3,2,6,8,830,5,1,37,2,6,41,1,9,53,12,8,2024,2,2,58,29,35,1
1,1,2,8,5,443,7,1,40,2,3,72,0,51,23,17,5,2020,2,1,26,14,39,0
0,3,1,6,7,1025,6,0,52,3,1,42,0,9,27,12,7,2024,0,5,70,24,51,0
3,3,4,5,1,716,6,0,2,1,0,6,0,25,59,20,1,2022,1,3,41,9,2,0
1,0,5,8,5,550,4,0,55,2,0,12,0,12,20,13,5,2021,2,3,25,3,55,1
3,0,1,3,5,1054,3,1,20,2,6,27,1,64,41,11,5,2018,2,4,46,9,21,0
1,1,2,8,5,1013,11,1,54,3,5,39,0,22,23,22,5,2023,0,3,26,29,34,1
0,1,1,5,4,621,9,1,17,2,2,86,1,27,46,24,5,2019,2,3,52,22,19,0
1,1,6,6,5,413,1,1,20,2,3,57,0,9,47,12,5,2019,2,4,7,35,21,1
1,1,3,8,5,525,5,1,40,2,6,53,0,51,41,17,5,2018,2,3,46,30,39,0
0,1,1,8,4,901,9,1,3,2,1,74,0,22,44,22,4,2019,2,2,49,33,4,1
3,1,2,3,5,1036,12,1,10,2,5,61,1,64,41,11,3,2017,2,2,46,30,3,1
1,1,1,8,5,583,1,1,27,2,5,23,0,14,41,54,5,2025,2,4,46,30,30,1
1,1,1,8,5,213,10,1,17,1,1,24,0,22,41,22,5,2022,1,4,46,9,19,0
1,1,2,8,5,527,10,1,27,2,6,52,1,43,41,37,5,2017,2,1,46,30,30,0
1,1,4,6,5,927,7,1,41,3,4,44,1,9,41,12,6,2020,0,3,46,30,40,0
0,1,1,5,0,418,4,1,17,1,2,114,0,54,42,55,5,2019,1,3,50,30,19,1
0,1,5,0,5,812,7,1,13,2,1,2,2,2,41,3,5,2019,2,0,46,31,16,0
0,0,1,0,5,438,11,0,42,1,5,83,1,42,41,36,0,2018,1,0,46,9,44,0
1,1,6,8,5,458,10,1,27,2,4,26,1,43,41,37,5,2020,2,5,46,2,30,0
0,1,1,4,8,584,4,1,43,1,6,43,0,49,39,44,8,2019,1,1,17,3,45,1
3,1,3,1,5,656,2,1,18,1,5,37,1,80,41,77,5,2024,1,4,46,22,1,1
0,1,1,0,5,925,5,1,45,2,1,65,1,42,41,36,5,2019,2,1,46,10,42,0
0,1,2,4,7,465,8,1,17,1,3,83,1,5,26,6,5,2018,1,5,32,12,19,0
0,1,2,4,5,336,6,1,47,1,0,19,0,69,41,33,4,2025,1,1,46,2,49,1
3,1,1,3,5,425,7,0,40,1,3,32,0,78,41,73,5,2017,1,5,46,31,39,1
0,1,3,0,5,868,11,0,27,2,4,90,0,44,41,38,5,2023,0,4,46,22,30,1
1,2,1,8,5,280,6,1,50,1,2,57,1,58,41,53,8,2019,1,5,46,25,46,0
1,2,2,5,8,521,3,1,45,2,4,5,1,68,62,63,5,2022,2,3,66,29,42,1
1,1,2,8,5,202,10,1,45,1,3,48,0,20,41,19,5,2022,1,1,46,22,42,0
3,0,3,5,3,945,7,1,15,2,2,69,0,54,76,55,5,2019,2,3,62,2,18,0
0,2,1,7,5,335,4,1,38,1,6,37,1,57,41,49,7,2022,1,2,46,28,37,0
0,1,4,0,5,476,5,1,17,1,6,29,1,21,41,16,5,2022,1,4,46,9,19,1
0,1,1,4,5,857,5,1,17,2,4,55,1,5,41,6,5,2019,2,2,46,31,19,0
0,0,6,4,5,898,8,1,35,2,3,72,3,79,41,78,4,2018,2,3,46,28,8,1
1,0,5,8,5,534,12,1,0,2,1,7,1,12,41,13,8,2025,2,3,46,28,24,1
2,0,2,5,5,177,8,1,18,2,4,75,1,26,41,23,5,2018,2,2,46,30,1,1
2,1,2,5,5,1004,11,1,17,3,2,27,0,55,41,50,5,2019,0,3,46,28,19,1
1,1,6,8,5,273,7,1,43,1,1,18,2,51,41,17,8,2023,1,3,46,31,45,1
3,1,2,1,5,1669,1,0,55,3,6,54,0,63,63,18,5,2024,0,5,68,22,55,0
0,1,3,4,7,945,11,1,52,2,2,53,2,52,71,46,7,2015,2,3,72,13,51,0
0,1,6,4,5,822,2,1,27,2,3,62,2,53,41,48,5,2021,2,1,46,5,30,0
2,1,5,5,5,107,5,0,17,1,2,30,0,27,41,24,5,2023,1,1,46,9,19,1
0,3,1,4,5,885,2,0,22,2,5,72,0,49,41,44,4,2019,2,5,46,13,23,1
1,1,4,8,5,482,1,1,17,2,3,68,2,66,50,62,5,2015,2,1,55,14,19,0
1,1,2,6,5,182,9,1,27,1,0,51,1,61,41,57,5,2022,1,1,46,2,30,1
0,1,2,1,1,624,9,1,1,2,6,96,0,80,59,77,1,2025,0,4,41,4,7,0
3,1,3,3,5,525,7,1,10,1,3,2,1,33,41,28,3,2023,1,3,46,31,3,0
1,1,1,6,5,301,11,0,27,2,3,9,0,61,41,57,5,2023,2,0,46,35,30,0
3,1,1,1,5,686,8,1,55,1,0,70,0,80,41,77,5,2018,1,1,46,2,55,0
1,0,4,5,6,196,4,1,41,1,6,101,1,6,10,0,6,2017,1,1,15,16,40,0
0,1,2,4,5,306,6,1,17,1,4,25,0,29,41,64,5,2024,1,3,46,31,19,1
1,1,4,8,5,493,2,1,37,2,0,28,0,38,41,31,8,2019,0,3,46,14,35,0
1,2,3,8,5,545,7,0,4,2,5,6,1,51,0,17,8,2016,2,1,6,29,5,1
2,3,1,5,5,60,8,0,55,1,4,53,0,68,41,63,5,2019,1,3,46,30,55,0
0,1,6,5,7,833,1,1,55,2,2,24,0,7,49,47,5,2025,2,5,57,9,55,0
1,1,1,6,5,490,5,1,18,2,4,34,0,74,0,69,5,2023,0,1,6,2,1,0
1,1,4,5,8,1026,2,0,54,3,2,28,2,27,53,24,5,2015,0,5,58,28,34,0
0,0,4,7,8,475,3,1,43,1,6,22,1,70,39,27,8,2019,1,1,17,29,45,0
2,2,1,8,8,203,7,0,37,2,4,12,0,38,43,31,8,2018,2,4,48,34,35,1
3,0,2,3,5,1120,5,0,55,2,4,9,2,33,41,28,5,2018,2,3,46,31,55,1
0,1,5,7,8,353,6,1,5,1,0,61,1,45,37,40,7,2025,1,2,43,25,6,1
1,3,2,8,5,498,9,1,37,2,4,49,2,58,68,53,8,2017,2,1,71,25,35,0
0,0,5,7,2,682,1,1,40,2,1,36,2,70,14,27,5,2023,2,5,13,36,39,0
1,1,4,6,5,347,5,0,27,2,3,24,1,34,47,29,5,2024,2,0,7,16,30,0
1,0,6,8,5,442,3,1,55,2,2,49,1,43,41,37,5,2024,2,5,46,30,55,1
1,2,2,8,5,474,7,1,18,2,3,72,1,35,41,30,5,2023,2,2,46,34,1,0
0,1,1,0,5,854,4,0,40,2,1,25,1,0,41,1,5,2022,0,1,46,27,39,0
2,1,2,5,5,219,10,1,18,2,3,72,0,26,0,23,5,2023,2,5,6,9,1,0
0,1,3,7,5,771,2,1,27,2,4,3,3,32,35,26,5,2020,2,3,40,22,30,1
1,1,2,8,5,295,9,0,49,1,2,23,0,35,41,30,8,2018,1,3,46,29,53,0
0,1,3,4,5,382,8,1,18,1,6,12,1,59,41,52,5,2025,1,1,46,2,1,1
1,1,5,8,5,429,9,0,4,2,5,47,1,58,41,53,8,2021,2,3,46,31,5,0
0,1,1,7,5,695,2,1,27,2,3,13,0,19,41,34,5,2018,2,1,46,28,30,0
1,1,4,6,5,473,1,1,32,2,4,9,1,76,41,74,6,2024,0,1,46,16,15,1
3,1,2,2,5,1711,1,1,51,2,3,2,1,13,41,14,2,2020,2,3,46,30,52,1
0,0,2,4,5,365,2,1,18,1,6,13,1,18,41,60,5,2024,1,3,46,30,1,0
0,1,2,8,7,912,7,1,52,2,6,93,1,35,26,30,7,2016,2,3,32,3,51,1
0,1,3,4,5,474,9,1,40,1,4,2,0,18,23,60,5,2024,1,0,26,30,39,1
0,3,1,7,7,687,6,1,31,2,6,33,0,19,40,34,7,2018,2,5,45,11,32,1
1,1,5,8,5,275,12,0,17,1,5,43,1,38,41,31,5,2024,1,3,46,9,19,0
0,1,1,4,5,494,12,1,27,1,0,9,0,79,41,78,5,2018,1,3,46,13,30,1
0,1,2,4,5,848,12,1,15,2,2,107,0,4,41,5,5,2022,2,3,46,9,18,1
1,1,4,8,5,444,4,1,49,2,2,23,1,35,41,30,8,2016,2,2,46,34,53,0
0,0,4,4,5,1047,3,1,17,3,6,44,2,30,24,25,5,2016,0,1,27,9,19,0
2,1,3,5,5,60,8,1,40,1,3,8,0,54,41,55,5,2024,1,1,46,30,39,0
0,1,6,6,0,787,4,1,36,2,5,6,2,61,16,57,6,2018,2,3,21,20,36,1
0,1,2,4,5,360,3,1,3,1,6,72,1,29,41,64,4,2017,1,1,46,30,4,1
0,1,2,0,3,495,4,1,24,1,5,100,0,0,66,1,3,2015,1,5,37,21,29,1
0,1,5,0,5,756,1,1,15,2,6,57,0,23,63,21,5,2017,2,5,68,32,18,1
0,1,6,4,5,768,8,1,27,2,4,17,1,18,41,60,5,2024,2,1,46,28,30,0
0,1,1,4,5,622,5,1,17,2,5,51,0,52,35,46,5,2016,2,0,40,13,19,1
0,1,6,4,5,476,8,1,7,1,2,4,1,69,41,33,4,2020,1,1,46,28,10,1
0,0,4,4,2,924,5,1,3,3,6,63,1,8,14,9,4,2023,0,2,13,12,4,0
0,3,4,3,0,440,10,1,55,1,5,22,1,33,16,28,5,2018,1,3,21,32,55,1
1,3,4,8,5,238,9,1,50,1,1,22,2,48,41,43,8,2023,1,1,46,9,46,0
0,0,3,4,8,545,3,1,37,1,3,54,1,59,53,52,8,2024,1,3,58,14,35,1
1,1,4,8,5,475,3,1,37,2,4,54,0,58,41,53,8,2024,2,3,46,34,35,1
0,1,3,4,5,441,7,1,27,1,0,52,1,79,41,78,5,2020,1,4,46,30,30,0
0,1,5,4,5,764,6,0,27,2,5,81,1,30,41,25,5,2022,2,4,46,17,30,0
1,0,1,8,5,520,9,1,43,2,4,32,1,22,41,22,8,2021,2,0,46,28,45,0
1,1,3,8,5,554,11,1,43,2,0,88,0,58,41,53,8,2016,2,3,46,31,45,0
0,0,1,0,5,839,8,1,17,2,6,60,0,50,63,42,5,2024,2,3,68,20,19,1
0,1,1,0,5,575,2,1,55,2,5,103,0,42,41,36,5,2025,0,3,46,9,55,1
1,1,2,8,5,438,5,1,17,2,0,36,0,51,41,17,5,2024,2,1,46,9,19,1
0,1,2,3,8,348,1,1,10,1,4,20,1,64,22,11,3,2024,1,2,22,25,3,0
1,1,5,8,5,447,5,1,17,2,1,29,0,12,0,13,5,2019,2,1,6,2,19,1
1,1,2,8,5,216,3,0,20,1,6,34,1,48,41,43,5,2022,1,5,46,28,21,1
1,0,3,6,5,204,2,1,18,1,6,30,0,77,41,75,5,2024,1,1,46,9,1,1
0,1,3,4,5,453,3,1,13,1,4,17,2,81,41,81,5,2020,1,5,46,9,16,1
0,0,2,7,5,441,4,0,55,1,5,51,2,70,63,27,5,2023,1,5,68,31,55,0
3,1,1,5,1,1465,8,1,17,2,5,22,0,27,45,24,5,2025,2,2,47,2,19,0
1,2,1,8,5,597,1,1,27,2,3,100,1,73,23,70,5,2022,2,3,26,25,30,0
2,0,6,5,5,95,3,1,40,1,1,32,0,26,41,23,5,2020,1,0,46,30,39,1
1,0,1,6,5,198,4,1,21,1,3,55,0,10,41,7,6,2025,1,4,46,23,25,1
0,0,1,6,8,684,11,0,15,2,5,112,0,3,30,4,5,2024,2,1,35,34,18,1
1,3,1,8,5,580,1,1,27,2,1,18,1,66,41,62,5,2022,2,3,46,3,30,0
1,0,4,8,5,472,3,1,49,2,1,25,1,14,41,54,8,2023,2,0,46,34,53,0
1,3,1,8,5,275,8,1,43,1,2,33,0,17,41,39,8,2023,1,1,46,28,45,0
1,1,2,6,5,391,4,1,27,2,0,33,0,15,41,10,5,2016,2,3,46,23,30,0
1,1,3,8,5,481,3,0,4,2,3,3,1,73,41,70,8,2016,2,1,46,25,5,1
1,1,1,8,5,489,6,1,27,2,0,99,0,58,41,53,5,2025,0,5,46,3,30,0
3,2,4,3,5,1013,3,0,34,2,3,47,0,37,41,66,3,2023,2,2,46,31,0,1
3,1,1,1,5,805,8,1,27,1,1,19,1,47,41,45,5,2016,1,2,46,22,30,1
1,1,3,8,5,208,8,1,45,1,5,64,1,24,41,58,5,2023,1,3,46,31,42,1
0,1,2,5,7,338,3,0,55,1,5,27,1,55,8,50,5,2024,1,3,11,2,55,1
0,1,5,8,3,754,9,1,49,2,1,19,2,24,11,58,8,2024,2,2,64,18,53,1
1,0,2,6,5,721,2,1,55,3,0,63,1,77,63,75,5,2024,0,0,68,28,55,1
0,0,2,0,5,807,7,1,45,2,4,26,0,2,41,3,5,2018,2,1,46,27,42,0
1,0,5,8,5,547,3,1,43,2,3,68,0,12,41,13,8,2024,2,5,46,28,45,0
2,1,2,5,5,83,2,1,55,1,5,29,0,40,41,35,5,2024,1,3,46,9,55,0
0,1,2,4,7,421,7,1,5,1,5,42,0,53,8,48,7,2024,1,4,11,36,6,1
0,3,2,0,5,464,8,1,45,1,2,31,0,50,50,42,5,2015,1,1,55,31,42,0
1,0,4,8,5,1067,6,1,55,3,1,47,3,43,41,37,5,2023,0,3,46,9,55,1
0,1,1,7,4,756,2,0,44,2,6,99,0,72,64,71,7,2019,2,5,29,15,43,1
1,1,2,8,5,214,7,1,13,1,0,64,0,20,41,19,5,2025,1,5,46,2,16,0
0,2,1,0,5,746,1,1,15,2,4,31,0,50,41,42,5,2019,2,1,46,2,18,1
1,3,2,4,6,756,8,0,53,2,4,12,0,81,4,81,4,2020,2,1,3,5,54,0
0,1,3,7,5,433,2,0,13,1,5,3,1,19,41,34,5,2016,1,1,46,22,16,0
0,1,3,7,5,736,9,1,18,2,3,6,1,57,63,49,5,2017,2,3,68,2,1,1
1,1,1,8,5,581,3,0,0,2,3,60,1,24,41,58,8,2017,2,4,46,9,24,1
1,1,1,6,5,225,11,1,30,1,4,29,0,9,63,12,6,2017,1,3,68,30,33,1
1,0,3,8,5,682,3,1,15,2,5,34,1,24,41,58,5,2023,0,2,46,31,18,1
3,1,4,1,5,1303,3,0,17,2,1,15,0,80,41,77,5,2025,2,1,46,4,19,1
0,3,3,4,5,777,10,1,35,2,6,10,1,18,24,60,4,2016,2,0,27,30,8,0
0,0,1,0,5,493,2,1,13,1,1,20,0,44,41,38,5,2023,1,1,46,2,16,0
0,3,1,4,5,927,1,1,27,2,2,34,0,5,68,6,5,2024,2,0,71,9,30,1
0,1,6,4,5,478,2,0,27,1,0,71,1,81,41,81,5,2021,1,3,46,2,30,1
0,0,3,0,5,716,8,1,40,2,3,28,1,44,23,38,5,2017,2,1,26,9,39,0
0,1,2,4,5,400,3,1,3,1,6,104,0,81,35,81,4,2024,1,3,40,22,4,0
0,1,1,5,4,1247,9,0,16,3,4,79,0,7,32,47,4,2020,0,0,39,33,41,0
0,1,5,4,5,344,9,0,13,1,6,15,1,5,47,6,5,2022,1,3,7,30,16,0
0,1,3,4,5,909,1,1,18,2,3,20,0,5,41,6,5,2017,2,1,46,22,1,1
0,1,1,4,5,827,3,1,27,2,0,25,1,8,41,9,5,2022,2,4,46,12,30,1
0,1,5,6,8,785,7,1,30,2,4,95,1,61,31,57,6,2015,2,3,38,29,33,1
3,0,1,2,5,700,4,1,45,1,3,17,1,56,35,51,5,2019,1,2,40,22,42,0
1,0,3,8,5,478,8,1,17,2,5,21,1,38,41,31,5,2022,2,2,46,30,19,1
0,1,1,4,5,418,5,1,27,1,4,59,0,49,41,44,5,2016,1,0,46,22,30,1
1,1,1,5,6,273,2,1,45,2,3,88,1,55,75,50,5,2019,2,3,77,9,42,1
2,1,2,5,5,259,12,0,15,2,0,7,0,40,68,35,5,2024,2,2,71,28,18,1
0,1,1,4,5,771,4,0,53,2,3,39,0,39,41,32,4,2021,2,3,46,9,54,1
0,3,3,0,5,444,12,1,26,1,1,13,0,60,41,56,0,2022,1,5,46,31,28,1
3,1,1,2,5,756,11,1,13,1,0,74,1,65,41,61,5,2025,1,3,46,26,16,0
1,1,1,8,5,1024,7,1,27,3,5,27,0,24,41,58,5,2025,0,3,46,22,30,0
0,1,2,4,5,363,4,1,27,1,0,48,0,53,41,48,5,2016,1,5,46,28,30,1
0,0,2,7,5,1163,8,1,13,3,1,13,1,70,41,27,5,2025,0,3,46,11,16,0
1,0,4,8,5,238,3,1,40,1,1,28,2,22,68,22,5,2021,1,3,71,9,39,1
1,1,3,8,5,253,6,0,27,1,5,59,2,12,41,13,5,2023,1,3,46,34,30,0
1,3,2,5,6,340,2,1,21,2,4,49,0,25,74,20,6,2025,2,3,76,19,25,0
0,0,2,8,4,420,12,1,43,1,0,47,0,22,78,22,8,2023,1,3,79,17,45,1
3,0,2,1,5,621,3,0,45,1,1,22,1,41,41,59,5,2016,1,5,46,30,42,0
1,3,5,8,5,549,2,0,4,2,2,1,0,14,41,54,8,2023,2,3,46,9,5,0
1,1,3,8,5,689,12,1,45,2,0,1,0,66,41,62,5,2022,0,3,46,14,42,1
2,1,2,5,5,952,10,1,45,2,0,5,0,26,20,23,5,2018,0,1,25,9,42,0
0,3,2,4,5,407,8,1,29,1,2,27,1,81,41,81,4,2015,1,1,46,30,47,1
1,1,1,6,5,448,10,1,45,2,4,5,1,34,63,29,5,2018,0,5,68,35,42,1
0,1,2,0,5,460,12,0,45,1,2,27,1,23,41,21,5,2019,1,4,46,30,42,1
2,0,5,2,2,385,2,0,51,2,0,90,1,65,2,61,2,2017,2,3,1,1,52,0
2,1,3,5,5,239,3,0,27,2,3,56,1,55,41,50,5,2024,2,2,46,22,30,0
0,1,4,4,5,718,6,1,15,2,3,45,3,18,41,60,5,2016,2,1,46,37,18,1
1,0,3,6,4,626,8,1,40,2,4,20,0,3,60,4,5,2024,2,1,18,35,39,1
1,1,5,8,5,244,8,1,43,1,3,95,1,14,0,54,8,2017,1,3,6,2,45,0
2,0,2,5,5,90,8,1,17,1,5,70,1,27,68,24,5,2016,1,1,71,30,19,0
0,0,3,7,5,693,5,1,55,2,2,2,0,70,41,27,5,2018,2,3,46,31,55,1
1,1,4,8,5,414,2,1,13,2,3,74,1,48,24,43,5,2022,2,2,27,28,16,1
0,1,4,4,5,370,10,1,54,1,2,47,1,29,41,64,5,2024,1,5,46,31,34,0
0,0,1,8,4,953,12,1,8,2,4,58,1,66,9,62,8,2017,2,1,8,37,9,0
0,1,1,0,5,496,11,1,15,1,4,77,0,21,41,16,5,2025,1,1,46,10,18,1
0,1,2,7,5,737,7,1,52,2,6,19,1,19,41,34,7,2016,2,2,46,15,51,1
0,1,3,6,8,404,6,1,32,1,4,17,0,34,39,29,6,2016,1,4,17,34,15,0
0,1,2,4,5,863,7,1,45,2,4,60,1,4,41,5,5,2018,2,3,46,2,42,0
3,0,2,2,5,955,3,1,54,1,1,10,1,65,41,61,5,2022,1,2,46,2,34,0
0,0,2,4,8,437,12,1,50,1,0,39,0,81,62,81,8,2016,1,3,66,13,46,0
3,1,1,3,5,506,11,1,17,1,2,66,0,37,23,66,5,2015,1,3,26,31,19,0
3,1,1,1,5,867,8,0,27,1,1,33,1,63,41,18,5,2022,1,4,46,6,30,1
0,1,2,4,5,481,11,1,55,1,5,57,1,53,41,48,5,2025,1,3,46,9,55,0
0,1,1,4,0,670,2,1,7,2,5,63,1,79,38,78,4,2025,2,1,44,5,10,1
0,1,3,7,5,381,7,1,13,1,1,21,2,70,41,27,5,2018,1,3,46,28,16,0
0,3,2,4,5,404,10,1,27,1,0,49,2,18,41,60,5,2018,1,1,46,30,30,0
1,1,6,6,5,144,9,1,18,1,1,31,2,34,23,29,5,2025,1,2,26,35,1,0
0,1,4,0,5,886,12,1,45,2,1,33,1,21,35,16,5,2015,2,5,40,22,42,1
0,1,3,7,5,831,6,1,52,2,3,79,0,57,41,49,7,2023,2,2,46,28,51,0
1,3,2,8,5,575,4,1,54,2,1,25,1,20,41,19,5,2017,2,1,46,2,34,0
1,1,1,6,5,470,3,0,55,2,2,13,0,77,41,75,5,2022,2,2,46,30,55,1
0,1,2,4,5,633,11,1,35,2,2,62,1,79,0,78,4,2024,2,3,6,12,8,0
1,2,4,8,5,210,4,1,40,1,3,44,1,51,41,17,5,2019,1,3,46,2,39,0
2,2,5,5,5,105,3,1,55,1,0,43,2,54,41,55,5,2015,1,4,46,31,55,1
2,1,3,5,5,70,12,1,13,1,0,41,1,68,24,63,5,2017,1,4,27,2,16,1
1,0,1,8,5,276,12,0,8,1,6,32,0,22,41,22,8,2019,1,5,46,14,9,0
1,0,2,6,5,186,11,0,27,1,6,28,1,74,20,69,5,2024,1,4,25,31,30,0
0,1,2,4,5,403,1,1,47,1,2,5,1,79,41,78,4,2022,1,1,46,22,49,1
1,1,1,6,5,214,9,1,27,1,2,46,0,15,41,10,5,2019,1,1,46,8,30,0
0,1,2,6,8,410,11,1,17,1,0,17,1,28,62,80,5,2017,1,3,66,34,19,0
1,1,4,6,5,414,11,0,41,2,3,102,1,3,41,4,6,2019,2,4,46,22,40,0
1,1,2,8,5,235,2,1,45,1,3,49,1,66,41,62,5,2025,1,1,46,9,42,0
0,1,2,4,5,365,7,1,27,1,5,87,0,8,41,9,5,2023,1,0,46,9,30,1
0,1,1,4,5,303,1,1,45,1,3,26,1,59,41,52,5,2024,1,1,46,9,42,1
3,0,2,3,5,911,7,1,9,2,6,51,1,64,41,11,3,2024,2,0,46,22,14,0
0,1,5,4,5,904,8,1,28,2,6,32,1,30,41,25,4,2021,2,1,46,30,31,0
1,1,4,8,5,594,5,1,27,2,3,11,1,48,41,43,5,2024,2,0,46,22,30,1
0,1,2,5,4,810,7,1,53,2,1,30,1,6,78,0,4,2023,2,3,79,31,54,0
0,1,2,7,5,755,1,1,27,2,5,39,0,32,41,26,5,2018,2,3,46,28,30,0
0,0,2,7,5,358,3,0,55,1,2,76,1,11,41,8,5,2019,1,5,46,24,55,0
1,1,1,8,5,591,1,0,27,2,5,18,1,22,41,22,5,2021,2,3,46,9,30,0
0,1,1,4,5,482,8,1,27,1,3,10,0,49,41,44,5,2021,1,2,46,31,30,1
0,1,4,4,5,386,4,1,27,1,4,64,0,29,41,64,5,2020,1,3,46,31,30,0
2,2,3,5,5,876,5,1,27,2,1,83,0,68,41,63,5,2022,0,1,46,2,30,0
1,1,2,8,5,431,6,1,37,2,6,27,0,58,24,53,8,2024,2,1,27,34,35,1
1,3,2,6,5,236,4,1,30,1,5,30,0,34,41,29,6,2024,1,1,46,30,33,0
1,1,3,8,5,906,9,1,8,3,4,25,0,20,24,19,8,2022,0,1,27,31,9,0
1,1,1,8,5,703,9,0,20,2,5,58,0,20,63,19,5,2018,0,2,68,22,21,1
1,1,2,8,5,304,9,1,55,1,0,45,0,48,41,43,5,2018,1,1,46,30,55,0
3,1,3,5,2,1665,11,0,40,2,4,44,1,26,2,23,5,2019,2,1,1,28,39,1
0,2,3,6,1,733,8,1,48,2,2,22,0,3,79,4,1,2025,2,4,36,4,50,0
3,0,4,3,5,988,7,1,17,2,3,106,1,64,41,11,5,2025,2,2,46,9,19,1
1,0,3,8,5,291,9,1,37,1,2,68,1,35,41,30,8,2023,1,0,46,22,35,1
0,1,6,4,5,790,9,1,16,2,2,92,1,59,41,52,4,2020,0,3,46,22,41,0
3,1,3,1,5,885,8,1,27,1,0,1,0,63,41,18,5,2025,1,5,46,28,30,0
1,1,3,4,6,280,1,1,17,1,0,14,1,18,15,60,5,2017,1,1,16,35,19,0
0,0,2,4,5,854,1,0,45,2,4,10,0,29,41,64,5,2018,2,1,46,28,42,1
1,1,3,8,5,525,8,0,4,2,5,28,0,12,41,13,8,2023,2,2,46,22,5,1
3,1,6,3,5,484,10,1,27,1,0,22,2,33,41,28,5,2023,1,0,46,28,30,1
1,1,1,8,5,203,4,1,27,1,2,70,0,43,41,37,5,2016,1,2,46,30,30,0
0,1,4,4,5,759,7,1,22,2,2,97,1,18,41,60,4,2017,2,1,46,9,23,0
3,1,2,2,5,1746,11,0,18,2,1,10,0,65,0,61,5,2021,2,3,6,30,1,1
1,1,1,8,5,906,4,0,18,3,2,53,1,66,24,62,5,2018,0,4,27,2,1,1
1,1,2,8,5,572,5,1,37,2,6,55,1,43,41,37,8,2018,0,4,46,30,35,0
3,1,1,1,5,1343,12,1,40,2,6,34,0,41,41,59,5,2019,2,3,46,22,39,1
0,1,2,4,0,299,5,1,35,1,2,41,0,59,38,52,4,2016,1,2,44,12,8,0
0,1,2,0,1,391,3,0,1,1,0,7,1,42,45,36,1,2024,1,4,47,6,7,0
3,1,2,3,5,478,6,1,20,1,6,68,0,78,63,73,5,2023,1,1,68,22,21,0
2,0,2,5,5,204,5,0,55,2,5,61,1,71,23,68,5,2024,2,5,26,28,55,1
0,0,2,4,5,391,11,1,54,1,5,3,0,59,41,52,5,2024,1,3,46,37,34,1
0,0,3,4,5,381,5,0,40,1,1,67,2,29,41,64,5,2016,1,1,46,2,39,1
1,2,3,8,5,552,5,1,0,2,5,33,2,35,41,30,8,2023,2,1,46,2,24,1
3,1,2,5,3,967,5,1,55,2,1,15,0,40,11,35,5,2015,0,5,64,18,55,0
1,1,2,8,5,442,9,1,50,2,3,14,0,38,41,31,8,2023,2,2,46,29,46,1
0,1,5,7,5,643,3,1,27,2,1,91,1,11,41,8,5,2023,2,3,46,28,30,0
0,2,1,4,0,282,5,1,22,1,2,91,0,52,21,46,4,2017,1,3,23,37,23,0
1,3,2,8,5,204,10,0,37,1,3,36,0,73,23,70,8,2017,1,1,26,22,35,0
0,1,3,4,5,480,12,1,45,1,5,12,1,52,41,46,5,2025,1,1,46,9,42,1
1,1,2,8,5,583,4,0,40,2,1,17,1,73,41,70,5,2023,2,1,46,9,39,0
2,1,4,5,5,173,1,1,27,2,0,31,2,55,41,50,5,2016,2,2,46,31,30,0
0,3,2,6,0,738,3,1,41,2,6,63,0,61,21,57,6,2025,2,1,23,16,40,1
1,1,2,6,5,162,4,0,20,1,1,81,0,76,47,74,5,2018,1,1,7,19,21,0
1,1,2,8,5,601,10,1,49,2,3,22,1,51,41,17,8,2022,2,3,46,31,53,1
1,1,2,8,5,527,3,0,49,2,1,13,1,12,41,13,8,2023,2,5,46,31,53,1
0,1,1,1,0,870,6,1,26,2,6,63,0,63,56,18,0,2021,2,3,60,20,28,1
1,1,2,8,5,600,8,1,43,2,4,26,0,22,41,22,8,2024,2,5,46,22,45,0
0,1,3,0,8,784,7,1,0,2,4,36,0,42,39,36,8,2025,2,3,17,20,24,0
0,0,5,6,2,907,2,0,32,2,2,52,3,16,51,15,6,2022,2,3,56,16,15,0
0,1,4,0,5,739,1,1,13,2,5,25,1,42,24,36,5,2018,2,1,27,22,16,1
1,1,2,6,5,410,8,1,27,2,4,14,1,74,41,69,5,2017,2,5,46,8,30,1
1,1,1,8,5,189,2,1,27,1,6,10,0,73,41,70,5,2024,1,2,46,30,30,1
3,0,2,3,5,597,4,1,27,1,4,66,0,78,41,73,5,2023,1,1,46,30,30,0
0,1,3,4,8,597,7,1,47,1,5,31,0,29,31,64,4,2018,1,3,38,37,49,0
3,3,2,3,5,980,7,1,27,2,0,48,1,78,41,73,5,2019,2,3,46,22,30,1
1,0,1,6,5,100,10,1,45,1,5,11,1,74,41,69,5,2024,1,3,46,30,42,1
1,1,1,8,5,250,2,1,27,1,6,82,0,48,41,43,5,2023,1,1,46,25,30,0
1,1,2,8,5,533,4,1,45,2,1,112,0,48,41,43,5,2017,2,4,46,29,42,1
0,0,2,4,5,768,3,1,20,2,3,62,0,79,41,78,5,2019,2,4,46,33,21,1
3,1,3,3,5,1028,1,1,54,2,0,26,0,64,68,11,5,2015,2,1,71,2,34,1
1,3,4,8,5,599,5,0,4,2,5,112,1,66,41,62,8,2021,2,1,46,22,5,1
0,0,2,7,5,701,9,1,55,2,3,86,0,45,35,40,5,2025,2,5,40,22,55,0
1,1,1,8,5,318,7,0,27,1,6,59,0,58,41,53,5,2017,1,3,46,14,30,1
1,0,2,8,5,307,9,1,45,1,5,28,0,73,20,70,5,2015,1,5,25,29,42,1
0,3,2,2,6,816,7,1,30,3,3,74,0,75,69,72,6,2023,0,3,74,23,33,1
0,1,1,0,5,855,3,1,45,2,3,65,0,60,41,56,5,2019,2,1,46,9,42,1
2,1,2,2,2,422,1,1,39,2,1,57,1,56,2,51,2,2023,2,3,1,1,38,0
1,3,3,6,5,212,12,1,21,1,2,71,1,10,24,7,6,2016,1,2,27,9,25,1
1,1,2,8,5,472,12,1,45,2,3,37,2,14,41,54,5,2023,2,5,46,9,42,0
0,1,2,4,5,455,3,0,17,1,1,25,1,8,41,9,5,2015,1,0,46,22,19,0
0,1,3,7,5,658,1,0,18,2,1,75,1,57,41,49,5,2018,2,5,46,31,1,0
1,3,3,8,5,575,8,1,49,2,3,22,1,73,41,70,8,2016,2,2,46,25,53,1
1,1,2,8,5,516,11,0,55,2,5,68,0,51,41,17,5,2023,2,0,46,31,55,0
1,1,1,8,5,477,6,1,20,2,3,37,1,51,41,17,5,2016,2,3,46,28,21,0
1,0,2,8,5,585,5,1,13,2,1,14,1,35,41,30,5,2024,2,5,46,31,16,0
0,3,3,7,5,734,5,1,46,2,6,62,2,11,35,8,7,2025,2,5,40,9,48,0
1,1,5,8,5,555,12,1,37,2,1,49,1,14,41,54,8,2022,2,1,46,22,35,0
0,1,5,4,5,404,8,1,54,1,1,37,2,30,55,25,5,2021,1,1,54,37,34,1
1,1,1,6,5,169,2,1,15,1,0,40,1,10,0,7,5,2018,1,5,6,22,18,1
0,1,2,4,5,327,12,1,18,1,0,53,1,29,41,64,5,2022,1,3,46,5,1,1
1,3,4,6,5,326,7,0,17,2,3,12,1,76,41,74,5,2023,2,4,46,28,19,1
3,0,1,3,5,1010,5,1,11,2,0,88,1,64,68,11,3,2021,2,4,71,22,11,0
1,1,2,8,5,460,3,1,45,2,1,88,0,38,50,31,5,2019,2,2,55,28,42,1
0,1,2,3,8,407,2,1,11,1,2,63,0,33,17,28,3,2025,1,3,51,29,11,1
1,1,1,6,5,396,9,1,27,2,1,90,0,15,41,10,5,2019,2,5,46,2,30,1
1,1,3,8,5,533,3,1,17,2,0,29,1,51,41,17,5,2023,2,5,46,29,19,1
1,2,2,6,5,137,4,0,41,1,3,76,2,3,41,4,6,2020,1,5,46,9,40,1
3,3,2,3,5,574,4,1,27,1,1,6,0,67,41,67,5,2024,1,3,46,2,30,0
0,1,2,4,5,349,12,1,53,1,2,16,1,5,41,6,4,2017,1,2,46,33,54,1
0,1,5,7,5,355,1,1,27,1,3,28,0,32,41,26,5,2019,1,3,46,24,30,1
1,1,4,8,5,395,3,1,43,2,2,63,1,51,41,17,8,2017,2,5,46,22,45,0
1,1,2,8,5,467,12,1,40,2,3,65,1,17,41,39,5,2023,2,4,46,34,39,0
0,3,3,6,8,497,10,0,37,1,1,28,2,34,53,29,8,2019,1,1,58,14,35,1
2,1,3,4,4,333,6,1,53,2,2,74,1,79,48,78,4,2024,2,3,53,37,54,0
3,1,2,3,5,1064,12,1,13,2,2,59,1,78,24,73,5,2024,2,0,27,22,16,0
0,1,1,1,8,315,10,1,37,1,4,77,0,36,62,79,8,2015,1,3,66,34,35,1
0,1,1,4,5,786,8,1,47,2,0,57,0,79,41,78,4,2017,0,2,46,31,49,0
3,1,2,1,5,1338,12,0,27,2,1,84,2,31,41,65,5,2025,2,5,46,2,30,1
3,1,2,1,5,680,1,1,55,1,1,55,1,63,41,18,5,2023,1,2,46,0,55,1
0,1,1,4,5,738,5,1,55,2,5,19,0,53,41,48,5,2024,2,0,46,2,55,1
0,0,2,3,6,715,5,1,41,2,5,92,2,64,4,11,6,2022,2,3,3,7,40,1
1,2,1,8,5,1158,7,1,18,3,6,13,0,48,20,43,5,2021,0,5,25,28,1,1
1,1,2,6,4,704,10,1,22,2,5,41,0,77,46,75,4,2016,2,5,52,5,23,1
1,1,2,8,5,202,9,0,37,1,0,98,0,73,41,70,8,2023,1,2,46,30,35,0
2,1,3,5,5,111,11,1,27,1,6,56,1,40,41,35,5,2021,1,3,46,31,30,0
0,1,1,7,5,387,9,1,31,1,2,22,0,32,41,26,7,2022,1,4,46,22,32,1
0,1,3,4,3,890,7,1,16,2,2,13,0,52,66,46,4,2019,0,1,37,5,41,0
0,1,4,0,5,360,8,1,13,1,2,19,0,21,41,16,5,2024,1,5,46,31,16,0
1,1,1,8,5,470,12,1,49,2,2,151,0,73,41,70,8,2024,2,4,46,28,53,1
1,0,2,4,6,273,3,1,25,1,1,91,1,5,15,6,4,2024,1,5,16,8,27,0
1,1,2,8,5,415,11,1,27,2,6,67,0,58,41,53,5,2023,2,5,46,22,30,0
2,0,1,5,5,95,5,1,54,1,1,109,1,25,47,20,5,2019,1,4,7,28,34,1
1,3,3,8,5,288,6,1,18,1,4,30,1,48,68,43,5,2019,1,3,71,31,1,1
1,1,1,8,5,290,11,1,18,1,5,51,0,43,41,37,5,2022,1,4,46,14,1,1
1,1,4,8,5,544,1,1,18,2,6,64,1,12,41,13,5,2025,2,3,46,25,1,1
3,1,5,3,5,1501,7,1,54,3,3,126,1,78,41,73,5,2018,0,1,46,7,34,1
0,0,1,7,5,771,1,1,17,2,0,41,0,57,41,49,5,2016,2,5,46,24,19,1
0,1,2,4,5,808,12,1,55,2,6,25,0,8,41,9,5,2024,2,2,46,30,55,0
1,0,1,6,5,133,9,1,27,1,6,7,0,77,41,75,5,2022,1,5,46,2,30,0
1,1,3,6,5,174,9,1,55,1,5,39,0,3,41,4,5,2025,1,3,46,8,55,0
0,0,4,7,5,321,9,0,46,1,4,40,2,11,41,8,7,2025,1,2,46,2,48,0
2,1,1,5,5,216,3,0,27,2,4,1,0,6,41,0,5,2019,2,2,46,30,30,0
1,1,2,6,5,115,8,1,27,1,3,37,1,74,41,69,5,2021,1,2,46,23,30,1
1,3,1,8,5,276,1,1,43,1,3,58,0,17,41,39,8,2018,1,3,46,22,45,1
3,3,2,2,5,1633,10,1,27,2,4,26,0,75,41,72,5,2025,2,1,46,31,30,0
0,1,1,7,5,805,1,1,55,2,1,17,1,57,41,49,5,2023,2,0,46,30,55,0
1,3,2,8,5,468,5,1,15,2,0,82,0,14,41,54,5,2024,2,2,46,2,18,1
0,2,2,7,5,1099,3,1,18,3,4,68,0,19,23,34,5,2019,0,1,26,30,1,1
2,1,6,5,5,171,4,1,40,2,5,76,0,71,41,68,5,2018,2,2,46,28,39,0
0,3,4,4,5,809,10,1,54,2,4,70,1,79,55,78,5,2025,2,5,54,30,34,1
1,1,2,6,5,625,1,1,17,2,2,6,1,9,41,12,5,2022,0,1,46,9,19,0
0,1,4,4,5,348,3,1,16,1,1,64,2,39,41,32,4,2023,1,2,46,17,41,0
0,1,1,4,5,853,11,1,20,2,2,75,0,4,41,5,5,2021,2,2,46,12,21,1
1,1,2,8,5,216,5,1,37,1,5,114,0,22,41,22,8,2024,1,1,46,14,35,1
1,1,2,8,5,272,2,1,27,1,3,58,0,38,41,31,5,2020,1,5,46,3,30,0
1,0,2,8,5,502,10,1,37,2,5,76,1,48,41,43,8,2018,2,1,46,22,35,1
1,3,2,8,5,544,6,1,27,2,6,17,1,38,41,31,5,2022,2,1,46,2,30,0
0,3,4,7,5,424,12,1,27,1,2,8,1,32,41,26,5,2023,1,1,46,31,30,1
2,2,1,4,4,538,3,0,16,2,1,46,0,52,44,46,4,2022,0,3,49,5,41,1
2,3,1,5,5,148,10,1,45,2,6,64,0,25,41,20,5,2021,2,1,46,22,42,1
0,0,1,8,6,514,7,1,21,2,1,43,0,66,69,62,6,2025,2,4,74,29,25,1
1,0,3,8,5,225,4,1,55,1,1,20,2,66,41,62,5,2015,1,1,46,31,55,0
3,1,2,3,5,583,10,1,27,1,0,64,1,67,41,67,5,2024,1,0,46,9,30,0
3,1,5,2,5,1433,3,1,13,2,1,50,1,65,47,61,5,2025,2,5,7,2,16,0
1,1,3,8,5,222,6,1,13,1,2,13,3,66,41,62,5,2023,1,5,46,2,16,1
1,0,4,6,5,404,10,1,15,2,3,96,3,9,41,12,5,2019,0,2,46,2,18,1
1,1,1,6,5,411,12,1,27,2,5,75,1,77,41,75,5,2022,2,0,46,31,30,0
3,2,1,3,5,566,11,0,27,1,1,85,0,64,41,11,5,2016,1,2,46,21,30,1
0,1,4,8,4,557,6,1,4,1,1,38,3,14,6,54,8,2024,1,4,5,3,5,0
0,1,2,7,5,809,8,0,27,2,1,36,1,11,41,8,5,2024,2,3,46,9,30,1
0,1,2,6,8,1038,7,1,37,3,2,58,0,74,62,69,8,2017,0,4,66,19,35,0
0,1,3,4,5,403,8,1,54,1,2,39,0,79,41,78,5,2024,1,5,46,30,34,1
0,0,3,4,8,923,2,1,0,2,2,58,0,29,39,64,8,2017,0,3,17,33,24,0
0,3,2,4,5,756,9,0,28,2,0,62,0,30,41,25,4,2017,2,3,46,28,31,1
0,1,2,7,1,839,10,1,38,2,2,13,1,45,65,40,7,2019,2,3,31,6,37,0
0,1,1,7,5,739,4,1,31,2,5,1,1,32,41,26,7,2025,2,1,46,24,32,0
0,1,1,4,5,801,1,1,35,2,2,3,0,39,41,32,4,2021,2,1,46,17,8,0
2,1,2,5,5,616,2,1,55,3,2,37,1,25,35,20,5,2015,0,5,40,9,55,0
3,0,4,3,5,927,6,0,27,2,1,7,1,67,41,67,5,2018,2,1,46,18,30,0
0,3,5,4,5,452,12,1,22,1,0,2,2,8,41,9,4,2022,1,1,46,37,23,1
3,0,1,3,5,460,12,1,45,1,4,5,1,78,41,73,5,2025,1,1,46,28,42,1
3,1,3,2,5,754,12,0,27,1,5,42,0,56,41,51,5,2022,1,3,46,28,30,1
1,1,2,6,5,315,6,0,20,2,3,38,0,77,41,75,5,2020,2,1,46,35,21,0
1,0,5,6,5,1116,11,1,27,3,1,11,3,34,41,29,5,2025,0,1,46,23,30,0
0,0,2,4,5,733,7,1,13,2,5,31,1,79,24,78,5,2017,2,1,27,2,16,1
0,1,4,5,0,887,10,1,45,2,6,6,1,68,16,63,5,2020,2,2,21,27,42,1
0,3,1,3,3,318,5,1,10,1,0,40,0,33,11,28,3,2017,1,2,64,7,3,0
3,1,1,2,5,871,4,0,20,1,1,54,0,75,24,72,5,2022,1,5,27,28,21,1
0,1,2,4,5,771,10,0,18,2,2,46,2,59,41,52,5,2019,0,2,46,5,1,0
1,0,1,8,5,619,10,1,50,2,4,27,0,73,41,70,8,2023,2,0,46,29,46,1
2,0,1,5,5,117,11,1,54,1,2,10,0,71,0,68,5,2025,1,2,6,28,34,1
1,0,1,8,5,519,1,0,0,2,2,50,0,12,41,13,8,2023,2,1,46,28,24,0
0,1,2,4,5,780,7,1,54,2,3,21,0,5,41,6,5,2022,2,3,46,2,34,1
1,1,1,8,5,1007,5,1,50,3,3,84,1,22,41,22,8,2021,0,2,46,31,46,1
1,3,2,6,5,373,8,1,17,2,1,7,1,15,41,10,5,2015,2,4,46,2,19,1
1,0,1,6,5,243,3,0,45,2,6,11,1,15,41,10,5,2019,2,5,46,19,42,1
0,1,2,0,5,448,12,1,45,1,5,66,1,2,41,3,5,2025,1,1,46,31,42,0
0,1,5,4,5,405,1,1,55,1,2,81,1,59,41,52,5,2025,1,2,46,9,55,0
0,1,2,4,5,381,3,1,7,1,5,35,0,53,20,48,4,2022,1,0,25,31,10,0
0,1,1,4,5,822,10,0,45,2,6,66,0,5,63,6,5,2017,2,3,68,31,42,0
0,1,1,4,5,469,12,1,16,1,6,55,0,30,41,25,4,2023,1,2,46,2,41,0
1,0,4,8,5,265,10,1,27,1,0,68,0,58,41,53,5,2025,1,5,46,31,30,0
1,1,2,6,5,144,11,0,45,1,3,57,0,34,41,29,5,2015,1,1,46,9,42,0
0,1,3,4,5,961,7,1,27,2,1,43,0,81,41,81,5,2024,0,1,46,30,30,0
0,1,6,0,5,941,2,1,45,2,4,5,1,50,41,42,5,2018,2,3,46,30,42,0
3,1,3,5,3,1026,2,0,40,2,6,9,1,7,66,47,5,2024,2,5,37,18,39,1
0,1,4,4,5,416,4,1,47,1,3,25,0,39,41,32,4,2023,1,1,46,22,49,1
0,3,3,0,5,717,1,1,15,2,1,92,1,23,41,21,5,2024,2,3,46,22,18,1
1,1,1,8,5,254,10,1,15,1,5,18,1,17,41,39,5,2018,1,3,46,30,18,1
1,0,6,8,5,1128,9,0,27,3,6,22,4,14,41,54,5,2024,0,5,46,3,30,0
1,1,6,6,5,339,5,0,27,2,3,3,1,74,41,69,5,2016,2,4,46,22,30,0
0,3,3,0,5,721,6,1,45,2,4,23,1,44,41,38,5,2025,2,5,46,31,42,1
1,1,1,8,5,181,8,1,17,1,2,41,0,17,41,39,5,2022,1,5,46,31,19,0
1,1,1,8,5,492,5,0,27,2,4,17,1,58,41,53,5,2025,2,2,46,22,30,1
2,2,5,5,5,195,1,1,27,2,1,111,0,71,41,68,5,2017,2,3,46,9,30,0
1,3,5,8,5,552,4,1,37,2,3,23,1,58,41,53,8,2020,2,4,46,2,35,1
1,0,2,8,5,203,11,1,17,1,3,143,0,24,41,58,5,2024,1,2,46,2,19,1
3,1,1,5,1,745,12,1,20,1,2,69,1,7,79,47,5,2016,1,0,36,0,21,1
1,1,2,5,6,361,4,0,20,2,2,65,0,7,74,47,5,2023,2,0,76,2,21,0
1,2,3,8,5,492,4,1,45,2,0,41,0,51,41,17,5,2025,2,5,46,30,42,1
2,0,1,5,5,94,10,1,18,1,3,24,1,26,68,23,5,2016,1,1,71,22,1,0
0,0,1,0,5,832,9,1,13,2,0,3,0,21,24,16,5,2025,2,1,27,28,16,0
1,1,2,8,5,300,1,1,49,1,6,11,0,14,41,54,8,2022,1,5,46,28,53,0
3,3,2,2,5,1296,6,1,23,2,0,29,0,13,41,14,2,2017,0,3,46,1,26,1
3,1,1,1,5,1248,11,1,20,2,3,57,1,41,41,59,5,2025,0,3,46,2,21,1
0,1,5,7,5,873,12,0,19,2,2,74,2,19,41,34,7,2019,2,1,46,31,20,1
0,1,4,4,5,488,6,1,35,1,2,39,1,53,68,48,4,2024,1,1,71,9,8,1
1,1,2,8,5,371,3,0,27,2,1,72,1,35,41,30,5,2015,2,0,46,31,30,1
0,1,2,8,6,775,6,1,49,2,1,57,1,51,12,17,8,2018,2,2,9,8,53,1
0,0,2,4,5,733,7,1,27,2,4,70,0,53,41,48,5,2023,2,2,46,31,30,1
1,1,2,6,5,161,7,1,55,1,5,54,1,15,35,10,5,2019,1,4,40,2,55,0
1,3,2,6,5,149,6,1,17,1,3,16,0,77,41,75,5,2025,1,1,46,2,19,1
0,3,5,4,5,751,2,1,45,2,2,43,3,81,35,81,5,2025,2,2,40,28,42,1
0,3,2,4,5,823,7,0,17,2,2,42,0,30,41,25,5,2023,2,3,46,22,19,1
2,1,3,5,5,105,3,1,27,1,2,5,1,71,41,68,5,2025,1,0,46,31,30,0
1,1,4,8,5,305,9,1,43,1,6,23,3,17,41,39,8,2023,1,5,46,9,45,1
3,3,1,5,1,745,5,1,1,1,5,24,1,26,45,23,1,2018,1,4,47,30,7,1
1,1,4,8,5,304,11,1,43,1,2,35,1,24,41,58,8,2018,1,1,46,29,45,0
0,1,1,7,5,770,7,1,54,2,4,98,0,11,55,8,5,2025,2,2,54,28,34,0
0,1,5,4,8,580,12,1,54,1,0,10,1,4,37,5,5,2025,1,1,43,29,34,0
0,1,4,0,3,1112,12,1,24,3,6,35,3,60,76,56,3,2019,0,2,62,27,29,1
0,1,3,4,5,873,3,1,18,2,6,94,0,53,68,48,5,2017,2,1,71,22,1,0
0,1,3,4,5,785,7,1,45,2,2,32,0,18,41,60,5,2015,2,0,46,2,42,0
1,1,2,8,5,223,1,1,27,1,0,39,1,66,41,62,5,2022,1,1,46,31,30,1
3,1,2,2,5,924,1,0,27,1,4,79,0,13,41,14,5,2023,1,0,46,26,30,1
1,1,6,6,5,241,12,1,21,2,4,66,1,61,41,57,6,2019,2,1,46,28,25,1
0,0,2,4,5,939,5,1,27,2,5,87,1,4,41,5,5,2024,2,4,46,37,30,1
2,1,1,5,5,503,12,0,20,2,2,93,1,7,41,47,5,2019,0,1,46,9,21,0
0,1,2,4,5,655,9,0,45,2,4,12,1,8,63,9,5,2017,2,5,68,17,42,0
1,3,1,8,5,240,4,1,43,1,4,27,0,14,41,54,8,2017,1,5,46,29,45,0
0,3,4,4,7,702,12,1,3,2,6,82,1,18,26,60,4,2022,2,3,32,5,4,1
3,3,2,1,5,1280,12,1,18,2,2,54,1,47,68,45,5,2017,2,1,71,9,1,1
0,1,4,3,3,448,1,0,10,1,1,4,1,64,76,11,3,2015,1,5,62,18,3,1
3,0,4,2,5,1738,9,1,51,2,2,21,1,75,41,72,2,2020,0,1,46,31,52,1
0,1,3,4,5,747,3,1,27,2,1,14,1,59,41,52,5,2025,2,5,46,2,30,1
1,1,1,8,5,197,2,1,18,1,3,115,1,14,41,54,5,2015,1,5,46,25,1,1
3,1,2,2,5,1684,4,1,20,2,2,45,0,13,41,14,5,2023,2,5,46,28,21,0
1,0,4,8,5,424,3,1,49,2,6,9,2,22,47,22,8,2025,2,3,7,9,53,0
0,0,1,6,3,275,5,1,10,1,4,45,0,15,66,10,3,2017,1,0,37,16,3,0
1,0,2,8,5,289,5,1,50,1,3,36,0,43,41,37,8,2021,1,1,46,9,46,0
0,1,3,7,4,487,11,1,29,1,4,10,3,19,81,34,4,2023,1,5,81,5,47,0
1,1,3,6,5,142,10,1,21,1,1,25,1,10,41,7,6,2022,1,4,46,22,25,1
1,1,3,6,5,397,5,1,32,2,0,15,0,74,41,69,6,2025,2,3,46,31,15,0
1,1,1,5,8,484,2,1,37,2,6,12,0,46,17,41,8,2019,2,1,51,9,35,0
1,1,2,8,5,450,4,1,27,2,0,43,1,12,41,13,5,2024,2,3,46,22,30,0
0,3,4,7,4,442,12,0,53,1,1,13,3,57,32,49,4,2020,1,5,39,37,54,1
0,1,5,4,5,457,1,1,27,1,6,66,1,52,41,46,5,2019,1,1,46,31,30,0
1,1,1,8,5,473,12,1,27,2,4,42,0,43,41,37,5,2023,2,4,46,29,30,1
0,1,1,4,8,522,3,0,22,1,3,52,1,59,62,52,4,2024,1,3,66,29,23,1
0,1,1,4,5,808,12,1,55,2,4,42,0,5,35,6,5,2017,2,3,40,22,55,1
1,0,2,8,5,509,8,1,27,2,0,29,1,35,41,30,5,2018,2,5,46,3,30,1
1,1,3,8,5,437,10,1,4,2,6,29,0,17,68,39,8,2019,2,4,71,2,5,0
1,0,2,8,5,479,5,0,27,2,6,48,0,43,41,37,5,2025,2,0,46,34,30,0
1,0,4,8,5,180,7,1,37,1,1,39,1,35,41,30,8,2025,1,1,46,14,35,1
1,1,2,8,5,459,6,0,40,2,5,58,0,22,55,22,5,2021,2,3,54,31,39,1
1,1,1,8,5,288,5,1,27,1,6,43,1,38,41,31,5,2023,1,0,46,30,30,1
0,1,5,7,6,724,3,1,44,2,2,1,2,57,80,49,7,2015,2,1,28,19,43,1
0,0,2,6,1,579,1,0,12,2,1,4,1,16,59,15,1,2023,2,0,41,4,13,0
2,0,1,5,5,115,9,1,15,1,2,23,1,27,47,24,5,2017,1,5,7,2,18,1
2,3,1,2,2,218,9,1,20,1,1,25,0,65,51,61,5,2023,1,4,56,1,21,0
1,1,1,8,5,190,11,1,54,1,0,32,1,43,41,37,5,2019,1,1,46,9,34,1
0,2,2,7,5,313,11,1,40,1,3,92,1,70,41,27,5,2024,1,5,46,31,39,1
1,0,3,8,5,201,11,1,18,1,2,11,1,38,41,31,5,2024,1,2,46,28,1,0
1,1,1,8,5,468,9,1,27,2,5,32,1,38,41,31,5,2025,2,3,46,3,30,0
1,2,1,8,5,440,5,0,40,2,1,15,0,48,68,43,5,2023,2,2,71,30,39,1
3,1,3,5,1,636,5,0,45,1,2,32,1,71,18,68,5,2019,1,5,63,2,42,1
1,1,2,8,5,182,4,1,55,1,3,59,2,24,63,58,5,2018,1,1,68,3,55,0
0,1,2,4,5,717,7,1,16,2,5,47,1,49,41,44,4,2025,0,5,46,30,41,1
0,0,1,6,0,844,10,1,26,2,2,63,0,16,36,15,0,2023,2,3,42,35,28,0
0,0,2,4,5,331,1,1,20,1,6,26,1,30,41,25,5,2018,1,3,46,12,21,0
0,1,5,5,0,808,10,1,40,2,1,8,3,7,42,47,5,2024,2,1,50,27,39,1
1,1,6,8,5,260,2,1,18,1,0,21,2,24,41,58,5,2024,1,3,46,25,1,1
0,1,1,0,5,792,8,1,45,2,1,24,1,42,63,36,5,2018,2,3,68,22,42,1
1,1,2,8,5,416,7,1,4,2,2,73,0,35,41,30,8,2022,2,4,46,29,5,1
1,1,2,5,6,111,7,1,18,1,6,49,1,68,7,63,5,2021,1,1,10,16,1,1
0,1,1,7,5,739,8,1,55,2,5,38,0,45,35,40,5,2023,2,5,40,22,55,1
1,3,1,8,5,404,6,1,0,2,3,37,1,35,41,30,8,2025,2,3,46,3,24,1
1,1,6,8,5,224,7,1,45,1,1,47,1,14,41,54,5,2016,1,3,46,22,42,0
1,0,1,8,5,999,11,1,18,3,5,22,0,24,41,58,5,2025,0,3,46,2,1,1
1,1,2,8,5,405,5,0,18,2,5,40,1,73,41,70,5,2015,2,2,46,25,1,0
0,0,3,7,4,813,8,1,29,2,4,1,0,19,81,34,4,2025,2,4,81,33,47,1
0,0,5,4,5,345,8,1,53,1,1,97,2,79,41,78,4,2024,1,2,46,30,54,0
1,1,1,6,5,236,11,0,21,1,0,25,0,15,23,10,6,2019,1,5,26,22,25,1
2,1,3,5,5,99,11,1,27,1,1,31,2,71,41,68,5,2019,1,3,46,31,30,1
1,1,2,6,5,134,7,1,32,1,3,32,0,61,41,57,6,2025,1,4,46,31,15,1
0,1,2,4,5,407,4,1,18,1,1,10,0,59,50,52,5,2024,1,3,55,2,1,0
0,1,4,6,1,869,2,1,2,2,0,4,1,34,77,29,1,2018,2,0,80,6,2,0
0,1,5,6,6,493,3,1,20,1,4,76,2,10,29,7,5,2021,1,1,34,8,21,0
3,1,2,1,5,1320,1,1,13,2,3,62,0,36,41,79,5,2018,2,3,46,9,16,1
1,1,3,6,5,123,11,1,15,1,1,66,1,76,55,74,5,2025,1,0,54,2,18,1
0,3,2,4,5,300,2,0,25,1,2,159,0,4,41,5,4,2018,1,1,46,37,27,0
0,0,3,8,1,401,4,1,2,1,0,38,1,58,77,53,1,2021,1,1,80,0,2,0
1,1,4,8,5,448,9,1,45,2,4,62,0,48,50,43,5,2020,2,5,55,9,42,0
1,1,5,8,5,536,2,0,4,2,2,84,2,38,41,31,8,2017,0,1,46,29,5,0
1,2,5,6,5,205,4,1,18,1,1,8,1,34,41,29,5,2018,1,3,46,22,1,1
3,1,6,3,5,1029,2,0,15,2,6,39,4,64,41,11,5,2022,2,1,46,9,18,1
1,1,1,6,5,182,4,1,27,1,1,37,0,74,41,69,5,2017,1,0,46,9,30,1
0,1,1,4,5,875,8,1,54,2,2,30,0,30,0,25,5,2020,2,5,6,12,34,0
3,1,2,3,5,582,8,1,18,1,3,63,2,64,41,11,5,2019,1,3,46,30,1,0
1,1,4,8,5,215,1,1,13,1,3,14,1,51,41,17,5,2024,1,3,46,34,16,0
0,1,1,7,5,426,5,0,40,1,6,100,0,19,23,34,5,2025,1,3,26,2,39,0
0,1,1,5,0,361,11,1,54,1,3,39,0,54,36,55,5,2019,1,0,42,20,34,1
1,3,3,8,5,192,10,1,0,1,5,69,0,51,41,17,8,2019,1,3,46,22,24,0
1,2,1,8,5,282,10,0,15,1,6,126,0,66,41,62,5,2022,1,1,46,3,18,0
1,1,5,6,5,241,6,1,27,1,4,5,2,76,41,74,5,2021,1,0,46,22,30,0
3,1,5,3,5,1103,2,1,27,2,6,19,1,62,41,76,5,2019,2,1,46,2,30,1
1,1,2,8,5,532,3,1,4,2,4,56,0,12,20,13,8,2016,2,5,25,22,5,0
0,1,3,4,5,422,7,1,27,1,0,61,0,79,41,78,5,2025,1,2,46,37,30,1
0,1,4,4,5,744,2,1,29,2,1,22,2,81,0,81,4,2021,2,5,6,22,47,0
0,0,5,7,5,1110,6,1,17,3,1,23,0,19,41,34,5,2022,0,0,46,11,19,1
0,0,6,7,2,327,7,1,52,1,5,42,1,32,14,26,7,2019,1,2,13,26,51,1
3,0,1,2,5,1474,6,0,23,2,6,32,0,56,41,51,2,2025,2,5,46,31,26,0
0,1,3,4,5,902,12,0,7,2,4,12,2,4,41,5,4,2015,2,1,46,31,10,1
0,1,1,5,4,866,2,0,45,2,0,30,0,68,60,63,5,2018,2,3,18,12,42,0
2,0,3,5,5,87,6,0,55,1,0,34,2,46,0,41,5,2017,1,4,6,31,55,1
0,1,2,7,5,372,7,1,20,1,3,99,0,11,41,8,5,2015,1,1,46,30,21,1
1,3,3,8,5,260,12,1,27,1,6,33,2,35,41,30,5,2023,1,5,46,2,30,0
1,3,2,6,5,449,2,1,15,2,0,25,0,61,41,57,5,2024,2,4,46,16,18,1
3,2,1,3,5,1141,8,1,24,2,4,36,1,37,41,66,3,2017,2,3,46,18,29,0
0,3,5,3,4,754,2,0,33,2,4,40,0,67,6,67,3,2022,2,5,5,17,12,1
0,0,3,7,5,761,11,1,5,2,6,57,1,45,63,40,7,2016,2,0,68,24,6,0
0,1,1,7,5,847,3,1,27,2,0,87,0,11,41,8,5,2023,2,2,46,11,30,0
1,0,2,8,5,585,7,1,50,2,4,27,0,20,41,19,8,2018,2,3,46,25,46,0
0,1,4,7,5,708,10,1,31,2,1,45,0,19,41,34,7,2016,2,3,46,15,32,0
0,1,1,2,8,665,6,1,37,2,1,73,0,13,62,14,8,2018,2,1,66,3,35,0
1,1,2,8,5,580,9,1,43,2,4,7,0,66,41,62,8,2018,2,1,46,14,45,0
0,0,2,8,3,419,2,0,9,1,1,11,0,43,66,37,3,2025,1,1,37,34,14,1
3,0,1,3,5,444,10,1,20,1,1,81,0,78,63,73,5,2024,1,1,68,28,21,1
1,1,2,6,5,300,11,1,17,2,2,39,0,76,41,74,5,2022,2,1,46,22,19,1
2,1,1,5,5,106,11,1,27,1,3,50,0,71,41,68,5,2025,1,1,46,9,30,0
0,1,3,4,5,359,9,0,22,1,5,20,0,5,41,6,4,2018,1,3,46,13,23,0
0,2,4,0,1,832,9,1,2,2,5,38,1,21,79,16,1,2019,2,4,36,6,2,0
1,1,2,8,5,315,9,1,50,1,3,43,0,20,41,19,8,2025,1,5,46,30,46,1
3,1,3,2,5,1487,2,1,23,2,6,8,1,13,41,14,2,2024,2,5,46,26,26,1
0,1,2,8,6,453,4,0,0,1,0,89,1,22,57,22,8,2016,1,1,61,14,24,0
1,1,5,6,5,497,8,1,40,2,4,48,0,16,41,15,5,2018,2,5,46,16,39,1
1,1,1,8,5,508,5,0,17,2,6,35,1,22,41,22,5,2020,2,4,46,3,19,0
1,0,5,8,5,404,4,1,18,2,6,18,1,22,41,22,5,2023,2,5,46,29,1,0
3,0,2,1,5,1415,9,0,54,2,3,67,0,41,24,59,5,2019,2,3,27,0,34,0
2,1,1,5,5,159,6,1,27,2,3,74,0,71,41,68,5,2021,2,2,46,31,30,0
0,0,3,5,7,746,3,0,27,2,5,60,2,46,26,41,5,2016,2,3,32,36,30,1
1,0,1,8,5,390,5,0,49,2,6,32,1,35,41,30,8,2019,2,0,46,28,53,1
1,1,2,6,5,154,3,1,36,1,2,71,1,15,41,10,6,2023,1,2,46,23,36,0
0,1,2,4,5,461,8,1,18,1,1,39,1,59,41,52,5,2024,1,0,46,9,1,1
1,0,2,6,5,406,7,0,27,2,5,21,1,77,41,75,5,2023,2,0,46,23,30,0
1,1,3,8,5,298,3,1,37,1,5,25,1,43,0,37,8,2021,1,0,6,30,35,0
0,1,2,4,8,1019,7,1,45,2,1,42,0,52,31,46,5,2022,2,1,38,29,42,0
0,1,4,8,6,730,3,1,30,2,6,6,2,66,57,62,6,2016,2,0,61,8,33,0
0,1,1,4,5,714,3,1,17,2,0,31,0,53,41,48,5,2019,2,4,46,22,19,1
0,1,2,4,5,477,11,0,54,1,0,44,1,81,41,81,5,2022,1,2,46,33,34,0
0,0,2,4,5,331,8,1,47,1,1,39,1,81,41,81,4,2018,1,5,46,30,49,1
1,0,2,8,5,310,3,1,40,1,5,3,0,22,23,22,5,2025,1,5,26,29,39,1
1,1,2,8,5,305,6,1,49,1,1,40,0,43,41,37,8,2024,1,1,46,14,53,0
0,2,3,8,6,696,10,1,4,2,3,18,1,73,10,70,8,2025,2,1,15,25,5,0
0,1,1,3,8,327,6,0,4,1,4,21,1,62,54,76,8,2022,1,3,14,29,5,1
1,1,2,6,5,321,6,1,27,2,6,18,0,10,41,7,5,2023,2,5,46,2,30,0
1,1,6,8,5,487,2,1,43,2,4,25,1,35,35,30,8,2020,0,1,40,34,45,1
0,1,3,8,7,780,5,1,52,2,4,61,1,22,27,22,7,2025,2,5,70,15,51,0
0,1,1,4,5,793,5,1,27,2,0,48,0,18,41,60,5,2025,2,4,46,2,30,0
1,1,1,6,5,346,9,1,54,2,2,24,0,61,35,57,5,2015,2,1,40,2,34,1
0,1,1,8,1,1136,4,1,48,3,3,134,1,38,18,31,1,2023,0,2,63,29,50,0
1,2,2,8,5,517,6,1,18,2,0,32,0,20,23,19,5,2021,0,3,26,9,1,1
1,1,1,6,5,153,11,1,17,1,4,80,1,74,41,69,5,2025,1,5,46,2,19,0
1,0,3,8,5,453,9,0,18,2,4,1,1,22,41,22,5,2017,2,5,46,30,1,0
1,3,1,8,5,183,5,0,50,1,3,24,0,51,41,17,8,2017,1,1,46,31,46,1
1,1,3,6,5,182,7,1,17,1,5,1,0,16,41,15,5,2024,1,2,46,35,19,1
2,1,2,5,5,169,10,0,27,2,4,29,0,26,41,23,5,2022,2,1,46,31,30,0
1,3,3,6,5,171,12,1,13,1,1,18,1,28,41,80,5,2024,1,0,46,22,16,0
0,0,2,5,4,302,6,1,53,1,2,90,0,26,78,23,4,2025,1,3,79,37,54,1
0,1,4,3,3,840,7,1,10,2,5,25,1,37,67,66,3,2019,2,1,67,21,3,0
1,1,3,8,5,214,8,0,54,1,2,45,0,35,41,30,5,2021,1,2,46,25,34,1
0,3,2,4,5,745,8,1,20,2,3,26,0,4,41,5,5,2024,2,1,46,30,21,0
1,3,3,8,5,629,3,0,40,2,5,93,0,12,47,13,5,2018,2,0,7,2,39,1
0,1,2,7,0,612,12,1,42,2,6,59,1,70,38,27,0,2025,2,4,44,20,44,0
1,3,3,8,5,251,9,1,15,1,1,29,1,51,63,17,5,2019,1,0,68,9,18,0
0,3,1,8,1,736,4,1,4,2,2,56,0,24,77,58,8,2017,2,1,80,6,5,0
1,1,4,8,5,601,1,1,13,3,5,85,2,17,41,39,5,2017,0,0,46,30,16,1
1,1,1,6,5,432,11,1,27,2,5,22,1,9,41,12,5,2024,2,3,46,22,30,1
1,1,6,6,5,107,2,1,17,1,1,47,2,15,41,10,5,2017,1,5,46,2,19,1
3,0,3,2,5,884,1,1,40,1,2,70,2,65,41,61,5,2023,1,3,46,28,39,0
3,1,1,2,5,915,11,0,15,1,2,27,0,1,41,2,5,2018,1,1,46,2,18,1
0,1,4,4,5,727,6,1,16,2,6,87,2,29,0,64,4,2018,2,5,6,37,41,1
0,0,3,4,5,1091,5,0,27,3,1,80,1,4,41,5,5,2017,0,1,46,33,30,1
0,0,4,6,8,1170,12,1,41,3,3,47,2,9,62,12,6,2023,0,3,66,19,40,0
0,3,2,8,7,830,10,1,27,2,4,79,1,22,34,22,5,2021,2,3,19,14,30,1
0,1,3,5,7,410,4,1,44,1,2,22,0,54,27,55,7,2025,1,0,70,15,43,0
0,3,2,4,5,440,8,1,27,1,4,101,1,79,41,78,5,2024,1,5,46,31,30,1
3,1,2,1,5,1421,7,1,13,2,0,51,1,63,50,18,5,2016,2,3,55,30,16,0
0,1,4,4,5,455,12,1,47,1,2,15,1,29,41,64,4,2023,1,1,46,22,49,0
0,1,2,8,4,1001,8,0,37,2,6,21,1,66,32,62,8,2021,2,1,39,37,35,1
0,0,3,4,5,421,5,1,45,1,2,31,1,69,50,33,5,2018,1,3,55,17,42,1
0,0,4,7,5,442,6,1,17,1,2,39,0,11,41,8,5,2018,1,4,46,2,19,1
0,3,3,4,5,766,2,1,7,2,4,24,2,53,41,48,4,2018,2,1,46,17,10,1
0,1,2,0,5,499,2,1,26,1,0,46,0,23,41,21,0,2021,1,0,46,27,28,1
1,1,2,8,5,224,1,0,27,1,2,61,0,43,41,37,5,2025,1,4,46,22,30,1
1,1,2,8,5,182,11,1,27,1,5,101,0,48,55,43,5,2018,1,5,54,2,30,0
1,1,1,6,5,362,7,1,18,2,2,27,0,34,0,29,5,2024,2,3,6,23,1,0
0,1,2,4,5,716,10,1,40,2,6,71,0,49,41,44,5,2019,0,0,46,31,39,1
3,1,2,3,5,1128,7,1,10,2,4,71,1,62,41,76,3,2019,2,4,46,22,3,0
0,1,1,4,7,443,4,1,5,1,4,83,1,49,40,44,7,2023,1,1,45,11,6,1
1,0,4,8,5,199,7,1,37,1,4,59,1,48,41,43,8,2018,1,3,46,9,35,0
0,1,4,7,4,408,2,1,7,1,4,46,1,19,5,34,4,2017,1,3,4,11,10,1
1,1,4,8,5,577,6,1,17,2,1,84,1,35,41,30,5,2025,0,3,46,28,19,0
1,1,6,8,5,536,7,1,17,2,2,11,2,58,41,53,5,2024,2,1,46,30,19,0
0,1,4,8,7,396,7,1,31,1,1,45,0,58,71,53,7,2022,1,3,72,14,32,0
1,0,2,8,5,568,10,1,55,2,4,36,1,66,41,62,5,2022,2,1,46,25,55,1
1,1,4,8,5,182,12,0,27,1,0,19,0,20,41,19,5,2023,1,1,46,28,30,0
1,1,5,8,5,557,3,1,54,2,6,41,1,35,41,30,5,2015,2,5,46,30,34,1
1,0,2,8,5,485,8,1,4,2,2,72,0,17,41,39,8,2024,2,3,46,14,5,0
1,1,3,6,5,398,12,1,27,2,3,29,2,76,41,74,5,2023,2,2,46,30,30,1
1,3,1,6,5,451,10,1,13,2,1,52,0,16,41,15,5,2019,2,4,46,28,16,0
3,1,2,1,5,1575,6,1,48,2,0,44,0,31,41,65,1,2016,2,1,46,28,50,1
1,0,2,8,5,297,3,1,0,1,1,70,0,51,41,17,8,2015,1,2,46,2,24,0
2,3,5,5,5,200,2,1,17,2,3,32,2,40,41,35,5,2019,2,2,46,9,19,0
2,3,1,4,4,332,10,0,47,2,3,20,0,4,78,5,4,2018,2,1,79,13,49,0
2,2,2,5,5,71,9,1,15,1,6,103,1,46,0,41,5,2016,1,3,6,9,18,1
1,1,4,8,5,616,2,1,55,2,3,43,1,35,63,30,5,2025,2,5,68,31,55,1
1,3,2,8,5,310,7,1,20,1,6,49,0,73,41,70,5,2017,1,4,46,29,21,1
0,1,3,4,5,308,4,0,15,1,5,52,1,59,41,52,5,2017,1,2,46,31,18,0
0,3,1,0,8,960,5,0,8,2,0,88,0,2,22,3,8,2019,2,2,22,3,9,0
0,1,3,4,5,715,2,0,35,2,6,77,1,81,41,81,4,2022,2,1,46,5,8,1
1,1,1,8,5,444,11,1,43,2,0,49,0,14,0,54,8,2023,2,4,6,31,45,0
0,2,2,0,5,411,5,1,18,1,1,91,0,0,68,1,5,2022,1,3,71,28,1,0
0,1,3,4,5,770,2,1,27,2,3,75,0,79,41,78,5,2018,2,3,46,28,30,1
1,1,1,8,5,533,10,1,45,2,2,39,1,73,41,70,5,2025,2,1,46,30,42,0
1,1,2,8,5,290,5,1,37,1,3,14,0,38,41,31,8,2024,1,3,46,29,35,1
0,1,5,4,5,944,1,0,45,2,5,53,1,4,23,5,5,2025,0,3,26,9,42,0
1,3,5,8,5,206,12,1,27,1,3,67,2,14,41,54,5,2019,1,5,46,31,30,1
1,3,3,8,5,485,6,1,0,2,1,82,0,51,41,17,8,2018,2,0,46,25,24,0
1,1,4,6,5,239,8,1,40,1,2,34,1,10,41,7,5,2025,1,4,46,31,39,1
1,0,2,8,5,283,9,1,27,1,5,112,1,17,41,39,5,2021,1,2,46,28,30,1
2,1,5,4,4,787,5,1,29,3,5,66,0,81,25,81,4,2025,0,2,30,5,47,0
0,1,4,5,0,457,4,0,27,1,5,13,2,7,1,47,5,2024,1,1,0,2,30,0
0,1,3,7,5,674,8,0,17,2,6,21,1,11,41,8,5,2024,2,3,46,9,19,1
1,1,3,8,5,302,10,1,27,1,2,61,0,51,41,17,5,2022,1,1,46,9,30,1
1,0,1,6,5,253,11,1,36,2,4,22,1,16,41,15,6,2021,2,4,46,22,36,0
1,1,5,8,5,214,5,1,18,1,1,67,1,43,50,37,5,2021,1,1,55,30,1,0
2,1,2,4,4,222,9,1,47,1,4,10,0,81,33,81,4,2019,1,4,69,5,49,0
1,1,2,6,5,482,11,0,13,2,2,19,0,76,41,74,5,2025,0,2,46,28,16,1
2,1,4,5,5,154,2,1,27,2,5,77,1,6,41,0,5,2015,2,4,46,28,30,0
1,1,3,6,5,337,5,1,27,2,1,27,2,16,41,15,5,2024,2,3,46,16,30,1
3,1,2,2,5,754,7,1,20,1,0,30,0,65,35,61,5,2018,1,3,40,31,21,0
1,1,3,8,5,562,8,0,45,2,2,35,0,58,50,53,5,2020,2,2,55,30,42,1
0,2,3,4,5,386,8,1,28,1,6,16,0,18,41,60,4,2016,1,2,46,31,31,1
2,1,3,5,5,168,12,1,27,2,3,19,1,55,41,50,5,2025,2,1,46,30,30,0
1,1,2,8,5,425,11,0,40,2,4,14,0,14,23,54,5,2016,2,5,26,31,39,1
2,1,1,5,5,120,4,1,45,1,3,89,1,68,41,63,5,2017,1,3,46,30,42,1
0,1,4,4,5,736,1,1,54,2,4,17,1,59,41,52,5,2016,2,5,46,31,34,0
1,1,6,8,5,318,8,1,49,1,5,50,1,35,41,30,8,2019,1,5,46,30,53,0
0,2,1,4,5,813,8,1,16,2,5,31,0,8,41,9,4,2020,2,0,46,31,41,0
0,1,1,8,6,396,10,0,41,1,6,57,1,14,29,54,6,2025,1,0,34,8,40,1
0,1,3,4,5,601,4,1,29,2,6,104,0,30,41,25,4,2018,0,5,46,2,47,0
3,1,2,3,5,1377,10,0,27,3,6,172,0,33,41,28,5,2015,0,3,46,28,30,0
3,0,5,2,5,876,4,1,27,1,3,109,1,1,41,2,5,2024,1,3,46,26,30,0
1,1,3,6,5,249,3,1,17,1,1,35,0,16,41,15,5,2023,1,1,46,30,19,1
1,1,4,8,5,306,2,0,15,1,2,58,3,58,50,53,5,2021,1,3,55,31,18,0
3,2,1,3,5,1130,6,0,11,3,3,23,0,33,41,28,3,2025,0,3,46,30,11,0
0,3,3,4,5,313,4,1,28,1,4,12,0,30,35,25,4,2015,1,3,40,30,31,1
3,1,2,1,5,774,6,0,12,1,2,62,0,41,41,59,1,2025,1,3,46,31,13,0
0,1,2,7,5,405,10,0,19,1,2,74,1,19,23,34,7,2021,1,0,26,2,20,0
0,3,2,7,5,856,12,1,44,2,0,49,1,72,41,71,7,2023,2,3,46,31,43,0
2,3,3,5,5,225,6,1,45,2,5,71,2,25,41,20,5,2022,2,4,46,9,42,0
0,1,3,4,8,916,3,0,49,2,2,53,0,30,19,25,8,2023,2,5,20,33,53,0
1,1,5,8,5,252,9,1,49,1,3,91,1,51,41,17,8,2019,1,4,46,29,53,0
0,3,4,4,5,1203,1,1,18,3,5,29,1,53,41,48,5,2019,0,1,46,31,1,0
1,3,4,8,5,186,5,1,27,1,3,25,2,35,41,30,5,2024,1,1,46,22,30,0
0,0,3,7,0,945,10,1,46,2,2,10,3,70,21,27,7,2021,2,3,23,20,48,1
0,3,3,4,5,966,10,0,28,2,1,69,1,81,41,81,4,2021,2,4,46,37,31,0
0,1,5,4,5,490,3,1,40,1,5,57,3,59,41,52,5,2019,1,3,46,31,39,0
0,1,6,4,5,410,8,1,40,1,5,7,5,29,41,64,5,2015,1,4,46,31,39,1
3,1,2,1,5,1493,6,1,40,2,6,42,0,41,41,59,5,2025,2,1,46,2,39,0
0,0,3,4,5,488,12,1,47,1,2,42,0,39,20,32,4,2025,1,4,25,22,49,1
2,0,2,5,5,205,7,1,18,2,2,12,0,71,41,68,5,2019,2,3,46,31,1,1
2,1,1,5,5,170,2,1,27,2,3,64,1,7,41,47,5,2017,2,3,46,9,30,1
0,0,2,7,5,876,12,1,46,2,4,21,1,11,41,8,7,2024,2,0,46,2,48,1
1,0,1,8,5,233,3,1,13,1,0,27,0,12,23,13,5,2021,1,3,26,14,16,1
0,1,2,4,5,900,10,1,22,2,2,29,0,39,41,32,4,2019,2,0,46,9,23,0
0,1,5,7,4,288,4,0,3,1,5,32,4,70,60,27,4,2024,1,3,18,36,4,0
3,1,1,3,5,554,12,0,13,1,2,38,0,33,68,28,5,2023,1,0,71,30,16,0
1,1,5,8,5,260,5,1,20,1,0,57,2,22,41,22,5,2022,1,1,46,22,21,0
0,1,1,0,6,755,3,1,41,2,2,25,1,0,4,1,6,2024,2,1,3,19,40,0
2,3,3,5,5,195,7,1,27,2,0,9,1,25,41,20,5,2015,2,1,46,22,30,0
0,1,1,0,5,679,8,0,14,2,2,13,1,2,41,3,0,2021,0,3,46,31,17,1
3,0,4,2,5,1405,7,1,54,2,5,90,0,1,41,2,5,2019,0,1,46,22,34,1
0,0,3,7,4,738,10,0,44,2,0,93,0,72,5,71,7,2016,2,2,4,24,43,1
0,1,3,3,0,408,12,1,11,1,1,26,0,33,38,28,3,2025,1,1,44,7,11,1
0,2,1,7,3,1061,1,0,44,3,1,10,0,57,73,49,7,2025,0,5,78,21,43,0
0,0,2,4,5,494,4,0,27,1,4,92,0,5,41,6,5,2018,1,5,46,12,30,0
0,1,1,4,5,424,6,1,47,1,6,52,1,81,41,81,4,2024,1,1,46,22,49,0
0,1,2,7,5,724,2,1,27,2,4,29,1,45,41,40,5,2017,2,2,46,9,30,0
0,1,4,4,5,446,12,1,22,1,5,92,3,8,41,9,4,2015,1,1,46,12,23,1
0,3,2,7,5,443,1,1,18,1,0,20,1,72,63,71,5,2021,1,4,68,9,1,1
0,1,3,0,5,306,7,1,17,1,5,30,0,60,41,56,5,2018,1,5,46,32,19,1
0,3,2,2,4,382,3,1,23,1,4,25,2,13,64,14,2,2017,1,1,29,37,26,0
1,1,2,6,5,171,12,0,54,1,4,66,1,16,0,15,5,2024,1,1,6,35,34,0
0,1,1,0,5,379,9,0,40,1,5,20,0,60,41,56,5,2017,1,5,46,30,39,0
0,1,2,7,5,807,9,1,19,2,1,82,0,19,41,34,7,2018,2,5,46,36,20,0
3,1,5,3,5,446,7,0,45,1,5,7,2,64,35,11,5,2023,1,1,40,28,42,0
1,1,2,6,5,316,7,1,27,2,3,55,1,9,41,12,5,2023,2,3,46,9,30,1
0,1,3,6,7,774,9,1,38,2,6,38,0,74,49,69,7,2016,2,1,57,24,37,1
0,1,2,7,5,390,3,1,15,1,6,39,1,32,41,26,5,2023,1,2,46,9,18,1
0,0,2,7,5,850,7,0,15,2,3,3,0,32,41,26,5,2016,2,1,46,31,18,1
0,1,3,4,5,302,3,1,20,1,4,50,1,53,41,48,5,2022,1,2,46,13,21,0
0,1,2,4,5,368,11,1,29,1,3,6,1,5,35,6,4,2024,1,1,40,33,47,1
1,1,1,8,5,409,11,1,55,2,5,34,0,58,63,53,5,2018,2,2,68,28,55,0
1,0,3,6,5,1032,11,0,17,3,0,79,0,34,41,29,5,2015,0,1,46,28,19,0
1,1,3,8,5,418,3,1,27,2,6,54,2,22,41,22,5,2015,2,1,46,9,30,1
1,1,3,6,5,299,5,1,13,2,1,85,1,28,41,80,5,2015,2,3,46,9,16,0
1,1,2,5,6,229,4,1,17,1,4,13,1,55,74,50,5,2021,1,5,76,2,19,0
1,1,4,8,5,366,5,0,49,2,2,78,2,51,41,17,8,2024,2,2,46,30,53,0
1,0,3,8,5,286,12,1,27,1,4,61,2,66,41,62,5,2020,1,5,46,30,30,1
0,3,3,4,5,864,4,1,27,2,5,51,0,79,41,78,5,2025,2,2,46,28,30,0
1,1,6,8,5,266,12,1,27,1,2,43,3,35,41,30,5,2017,1,4,46,30,30,1
1,1,3,8,5,307,8,0,50,1,1,22,0,66,41,62,8,2021,1,1,46,25,46,1
0,1,4,4,5,717,1,0,27,2,2,60,2,53,41,48,5,2015,2,2,46,31,30,0
0,0,3,8,1,678,9,1,8,2,4,84,0,22,65,22,8,2018,2,3,31,6,9,0
1,1,1,8,5,528,4,1,27,2,1,55,0,35,41,30,5,2021,0,2,46,9,30,1
1,1,5,6,5,412,11,1,27,2,2,23,1,10,41,7,5,2022,2,0,46,30,30,0
0,1,1,6,6,825,1,0,32,2,0,37,0,10,69,7,6,2024,0,1,74,23,15,0
1,2,2,6,5,261,7,1,45,2,1,150,0,10,41,7,5,2023,2,5,46,22,42,0
1,1,4,6,5,634,6,1,27,2,1,74,4,9,41,12,5,2025,0,2,46,9,30,1
1,1,2,4,6,549,9,0,32,2,6,105,0,39,29,32,6,2023,2,5,34,16,15,0
1,1,1,6,5,463,5,1,15,2,0,57,1,28,41,80,5,2025,2,4,46,23,18,1
1,3,3,8,5,387,5,1,17,2,5,20,1,38,41,31,5,2024,2,0,46,22,19,1
1,3,6,6,5,372,1,0,30,2,5,15,0,10,41,7,6,2015,2,1,46,16,33,1
1,1,2,5,8,309,8,1,0,1,3,6,1,54,54,55,8,2016,1,4,14,30,24,0
3,1,3,3,5,985,12,0,15,2,0,26,1,67,41,67,5,2019,2,3,46,7,18,1
1,3,2,6,5,108,6,0,13,1,3,39,0,34,68,29,5,2024,1,4,71,28,16,0
0,2,2,0,5,693,1,1,55,2,5,14,0,2,41,3,5,2022,2,0,46,30,55,1
0,2,3,6,8,329,2,1,4,1,2,38,0,15,19,10,8,2016,1,0,20,35,5,1
0,1,5,4,5,852,4,1,35,2,0,22,2,79,41,78,4,2019,2,0,46,30,8,0
0,1,2,2,8,251,7,1,23,1,4,11,0,13,70,14,2,2017,1,3,73,14,26,1
0,1,1,4,5,860,2,1,55,2,0,11,1,39,41,32,5,2015,2,3,46,9,55,0
0,1,3,3,2,799,12,1,51,2,1,98,1,37,61,66,2,2019,2,3,65,18,52,0
1,2,3,8,5,267,8,1,40,1,6,41,1,66,41,62,5,2024,1,2,46,31,39,1
0,1,2,4,5,773,12,0,15,2,5,87,1,29,35,64,5,2016,2,3,40,37,18,0
0,3,5,8,4,1001,3,0,4,2,5,1,4,17,25,39,8,2022,2,1,30,29,5,1
0,1,1,4,5,818,11,1,27,2,1,9,0,8,41,9,5,2024,2,4,46,30,30,0
3,2,2,3,5,988,5,1,55,2,1,94,0,37,68,66,5,2025,2,3,71,30,55,1
3,1,2,2,5,1812,12,1,55,2,3,85,0,56,63,51,5,2025,2,3,68,31,55,0
0,3,1,4,5,902,11,1,22,2,0,36,0,52,41,46,4,2020,0,3,46,5,23,0
0,2,3,4,5,958,9,1,35,2,6,82,1,39,41,32,4,2025,2,5,46,33,8,1
0,1,3,4,5,769,9,0,35,2,4,46,0,18,0,60,4,2016,2,1,6,13,8,1
0,1,6,7,5,397,12,1,27,1,1,68,3,57,41,49,5,2022,1,2,46,30,30,0
0,1,4,4,5,859,10,0,45,2,5,114,0,52,63,46,5,2019,2,2,68,28,42,0
1,1,2,8,5,184,6,1,27,1,4,16,1,12,41,13,5,2022,1,3,46,30,30,0
1,0,5,6,5,122,1,1,55,1,1,28,2,28,63,80,5,2017,1,3,68,2,55,0
0,1,3,5,4,868,5,1,35,2,3,23,0,71,81,68,4,2022,2,1,81,12,8,1
2,1,1,5,5,204,12,1,54,2,0,47,0,54,35,55,5,2024,2,3,40,31,34,0
0,1,3,7,5,825,12,1,38,2,0,64,0,57,41,49,7,2019,2,2,46,28,37,0
0,3,1,4,5,345,6,0,28,1,2,21,0,30,23,25,4,2023,1,4,26,5,31,0
0,1,1,4,5,785,5,1,28,2,4,46,0,30,41,25,4,2025,2,3,46,30,31,0
1,1,4,8,5,527,8,1,18,2,5,33,1,35,20,30,5,2016,2,3,25,29,1,1
1,0,3,8,5,1227,1,1,18,3,5,43,0,12,41,13,5,2019,0,2,46,28,1,0
0,1,2,0,5,491,5,0,27,1,4,51,0,2,41,3,5,2015,1,1,46,2,30,0
3,1,4,5,2,1680,7,0,45,2,6,23,2,55,61,50,5,2025,2,3,65,1,42,0
1,2,3,8,5,533,2,1,0,2,6,16,2,14,41,54,8,2023,2,2,46,28,24,0
0,3,3,0,7,312,11,1,44,1,0,83,0,50,71,42,7,2019,1,1,72,32,43,1
0,1,3,8,0,867,11,0,43,2,2,16,0,20,56,19,8,2018,2,1,60,20,45,1
1,1,1,8,5,457,4,1,55,2,0,12,0,14,41,54,5,2019,2,5,46,25,55,1
1,1,2,6,5,359,8,1,27,2,4,136,1,16,68,15,5,2016,2,4,71,31,30,1
0,1,3,0,5,339,8,1,55,1,0,15,1,50,41,42,5,2017,1,4,46,2,55,0
3,0,1,2,5,862,6,0,23,1,0,26,1,56,41,51,2,2024,1,3,46,22,26,1
1,1,6,6,5,236,2,1,27,1,4,74,2,74,41,69,5,2025,1,0,46,22,30,1
1,2,3,8,5,482,3,1,0,2,3,18,2,43,55,37,8,2025,2,2,54,9,24,1
0,0,5,3,6,774,8,1,32,2,0,9,0,33,29,28,6,2025,0,0,34,19,15,1
3,1,6,2,5,776,2,1,39,1,1,72,1,13,41,14,2,2024,1,1,46,9,38,1
0,1,3,4,5,891,3,1,3,2,2,50,0,39,41,32,4,2022,2,3,46,13,4,0
0,1,2,8,4,1028,12,0,15,2,1,11,1,43,48,37,5,2024,2,3,53,33,18,1
1,0,1,8,5,205,5,1,45,1,0,27,0,17,55,39,5,2018,1,3,54,14,42,0
1,1,3,8,5,455,3,1,37,2,4,66,1,48,41,43,8,2025,2,1,46,9,35,0
3,1,4,3,5,1063,5,1,27,2,2,66,0,78,41,73,5,2016,2,0,46,28,30,0
1,1,1,8,5,316,8,1,43,1,1,160,0,38,41,31,8,2020,1,4,46,2,45,0
1,1,3,6,5,358,5,1,15,2,4,28,1,15,0,10,5,2024,2,1,6,16,18,0
0,1,5,4,7,704,5,1,29,2,2,71,1,81,26,81,4,2015,2,5,32,24,47,0
3,1,3,1,5,1384,9,1,15,2,2,2,1,47,41,45,5,2017,2,1,46,28,18,1
0,1,4,4,5,671,6,1,22,2,5,85,3,49,41,44,4,2018,2,5,46,37,23,0
0,1,1,7,8,445,4,1,37,1,1,103,0,70,62,27,8,2020,1,5,66,25,35,0
0,2,2,7,5,714,4,1,15,2,4,1,0,70,41,27,5,2023,2,1,46,2,18,0
0,1,6,4,5,1063,10,1,13,3,3,75,2,39,41,32,5,2023,0,0,46,30,16,1
0,0,2,4,5,763,10,1,6,2,4,26,0,69,41,33,4,2016,2,3,46,28,22,1
0,1,6,0,5,712,9,0,26,2,2,23,1,2,41,3,0,2018,2,1,46,2,28,0
1,3,4,8,5,450,12,1,45,2,5,13,0,24,41,58,5,2018,2,4,46,30,42,1
2,1,2,8,8,178,9,0,8,1,6,20,1,51,53,17,8,2022,1,3,58,29,9,0
1,1,2,8,5,500,9,1,50,2,3,69,0,20,41,19,8,2018,2,4,46,22,46,0
2,1,1,5,5,161,2,1,40,2,4,74,1,25,41,20,5,2022,2,1,46,9,39,1
1,3,3,8,5,237,2,1,8,1,6,40,0,22,41,22,8,2019,1,3,46,30,9,0
3,3,2,2,5,1694,5,1,17,3,6,13,0,13,0,14,5,2015,0,1,6,30,19,1
1,2,2,6,5,149,5,0,20,1,6,37,0,15,47,10,5,2025,1,5,7,30,21,1
1,1,5,8,5,771,12,1,45,3,3,30,1,66,41,62,5,2025,0,3,46,28,42,1
0,0,2,4,5,658,7,1,18,2,0,13,0,5,41,6,5,2025,2,4,46,33,1,0
0,1,3,3,4,821,8,0,24,2,6,12,0,33,32,28,3,2023,2,3,39,37,29,1
0,3,3,1,3,773,9,0,1,2,6,50,1,41,28,59,1,2023,2,0,33,18,7,1
1,0,6,8,5,202,9,1,0,1,6,67,0,35,41,30,8,2023,1,1,46,30,24,0
1,1,3,8,5,214,1,1,37,1,6,3,0,20,41,19,8,2024,1,1,46,34,35,1
1,1,4,6,5,806,8,1,13,3,3,31,1,15,41,10,5,2019,0,1,46,30,16,0
1,1,5,8,5,500,11,0,4,2,3,53,2,35,41,30,8,2025,2,4,46,34,5,0
2,1,1,5,5,1266,5,1,45,3,5,35,0,25,41,20,5,2021,0,0,46,28,42,1
1,1,4,5,8,501,1,0,43,2,3,52,0,7,54,47,8,2015,2,1,14,25,45,0
1,1,5,8,5,481,3,1,50,2,5,34,1,20,41,19,8,2015,2,4,46,28,46,1
1,1,2,8,5,293,10,1,17,1,0,49,1,12,41,13,5,2019,1,0,46,30,19,0
0,0,2,7,5,735,11,1,38,2,1,14,1,72,41,71,7,2016,2,1,46,36,37,1
0,1,3,4,5,360,8,1,45,1,1,101,0,8,35,9,5,2025,1,0,40,22,42,0
0,1,5,4,5,853,8,1,40,2,1,13,2,29,23,64,5,2021,2,0,26,30,39,1
0,1,4,0,5,838,3,1,40,2,0,43,1,60,41,56,5,2017,2,5,46,2,39,1
2,1,3,5,5,69,11,1,27,1,4,20,0,6,41,0,5,2016,1,5,46,30,30,0
2,1,6,5,5,228,3,1,54,2,6,21,3,55,0,50,5,2018,2,5,6,9,34,1
2,1,3,5,5,141,5,1,18,2,0,5,1,6,41,0,5,2024,2,3,46,30,1,0
1,0,3,8,5,204,2,1,18,1,4,48,2,58,41,53,5,2023,1,1,46,31,1,0
0,1,4,1,8,743,9,0,12,2,0,82,0,41,43,59,1,2023,2,5,48,14,13,0
1,3,2,8,5,460,4,0,20,2,1,15,0,24,50,58,5,2025,2,5,55,28,21,1
0,1,1,6,7,776,4,1,5,2,5,40,0,16,40,15,7,2024,2,4,45,23,6,1
1,3,4,6,5,129,7,1,15,1,6,82,1,34,41,29,5,2024,1,1,46,31,18,0
3,1,1,2,5,1709,1,1,27,2,2,35,1,13,41,14,5,2019,2,3,46,1,30,0
1,0,2,6,5,432,3,1,36,2,1,28,0,34,41,29,6,2025,2,2,46,2,36,1
1,3,1,8,5,254,8,1,27,1,1,61,0,24,41,58,5,2025,1,3,46,30,30,0
2,1,5,8,8,131,8,1,4,1,1,72,1,35,13,30,8,2021,1,1,12,25,5,0
0,1,6,7,5,742,12,1,55,2,3,59,1,11,63,8,5,2017,2,3,68,9,55,1
0,1,1,7,5,384,4,0,27,1,1,87,0,19,41,34,5,2018,1,1,46,31,30,0
3,1,1,2,5,1666,12,0,27,2,1,9,1,65,41,61,5,2024,2,4,46,2,30,1
0,1,2,2,8,480,7,0,4,1,3,54,1,13,13,14,8,2020,1,5,12,1,5,1
0,1,2,4,5,647,4,1,53,2,2,7,1,69,41,33,4,2024,2,2,46,17,54,1
0,1,2,8,1,742,5,1,4,2,2,61,0,24,77,58,8,2015,2,1,80,0,5,1
0,3,5,4,5,883,7,1,29,2,0,29,3,30,41,25,4,2019,2,4,46,30,47,1
3,0,3,1,5,1077,1,1,15,2,5,17,1,31,41,65,5,2015,0,1,46,31,18,0
2,3,2,8,8,185,10,1,8,2,2,48,0,58,70,53,8,2023,2,2,73,34,9,0
0,1,2,0,8,350,6,0,43,1,4,17,0,21,39,16,8,2018,1,0,17,14,45,0
1,3,3,8,5,206,3,1,18,1,1,2,2,48,41,43,5,2025,1,1,46,9,1,0
0,3,2,4,5,316,9,1,3,1,0,3,1,69,55,33,4,2017,1,3,54,9,4,1
0,1,4,5,7,375,8,0,13,1,0,6,1,27,26,24,5,2019,1,0,32,24,16,1
0,3,5,0,5,801,1,1,20,2,2,33,1,0,41,1,5,2017,2,3,46,30,21,1
3,0,1,2,5,1873,7,0,27,2,5,42,0,65,23,61,5,2025,2,3,26,26,30,0
0,1,4,0,5,375,7,1,17,1,3,18,0,44,41,38,5,2023,1,2,46,30,19,1
1,0,1,8,5,1053,2,1,27,3,1,155,0,35,41,30,5,2018,0,1,46,31,30,1
0,3,1,4,5,751,7,0,7,2,5,51,1,49,41,44,4,2024,2,0,46,31,10,0
1,1,6,6,5,227,9,0,55,1,6,35,1,9,63,12,5,2022,1,5,68,8,55,1
0,3,1,4,5,320,7,1,55,1,5,5,0,5,41,6,5,2017,1,5,46,22,55,0
0,1,3,4,5,762,8,0,13,2,4,1,0,81,35,81,5,2018,2,3,40,30,16,0
1,0,2,8,5,520,12,1,8,2,1,28,0,12,41,13,8,2018,2,3,46,31,9,0
1,0,3,8,5,505,2,1,4,2,6,57,1,24,47,58,8,2015,2,1,7,2,5,0
3,1,5,3,5,452,6,1,40,1,2,42,0,33,50,28,5,2017,1,2,55,28,39,0
1,1,4,8,5,558,10,1,27,2,5,31,1,66,41,62,5,2025,2,5,46,28,30,1
0,1,1,7,5,437,8,1,19,1,4,17,1,70,41,27,7,2019,1,1,46,22,20,1
0,2,2,5,7,758,3,1,5,2,3,47,0,25,40,20,7,2024,2,3,45,36,6,1
3,0,4,3,5,1033,10,1,40,2,6,87,2,64,41,11,5,2015,2,1,46,28,39,1
1,1,3,8,5,213,7,1,17,1,2,7,0,24,41,58,5,2022,1,3,46,9,19,0
0,1,5,3,7,361,1,1,19,1,0,75,1,78,34,73,7,2025,1,0,19,15,20,1
1,1,1,8,5,544,8,1,55,2,4,2,1,43,35,37,5,2022,2,1,40,9,55,0
0,0,1,4,8,583,4,1,8,1,1,114,0,4,62,5,8,2021,1,0,66,34,9,0
0,1,2,8,0,878,8,1,4,2,4,27,1,51,1,17,8,2024,2,0,0,3,5,1
1,2,3,8,5,544,8,1,45,2,4,12,0,48,41,43,5,2018,2,1,46,14,42,1
0,1,3,3,8,847,3,0,49,2,1,63,0,64,70,11,8,2025,2,1,73,25,53,1
3,2,2,3,5,896,8,1,11,2,3,175,0,33,41,28,3,2018,2,1,46,21,11,0
1,1,1,6,5,347,7,1,27,2,0,116,0,28,41,80,5,2018,2,3,46,31,30,0
1,1,1,6,4,311,2,0,3,1,5,41,1,77,60,75,4,2023,1,3,18,35,4,0
0,0,1,0,5,772,1,1,40,2,2,102,0,42,20,36,5,2025,2,0,25,20,39,0
1,0,2,8,5,231,5,1,37,1,5,61,1,38,41,31,8,2019,1,1,46,22,35,0
0,1,4,4,5,820,7,1,27,2,6,96,2,4,41,5,5,2019,2,2,46,13,30,0
0,1,2,6,6,484,1,1,30,1,2,63,1,74,12,69,6,2024,1,4,9,35,33,0
0,0,2,4,3,678,6,1,33,2,6,56,0,5,67,6,3,2021,0,1,67,7,12,0
0,0,1,0,3,791,9,1,11,2,3,67,0,42,66,36,3,2022,2,3,37,20,11,0
0,1,2,7,5,750,12,0,45,2,0,34,0,70,50,27,5,2025,0,2,55,31,42,0
0,1,5,0,5,811,7,0,55,2,5,30,1,2,41,3,5,2015,2,1,46,20,55,0
1,1,2,6,5,142,8,0,54,1,0,46,0,74,41,69,5,2024,1,4,46,30,34,1
1,3,2,8,5,584,1,1,49,2,4,8,0,35,41,30,8,2016,2,3,46,2,53,0
1,1,6,8,5,526,10,0,13,2,4,15,0,22,41,22,5,2018,2,0,46,28,16,1
0,0,5,4,5,351,3,1,27,1,5,43,0,4,41,5,5,2017,1,3,46,2,30,1
0,1,2,4,7,272,5,1,47,1,2,8,1,69,8,33,4,2019,1,1,11,11,49,1
0,1,6,4,5,1238,10,1,29,3,6,78,2,29,68,64,4,2023,0,3,71,2,47,1
3,1,6,2,5,744,12,1,15,1,5,54,3,13,41,14,5,2023,1,3,46,2,18,0
0,0,2,6,0,376,7,1,26,1,2,44,0,61,56,57,0,2025,1,4,60,32,28,1
1,2,2,6,5,227,3,1,27,1,0,34,0,28,41,80,5,2021,1,3,46,35,30,1
0,3,2,7,5,667,3,0,27,2,0,27,0,11,41,8,5,2020,2,5,46,36,30,1
0,1,2,4,5,927,7,1,25,2,5,21,1,79,41,78,4,2019,0,3,46,33,27,1
3,1,2,1,5,884,4,1,17,1,3,55,1,36,41,79,5,2018,1,1,46,2,19,0
0,0,3,4,8,465,4,0,49,1,5,23,0,5,54,6,8,2024,1,5,14,33,53,1
1,1,3,8,5,431,6,0,8,2,5,34,1,24,41,58,8,2022,2,3,46,30,9,1
0,1,1,8,4,477,8,1,29,1,0,39,1,22,81,22,4,2021,1,3,81,5,47,0
2,1,4,4,4,97,2,1,17,1,0,38,2,5,78,6,5,2024,1,1,79,13,19,1
0,1,2,7,5,310,6,1,5,1,6,11,1,45,41,40,7,2023,1,3,46,22,6,1
1,1,1,8,5,196,6,0,8,1,5,39,1,48,41,43,8,2022,1,1,46,9,9,0
0,1,2,4,5,760,4,1,27,2,4,21,0,79,41,78,5,2019,2,5,46,2,30,0
1,1,6,6,5,158,1,1,40,1,6,78,1,77,41,75,5,2018,1,1,46,35,39,1
1,1,3,8,5,554,10,1,8,2,3,65,1,22,41,22,8,2021,2,3,46,3,9,1
1,1,1,8,5,220,10,1,18,1,3,97,0,58,41,53,5,2024,1,3,46,22,1,0
1,0,2,8,5,217,2,1,27,1,6,31,2,66,41,62,5,2017,1,1,46,30,30,0
0,1,1,1,1,759,2,1,48,2,1,25,1,63,79,18,1,2023,2,3,36,4,50,1
1,1,4,8,5,475,2,0,27,2,0,37,1,51,41,17,5,2021,2,2,46,31,30,1
0,2,2,3,7,277,3,1,46,1,0,22,1,78,71,73,7,2022,1,1,72,7,48,1
1,1,3,6,4,773,4,1,22,2,1,86,0,61,78,57,4,2022,2,5,79,12,23,1
1,0,1,8,5,302,1,0,43,1,4,13,0,12,41,13,8,2025,1,3,46,22,45,0
0,1,2,7,5,366,1,1,31,1,2,57,1,45,41,40,7,2024,1,3,46,28,32,1
0,1,2,8,0,971,10,0,14,2,5,37,1,73,38,70,0,2018,2,1,44,10,17,0
1,0,2,8,5,517,9,0,17,2,1,29,1,22,50,22,5,2021,2,0,55,34,19,0
0,1,1,0,4,790,3,1,47,2,2,31,0,21,32,16,4,2025,2,3,39,37,49,1
0,0,1,5,4,839,4,1,17,2,1,43,1,40,78,35,5,2018,2,3,79,30,19,0
0,1,2,8,7,630,3,1,52,2,1,63,1,14,27,54,7,2020,2,0,70,29,51,1
1,1,3,5,6,301,9,1,32,2,5,18,0,71,69,68,6,2020,2,0,74,16,15,0
1,1,3,5,6,233,10,1,13,1,3,8,0,71,4,68,5,2022,1,4,3,23,16,0
1,1,4,8,5,834,9,1,0,2,1,22,0,14,55,54,8,2021,0,5,54,9,24,0
0,1,1,4,7,421,10,1,52,1,2,29,0,5,26,6,7,2021,1,5,32,5,51,1
0,1,2,8,4,1021,7,1,53,2,5,65,0,14,44,54,4,2024,2,4,49,17,54,0
1,1,2,8,5,312,3,1,27,1,0,59,0,38,41,31,5,2016,1,4,46,9,30,0
0,1,2,4,5,391,1,0,45,1,2,15,0,29,50,64,5,2022,1,3,55,13,42,1
1,1,2,5,8,447,11,1,15,2,2,26,0,54,53,55,5,2020,2,3,58,9,18,0
0,3,2,4,5,358,9,1,20,1,3,13,0,8,41,9,5,2025,1,0,46,9,21,0
1,0,1,8,5,1028,3,1,50,3,4,37,0,20,41,19,8,2024,0,1,46,2,46,0
1,1,4,6,5,410,1,1,20,2,1,12,1,9,41,12,5,2021,2,0,46,30,21,1
1,1,2,8,5,495,9,0,18,2,5,95,0,17,63,39,5,2022,2,1,68,9,1,0
0,1,1,6,6,697,10,1,21,2,2,74,0,15,80,10,6,2024,2,2,28,35,25,0
1,1,4,4,6,360,9,1,35,1,4,8,0,79,80,78,4,2025,1,4,28,16,8,0
0,0,5,7,3,932,6,1,34,2,3,70,0,19,76,34,3,2024,2,4,62,24,0,0
1,1,1,8,5,213,9,0,0,1,3,25,0,51,41,17,8,2023,1,4,46,31,24,0
0,1,1,4,5,393,2,1,54,1,3,32,0,29,24,64,5,2016,1,2,27,30,34,1
3,1,2,2,5,889,3,0,27,1,2,11,0,13,41,14,5,2025,1,1,46,2,30,0
1,1,1,8,5,552,11,1,54,2,4,93,0,58,41,53,5,2017,2,0,46,9,34,0
1,1,1,8,5,532,7,1,0,2,3,49,1,51,41,17,8,2023,2,3,46,31,24,1
2,1,1,5,5,236,8,1,27,2,3,21,0,27,41,24,5,2025,2,1,46,2,30,0
1,1,2,6,5,763,6,0,45,3,1,55,0,28,63,80,5,2025,0,1,68,35,42,1
0,1,5,4,5,872,6,1,55,2,3,23,1,79,41,78,5,2018,2,1,46,28,55,1
1,1,3,8,5,478,8,1,43,2,0,68,0,17,0,39,8,2023,2,3,6,2,45,1
3,1,6,3,5,515,11,1,10,1,1,36,3,64,41,11,3,2021,1,2,46,9,3,1
1,1,4,8,5,184,1,1,27,1,3,83,2,14,41,54,5,2019,1,3,46,28,30,1
1,0,6,6,5,211,1,1,45,1,1,60,4,77,41,75,5,2019,1,3,46,35,42,1
3,1,4,1,5,670,10,1,17,1,0,7,1,47,41,45,5,2020,1,2,46,31,19,0
0,2,1,7,5,677,7,1,52,2,4,68,1,32,41,26,7,2023,2,1,46,2,51,0
1,1,2,8,5,271,3,1,15,1,6,9,1,58,41,53,5,2023,1,5,46,31,18,1
0,0,2,4,5,739,7,0,54,2,6,114,0,81,41,81,5,2025,2,3,46,12,34,1
1,1,1,8,5,243,10,1,4,1,1,75,0,51,41,17,8,2017,1,5,46,3,5,0
1,2,2,8,5,283,8,1,54,1,4,32,1,35,41,30,5,2017,1,1,46,9,34,1
0,1,1,4,5,1569,11,1,55,3,6,11,1,4,41,5,5,2025,0,5,46,12,55,0
1,1,2,8,5,533,10,1,20,2,1,75,0,35,41,30,5,2023,2,3,46,31,21,0
1,0,2,6,5,331,1,0,32,2,2,89,0,74,41,69,6,2021,2,3,46,23,15,0
3,3,6,3,5,792,2,1,9,2,3,11,3,78,41,73,3,2024,0,3,46,7,14,1
0,0,2,0,5,846,8,1,40,2,6,44,1,2,41,3,5,2015,2,1,46,9,39,0
0,1,1,3,8,734,11,1,49,2,0,57,0,62,17,76,8,2018,2,3,51,25,53,0
1,3,1,6,5,302,4,1,17,2,6,28,0,15,50,10,5,2016,2,0,55,31,19,0
0,1,2,3,6,822,5,1,30,3,1,62,0,64,29,11,6,2024,0,1,34,18,33,0
2,2,1,5,5,75,3,1,18,1,6,76,0,71,41,68,5,2025,1,1,46,31,1,1
0,1,2,4,5,727,7,1,6,2,5,11,0,29,41,64,4,2018,2,4,46,31,22,0
0,1,2,4,5,684,8,1,53,2,0,37,0,8,41,9,4,2016,2,1,46,28,54,1
2,1,4,8,8,224,7,1,37,2,2,33,1,38,19,31,8,2025,2,3,20,3,35,0
0,0,1,4,5,740,10,0,55,2,5,77,0,53,41,48,5,2022,2,3,46,33,55,1
0,1,4,0,5,670,10,1,26,2,6,16,0,2,41,3,0,2024,2,1,46,27,28,0
0,2,1,4,3,334,10,1,7,1,6,8,0,53,66,48,4,2022,1,0,37,7,10,0
0,1,3,4,0,307,7,1,14,1,6,57,0,49,1,44,0,2019,1,5,0,32,17,0
0,1,3,4,5,861,6,1,54,2,3,60,0,5,41,6,5,2021,2,0,46,28,34,0
3,1,5,1,5,1274,6,1,1,3,2,53,2,63,41,18,1,2019,0,3,46,9,7,1
1,2,1,8,5,563,11,1,13,2,5,81,0,73,68,70,5,2025,2,1,71,25,16,1
1,1,2,8,5,677,5,1,18,2,0,94,0,66,47,62,5,2020,0,0,7,14,1,0
2,1,3,5,5,86,6,1,55,1,0,8,1,46,47,41,5,2015,1,4,7,2,55,0
0,0,3,7,5,751,8,1,27,2,6,31,0,72,35,71,5,2024,2,5,40,2,30,1
1,0,4,6,5,370,7,1,18,2,3,96,2,3,50,4,5,2016,2,5,55,31,1,0
0,1,2,4,5,356,3,1,15,1,4,178,1,18,41,60,5,2021,1,3,46,17,18,0
1,0,3,8,5,251,8,1,27,1,3,8,1,35,41,30,5,2025,1,3,46,14,30,1
1,1,1,6,5,218,10,1,40,1,6,58,0,3,41,4,5,2025,1,5,46,23,39,1
2,1,1,5,5,188,8,1,55,2,1,43,1,40,41,35,5,2018,2,3,46,31,55,1
0,2,4,6,8,366,4,1,8,1,5,90,3,28,31,80,8,2025,1,4,38,16,9,0
0,1,3,8,0,372,7,1,14,1,3,57,1,38,1,31,0,2025,1,2,0,20,17,0
3,1,1,3,5,966,9,1,27,2,1,14,0,64,41,11,5,2023,2,3,46,9,30,0
0,0,1,8,3,845,4,1,50,2,3,18,0,73,28,70,8,2019,2,1,33,7,46,1
0,2,2,4,5,752,5,1,27,2,3,18,0,8,41,9,5,2025,2,4,46,13,30,1
1,1,2,8,5,237,8,1,27,1,6,65,0,73,41,70,5,2024,1,1,46,2,30,1
1,0,2,8,5,502,11,1,49,2,5,51,0,73,41,70,8,2021,2,1,46,31,53,0
3,3,2,5,1,764,2,1,12,1,6,47,0,54,59,55,1,2017,1,5,41,6,13,1
1,1,6,8,5,558,6,1,0,2,2,30,1,51,41,17,8,2019,2,1,46,2,24,1
0,1,2,4,5,344,2,1,16,1,2,14,0,18,0,60,4,2024,1,5,6,33,41,0
0,1,5,8,3,865,9,0,4,2,0,35,3,14,73,54,8,2019,2,3,78,18,5,1
0,1,1,7,5,696,12,1,17,2,4,77,0,72,55,71,5,2022,2,5,54,28,19,0
0,0,2,4,5,469,5,1,25,1,3,75,0,30,41,25,4,2015,1,0,46,30,27,1
2,1,4,5,5,203,1,1,45,2,3,71,2,55,41,50,5,2016,2,3,46,28,42,0
1,1,4,6,5,428,1,1,18,2,6,32,1,77,0,75,5,2021,2,1,6,9,1,1
0,3,2,5,0,839,10,1,55,2,3,47,1,7,16,47,5,2024,2,1,21,2,55,0
3,3,2,1,5,842,3,0,40,1,5,23,0,41,41,59,5,2021,1,3,46,9,39,0
1,1,4,6,5,187,11,1,27,1,6,23,1,76,41,74,5,2025,1,3,46,31,30,1
1,1,3,8,5,506,10,1,49,2,0,16,0,14,41,54,8,2018,2,5,46,31,53,1
2,3,4,5,5,100,3,0,27,1,1,10,1,54,41,55,5,2019,1,1,46,30,30,0
1,1,2,6,5,423,6,1,30,2,5,54,1,9,41,12,6,2018,2,4,46,22,33,0
3,1,1,2,5,766,9,1,15,1,6,83,0,75,41,72,5,2020,1,0,46,2,18,1
0,0,3,2,4,647,10,1,53,2,1,3,1,65,52,61,4,2017,2,3,59,1,54,0
0,1,6,4,5,847,10,1,35,2,6,83,3,29,41,64,4,2017,2,2,46,12,8,0
0,1,4,7,5,683,7,1,27,2,3,41,1,70,41,27,5,2025,2,1,46,9,30,1
0,1,3,7,5,312,11,1,55,1,2,68,0,70,63,27,5,2025,1,1,68,24,55,0
1,1,2,8,5,859,10,1,27,3,5,49,1,48,41,43,5,2018,0,0,46,25,30,0
1,0,3,8,5,501,2,0,37,2,5,15,0,73,20,70,8,2023,2,3,25,30,35,1
1,3,4,8,5,573,12,0,15,2,0,114,2,38,0,31,5,2022,2,1,6,22,18,0
0,2,1,4,5,370,2,0,15,1,2,63,0,79,41,78,5,2017,1,5,46,5,18,1
2,1,4,4,4,162,8,1,29,2,3,39,1,81,25,81,4,2023,2,5,30,17,47,0
3,1,2,1,5,829,9,1,20,1,1,51,1,63,41,18,5,2025,1,3,46,9,21,0
0,3,2,8,1,943,6,1,1,2,2,39,1,38,59,31,1,2015,2,3,41,4,7,1
1,1,1,8,5,358,11,1,8,2,4,55,0,48,41,43,8,2018,0,2,46,28,9,0
0,1,2,0,0,911,8,1,26,2,0,38,1,44,42,38,0,2017,2,0,50,10,28,1
1,1,3,6,5,421,11,0,20,2,1,3,1,16,63,15,5,2021,2,3,68,8,21,1
1,1,1,8,5,238,5,1,18,1,5,22,0,22,68,22,5,2022,1,0,71,9,1,1
1,2,3,8,5,450,8,0,27,2,4,20,1,22,41,22,5,2024,2,3,46,31,30,0
0,1,4,2,3,464,12,1,51,1,4,70,1,13,66,14,2,2015,1,3,37,26,52,1
0,1,2,3,4,634,12,1,13,2,3,51,0,67,52,67,5,2024,2,0,59,5,16,0
3,2,2,1,5,968,6,1,27,2,5,50,1,36,41,79,5,2022,0,3,46,9,30,0
0,0,5,4,5,754,2,1,13,2,5,60,2,53,23,48,5,2025,2,2,26,9,16,1
2,2,1,4,4,134,10,1,6,1,4,69,0,49,32,44,4,2017,1,1,39,33,22,1
1,1,2,8,5,193,6,1,50,1,2,26,0,20,41,19,8,2025,1,1,46,2,46,1
1,0,5,8,5,430,3,0,49,2,6,59,1,12,23,13,8,2025,2,4,26,9,53,0
1,1,1,8,5,556,8,1,0,2,4,32,0,17,23,39,8,2023,0,3,26,31,24,1
1,0,3,8,5,581,11,1,43,2,6,41,2,20,41,19,8,2022,2,1,46,30,45,1
0,1,2,7,5,1186,3,1,17,3,0,51,0,32,41,26,5,2024,0,5,46,31,19,0
1,1,2,6,5,390,10,1,20,2,2,19,0,28,41,80,5,2021,2,3,46,23,21,1
0,3,3,0,5,876,8,1,14,2,5,19,0,50,41,42,0,2022,2,3,46,10,17,1
0,1,1,7,5,433,11,1,45,1,0,9,1,57,41,49,5,2019,1,5,46,31,42,1
1,0,5,8,5,286,6,1,50,1,2,20,0,17,41,39,8,2021,1,5,46,28,46,0
1,0,3,8,5,584,3,0,43,2,3,10,0,35,41,30,8,2019,2,3,46,9,45,0
1,3,6,6,5,396,2,0,30,2,3,63,2,76,41,74,6,2020,2,3,46,22,33,1
2,1,1,5,5,193,4,0,45,2,5,25,0,25,41,20,5,2022,2,5,46,31,42,1
0,0,2,4,5,332,9,1,6,1,0,7,1,29,41,64,4,2023,1,3,46,12,22,0
1,1,4,6,5,136,6,0,13,1,0,4,3,28,41,80,5,2025,1,1,46,22,16,0
1,1,5,6,5,306,7,0,15,2,4,42,3,16,24,15,5,2021,2,3,27,16,18,0
0,1,3,7,5,774,3,1,18,2,4,47,0,57,68,49,5,2020,2,5,71,2,1,0
0,1,2,5,0,427,3,1,40,1,6,25,1,26,21,23,5,2019,1,3,23,28,39,0
3,0,1,2,5,766,1,1,23,1,6,13,1,1,20,2,2,2024,1,3,25,26,26,1
2,1,1,5,5,226,12,1,27,2,3,88,0,54,41,55,5,2022,2,3,46,30,30,0
0,1,2,4,5,766,11,1,40,2,5,89,0,29,41,64,5,2025,2,3,46,31,39,1
1,1,1,8,5,216,4,1,18,1,4,108,0,24,50,58,5,2021,1,5,55,2,1,0
1,3,3,8,5,267,12,1,40,1,2,81,1,22,41,22,5,2024,1,0,46,3,39,0
2,1,6,5,5,150,12,0,27,2,2,76,1,71,41,68,5,2017,2,3,46,2,30,1
3,1,3,3,5,891,10,1,20,2,5,9,1,78,63,73,5,2019,2,3,68,18,21,1
0,1,3,0,5,922,12,0,27,2,2,125,0,44,41,38,5,2015,2,3,46,31,30,1
3,3,3,3,5,989,1,1,40,2,4,28,1,78,41,73,5,2017,2,1,46,21,39,0
1,1,2,8,5,255,5,1,55,1,5,16,1,58,41,53,5,2021,1,3,46,3,55,0
1,1,1,6,5,142,5,1,45,1,4,48,0,16,47,15,5,2025,1,3,7,22,42,0
0,1,1,6,7,314,2,1,46,1,4,17,0,28,8,80,7,2020,1,0,11,11,48,0
1,1,3,8,5,189,7,0,49,1,1,33,0,12,41,13,8,2025,1,3,46,34,53,1
1,1,1,8,5,593,1,1,27,2,1,21,1,51,41,17,5,2022,2,5,46,14,30,1
0,0,1,5,4,458,10,0,13,1,5,7,0,25,81,20,5,2017,1,2,81,5,16,1
0,1,3,7,5,806,2,0,27,2,0,94,2,45,41,40,5,2021,2,3,46,11,30,1
0,1,3,7,5,754,5,1,31,2,3,42,0,45,41,40,7,2016,2,3,46,36,32,1
0,1,5,4,5,941,4,1,27,2,4,95,0,49,68,44,5,2015,2,3,71,28,30,1
1,1,1,8,5,447,11,1,43,2,4,75,0,51,41,17,8,2025,2,1,46,30,45,0
1,1,1,8,5,300,6,1,4,1,3,63,1,14,20,54,8,2017,1,3,25,9,5,1
0,1,1,4,5,846,12,1,55,2,5,28,0,49,41,44,5,2019,2,1,46,2,55,0
1,1,2,8,5,430,1,1,55,2,5,29,0,22,35,22,5,2023,2,2,40,31,55,1
1,0,2,8,5,576,4,1,49,2,2,59,1,20,41,19,8,2022,2,2,46,22,53,1
0,1,1,4,5,414,1,0,29,1,3,96,0,4,20,5,4,2017,1,3,25,28,47,1
1,1,4,8,5,305,1,1,13,1,2,70,0,12,68,13,5,2021,1,2,71,30,16,1
0,1,3,4,0,832,4,0,16,2,0,66,0,8,38,9,4,2025,2,1,44,10,41,1
1,3,2,8,5,306,4,0,27,1,1,7,1,24,41,58,5,2024,1,1,46,9,30,1
0,1,2,4,5,913,4,1,27,2,5,12,0,5,41,6,5,2020,2,1,46,31,30,1
0,3,5,4,7,650,7,1,47,2,5,59,1,39,40,32,4,2019,2,3,45,5,49,0
3,2,2,5,3,1083,7,1,27,2,6,47,0,54,67,55,5,2019,2,2,67,30,30,1
1,3,3,6,5,187,6,1,32,1,1,2,1,74,41,69,6,2021,1,1,46,30,15,0
0,1,3,0,5,765,1,1,20,2,6,8,1,2,20,3,5,2024,2,2,25,28,21,0
1,1,4,6,5,109,10,1,54,1,1,56,2,61,41,57,5,2017,1,1,46,22,34,0
2,1,3,5,5,176,11,1,15,2,0,37,0,6,41,0,5,2023,2,4,46,9,18,0
0,2,1,3,6,342,1,1,17,1,0,36,0,37,29,66,5,2017,1,4,34,23,19,1
2,2,3,4,4,575,7,1,7,2,6,64,1,39,48,32,4,2025,0,1,53,12,10,1
0,1,4,6,8,360,12,1,15,1,6,15,0,77,22,75,5,2017,1,3,22,16,18,1
1,1,4,8,5,276,1,1,45,1,0,54,2,20,41,19,5,2022,1,3,46,9,42,1
0,1,1,4,8,1161,5,1,37,3,3,18,1,30,22,25,8,2020,0,4,22,12,35,1
1,1,1,6,5,301,5,1,17,2,5,14,0,3,50,4,5,2015,2,0,55,9,19,0
0,0,4,7,5,697,10,0,27,2,5,90,3,19,41,34,5,2019,2,3,46,28,30,0
0,3,2,7,5,825,8,1,27,2,5,15,1,19,41,34,5,2022,2,0,46,28,30,1
0,3,1,8,1,308,8,1,37,1,6,34,0,22,77,22,8,2019,1,1,80,14,35,0
0,1,4,4,2,442,10,0,28,1,0,29,1,5,72,6,4,2023,1,3,75,1,31,1
3,0,4,3,5,1038,4,1,27,2,5,43,0,37,41,66,5,2024,2,5,46,7,30,1
0,2,4,0,5,485,12,1,27,1,4,10,2,2,41,3,5,2025,1,3,46,10,30,0
2,1,4,4,4,418,4,1,25,2,3,24,1,79,46,78,4,2023,2,3,52,5,27,1
0,1,2,0,5,715,3,0,27,2,5,84,1,21,41,16,5,2015,2,1,46,30,30,1
0,0,2,4,5,388,1,1,3,1,4,70,0,8,41,9,4,2019,1,3,46,31,4,0
2,3,2,8,8,278,10,1,27,2,2,63,0,58,17,53,5,2024,2,3,51,25,30,1
0,1,4,7,5,747,8,1,15,2,0,26,1,32,41,26,5,2016,2,5,46,24,18,1
3,1,2,1,5,1499,4,0,1,2,0,28,0,63,47,18,1,2023,2,0,7,9,7,1
1,1,2,8,5,215,3,1,50,1,4,90,1,20,41,19,8,2025,1,1,46,28,46,1
0,1,4,4,5,621,8,0,45,2,4,22,1,8,41,9,5,2025,2,3,46,2,42,0
2,1,3,5,5,185,12,1,27,2,2,37,2,6,41,0,5,2018,2,1,46,9,30,1
0,1,5,7,5,319,4,1,27,1,0,49,1,70,41,27,5,2022,1,1,46,2,30,0
0,1,3,6,8,579,2,0,49,2,1,27,0,34,17,29,8,2025,2,2,51,34,53,0
2,1,1,4,4,176,4,0,17,1,6,72,0,30,64,25,5,2024,1,1,29,12,19,0
2,1,1,5,5,166,5,1,27,2,6,71,1,40,41,35,5,2022,2,5,46,22,30,1
3,1,2,1,5,1580,4,1,27,2,1,21,0,80,35,77,5,2024,2,3,40,0,30,0
1,1,1,8,5,282,3,1,27,1,0,14,1,48,41,43,5,2024,1,5,46,2,30,0
1,1,2,8,5,772,8,1,17,2,6,29,1,17,41,39,5,2019,0,0,46,2,19,1
0,1,1,4,5,820,2,1,7,2,5,24,0,52,41,46,4,2021,2,5,46,31,10,1
1,1,2,6,5,399,4,1,13,2,4,11,0,16,68,15,5,2023,2,5,71,28,16,0
0,1,4,4,5,782,2,1,18,2,4,41,1,18,0,60,5,2023,2,3,6,28,1,1
1,1,3,8,5,298,1,0,4,1,4,97,2,73,41,70,8,2019,1,0,46,28,5,0
1,1,2,8,5,376,11,1,4,2,6,14,1,66,41,62,8,2024,2,3,46,25,5,0
1,1,2,8,5,534,12,0,43,2,2,4,0,66,41,62,8,2023,2,4,46,9,45,1
1,1,4,8,5,473,3,0,50,2,3,24,0,20,41,19,8,2025,2,5,46,30,46,1
0,1,3,8,4,1062,9,0,45,3,0,5,0,24,78,58,5,2023,0,1,79,25,42,0
1,1,3,8,5,208,8,1,55,1,6,150,1,24,35,58,5,2016,1,1,40,9,55,1
0,1,4,0,5,326,12,0,27,1,1,37,1,60,41,56,5,2025,1,5,46,10,30,1
0,2,4,4,8,1027,2,1,40,2,3,58,1,29,53,64,5,2016,2,1,58,5,39,1
0,1,2,0,5,301,12,1,27,1,3,68,1,50,41,42,5,2015,1,1,46,20,30,0
2,0,1,5,5,155,10,1,18,2,6,53,0,54,41,55,5,2019,2,0,46,31,1,0
1,3,4,8,5,498,10,1,0,2,6,12,1,58,41,53,8,2025,2,5,46,22,24,1
1,1,1,8,5,514,12,1,0,2,5,55,1,20,23,19,8,2015,2,1,26,2,24,0
0,1,1,4,5,386,10,1,27,1,1,7,0,49,41,44,5,2016,1,5,46,17,30,0
2,3,2,5,5,207,12,1,54,2,3,40,1,40,41,35,5,2019,2,3,46,28,34,1
1,1,5,8,5,262,5,1,45,1,1,91,2,73,41,70,5,2025,1,5,46,9,42,1
0,1,2,7,5,405,1,1,46,1,4,1,0,11,41,8,7,2024,1,1,46,28,48,1
1,1,2,6,5,160,9,0,30,1,4,162,0,61,41,57,6,2017,1,2,46,2,33,1
3,1,2,3,5,578,5,0,33,1,0,48,1,33,63,28,3,2025,1,4,68,28,12,1
0,1,5,4,5,337,6,1,47,1,2,86,2,69,41,33,4,2025,1,1,46,12,49,1
3,3,2,3,5,922,8,1,15,2,2,93,1,64,41,11,5,2018,2,2,46,2,18,0
0,1,2,0,5,386,7,1,54,1,3,30,2,23,55,21,5,2018,1,1,54,9,34,1
1,0,3,6,5,228,7,0,27,2,1,64,0,16,50,15,5,2018,2,3,55,22,30,0
3,1,1,1,5,1447,5,1,27,2,3,28,0,63,41,18,5,2017,2,3,46,28,30,0
0,1,3,4,5,374,6,1,3,1,1,46,2,18,55,60,4,2015,1,0,54,30,4,0
1,0,2,8,5,525,10,1,40,2,5,86,0,48,41,43,5,2018,2,5,46,34,39,1
0,1,2,7,5,807,8,1,18,2,3,71,0,45,68,40,5,2022,2,1,71,28,1,1
0,1,2,4,5,416,1,1,22,1,6,6,1,18,41,60,4,2025,1,3,46,9,23,1
3,0,2,3,5,1015,3,1,20,2,4,33,1,67,41,67,5,2019,2,1,46,30,21,1
2,1,1,5,5,105,10,0,55,1,1,38,0,46,35,41,5,2018,1,3,40,31,55,0
0,1,3,8,4,1124,5,1,43,2,0,28,0,48,33,43,8,2022,2,1,69,29,45,1
1,1,1,6,5,358,12,1,54,2,1,88,0,9,55,12,5,2022,2,3,54,8,34,0
1,1,3,8,5,472,2,1,40,2,1,85,0,17,41,39,5,2025,2,0,46,34,39,0
0,0,2,6,0,819,4,1,42,2,6,13,2,74,42,69,0,2017,2,3,50,10,44,0
1,1,3,5,8,314,7,1,49,1,4,51,2,54,17,55,8,2022,1,3,51,30,53,1
1,0,6,8,5,626,10,1,18,2,3,8,4,58,41,53,5,2021,2,0,46,28,1,0
1,3,3,6,5,362,11,1,55,2,1,90,0,16,63,15,5,2023,2,1,68,35,55,1
2,1,2,4,4,196,5,1,16,1,1,5,0,18,9,60,4,2022,1,3,8,17,41,1
3,1,2,3,5,590,1,1,27,1,4,80,0,62,41,76,5,2021,1,5,46,28,30,0
0,2,2,5,7,778,12,1,54,2,0,156,0,68,27,63,5,2022,2,3,70,30,34,0
1,1,2,6,5,313,5,1,54,2,5,24,1,77,41,75,5,2023,2,1,46,22,34,0
2,1,3,5,5,80,7,0,13,1,1,5,0,27,41,24,5,2016,1,3,46,22,16,1
0,0,2,1,4,253,7,0,16,1,4,25,0,80,9,77,4,2019,1,3,8,17,41,0
1,1,1,8,5,298,4,1,0,1,2,47,0,58,41,53,8,2017,1,4,46,9,24,1
1,2,2,5,8,458,6,1,0,2,2,107,0,40,70,35,8,2021,2,4,73,29,24,1
0,1,4,5,0,728,5,1,18,2,3,152,0,26,36,23,5,2015,2,5,42,20,1,1
1,1,3,6,5,307,6,1,27,2,2,12,0,10,41,7,5,2023,2,2,46,28,30,0
3,1,3,2,5,1345,11,1,39,2,3,34,1,75,41,72,2,2023,0,5,46,22,38,1
1,2,3,8,5,287,1,1,20,1,3,12,0,43,41,37,5,2025,1,2,46,2,21,1
1,1,1,8,5,299,12,1,27,1,5,52,0,73,41,70,5,2020,1,0,46,25,30,0
0,1,3,4,3,791,4,1,13,2,2,43,0,52,11,46,5,2017,0,0,64,17,16,0
1,1,1,5,8,385,1,1,54,2,5,18,0,26,30,23,5,2024,2,3,35,14,34,0
0,2,1,4,5,845,11,1,27,2,3,49,0,69,41,33,5,2016,2,3,46,31,30,0
0,2,1,4,5,780,7,1,3,2,2,17,0,79,41,78,4,2016,2,0,46,22,4,1
0,3,3,4,5,830,2,1,45,2,3,27,0,53,41,48,5,2024,2,0,46,9,42,0
0,1,1,4,8,455,3,1,0,1,5,40,1,49,13,44,8,2019,1,5,12,13,24,0
0,0,2,3,8,641,3,1,37,2,0,56,0,37,43,66,8,2024,2,3,48,25,35,1
0,1,1,6,6,1270,2,0,21,3,1,88,0,77,80,75,6,2024,0,5,28,8,25,0
1,1,2,8,5,254,8,1,17,1,2,21,0,24,24,58,5,2022,1,5,27,14,19,1
1,0,1,8,5,596,2,0,27,2,5,106,0,73,41,70,5,2017,2,3,46,22,30,0
2,2,2,4,4,135,9,1,6,2,4,64,2,4,64,5,4,2017,2,1,29,12,22,0
1,0,1,8,5,472,6,1,50,2,5,44,0,20,41,19,8,2025,2,1,46,9,46,0
1,1,3,8,5,567,5,1,43,2,0,27,1,73,47,70,8,2019,2,5,7,31,45,0
1,1,4,8,5,527,6,1,27,2,4,20,2,22,41,22,5,2022,2,5,46,25,30,0
1,1,3,8,5,455,4,1,18,2,2,15,0,58,41,53,5,2019,2,3,46,25,1,1
2,0,2,5,5,169,8,1,13,2,4,20,1,55,41,50,5,2018,2,1,46,28,16,1
0,0,2,6,7,850,5,1,30,2,2,29,0,3,40,4,6,2019,2,3,45,15,33,0
0,3,3,8,3,287,9,1,43,1,0,13,1,17,11,39,8,2016,1,5,64,3,45,1
0,0,1,8,3,915,4,1,33,2,6,1,0,38,28,31,3,2020,2,3,33,25,12,1
3,1,5,3,5,794,4,0,17,2,3,43,2,64,63,11,5,2021,0,2,68,28,19,0
0,0,2,7,5,710,4,1,27,2,5,2,0,11,41,8,5,2024,2,0,46,15,30,1
0,1,5,4,5,482,3,1,27,1,5,33,0,81,41,81,5,2016,1,2,46,28,30,0
2,3,1,5,5,234,3,1,27,2,0,40,1,71,41,68,5,2025,2,1,46,2,30,1
2,0,1,5,5,92,2,0,27,1,0,100,0,54,41,55,5,2023,1,1,46,31,30,1
0,1,1,4,5,926,10,0,6,2,3,19,1,53,50,48,4,2024,2,4,55,12,22,1
1,1,2,8,5,514,10,1,43,2,6,23,0,14,41,54,8,2022,2,0,46,30,45,1
1,1,2,8,5,400,8,1,27,2,4,15,0,66,41,62,5,2024,0,0,46,31,30,0
1,1,2,8,5,590,5,1,27,2,2,30,1,43,41,37,5,2019,2,3,46,25,30,0
0,1,3,4,5,440,8,0,45,1,5,50,1,18,35,60,5,2015,1,3,40,12,42,0
0,0,1,0,5,499,9,1,27,1,3,59,0,60,41,56,5,2025,1,2,46,32,30,1
1,1,3,8,5,989,11,0,8,3,1,68,0,20,47,19,8,2025,0,2,7,22,9,1
1,1,4,8,5,563,2,1,54,2,3,14,1,38,41,31,5,2020,2,3,46,3,34,1
1,1,6,8,5,487,3,0,20,2,3,37,3,66,47,62,5,2020,2,3,7,31,21,0
0,1,5,4,5,783,5,1,54,2,4,33,1,29,47,64,5,2022,2,4,7,30,34,1
3,1,4,1,5,1577,6,1,54,2,1,85,2,31,41,65,5,2016,2,1,46,6,34,0
0,1,5,4,5,661,1,1,20,2,1,13,0,39,41,32,5,2025,2,2,46,28,21,1
1,0,3,8,5,547,6,1,18,2,4,113,2,20,41,19,5,2017,2,3,46,29,1,0
0,1,2,4,5,864,7,0,40,2,5,85,0,5,41,6,5,2017,2,0,46,9,39,0
1,1,2,8,5,206,12,1,45,1,6,37,1,20,41,19,5,2017,1,1,46,22,42,0
0,0,2,7,1,708,3,1,40,2,3,23,0,70,79,27,5,2018,0,4,36,11,39,0
0,1,2,4,7,357,7,1,46,1,1,36,1,52,8,46,7,2025,1,3,11,15,48,0
0,1,5,5,7,758,11,1,15,2,2,66,2,6,8,0,5,2017,2,3,11,36,18,0
0,0,4,4,5,594,6,1,27,2,1,38,2,4,41,5,5,2019,0,3,46,12,30,1
3,1,1,5,1,644,10,1,27,1,1,44,0,6,45,0,5,2023,1,1,47,0,30,0
0,0,2,4,5,469,7,0,18,1,6,10,0,18,41,60,5,2025,1,3,46,22,1,0
1,1,3,8,5,309,10,1,55,1,2,20,2,20,35,19,5,2019,1,1,40,14,55,1
0,1,1,3,8,482,3,1,11,1,4,31,1,33,70,28,3,2023,1,1,73,34,11,1
0,1,2,4,5,925,12,0,40,2,0,3,0,4,23,5,5,2019,2,1,26,30,39,1
1,2,3,8,5,198,8,1,27,1,2,38,1,22,41,22,5,2024,1,3,46,31,30,1
0,1,1,1,6,457,4,1,32,1,4,13,1,31,10,65,6,2021,1,4,15,16,15,1
1,1,5,6,4,356,2,1,30,1,5,92,1,34,52,29,6,2025,1,1,59,19,33,0
0,1,3,7,5,669,7,1,45,2,6,33,1,32,41,26,5,2025,2,5,46,28,42,0
0,3,3,5,0,331,4,1,13,1,6,7,1,25,16,20,5,2022,1,3,21,27,16,1
2,3,3,5,5,77,3,1,17,1,0,57,1,25,41,20,5,2016,1,1,46,31,19,1
1,0,4,8,5,300,8,1,27,1,3,6,0,51,41,17,5,2025,1,3,46,3,30,0
1,1,2,8,5,447,2,1,49,2,3,2,2,22,41,22,8,2023,0,3,46,29,53,0
0,3,2,0,5,387,3,1,17,1,1,32,0,60,41,56,5,2023,1,3,46,31,19,0
1,0,3,8,5,208,2,1,55,1,5,15,0,73,41,70,5,2025,1,5,46,2,55,0
1,2,3,8,5,215,8,1,54,1,4,76,0,48,41,43,5,2024,1,2,46,2,34,1
1,1,4,8,5,448,5,1,37,2,2,41,1,66,41,62,8,2025,2,3,46,25,35,1
0,1,1,6,1,476,12,0,1,1,2,6,1,28,65,80,1,2015,1,4,31,4,7,0
1,1,2,8,5,319,7,0,27,1,4,38,0,22,41,22,5,2021,1,1,46,2,30,1
0,1,2,4,5,844,1,0,15,2,2,12,0,49,41,44,5,2023,0,3,46,17,18,1
0,1,6,4,5,1198,7,1,45,3,5,48,1,5,41,6,5,2019,0,1,46,13,42,0
2,1,6,5,5,120,7,1,27,1,0,20,2,55,41,50,5,2021,1,1,46,28,30,0
1,1,2,8,5,517,2,1,4,2,0,62,0,73,41,70,8,2024,2,3,46,34,5,0
1,1,3,8,5,238,3,1,18,1,6,31,0,22,41,22,5,2016,1,1,46,9,1,1
0,1,5,6,0,312,10,1,20,1,2,22,1,28,38,80,5,2023,1,1,44,32,21,0
0,1,2,7,6,371,10,1,19,1,1,25,0,57,7,49,7,2025,1,3,10,36,20,0
1,0,1,8,5,558,4,0,54,2,3,35,0,51,41,17,5,2016,2,3,46,14,34,1
1,1,5,5,8,197,9,1,37,1,1,115,1,68,43,63,8,2016,1,4,48,28,35,0
0,0,3,5,0,454,5,1,26,1,3,21,2,54,3,55,0,2025,1,3,2,10,28,1
1,3,1,8,5,492,4,1,50,2,6,14,1,58,0,53,8,2025,2,4,6,9,46,1
0,2,5,0,5,348,4,1,40,1,0,63,0,60,23,56,5,2021,1,5,26,31,39,1
1,2,2,6,5,278,9,1,20,2,0,24,0,61,55,57,5,2017,2,3,54,30,21,0
0,1,5,4,5,639,10,0,40,2,2,9,4,79,41,78,5,2019,0,3,46,17,39,0
0,1,2,4,5,766,5,1,28,2,1,22,0,29,41,64,4,2022,0,2,46,12,31,0
0,1,3,7,5,773,4,1,45,2,4,5,0,70,20,27,5,2017,2,1,25,31,42,1
3,3,2,2,5,1483,4,1,27,2,6,84,1,1,41,2,5,2023,2,3,46,30,30,0
1,3,3,8,5,201,2,0,55,1,0,60,0,24,41,58,5,2025,1,3,46,3,55,1
0,1,1,4,5,356,8,1,13,1,5,85,1,49,41,44,5,2019,1,4,46,5,16,1
0,1,3,0,5,363,6,0,55,1,5,39,1,21,41,16,5,2025,1,4,46,30,55,0
0,3,1,4,5,302,4,1,55,1,3,33,1,29,63,64,5,2018,1,2,68,2,55,1
1,3,1,8,5,222,6,1,54,1,6,105,1,17,41,39,5,2025,1,3,46,30,34,0
0,1,1,7,5,777,9,1,13,2,4,23,1,11,0,8,5,2015,2,3,6,22,16,1
2,1,5,5,5,60,7,1,17,1,5,63,0,27,41,24,5,2019,1,1,46,9,19,1
0,3,1,1,7,736,9,0,38,2,2,76,1,31,49,65,7,2023,2,5,57,0,37,1
1,1,2,6,5,256,4,1,27,2,1,77,0,77,41,75,5,2022,2,3,46,28,30,0
0,1,1,4,5,758,6,1,27,2,5,90,0,49,41,44,5,2016,2,0,46,33,30,0
1,0,3,6,5,389,1,1,15,2,4,27,1,34,68,29,5,2025,2,1,71,22,18,1
3,2,2,3,5,1021,5,1,40,2,2,66,1,67,23,67,5,2018,2,5,26,31,39,1
1,1,4,8,5,197,5,1,15,1,5,38,1,20,0,19,5,2023,1,1,6,2,18,1
0,3,3,0,5,803,11,1,18,2,5,57,1,23,41,21,5,2016,2,3,46,31,1,1
3,1,3,1,5,699,12,1,45,1,6,39,1,80,41,77,5,2024,1,1,46,22,42,1
1,1,4,8,5,549,2,1,43,2,6,63,0,14,41,54,8,2025,2,3,46,3,45,0
1,1,4,8,5,1155,7,1,8,3,2,111,1,17,41,39,8,2016,0,1,46,30,9,1
0,1,2,0,0,754,2,0,14,2,2,61,0,0,38,1,0,2022,2,4,44,32,17,1
0,1,2,8,4,965,11,1,22,2,1,86,1,66,9,62,4,2023,2,3,8,5,23,1
1,2,1,8,5,304,8,1,27,1,3,17,0,66,41,62,5,2024,1,1,46,25,30,0
1,1,2,8,5,481,11,0,18,2,2,30,0,20,41,19,5,2015,2,5,46,28,1,1
0,2,5,4,5,674,6,1,27,2,6,8,1,4,41,5,5,2025,2,5,46,33,30,1
0,2,2,0,5,754,2,1,13,2,3,26,0,2,41,3,5,2023,2,1,46,30,16,0
0,1,3,7,5,1295,7,1,15,3,6,3,0,57,41,49,5,2018,0,4,46,24,18,0
1,1,5,6,5,171,4,0,40,1,6,67,0,61,63,57,5,2023,1,5,68,31,39,0
2,0,6,5,5,195,9,1,45,2,1,79,2,25,41,20,5,2025,2,5,46,2,42,1
0,1,5,8,7,783,11,0,43,2,4,79,2,17,71,39,8,2022,2,3,72,14,45,0
0,1,3,4,5,407,12,1,25,1,0,56,2,59,41,52,4,2017,1,3,46,28,27,0
0,0,1,0,5,788,11,1,26,2,4,16,0,60,41,56,0,2025,2,3,46,30,28,0
0,0,1,7,5,356,5,1,27,1,4,36,0,19,41,34,5,2017,1,1,46,24,30,1
0,1,1,4,5,973,7,1,47,2,4,15,0,5,41,6,4,2020,2,3,46,13,49,0
3,1,6,3,5,979,7,0,11,2,3,61,3,67,23,67,3,2018,2,0,26,9,11,0
1,3,4,8,5,404,10,1,0,2,1,7,3,14,41,54,8,2019,2,3,46,9,24,1
0,3,2,0,5,835,12,0,54,2,5,25,1,50,41,42,5,2022,2,5,46,28,34,1
1,1,5,8,5,479,7,1,18,2,5,69,1,58,41,53,5,2018,2,0,46,28,1,0
1,1,1,8,5,489,9,1,20,2,0,35,0,12,41,13,5,2022,2,0,46,31,21,1
0,1,2,4,5,368,9,1,6,1,2,33,0,59,41,52,4,2024,1,3,46,5,22,1
1,1,6,6,5,118,3,1,40,1,6,98,1,16,41,15,5,2025,1,5,46,28,39,1
0,1,3,4,0,932,1,1,25,2,6,101,1,59,21,52,4,2025,2,1,23,20,27,1
0,0,1,4,5,784,4,1,47,2,5,67,1,4,41,5,4,2023,2,3,46,28,49,1
1,0,2,6,5,205,12,0,21,1,2,56,1,15,41,10,6,2025,1,1,46,31,25,0
1,2,2,4,6,345,4,1,41,1,1,28,0,5,7,6,6,2015,1,1,10,8,40,0
1,0,6,8,5,250,5,1,45,1,5,26,2,35,35,30,5,2024,1,1,40,9,42,0
1,0,1,5,8,186,10,1,27,1,3,22,0,46,37,41,5,2022,1,0,43,30,30,1
2,1,4,5,5,232,6,1,15,2,3,10,0,6,63,0,5,2022,2,2,68,2,18,0
0,1,2,0,5,931,10,1,18,2,5,55,1,2,68,3,5,2025,0,5,71,22,1,1
1,0,1,6,5,216,1,1,54,2,5,26,1,61,23,57,5,2018,2,2,26,8,34,1
0,1,2,4,5,748,10,1,40,2,3,68,0,8,63,9,5,2020,2,3,68,31,39,1
1,1,3,8,5,400,8,0,40,2,3,6,1,20,41,19,5,2016,2,1,46,3,39,1
1,0,2,8,5,527,2,0,13,2,3,22,0,58,41,53,5,2022,2,3,46,22,16,1
3,0,4,2,5,1696,4,1,23,2,6,27,1,13,41,14,2,2015,2,3,46,9,26,1
0,1,5,7,3,914,7,1,31,2,6,36,2,11,73,8,7,2018,2,0,78,18,32,1
1,0,1,8,5,196,6,1,17,1,6,7,1,38,47,31,5,2024,1,1,7,22,19,1
3,0,2,1,5,1566,7,1,13,3,4,61,0,80,41,77,5,2025,0,3,46,0,16,0
1,1,2,8,5,226,8,1,13,1,5,37,0,38,41,31,5,2023,1,1,46,22,16,0
1,0,4,6,5,417,3,0,41,2,3,93,2,74,24,69,6,2019,2,4,27,23,40,0
0,1,4,4,5,384,6,1,6,1,2,1,1,29,41,64,4,2023,1,3,46,31,22,1
3,1,3,3,5,567,2,1,54,1,2,28,0,33,55,28,5,2025,1,3,54,28,34,0
0,1,1,6,2,250,1,1,36,1,1,88,0,10,51,7,6,2024,1,4,56,19,36,1
1,1,3,8,5,478,9,1,27,2,2,3,1,14,41,54,5,2023,2,0,46,30,30,0
0,3,6,4,5,758,5,1,27,2,2,25,1,53,50,48,5,2025,2,5,55,2,30,0
0,1,2,7,5,770,8,1,17,2,3,75,0,11,41,8,5,2019,2,5,46,22,19,1
0,0,2,4,5,729,5,1,27,2,6,33,1,18,41,60,5,2022,2,5,46,13,30,1
0,1,2,7,5,399,3,1,55,1,1,2,1,72,35,71,5,2021,1,1,40,30,55,0
1,1,2,8,5,414,1,1,55,2,0,19,0,43,35,37,5,2023,2,0,40,31,55,1
0,1,4,4,5,883,3,1,6,3,3,75,0,59,0,52,4,2015,0,0,6,13,22,1
0,2,3,7,4,438,11,1,25,1,1,23,2,11,9,8,4,2016,1,1,8,36,27,1
3,3,1,2,5,1784,5,1,45,2,5,10,0,1,50,2,5,2022,2,4,55,9,42,1
0,1,5,4,5,800,6,1,13,2,1,59,2,5,41,6,5,2019,2,5,46,2,16,1
0,1,3,5,4,706,7,1,6,2,1,17,2,7,9,47,4,2017,2,4,8,9,22,0
1,1,5,8,5,490,9,1,4,2,2,10,2,17,41,39,8,2025,2,0,46,28,5,1
1,1,1,8,5,296,2,1,50,1,2,32,0,58,41,53,8,2025,1,4,46,34,46,0
3,1,2,2,5,1617,12,1,13,2,5,48,0,65,24,61,5,2021,2,3,27,2,16,0
0,1,2,3,7,545,8,1,33,2,0,136,0,78,34,73,3,2019,2,3,19,24,12,1
0,2,1,4,5,670,7,1,55,2,3,42,1,4,35,5,5,2025,2,3,40,28,55,1
3,3,1,1,5,1582,9,1,40,2,3,51,1,41,50,59,5,2025,2,1,55,0,39,1
2,1,3,5,5,127,5,0,54,1,4,51,0,54,41,55,5,2019,1,0,46,30,34,1
3,3,1,3,5,994,10,0,45,2,3,70,0,78,55,73,5,2023,2,5,54,31,42,1
0,1,1,8,3,647,4,1,0,2,0,17,0,58,66,53,8,2022,2,4,37,18,24,0
2,1,1,5,5,118,1,0,17,1,1,42,0,27,41,24,5,2022,1,0,46,28,19,0
0,3,2,7,5,340,4,1,19,1,4,32,1,19,41,34,7,2025,1,1,46,30,20,1
2,2,2,5,5,228,6,1,45,2,1,5,0,55,20,50,5,2018,0,0,25,31,42,0
1,3,5,8,5,428,10,1,20,2,1,40,1,17,41,39,5,2024,2,2,46,9,21,0
0,1,1,7,4,991,5,1,22,2,3,6,0,32,46,26,4,2021,2,1,52,15,23,1
3,2,4,3,5,1037,7,1,15,3,6,50,0,62,41,76,5,2023,0,2,46,9,18,0
1,3,2,8,5,429,10,1,49,2,0,32,0,35,50,30,8,2019,2,5,55,34,53,0
1,1,1,4,6,544,2,1,32,2,6,46,0,29,29,64,6,2020,2,3,34,13,15,1
1,0,4,8,5,528,11,1,49,2,1,19,0,48,41,43,8,2016,2,3,46,9,53,1
1,1,1,8,5,525,12,1,54,2,6,71,1,48,41,43,5,2015,2,5,46,14,34,1
3,1,1,3,5,957,6,0,17,2,4,108,1,64,41,11,5,2025,2,3,46,2,19,1
0,1,6,0,5,834,12,1,42,2,2,109,0,23,41,21,0,2022,2,3,46,28,44,1
1,1,4,8,5,312,1,1,27,1,6,68,1,38,41,31,5,2022,1,1,46,30,30,1
0,1,2,4,5,423,12,1,28,1,0,56,1,5,41,6,4,2018,1,3,46,28,31,0
1,0,2,5,8,510,11,1,27,2,1,32,1,26,31,23,5,2022,2,1,38,2,30,0
1,1,2,5,8,543,8,1,4,2,6,37,1,26,17,23,8,2019,2,3,51,28,5,0
0,1,2,4,5,401,3,1,22,1,2,62,1,69,41,33,4,2023,1,2,46,31,23,1
0,2,2,4,5,736,1,1,40,2,0,71,0,39,41,32,5,2023,2,2,46,13,39,1
1,0,2,8,5,232,6,1,43,1,6,33,0,73,41,70,8,2015,1,2,46,25,45,0
1,3,2,8,5,468,2,0,55,3,0,42,0,24,41,58,5,2021,0,1,46,30,55,1
1,1,2,8,5,298,7,1,27,1,6,14,1,20,41,19,5,2025,1,1,46,3,30,0
0,1,1,7,2,368,4,0,51,1,4,14,0,70,72,27,2,2016,1,3,75,1,52,0
0,1,2,0,4,684,3,0,6,2,4,16,0,44,52,38,4,2024,2,2,59,27,22,0
0,0,2,7,5,664,5,0,52,2,5,13,0,72,41,71,7,2025,0,4,46,36,51,0
0,3,2,0,6,716,1,1,26,2,0,19,0,21,80,16,0,2022,2,3,28,19,28,1
0,1,2,4,3,600,5,0,3,2,0,66,1,53,11,48,4,2023,2,4,64,21,4,1
1,1,3,6,5,421,2,0,27,2,1,64,0,28,41,80,5,2024,2,0,46,35,30,0
3,1,1,3,5,1046,5,1,18,2,3,26,0,67,50,67,5,2024,2,0,55,28,1,1
0,1,2,4,5,612,6,1,27,2,6,39,0,5,41,6,5,2017,0,1,46,9,30,1
1,0,1,8,5,602,8,1,54,2,6,33,0,20,41,19,5,2025,2,2,46,3,34,1
1,0,5,8,5,811,4,1,54,3,5,38,0,66,41,62,5,2024,0,3,46,28,34,0
3,3,2,2,5,858,4,1,27,1,2,4,1,56,41,51,5,2019,1,3,46,1,30,1
1,1,2,8,5,422,4,1,17,2,0,55,1,51,41,17,5,2022,2,1,46,14,19,1
1,2,2,8,5,668,12,0,49,2,0,37,0,35,41,30,8,2022,0,1,46,2,53,0
1,3,1,8,5,595,11,1,40,2,2,73,0,20,41,19,5,2018,2,1,46,31,39,1
1,1,4,5,6,470,3,0,40,2,5,19,0,26,12,23,5,2025,2,4,9,22,39,1
0,2,2,5,4,1092,2,1,55,3,4,4,0,68,81,63,5,2021,0,1,81,13,55,1
1,0,1,8,5,281,9,0,27,1,3,30,1,73,41,70,5,2025,1,0,46,31,30,1
3,0,1,1,5,853,3,0,27,1,2,24,0,41,41,59,5,2020,1,5,46,22,30,0
1,1,3,8,5,472,12,1,43,2,3,90,1,17,41,39,8,2019,2,4,46,28,45,0
0,0,5,4,5,843,11,1,6,2,5,36,2,39,41,32,4,2015,2,3,46,17,22,0
2,0,3,8,8,912,6,0,43,3,3,72,0,66,13,62,8,2025,0,1,12,14,45,1
1,1,1,8,5,310,2,1,40,1,0,99,0,48,0,43,5,2021,1,5,6,28,39,0
1,2,2,8,5,237,3,1,17,1,3,29,0,22,41,22,5,2025,1,2,46,9,19,0
0,1,2,5,7,369,4,1,52,1,4,42,0,71,40,68,7,2024,1,5,45,2,51,0
1,1,3,8,5,575,8,1,49,2,5,102,0,51,41,17,8,2024,2,0,46,30,53,0
0,1,2,4,5,806,10,1,55,2,1,54,1,30,41,25,5,2023,0,5,46,31,55,1
0,1,6,4,5,947,2,1,20,2,1,26,1,5,41,6,5,2025,2,2,46,2,21,0
1,0,3,8,5,539,9,0,37,2,4,30,0,38,41,31,8,2016,2,1,46,30,35,0
1,1,3,8,5,523,3,1,0,2,4,5,1,73,41,70,8,2022,2,3,46,30,24,0
1,0,2,8,5,549,6,1,4,2,2,8,0,24,41,58,8,2023,2,3,46,28,5,0
1,2,2,5,6,393,4,1,13,2,5,61,1,68,12,63,5,2021,2,4,9,19,16,0
1,1,3,6,5,165,2,1,27,1,6,20,0,10,41,7,5,2022,1,4,46,31,30,1
1,1,1,6,5,164,10,0,27,1,4,9,0,15,41,10,5,2018,1,2,46,31,30,1
1,1,1,8,5,263,1,0,15,1,6,65,0,20,63,19,5,2018,1,2,68,34,18,1
1,1,1,8,5,183,12,0,37,1,3,54,0,66,41,62,8,2023,1,2,46,9,35,1
0,0,4,4,5,464,3,0,53,1,6,101,0,81,20,81,4,2023,1,3,25,17,54,0
1,1,2,8,5,377,10,1,20,2,5,66,0,51,41,17,5,2024,2,4,46,30,21,0
1,1,1,8,5,503,8,1,37,2,3,48,1,48,41,43,8,2025,2,1,46,25,35,0
1,1,1,8,5,825,3,1,40,3,6,25,0,48,41,43,5,2019,0,0,46,28,39,0
0,1,2,4,7,725,7,1,7,2,4,59,1,69,71,33,4,2022,2,3,72,24,10,1
0,1,2,4,7,618,5,1,31,2,0,44,1,8,71,9,7,2022,2,0,72,37,32,0
1,1,4,8,5,453,12,1,20,2,1,47,1,20,47,19,5,2023,2,1,7,28,21,1
1,0,3,8,5,253,10,1,17,1,3,28,0,58,41,53,5,2019,1,1,46,30,19,0
1,1,2,8,5,462,12,1,27,2,5,29,0,14,41,54,5,2019,2,5,46,2,30,0
3,1,5,3,5,502,6,1,45,1,0,83,4,78,41,73,5,2016,1,3,46,2,42,0
0,0,3,4,5,308,9,0,6,1,5,8,0,81,41,81,4,2023,1,3,46,12,22,0
0,0,3,4,5,376,5,1,27,1,3,8,1,52,41,46,5,2015,1,5,46,13,30,0
1,0,2,6,4,424,2,0,6,2,1,7,0,61,78,57,4,2022,2,0,79,37,22,0
1,2,2,8,5,196,9,1,17,1,5,52,0,17,41,39,5,2015,1,4,46,30,19,1
0,1,3,5,0,448,6,1,26,1,1,24,0,6,56,0,0,2024,1,1,60,31,28,1
1,1,2,8,5,246,3,1,27,1,5,14,0,58,68,53,5,2016,1,3,71,9,30,0
2,0,5,4,4,143,4,1,16,1,2,99,1,8,46,9,4,2022,1,1,52,17,41,1
1,1,1,8,5,530,12,1,27,2,6,31,0,38,41,31,5,2023,2,1,46,2,30,0
3,1,2,3,5,1062,3,1,54,2,3,34,0,37,41,66,5,2019,2,0,46,9,34,0
0,1,2,5,4,308,4,1,47,1,0,85,1,7,48,47,4,2025,1,0,53,37,49,0
0,1,1,4,5,345,8,1,35,1,2,12,1,29,20,64,4,2025,1,1,25,22,8,0
0,1,1,3,4,860,9,1,35,2,2,50,1,78,64,73,4,2017,2,3,29,33,8,0
2,0,2,5,5,89,3,1,45,1,2,42,1,68,24,63,5,2023,1,4,27,2,42,0
0,1,3,7,5,794,12,1,38,2,6,37,0,57,47,49,7,2022,2,5,7,2,37,0
1,1,1,8,5,986,6,1,43,3,4,96,0,17,55,39,8,2023,0,2,54,28,45,1
3,0,5,1,5,1424,2,1,55,2,0,26,1,63,35,18,5,2019,2,2,40,0,55,1
2,1,3,5,5,211,1,1,15,2,1,80,2,7,41,47,5,2019,2,0,46,22,18,1
0,1,2,4,5,862,7,0,40,2,5,130,1,69,41,33,5,2018,2,5,46,30,39,1
1,1,3,8,5,229,3,1,55,1,6,101,1,12,20,13,5,2015,1,1,25,29,55,1
3,0,2,3,5,835,1,1,17,2,0,103,1,67,41,67,5,2019,0,1,46,28,19,0
1,1,3,6,4,687,6,1,16,2,4,12,0,16,52,15,4,2022,2,4,59,13,41,1
1,1,2,8,5,315,1,0,17,1,3,88,1,14,41,54,5,2025,1,2,46,2,19,1
3,1,6,3,5,423,8,1,27,1,0,56,2,78,41,73,5,2024,1,3,46,7,30,0
1,1,2,8,5,456,11,1,27,2,0,40,0,22,41,22,5,2024,2,1,46,28,30,1
1,2,2,5,8,550,7,1,4,2,6,29,0,26,22,23,8,2024,0,3,22,2,5,0
0,0,1,4,5,397,8,0,47,1,6,40,0,39,41,32,4,2022,1,3,46,2,49,1
1,1,3,8,5,583,4,1,43,2,1,66,0,14,41,54,8,2024,2,0,46,29,45,1
1,1,3,6,5,345,6,1,27,2,4,11,0,34,41,29,5,2022,2,2,46,31,30,0
3,1,1,1,5,1264,4,0,13,2,1,36,1,47,41,45,5,2025,2,1,46,31,16,1
0,1,4,0,5,771,6,1,27,2,4,18,0,2,41,3,5,2023,2,3,46,2,30,1
3,1,2,3,5,1190,10,1,11,3,1,54,2,64,23,11,3,2024,0,4,26,22,11,0
1,1,3,8,5,424,4,1,17,2,6,21,2,22,0,22,5,2019,2,5,6,9,19,0
1,0,2,8,5,527,8,1,43,2,4,54,2,38,41,31,8,2017,2,3,46,30,45,1
1,1,1,8,5,456,7,1,8,2,1,5,0,20,41,19,8,2016,2,2,46,31,9,0
0,0,3,4,5,431,10,0,54,1,2,14,1,59,41,52,5,2016,1,5,46,22,34,1
0,1,3,3,3,480,5,1,10,1,0,14,2,33,11,28,3,2024,1,5,64,21,3,0
0,1,1,6,6,426,12,0,32,1,6,52,0,16,69,15,6,2019,1,0,74,19,15,1
1,0,3,8,5,197,7,1,27,1,1,90,3,73,41,70,5,2023,1,5,46,25,30,1
3,0,1,3,5,533,3,0,11,1,5,83,0,33,35,28,3,2025,1,5,40,7,11,1
1,1,6,8,5,430,2,0,4,2,0,102,0,12,63,13,8,2022,2,1,68,31,5,0
1,1,2,8,5,535,5,1,20,2,1,29,1,20,47,19,5,2023,2,4,7,22,21,0
1,1,1,8,5,187,9,1,43,1,0,34,0,22,41,22,8,2022,1,1,46,9,45,0
0,1,3,5,7,389,6,0,52,1,2,54,1,54,71,55,7,2018,1,1,72,30,51,1
1,1,3,8,5,1073,2,1,8,3,3,7,1,22,41,22,8,2017,0,1,46,2,9,0
1,1,2,8,5,516,1,1,0,2,3,12,0,17,41,39,8,2024,2,1,46,30,24,1
0,3,3,4,5,816,6,1,27,2,6,33,0,29,41,64,5,2016,2,2,46,28,30,0
0,1,4,4,5,785,1,1,27,2,3,84,3,52,41,46,5,2024,2,0,46,12,30,1
0,0,1,4,5,771,1,1,53,2,4,15,0,79,41,78,4,2024,2,3,46,28,54,1
0,3,3,0,8,802,2,0,14,2,3,20,1,23,62,21,0,2017,2,1,66,14,17,0
1,1,1,8,5,185,8,0,27,1,1,40,1,35,41,30,5,2022,1,0,46,3,30,1
1,3,1,6,5,386,8,1,13,2,1,46,0,28,41,80,5,2016,2,5,46,2,16,0
0,0,2,7,5,387,5,0,15,1,0,13,0,70,41,27,5,2021,1,1,46,36,18,0
3,0,2,2,5,816,4,1,51,1,1,89,1,65,41,61,2,2016,1,3,46,28,52,1
1,1,4,5,8,532,1,0,43,2,1,70,0,40,54,35,8,2024,2,3,14,34,45,1
3,0,2,3,5,977,11,1,15,2,6,19,0,33,47,28,5,2021,0,3,7,30,18,0
0,3,2,8,3,665,10,1,37,2,5,39,0,43,28,37,8,2023,2,1,33,18,35,1
2,1,3,5,5,176,8,0,17,2,0,45,1,26,41,23,5,2023,2,3,46,9,19,0
1,3,1,6,5,109,4,0,18,1,1,73,0,74,35,69,5,2015,1,5,40,30,1,1
0,2,1,7,5,1084,4,0,15,3,2,35,1,19,41,34,5,2018,0,3,46,2,18,1
0,0,3,0,5,827,4,1,40,2,0,34,0,50,68,42,5,2024,2,1,71,20,39,1
0,1,2,4,8,433,1,1,20,1,2,92,0,4,19,5,5,2025,1,5,20,34,21,1
2,1,4,8,8,262,7,1,0,2,6,61,1,14,37,54,8,2023,2,3,43,29,24,0
3,1,1,3,5,922,1,0,45,2,0,71,0,64,50,11,5,2016,0,3,55,9,42,0
0,1,2,4,5,797,1,1,18,2,0,85,2,39,41,32,5,2018,2,5,46,9,1,1
2,1,1,5,5,298,6,1,54,2,4,19,1,54,20,55,5,2019,0,3,25,22,34,0
1,1,1,8,5,452,1,1,18,2,2,48,0,35,41,30,5,2015,2,4,46,9,1,0
1,1,4,8,5,522,10,1,4,2,1,65,0,14,41,54,8,2024,2,4,46,9,5,0
0,1,3,4,3,286,4,1,16,1,2,15,1,29,66,64,4,2023,1,3,37,5,41,0
1,2,1,6,5,386,2,0,20,2,4,91,0,28,41,80,5,2017,2,1,46,22,21,1
0,1,3,4,0,710,10,1,54,2,1,2,1,49,38,44,5,2019,0,3,44,5,34,0
0,1,1,0,5,730,6,1,45,2,3,81,0,23,41,21,5,2024,2,1,46,28,42,0
1,1,3,8,5,246,3,0,17,1,2,85,0,35,24,30,5,2018,1,3,27,9,19,0
1,3,3,8,5,549,10,1,49,2,4,76,2,51,63,17,8,2020,2,5,68,2,53,0
0,3,2,4,5,706,7,0,18,2,5,41,1,4,68,5,5,2024,2,1,71,28,1,1
3,0,1,3,5,1043,9,0,27,2,5,27,0,64,41,11,5,2015,2,3,46,21,30,1
0,1,1,0,5,663,12,1,17,2,5,15,1,44,50,38,5,2022,2,3,55,9,19,1
0,1,1,0,5,685,1,0,13,2,2,36,0,50,41,42,5,2024,0,4,46,31,16,1
1,1,3,8,5,406,7,1,13,2,0,20,1,43,47,37,5,2025,2,0,7,30,16,1
3,1,2,1,5,1434,12,1,17,2,0,12,1,31,24,65,5,2021,2,1,27,4,19,1
1,1,2,8,5,489,8,1,27,2,1,32,0,51,41,17,5,2024,2,4,46,22,30,1
2,1,3,5,5,203,4,1,13,2,0,13,0,27,68,24,5,2023,2,1,71,28,16,0
0,3,3,7,5,412,11,0,20,1,6,43,1,70,41,27,5,2025,1,5,46,2,21,0
1,1,2,8,5,411,10,0,43,2,4,39,0,17,41,39,8,2017,2,2,46,2,45,1
0,1,2,0,5,820,6,1,54,2,5,24,1,2,41,3,5,2019,2,0,46,22,34,1
0,1,2,4,5,984,5,0,16,3,2,68,1,8,41,9,4,2025,0,2,46,2,41,0
1,0,1,8,5,181,12,1,54,1,4,20,0,38,50,31,5,2025,1,1,55,22,34,1
1,0,2,8,5,201,10,1,15,1,6,35,1,58,41,53,5,2025,1,2,46,30,18,1
0,0,4,4,5,398,9,1,27,1,2,64,2,18,41,60,5,2023,1,1,46,2,30,0
1,1,2,4,6,305,6,0,7,1,2,52,1,8,69,9,4,2023,1,1,74,35,10,0
2,1,6,5,5,538,8,1,55,2,0,6,0,68,41,63,5,2019,0,3,46,22,55,0
1,3,6,8,5,182,3,0,27,1,6,59,2,66,41,62,5,2019,1,3,46,9,30,0
1,1,1,8,5,565,5,1,43,2,4,66,0,17,41,39,8,2023,2,1,46,9,45,0
1,1,1,8,5,564,3,1,40,2,0,67,0,38,41,31,5,2018,2,1,46,25,39,1
0,1,5,4,5,709,12,1,6,2,0,34,3,29,20,64,4,2022,2,1,25,13,22,1
0,3,3,2,8,329,9,1,37,1,4,63,3,1,43,2,8,2023,1,5,48,14,35,0
0,2,1,7,5,359,12,1,38,1,5,8,0,57,55,49,7,2019,1,5,54,31,37,1
0,0,2,0,5,791,4,1,17,2,3,8,1,50,41,42,5,2025,2,5,46,30,19,0
1,0,3,8,5,180,5,0,37,1,0,25,0,73,47,70,8,2015,1,1,7,30,35,1
3,1,5,1,5,674,2,1,55,1,5,13,3,31,35,65,5,2021,1,1,40,31,55,1
0,0,4,6,0,670,12,1,21,2,4,54,0,10,3,7,6,2024,2,2,2,27,25,1
3,1,1,3,5,479,9,0,20,1,4,43,1,33,41,28,5,2019,1,3,46,2,21,1
0,0,5,5,4,425,6,1,3,1,2,15,1,25,6,20,4,2024,1,1,5,5,4,1
1,1,2,6,5,132,12,0,17,1,6,58,0,76,41,74,5,2018,1,5,46,30,19,1
0,0,1,2,6,750,8,1,21,2,6,38,0,1,10,2,6,2018,2,5,15,35,25,1
1,0,4,8,5,595,11,1,18,2,0,63,2,43,0,37,5,2023,2,1,6,31,1,0
0,3,4,6,8,888,8,1,30,2,1,70,1,9,58,12,6,2015,2,2,24,14,33,0
1,0,5,8,5,429,7,0,27,2,1,106,1,38,41,31,5,2024,2,5,46,2,30,1
0,1,1,0,5,352,6,1,42,1,3,38,1,21,68,16,0,2024,1,3,71,2,44,0
0,1,1,5,7,2081,6,0,45,3,0,34,0,6,71,0,5,2023,0,1,72,36,42,1
1,0,3,8,5,219,7,0,37,1,2,72,0,43,41,37,8,2024,1,3,46,14,35,0
0,1,3,6,6,312,8,1,13,1,5,5,1,28,69,80,5,2018,1,0,74,19,16,1
2,0,2,5,5,111,9,1,55,1,1,50,0,68,41,63,5,2018,1,3,46,28,55,0
1,2,2,5,8,304,5,1,27,1,5,4,0,55,54,50,5,2023,1,1,14,3,30,0
1,3,2,8,5,226,11,1,15,1,2,71,0,51,50,17,5,2023,1,4,55,9,18,0
1,2,4,8,5,474,10,1,20,2,2,76,1,12,41,13,5,2019,2,1,46,9,21,0
0,3,2,4,5,887,4,1,18,2,3,8,0,59,23,52,5,2016,2,1,26,2,1,0
0,1,2,4,5,747,10,1,29,2,1,30,1,81,41,81,4,2021,2,2,46,30,47,0
0,1,4,4,5,869,3,1,27,2,2,10,1,18,41,60,5,2018,2,3,46,9,30,0
1,1,1,8,5,487,12,1,4,2,0,1,1,14,41,54,8,2016,2,5,46,30,5,0
0,1,2,7,6,750,6,0,21,2,2,9,1,57,7,49,6,2019,2,3,10,23,25,1
0,1,2,4,5,323,3,0,15,1,3,41,1,29,41,64,5,2019,1,3,46,12,18,1
1,1,6,6,5,261,7,1,17,2,0,27,3,74,41,69,5,2022,2,3,46,2,19,0
0,0,1,4,5,833,7,0,40,2,6,40,0,5,41,6,5,2018,2,4,46,12,39,0
2,3,3,5,5,78,11,1,45,1,3,43,2,55,55,50,5,2024,1,1,54,28,42,1
1,1,3,8,5,219,5,1,40,1,3,64,2,24,41,58,5,2021,1,5,46,14,39,0
0,0,3,4,5,465,7,0,47,1,2,20,1,5,41,6,4,2020,1,2,46,2,49,1
0,1,2,4,5,498,11,0,53,1,3,51,1,79,47,78,4,2021,1,0,7,28,54,1
0,1,1,3,8,705,9,0,10,2,3,81,0,78,19,73,3,2024,2,1,20,21,3,0
3,1,6,1,5,878,10,1,55,1,6,88,2,36,41,79,5,2023,1,0,46,9,55,1
0,2,1,6,8,408,10,1,41,1,0,62,0,3,53,4,6,2022,1,5,58,35,40,0
1,1,5,6,5,334,10,1,32,2,3,47,1,16,50,15,6,2021,2,1,55,8,15,1
0,1,3,0,5,359,10,1,40,1,6,52,1,50,41,42,5,2019,1,4,46,22,39,0
0,3,4,0,5,654,11,1,13,2,2,45,2,0,41,1,5,2019,2,5,46,31,16,1
0,3,6,3,0,253,11,1,26,1,0,7,2,67,56,67,0,2015,1,3,60,27,28,1
1,1,1,8,5,514,11,1,40,2,0,16,0,12,41,13,5,2021,2,1,46,31,39,1
0,3,2,4,5,702,1,1,3,2,0,14,1,18,41,60,4,2022,0,0,46,2,4,0
0,1,3,4,5,892,9,1,55,2,6,76,1,39,41,32,5,2022,2,1,46,30,55,1
0,3,2,7,5,438,7,1,18,1,2,83,1,72,41,71,5,2023,1,4,46,24,1,0
0,0,2,7,5,354,3,1,45,1,0,67,1,32,35,26,5,2021,1,1,40,31,42,0
1,1,5,5,8,516,5,1,45,2,0,15,1,25,37,20,5,2025,2,3,43,14,42,1
1,3,6,8,5,513,3,1,0,2,0,64,3,12,41,13,8,2025,2,5,46,2,24,0
2,1,4,5,5,81,3,1,17,1,2,90,0,40,41,35,5,2021,1,3,46,31,19,0
0,1,3,4,1,747,7,1,6,2,2,36,1,29,65,64,4,2025,2,1,31,6,22,0
3,3,3,3,5,949,7,1,17,2,5,73,1,62,41,76,5,2024,2,5,46,22,19,1
2,1,2,5,5,101,4,1,20,1,5,27,1,7,41,47,5,2015,1,5,46,28,21,0
1,1,4,8,5,582,11,1,43,2,0,71,2,22,41,22,8,2017,2,1,46,30,45,1
2,1,2,5,5,760,2,1,15,3,1,60,0,68,41,63,5,2022,0,4,46,31,18,1
0,1,4,7,5,396,3,1,13,1,3,56,2,32,24,26,5,2023,1,3,27,15,16,1
1,1,4,8,5,433,9,0,54,2,5,82,2,12,41,13,5,2022,2,3,46,30,34,0
0,2,1,4,7,749,3,1,3,2,2,2,1,69,34,33,4,2024,2,3,19,15,4,0
0,0,1,8,4,446,4,1,22,1,4,86,0,38,9,31,4,2017,1,3,8,13,23,1
0,1,4,4,5,805,1,1,27,2,5,39,1,52,41,46,5,2017,2,5,46,37,30,1
1,1,1,8,5,511,8,1,4,2,2,27,1,12,41,13,8,2023,2,3,46,9,5,1
1,1,4,8,5,472,1,1,27,2,1,68,2,24,41,58,5,2023,2,0,46,9,30,0
0,1,3,8,6,492,3,0,30,1,0,30,1,73,12,70,6,2025,1,3,9,16,33,1
0,0,5,7,5,853,10,0,17,2,4,52,2,19,41,34,5,2020,2,1,46,11,19,1
0,1,3,0,5,891,8,1,45,2,2,37,1,44,50,38,5,2017,2,3,55,27,42,1
0,1,3,4,5,902,7,0,13,2,0,94,0,8,41,9,5,2017,2,3,46,9,16,1
1,1,3,8,5,213,4,1,27,1,2,24,1,17,41,39,5,2018,1,2,46,30,30,1
0,1,1,4,0,760,3,1,7,2,0,45,1,49,21,44,4,2018,2,3,23,27,10,1
1,1,6,8,5,464,1,1,0,2,5,79,1,51,41,17,8,2023,2,2,46,28,24,0
3,3,2,3,5,1315,7,1,9,3,6,9,1,37,41,66,3,2023,0,1,46,31,14,1
0,1,1,7,5,729,8,1,40,2,4,17,0,57,55,49,5,2019,2,1,54,2,39,0
0,0,2,4,5,846,6,1,3,2,2,43,0,79,41,78,4,2021,2,3,46,13,4,0
1,1,1,6,5,239,11,1,32,1,3,29,1,34,41,29,6,2015,1,3,46,31,15,1
2,1,2,4,4,81,3,0,16,1,2,17,0,5,9,6,4,2022,1,0,8,33,41,0
2,1,3,5,5,128,8,1,27,1,4,36,0,71,41,68,5,2024,1,1,46,28,30,1
0,1,2,4,5,421,6,1,27,1,0,49,0,4,41,5,5,2023,1,3,46,22,30,1
1,1,5,6,5,286,11,1,32,2,4,39,1,16,41,15,6,2016,2,5,46,23,15,1
0,3,3,3,2,895,10,1,27,3,0,11,1,78,14,73,5,2019,0,5,13,18,30,0
3,1,1,2,5,781,1,1,15,1,6,48,1,65,41,61,5,2018,1,1,46,1,18,1
0,1,1,5,4,752,1,1,16,2,4,91,0,27,6,24,4,2016,2,5,5,30,41,1
1,1,6,6,5,136,12,1,17,1,2,53,4,74,68,69,5,2025,1,3,71,30,19,0
0,1,1,4,5,335,8,1,13,1,3,18,0,81,23,81,5,2018,1,3,26,13,16,0
0,1,3,4,8,1366,4,1,6,3,6,76,1,52,70,46,4,2021,0,0,73,29,22,0
0,0,1,4,5,422,11,1,27,1,3,11,0,29,41,64,5,2018,1,4,46,2,30,0
1,0,3,8,5,283,10,1,18,1,3,42,0,24,41,58,5,2023,1,0,46,25,1,1
0,1,2,1,1,259,12,1,48,1,4,25,1,63,45,18,1,2023,1,4,47,6,50,0
1,1,1,6,5,234,1,1,21,1,4,6,1,61,23,57,6,2016,1,3,26,22,25,0
0,1,1,3,6,289,8,1,10,1,2,37,0,64,74,11,3,2025,1,4,76,19,3,0
1,3,3,6,5,419,10,0,27,2,4,12,1,10,41,7,5,2021,0,3,46,30,30,0
2,0,3,5,5,184,10,1,55,2,1,81,2,25,41,20,5,2019,2,1,46,31,55,0
0,1,1,4,5,468,8,1,40,1,4,69,0,81,41,81,5,2023,1,3,46,5,39,1
1,1,2,6,5,126,1,1,20,1,2,105,0,77,41,75,5,2025,1,0,46,35,21,1
0,1,2,4,5,931,3,1,27,2,4,118,0,29,41,64,5,2025,2,5,46,37,30,0
3,3,3,2,5,1634,11,1,45,2,4,13,1,56,41,51,5,2022,2,5,46,28,42,0
0,1,2,4,5,751,4,1,45,2,3,101,1,52,41,46,5,2018,2,5,46,31,42,1
1,1,1,8,5,294,2,1,54,1,1,74,0,20,41,19,5,2019,1,1,46,30,34,1
1,1,2,8,5,509,2,1,37,2,5,103,2,73,41,70,8,2022,2,1,46,28,35,1
3,1,6,2,5,1665,1,1,55,2,0,48,4,13,47,14,5,2019,2,0,7,30,55,1
0,1,3,5,0,681,5,1,27,2,6,12,1,46,38,41,5,2020,2,3,44,9,30,0
2,2,2,5,5,91,6,1,40,1,6,42,1,68,41,63,5,2022,1,3,46,31,39,1
0,1,1,2,6,564,10,1,41,2,1,52,0,75,74,72,6,2025,2,1,76,35,40,0
0,2,2,7,5,334,3,1,44,1,3,77,0,11,68,8,7,2015,1,1,71,2,43,0
1,0,2,6,5,403,6,1,32,2,0,57,1,74,41,69,6,2019,2,4,46,2,15,1
0,0,3,4,5,704,10,0,28,2,2,23,0,59,41,52,4,2018,2,1,46,28,31,1
1,0,4,8,5,279,9,1,4,1,5,85,0,48,55,43,8,2015,1,3,54,31,5,0
1,1,6,8,5,485,10,0,8,2,1,59,3,24,41,58,8,2017,2,5,46,2,9,0
0,1,3,6,8,465,2,1,37,1,1,73,1,9,53,12,8,2016,1,0,58,3,35,0
1,1,2,8,5,237,8,1,43,1,3,86,1,24,41,58,8,2017,1,3,46,34,45,1
0,3,2,4,5,492,1,0,54,1,4,111,1,18,0,60,5,2023,1,3,6,30,34,1
1,2,1,8,5,462,8,1,55,2,5,12,0,48,41,43,5,2018,2,3,46,9,55,0
0,1,2,3,3,486,10,1,33,1,5,35,1,62,67,76,3,2018,1,2,67,21,12,1
1,1,3,8,5,380,12,0,50,2,3,43,1,20,63,19,8,2019,2,1,68,34,46,0
1,1,1,8,5,463,10,1,27,2,3,10,1,12,41,13,5,2024,2,3,46,29,30,1
1,1,2,8,5,564,3,0,49,2,5,17,1,24,41,58,8,2025,2,0,46,31,53,0
0,1,2,7,5,872,10,1,38,2,1,81,0,57,41,49,7,2025,2,3,46,31,37,0
0,1,2,4,5,940,4,1,27,2,5,31,0,59,41,52,5,2015,2,4,46,28,30,0
0,1,2,4,5,796,2,1,54,2,1,57,1,53,35,48,5,2015,2,1,40,9,34,1
0,1,3,7,5,692,11,1,20,2,2,40,1,32,41,26,5,2024,2,1,46,31,21,0
0,0,4,0,5,388,4,1,55,1,0,17,1,0,41,1,5,2015,1,4,46,28,55,0
0,1,2,2,7,914,7,0,52,2,6,27,1,75,26,72,7,2024,2,3,32,26,51,1
1,1,6,6,5,329,2,0,21,2,2,70,2,15,41,10,6,2019,0,4,46,22,25,1
0,0,1,4,5,656,5,1,18,2,0,13,0,29,41,64,5,2019,2,3,46,22,1,0
1,0,1,8,5,435,12,1,49,2,6,71,0,43,41,37,8,2021,2,2,46,31,53,1
0,1,2,7,7,609,3,0,5,2,0,68,1,19,40,34,7,2023,2,0,45,24,6,1
3,0,6,1,5,1556,7,1,17,2,2,8,3,80,41,77,5,2023,2,2,46,30,19,1
1,1,2,8,5,1298,4,0,4,3,2,79,0,35,0,30,8,2022,0,5,6,30,5,0
0,1,4,4,2,407,8,1,28,1,4,8,0,59,2,52,4,2016,1,5,1,17,31,1
2,0,1,5,5,700,12,1,27,2,0,5,1,25,41,20,5,2023,0,5,46,31,30,1
0,1,5,4,5,488,7,1,29,1,6,79,1,81,41,81,4,2021,1,3,46,37,47,0
0,3,1,7,5,324,11,1,44,1,3,70,0,45,41,40,7,2019,1,1,46,22,43,1
2,1,1,5,5,87,9,0,20,1,3,16,0,40,20,35,5,2019,1,5,25,22,21,1
0,1,2,4,5,315,11,1,40,1,4,12,0,59,23,52,5,2019,1,0,26,2,39,0
1,1,1,6,5,295,10,1,54,2,4,20,0,16,41,15,5,2022,2,2,46,30,34,1
1,1,2,6,5,193,3,1,20,1,0,53,1,3,41,4,5,2022,1,3,46,23,21,1
0,0,3,8,4,871,2,1,37,2,4,95,0,58,52,53,8,2025,2,3,59,17,35,1
0,1,2,7,5,723,1,1,44,2,3,32,1,72,41,71,7,2017,2,4,46,31,43,0
0,1,4,4,5,905,2,1,55,2,0,5,1,18,41,60,5,2019,2,1,46,30,55,0
1,3,4,8,5,222,7,1,43,1,4,50,0,20,23,19,8,2016,1,3,26,30,45,0
0,1,2,7,8,449,10,0,46,1,6,7,1,70,62,27,7,2024,1,1,66,34,48,0
1,1,2,8,5,267,10,1,27,1,3,12,1,14,41,54,5,2021,1,1,46,30,30,1
1,1,2,8,5,308,7,1,55,1,2,89,1,35,35,30,5,2025,1,3,40,22,55,0
2,0,1,5,5,197,7,0,55,2,0,23,0,27,41,24,5,2023,2,4,46,2,55,1
1,0,3,8,5,195,2,1,27,1,1,3,2,58,41,53,5,2018,1,5,46,22,30,1
2,1,2,5,5,123,9,0,18,1,5,67,1,27,41,24,5,2019,1,3,46,30,1,0
1,1,2,6,5,140,1,1,40,1,5,61,1,77,41,75,5,2020,1,1,46,30,39,1
0,0,2,4,8,748,11,1,43,2,0,35,0,79,17,78,8,2022,0,3,51,5,45,0
0,1,6,4,5,790,12,1,27,2,2,62,3,79,41,78,5,2017,2,0,46,31,30,1
3,1,1,3,5,989,3,0,55,2,5,71,0,37,41,66,5,2024,2,3,46,30,55,1
3,0,1,2,5,842,2,1,27,1,6,64,0,65,41,61,5,2022,1,3,46,9,30,0
1,2,5,6,5,352,8,1,27,2,0,10,2,10,41,7,5,2018,2,3,46,30,30,1
1,1,2,8,5,194,9,1,43,1,2,75,0,35,41,30,8,2020,1,1,46,22,45,1
0,1,1,4,5,455,9,1,17,1,3,3,0,59,41,52,5,2021,1,5,46,30,19,1
1,1,2,8,5,193,1,0,13,1,3,117,0,24,41,58,5,2022,1,2,46,25,16,0
0,1,2,7,5,363,6,1,27,1,4,26,2,70,41,27,5,2023,1,2,46,31,30,1
0,3,5,7,5,738,7,0,55,2,0,29,2,32,41,26,5,2024,2,3,46,2,55,1
1,1,3,8,5,236,3,1,37,1,3,42,0,58,41,53,8,2021,1,5,46,2,35,1
2,3,5,5,5,202,8,0,27,2,5,41,2,26,41,23,5,2020,2,2,46,22,30,0
1,0,2,8,5,314,10,1,50,1,5,7,1,24,41,58,8,2024,1,5,46,9,46,1
1,1,2,8,5,436,9,1,45,2,5,3,1,43,41,37,5,2021,2,3,46,30,42,0
1,3,2,5,6,307,8,1,21,2,6,100,1,71,10,68,6,2023,2,1,15,16,25,0
0,1,2,7,5,859,3,1,45,2,4,115,0,19,41,34,5,2022,2,3,46,31,42,1
1,1,1,8,5,269,3,1,49,1,3,10,0,51,41,17,8,2025,1,4,46,2,53,0
3,1,5,2,5,879,3,1,23,1,0,25,2,75,41,72,2,2022,1,3,46,30,26,1
1,0,2,8,5,535,2,1,27,2,5,66,1,20,41,19,5,2018,2,5,46,14,30,0
2,1,1,5,5,215,4,1,55,2,1,53,0,25,50,20,5,2017,2,3,55,22,55,1
1,0,3,8,5,301,9,1,17,1,0,45,0,66,41,62,5,2019,1,2,46,30,19,1
0,1,1,4,8,1028,9,0,7,2,1,15,1,49,54,44,4,2025,2,3,14,5,10,1
0,1,4,4,5,447,4,1,35,1,4,9,3,30,41,25,4,2025,1,2,46,30,8,0
1,1,4,8,5,219,10,0,45,1,1,58,0,51,50,17,5,2025,1,1,55,30,42,1
1,2,4,8,5,213,9,1,0,1,1,71,2,17,41,39,8,2023,1,1,46,2,24,1
3,1,1,5,2,762,7,1,55,1,2,56,0,27,2,24,5,2024,1,3,1,31,55,0
0,0,3,4,5,708,7,0,7,2,1,88,1,5,23,6,4,2024,0,0,26,2,10,1
1,1,1,6,4,605,9,1,32,2,4,53,0,34,81,29,6,2024,2,3,81,17,15,0
0,1,1,4,5,855,11,1,45,2,4,60,1,4,68,5,5,2025,2,1,71,22,42,1
3,1,3,3,5,455,2,0,55,1,5,8,0,37,63,66,5,2018,1,5,68,2,55,1
0,0,2,4,5,759,9,1,15,2,4,20,1,49,41,44,5,2024,2,5,46,31,18,0
1,0,5,6,5,238,1,1,27,1,6,43,2,34,41,29,5,2023,1,3,46,23,30,0
2,1,2,5,5,209,12,1,13,2,0,70,0,27,41,24,5,2022,2,3,46,2,16,0
0,1,2,4,2,295,2,1,45,1,0,1,1,30,14,25,5,2020,1,5,13,1,42,1
0,0,2,4,5,767,6,1,27,2,6,21,1,5,41,6,5,2020,0,3,46,5,30,1
1,0,4,8,5,435,11,1,40,2,0,31,2,22,41,22,5,2023,2,0,46,9,39,1
3,1,3,3,5,938,10,1,45,2,0,14,1,67,41,67,5,2019,2,1,46,18,42,1
3,1,2,3,5,1058,5,1,40,2,6,52,1,37,41,66,5,2025,2,1,46,30,39,0
1,1,4,6,5,565,7,1,32,3,5,40,0,10,41,7,6,2025,0,4,46,2,15,0
0,1,1,0,0,742,1,0,14,2,3,20,1,0,42,1,0,2022,2,1,50,27,17,0
0,1,2,4,5,864,12,1,20,2,4,33,1,5,41,6,5,2021,2,1,46,22,21,0
2,1,3,5,5,144,9,1,18,2,1,22,0,25,68,20,5,2015,2,5,71,30,1,0
0,0,5,7,5,381,1,1,27,1,3,43,2,19,41,34,5,2019,1,5,46,31,30,0
1,1,4,8,5,275,4,0,40,1,3,36,1,12,41,13,5,2020,1,4,46,29,39,0
0,0,2,8,1,384,12,0,37,1,2,2,2,58,45,53,8,2019,1,1,47,0,35,1
1,1,2,6,5,357,11,1,13,2,5,11,0,61,41,57,5,2024,2,0,46,31,16,0
1,3,5,8,5,315,11,0,27,1,3,40,1,24,41,58,5,2019,1,4,46,31,30,0
0,1,2,6,7,612,8,1,46,2,3,60,0,34,8,29,7,2020,2,3,11,24,48,1
0,3,4,4,7,569,1,0,53,2,5,7,0,79,71,78,4,2019,2,3,72,24,54,1
1,2,6,8,5,311,9,1,45,1,3,54,3,24,41,58,5,2021,1,5,46,9,42,1
2,1,3,5,5,67,3,0,45,1,5,13,1,25,41,20,5,2023,1,5,46,22,42,1
1,1,3,8,5,283,12,1,37,1,2,12,1,38,41,31,8,2024,1,3,46,2,35,0
0,1,3,3,6,794,6,0,32,2,3,62,0,64,29,11,6,2021,2,0,34,19,15,0
0,0,4,6,2,483,3,1,17,1,6,79,3,9,2,12,5,2019,1,3,1,1,19,0
3,1,1,5,3,467,12,1,55,1,0,56,0,40,11,35,5,2022,1,1,64,18,55,0
0,1,4,0,0,316,1,1,26,1,0,20,2,60,42,56,0,2021,1,0,50,32,28,1
0,0,3,3,0,904,2,1,9,2,5,56,1,78,38,73,3,2019,2,1,44,10,14,0
0,1,1,4,5,721,1,1,7,2,1,33,1,53,41,48,4,2019,2,4,46,33,10,0
0,1,1,0,5,500,12,1,55,1,3,46,0,44,41,38,5,2018,1,1,46,2,55,0
3,1,3,1,5,1617,2,0,15,2,2,17,2,36,0,79,5,2022,2,3,6,30,18,1
0,1,1,3,2,451,2,0,51,1,4,19,0,78,14,73,2,2023,1,1,13,7,52,1
0,1,5,6,6,496,8,1,55,1,0,12,2,77,80,75,5,2024,1,3,28,8,55,1
0,2,1,4,5,343,2,1,27,1,0,22,0,8,41,9,5,2024,1,2,46,12,30,1
0,1,1,7,5,703,12,1,45,2,2,4,0,32,50,26,5,2024,2,5,55,15,42,1
0,0,2,0,5,450,6,1,45,1,3,24,1,0,41,1,5,2019,1,3,46,27,42,1
3,1,1,2,5,1829,4,0,23,2,0,36,1,56,41,51,2,2021,2,3,46,2,26,1
0,1,4,4,5,930,2,0,53,3,3,32,2,49,41,44,4,2015,0,3,46,33,54,0
0,1,5,4,7,354,1,1,7,1,5,16,0,52,27,46,4,2022,1,1,70,24,10,1
3,1,3,1,5,690,2,0,12,1,2,25,2,41,41,59,1,2018,1,5,46,2,13,1
1,0,2,8,5,484,7,1,54,2,3,11,0,12,23,13,5,2016,2,5,26,3,34,1
0,1,4,3,7,323,12,0,10,1,3,7,4,33,49,28,3,2025,1,0,57,11,3,0
1,1,1,8,5,303,1,0,40,1,2,77,0,35,20,30,5,2015,1,2,25,14,39,1
2,1,1,5,5,1000,8,1,45,3,3,4,1,7,50,47,5,2025,0,3,55,28,42,0
2,3,4,5,5,690,10,0,27,3,5,27,2,27,41,24,5,2022,0,2,46,30,30,1
0,1,1,4,5,301,3,1,28,1,3,43,1,52,41,46,4,2025,1,5,46,30,31,0
1,1,3,6,5,355,12,1,55,2,0,31,0,74,55,69,5,2023,2,4,54,28,55,0
1,0,3,6,5,343,9,1,20,2,1,31,1,3,41,4,5,2022,2,3,46,16,21,0
0,1,3,4,5,778,12,1,27,2,6,39,1,5,41,6,5,2024,0,1,46,2,30,0
0,1,2,4,5,661,6,1,45,2,2,44,0,18,41,60,5,2020,2,2,46,12,42,1
1,0,4,8,5,477,4,0,27,2,2,43,1,43,41,37,5,2025,2,3,46,30,30,0
0,1,1,0,5,786,8,0,27,2,3,11,0,21,41,16,5,2017,2,5,46,2,30,1
1,1,3,8,5,225,1,1,43,1,3,72,0,35,50,30,8,2024,1,4,55,2,45,1
2,1,2,2,2,816,12,1,23,3,1,74,0,13,51,14,2,2023,0,1,56,26,26,1
3,1,4,3,5,561,6,0,9,1,0,42,1,33,41,28,3,2022,1,1,46,28,14,1
3,3,2,3,5,453,9,0,54,1,4,109,0,37,41,66,5,2020,1,1,46,7,34,0
1,0,4,8,5,466,4,0,50,2,1,13,2,35,41,30,8,2016,2,4,46,30,46,1
3,1,3,2,5,1553,9,1,27,2,4,10,0,1,41,2,5,2015,2,0,46,30,30,1
0,3,6,4,1,774,10,0,6,2,4,39,2,53,65,48,4,2015,2,3,31,4,22,0
1,1,3,8,5,317,10,1,49,1,1,25,2,22,41,22,8,2025,1,3,46,28,53,1
1,1,2,8,5,204,7,1,37,1,3,97,1,73,41,70,8,2024,1,3,46,22,35,1
1,2,1,8,5,510,11,1,55,2,5,12,1,73,23,70,5,2023,2,5,26,30,55,0
1,0,3,8,5,497,10,1,45,2,3,14,1,48,50,43,5,2019,2,1,55,22,42,0
0,0,6,4,7,717,5,0,29,2,3,19,1,5,71,6,4,2021,2,1,72,17,47,0
1,0,2,8,5,207,5,0,4,1,0,45,1,24,47,58,8,2024,1,5,7,30,5,1
1,1,1,8,5,204,4,1,43,1,3,76,1,48,41,43,8,2025,1,2,46,22,45,1
1,1,2,8,5,319,6,0,54,1,3,144,0,14,55,54,5,2021,1,5,54,3,34,0
1,1,2,8,5,326,9,0,17,2,5,15,0,22,41,22,5,2022,0,5,46,31,19,1
0,1,1,7,5,310,4,1,40,1,0,34,0,72,41,71,5,2015,1,4,46,11,39,0
0,1,5,3,7,341,10,0,33,1,4,37,2,67,26,67,3,2015,1,1,32,15,12,1
3,3,2,1,5,1642,6,1,20,2,1,6,0,63,41,18,5,2023,2,3,46,2,21,1
1,1,2,8,5,523,7,1,45,2,1,28,1,20,41,19,5,2025,2,3,46,2,42,0
2,3,2,5,5,887,1,1,40,2,5,47,0,26,41,23,5,2020,0,5,46,2,39,0
0,1,2,4,5,402,1,1,20,1,1,2,1,29,63,64,5,2016,1,3,68,22,21,0
1,0,5,8,5,260,11,1,27,1,6,42,2,20,41,19,5,2019,1,5,46,14,30,0
0,2,2,4,5,698,9,1,27,2,4,3,1,8,41,9,5,2021,2,1,46,31,30,0
0,2,2,4,5,365,7,1,7,1,0,47,0,49,41,44,4,2019,1,1,46,37,10,0
2,1,3,5,5,104,3,1,27,1,6,61,1,55,41,50,5,2021,1,0,46,9,30,0
2,1,4,5,5,90,4,1,27,1,0,26,0,55,41,50,5,2023,1,2,46,30,30,0
1,2,4,8,5,230,10,1,27,1,1,2,2,43,41,37,5,2024,1,3,46,2,30,1
0,0,1,7,5,606,8,0,27,2,2,25,1,32,41,26,5,2022,0,2,46,31,30,1
1,1,4,8,5,493,5,1,0,2,0,30,1,51,41,17,8,2024,2,5,46,22,24,0
3,1,3,3,5,578,4,1,18,1,5,47,0,78,68,73,5,2019,1,1,71,28,1,1
1,1,6,8,5,242,11,1,55,1,2,65,3,66,35,62,5,2025,1,3,40,30,55,0
1,1,3,8,5,487,3,1,37,2,2,109,1,73,41,70,8,2021,2,1,46,30,35,0
1,1,2,8,5,311,1,1,55,1,3,62,0,24,35,58,5,2023,1,3,40,9,55,1
1,1,1,8,5,537,1,1,27,2,5,95,0,17,41,39,5,2023,2,0,46,14,30,0
0,1,3,4,5,813,9,1,45,2,5,30,1,52,20,46,5,2018,2,1,25,30,42,1
1,1,2,6,5,327,11,1,27,2,5,56,0,28,41,80,5,2025,2,3,46,22,30,1
0,3,2,4,5,677,9,1,45,2,3,83,1,39,41,32,5,2023,2,5,46,22,42,1
1,1,2,6,5,352,7,1,32,2,3,107,0,74,41,69,6,2025,2,4,46,31,15,1
0,1,1,4,0,672,11,1,28,2,0,72,0,39,38,32,4,2018,2,3,44,32,31,0
0,1,2,7,6,858,9,1,15,2,6,21,0,11,80,8,5,2018,2,4,28,8,18,1
1,1,4,6,5,403,1,0,27,2,6,19,1,28,41,80,5,2017,2,5,46,23,30,1
0,1,2,7,5,701,3,1,52,2,2,70,0,32,41,26,7,2023,2,0,46,22,51,1
1,1,5,8,5,221,9,1,27,1,2,46,1,73,41,70,5,2025,1,4,46,30,30,1
0,1,3,4,5,447,7,1,27,1,5,13,0,5,41,6,5,2019,1,1,46,9,30,0
1,1,2,8,5,433,8,1,27,2,4,7,1,35,41,30,5,2023,2,4,46,31,30,1
0,3,1,0,5,741,4,1,27,2,5,36,0,2,41,3,5,2024,0,4,46,28,30,1
0,0,2,8,4,452,3,0,7,1,2,47,0,35,48,30,4,2016,1,5,53,37,10,1
1,1,2,8,5,999,3,1,37,3,5,58,0,38,41,31,8,2023,0,3,46,25,35,1
0,0,1,4,5,452,3,0,55,1,1,6,0,69,41,33,5,2020,1,4,46,30,55,0
1,0,1,8,5,217,3,0,27,1,2,8,0,35,41,30,5,2019,1,3,46,30,30,0
2,1,2,5,5,208,9,1,27,2,4,39,0,26,41,23,5,2015,2,2,46,28,30,0
0,1,4,2,8,719,8,0,50,2,0,37,1,75,43,72,8,2017,2,1,48,34,46,0
0,1,3,4,5,301,1,0,17,1,4,43,0,30,41,25,5,2016,1,0,46,5,19,0
0,1,3,8,1,704,7,1,48,2,0,25,2,38,65,31,1,2024,2,1,31,14,50,1
1,1,1,4,6,491,3,1,17,2,3,49,1,29,10,64,5,2025,2,1,15,19,19,1
1,3,1,6,5,319,9,1,41,2,6,31,1,76,68,74,6,2025,2,1,71,31,40,0
3,0,3,3,5,997,11,1,13,2,0,5,2,64,24,11,5,2022,2,5,27,18,16,1
1,3,2,8,5,626,5,1,18,2,1,19,1,51,41,17,5,2025,0,1,46,14,1,1
1,1,4,8,5,1188,11,0,37,3,2,85,0,48,0,43,8,2016,0,3,6,2,35,1
0,1,2,4,5,811,4,0,35,2,0,111,1,79,41,78,4,2021,2,1,46,31,8,1
0,1,2,4,5,768,5,1,27,2,0,8,1,5,41,6,5,2022,2,4,46,31,30,0
1,1,1,6,5,163,4,0,30,1,5,37,0,77,41,75,6,2024,1,0,46,8,33,1
0,3,4,5,4,477,1,1,17,1,2,24,2,54,81,55,5,2022,1,5,81,37,19,0
3,1,1,1,5,668,11,1,2,1,6,30,0,80,41,77,1,2020,1,3,46,31,2,0
0,1,3,4,5,924,9,1,16,2,5,4,1,8,41,9,4,2017,2,3,46,31,41,0
1,1,2,8,5,597,6,1,27,2,3,2,1,22,41,22,5,2023,2,3,46,3,30,1
1,1,3,8,5,296,4,1,27,1,2,25,0,58,41,53,5,2019,1,4,46,22,30,0
3,1,2,3,5,1008,2,1,34,2,2,18,0,62,41,76,3,2018,2,3,46,28,0,0
1,1,3,8,5,302,2,1,55,1,1,30,1,38,41,31,5,2021,1,3,46,25,55,0
3,0,2,3,5,516,10,1,17,1,4,19,1,67,41,67,5,2015,1,1,46,30,19,1
0,1,1,1,6,258,12,1,32,1,0,49,0,47,12,45,6,2016,1,3,9,8,15,1
1,1,3,6,5,394,5,1,27,2,0,33,0,34,41,29,5,2022,2,4,46,9,30,0
3,3,3,5,3,1057,3,1,45,2,1,70,2,55,73,50,5,2023,2,1,78,2,42,1
1,1,1,6,5,300,12,0,18,2,3,46,0,9,41,12,5,2025,2,2,46,9,1,0
2,1,1,5,5,170,11,0,54,2,6,44,1,7,55,47,5,2024,2,4,54,2,34,1
1,1,1,8,5,518,6,0,55,2,2,19,0,58,41,53,5,2024,2,4,46,31,55,1
0,2,3,4,5,906,12,1,7,2,1,9,1,53,41,48,4,2019,2,4,46,2,10,0
1,1,2,6,5,294,6,1,27,2,0,49,1,28,41,80,5,2019,2,5,46,16,30,0
0,0,2,4,2,751,9,1,54,2,0,68,0,29,51,64,5,2017,2,4,56,26,34,1
1,1,2,6,5,439,5,1,18,2,1,10,1,61,50,57,5,2018,2,3,55,2,1,1
2,1,2,5,5,243,8,1,18,2,2,3,1,40,68,35,5,2025,2,3,71,30,1,1
0,1,4,4,5,414,9,1,53,1,0,43,1,49,41,44,4,2018,1,2,46,28,54,1
0,0,2,3,0,465,3,1,45,1,4,3,0,33,21,28,5,2023,1,1,23,20,42,1
1,1,1,8,5,470,7,1,37,2,5,113,0,38,55,31,8,2018,2,3,54,30,35,1
1,3,2,8,5,424,9,1,49,2,4,66,0,66,41,62,8,2023,0,3,46,14,53,1
2,1,2,5,5,158,10,0,18,2,1,61,0,26,0,23,5,2019,2,1,6,30,1,0
1,1,3,8,5,1007,4,1,0,3,1,9,0,43,41,37,8,2023,0,1,46,30,24,1
0,1,4,4,5,389,8,1,27,1,5,68,1,81,41,81,5,2022,1,4,46,30,30,1
0,0,1,4,5,769,1,1,54,2,2,9,1,81,41,81,5,2016,2,1,46,30,34,1
2,1,3,5,5,119,12,0,45,1,1,41,1,26,41,23,5,2018,1,3,46,9,42,1
0,1,1,5,7,435,10,1,46,1,3,18,0,6,71,0,7,2022,1,0,72,15,48,1
0,2,4,8,0,707,8,0,4,2,5,25,1,35,42,30,8,2019,2,5,50,27,5,1
2,1,2,5,5,165,7,1,54,2,4,20,0,25,55,20,5,2016,2,3,54,30,34,0
0,1,1,6,1,743,4,1,54,2,0,37,0,15,79,10,5,2015,2,3,36,6,34,1
2,1,3,8,8,348,4,1,49,2,2,33,1,14,39,54,8,2024,2,3,17,3,53,1
1,2,2,8,5,315,12,1,27,1,0,15,0,20,41,19,5,2023,1,3,46,9,30,1
0,2,1,8,2,664,12,1,43,2,0,99,0,48,14,43,8,2021,2,2,13,1,45,1
2,1,1,5,5,129,1,0,55,1,6,29,0,68,41,63,5,2023,1,3,46,22,55,1
0,1,5,4,5,486,11,1,29,1,3,8,1,4,41,5,4,2024,1,5,46,2,47,1
3,1,1,1,5,1246,3,1,20,2,4,9,0,80,41,77,5,2019,2,1,46,30,21,1
0,0,6,4,5,636,3,0,40,2,3,44,2,53,23,48,5,2022,2,1,26,17,39,0
0,1,3,4,5,726,8,1,25,2,0,53,0,4,55,5,4,2019,2,2,54,22,27,1
0,1,3,6,7,720,3,0,30,2,0,89,1,9,34,12,6,2017,2,2,19,8,33,1
2,2,1,5,5,181,10,1,15,2,1,24,0,6,41,0,5,2019,2,5,46,22,18,1
0,0,2,4,5,694,8,1,27,2,4,17,0,18,41,60,5,2021,2,1,46,9,30,1
0,1,2,4,5,828,4,1,13,2,1,73,0,39,41,32,5,2019,2,3,46,9,16,1
2,1,2,5,5,78,2,1,17,1,6,65,2,40,41,35,5,2022,1,3,46,31,19,0
1,1,1,6,5,249,10,0,17,2,3,23,0,15,41,10,5,2021,2,3,46,8,19,1
0,3,5,7,5,334,2,0,18,1,4,9,2,19,41,34,5,2024,1,1,46,22,1,0
1,3,4,6,5,107,1,1,45,1,5,77,1,3,41,4,5,2025,1,2,46,28,42,1
0,1,3,5,0,807,6,1,13,2,0,43,1,27,1,24,5,2015,2,0,0,10,16,0
0,3,1,4,5,479,3,1,27,1,0,18,0,81,41,81,5,2024,1,1,46,9,30,0
0,1,2,7,5,745,2,1,40,2,4,4,1,11,41,8,5,2019,2,5,46,22,39,1
1,1,1,6,5,335,8,0,20,2,6,3,0,74,41,69,5,2019,2,1,46,35,21,0
1,3,4,8,5,582,11,1,4,2,5,101,0,17,55,39,8,2022,2,4,54,30,5,1
1,0,6,8,5,243,7,0,27,1,1,20,2,43,41,37,5,2018,1,4,46,28,30,0
0,1,2,4,5,795,3,1,47,2,3,11,0,29,41,64,4,2022,2,5,46,9,49,1
1,1,2,5,6,173,1,1,41,1,0,57,0,55,4,50,6,2024,1,2,3,19,40,1
1,1,1,8,5,303,6,0,43,1,4,16,1,24,41,58,8,2022,1,3,46,25,45,1
2,1,3,4,4,92,4,1,53,1,2,21,1,59,64,52,4,2024,1,2,29,17,54,1
2,1,3,5,5,847,12,1,54,3,6,85,1,54,41,55,5,2023,0,3,46,9,34,0
2,1,3,8,8,311,5,0,43,2,2,26,2,22,39,22,8,2019,2,1,17,29,45,0
1,1,1,8,5,587,3,1,43,2,2,96,1,20,47,19,8,2024,2,1,7,34,45,0
0,2,2,8,0,771,6,1,54,2,0,57,0,51,56,17,5,2019,2,1,60,29,34,1
0,1,1,4,5,760,10,1,27,2,3,59,1,49,41,44,5,2023,2,0,46,12,30,0
1,1,4,8,5,468,1,1,27,2,1,3,0,14,41,54,5,2015,2,5,46,2,30,1
3,1,1,3,5,1004,9,1,55,2,5,38,1,37,41,66,5,2020,2,1,46,22,55,0
1,1,1,8,5,537,5,0,17,2,1,4,1,48,35,43,5,2023,2,1,40,2,19,1
1,1,2,8,5,883,6,0,8,3,6,25,0,35,41,30,8,2025,0,5,46,22,9,1
0,0,2,0,5,445,5,1,17,1,4,12,1,2,63,3,5,2017,1,1,68,28,19,1
1,0,2,4,6,318,8,1,35,1,0,12,0,81,69,81,4,2018,1,2,74,23,8,0
1,1,6,6,5,381,1,0,17,2,1,68,1,28,0,80,5,2022,2,3,6,31,19,0
3,3,3,1,5,1218,3,1,2,2,0,105,0,63,41,18,1,2021,0,2,46,28,2,0
1,1,1,6,5,353,7,0,30,2,3,53,0,34,41,29,6,2023,2,5,46,9,33,0
1,1,2,8,5,184,4,1,45,1,5,3,1,58,50,53,5,2016,1,5,55,30,42,0
0,2,4,1,6,297,5,1,2,1,1,1,0,36,10,79,1,2019,1,5,15,23,2,1
0,1,6,4,8,1017,10,1,49,2,1,47,1,30,17,25,8,2024,2,3,51,12,53,1
0,1,2,7,5,821,12,0,45,2,0,73,0,19,41,34,5,2025,2,1,46,9,42,1
1,1,1,8,5,503,11,1,18,2,4,40,1,20,68,19,5,2015,2,4,71,9,1,1
1,1,5,8,5,397,6,1,27,2,5,18,3,58,41,53,5,2024,2,2,46,31,30,0
0,0,3,4,5,806,6,1,17,2,2,101,0,30,0,25,5,2015,2,4,6,2,19,0
0,1,1,4,5,938,4,1,53,2,6,15,1,53,41,48,4,2022,2,5,46,31,54,1
0,1,3,4,5,472,9,1,55,1,0,69,1,5,41,6,5,2019,1,2,46,31,55,0
3,1,1,3,5,597,7,1,18,1,5,37,0,37,41,66,5,2016,1,5,46,30,1,1
0,1,1,7,6,440,8,1,15,1,3,40,0,70,29,27,5,2022,1,0,34,15,18,1
3,1,1,2,5,1488,10,1,27,2,5,3,0,56,41,51,5,2022,2,3,46,26,30,1
1,1,4,4,6,334,8,1,16,1,0,6,0,8,10,9,4,2019,1,2,15,37,41,1
0,1,2,8,4,994,5,1,25,2,1,33,0,43,44,37,4,2022,2,0,49,13,27,1
1,1,3,6,5,320,11,0,13,2,1,61,0,9,41,12,5,2025,2,5,46,22,16,0
2,1,1,5,5,183,5,1,18,2,5,70,0,71,41,68,5,2022,2,3,46,9,1,1
0,1,2,0,5,477,3,1,27,1,4,123,0,50,41,42,5,2018,1,5,46,28,30,1
1,0,3,8,5,236,1,1,49,1,1,28,0,35,41,30,8,2018,1,1,46,30,53,0
1,1,2,8,5,309,6,1,27,1,0,66,1,38,41,31,5,2019,1,3,46,31,30,1
1,1,1,6,5,252,5,0,55,2,3,89,1,9,41,12,5,2017,2,5,46,30,55,0
1,1,2,8,5,499,1,1,20,2,1,75,0,66,47,62,5,2019,0,1,7,28,21,1
1,3,2,4,6,1134,9,1,6,3,3,27,1,59,7,52,4,2022,0,1,10,33,22,0
0,3,2,6,1,824,4,1,1,2,6,14,1,77,18,75,1,2019,2,0,63,4,7,1
0,0,1,4,5,928,4,1,20,2,3,8,1,29,35,64,5,2025,2,1,40,31,21,0
0,2,3,0,5,866,6,1,15,2,3,61,1,0,41,1,5,2024,2,1,46,2,18,1
1,0,1,8,5,513,4,1,4,2,2,53,0,17,41,39,8,2022,2,3,46,22,5,1
1,1,2,8,5,437,3,1,37,2,1,87,0,58,41,53,8,2018,2,3,46,22,35,1
0,1,2,7,5,402,1,1,45,1,3,78,1,72,41,71,5,2019,1,3,46,2,42,1
1,1,2,5,6,190,1,1,15,1,2,27,0,54,12,55,5,2021,1,1,9,23,18,0
1,2,2,6,5,143,7,1,54,1,5,8,1,34,41,29,5,2024,1,5,46,2,34,0
3,3,1,3,5,1009,9,1,27,2,2,22,0,33,41,28,5,2017,2,4,46,9,30,1
3,0,2,3,5,968,12,1,34,2,2,46,0,78,41,73,3,2021,2,4,46,9,0,1
1,1,2,8,5,494,7,1,45,2,4,27,0,20,41,19,5,2019,0,4,46,9,42,0
2,1,4,5,5,190,2,1,17,2,6,30,0,27,0,24,5,2019,2,3,6,2,19,0
1,3,1,8,5,286,5,1,27,1,5,98,0,73,41,70,5,2016,1,3,46,29,30,0
2,1,4,5,5,89,6,0,13,1,2,36,0,71,41,68,5,2025,1,3,46,28,16,0
0,3,2,4,5,811,10,1,16,2,0,76,0,53,41,48,4,2023,2,2,46,2,41,1
0,1,1,4,5,345,11,1,18,1,1,86,0,69,41,33,5,2024,1,5,46,17,1,1
1,1,4,8,5,297,8,1,37,1,5,99,1,12,41,13,8,2024,1,1,46,34,35,0
0,1,2,4,5,715,1,1,45,2,4,39,0,81,41,81,5,2015,2,1,46,28,42,0
0,3,4,7,5,746,2,0,27,2,1,71,2,57,41,49,5,2025,2,5,46,30,30,1
1,3,2,8,5,187,10,1,27,1,4,19,0,22,41,22,5,2018,1,3,46,29,30,0
0,1,2,8,1,396,7,0,12,1,6,22,0,38,45,31,1,2020,1,3,47,34,13,0
1,3,3,8,5,607,8,1,49,2,5,75,0,35,47,30,8,2018,2,3,7,28,53,1
0,1,3,4,5,836,4,1,22,2,4,7,0,8,41,9,4,2024,2,5,46,5,23,1
0,3,1,7,4,820,12,1,29,2,3,33,1,11,52,8,4,2019,2,1,59,5,47,1
1,1,2,6,5,187,3,1,55,1,5,47,0,76,47,74,5,2019,1,1,7,2,55,1
0,1,2,0,7,991,11,1,5,3,0,29,1,2,8,3,7,2025,0,1,11,32,6,0
1,0,2,8,5,390,5,1,55,2,6,29,0,73,41,70,5,2023,2,3,46,30,55,0
0,1,1,4,5,387,8,1,29,1,2,30,0,4,35,5,4,2020,1,1,40,9,47,0
0,1,1,4,5,425,4,1,13,1,2,13,0,52,55,46,5,2015,1,3,54,30,16,0
1,1,1,6,5,172,6,1,41,1,4,11,1,76,41,74,6,2024,1,3,46,8,40,1
0,0,1,7,5,1012,6,1,18,3,5,18,0,32,41,26,5,2018,0,3,46,9,1,0
1,1,6,8,5,281,2,1,49,1,2,70,2,24,50,58,8,2023,1,3,55,34,53,1
1,1,2,8,5,315,12,0,50,1,2,57,0,20,0,19,8,2018,1,3,6,31,46,1
0,1,1,4,5,640,12,0,27,2,2,28,0,30,41,25,5,2018,2,2,46,37,30,1
1,3,2,8,5,997,11,1,4,3,0,10,1,17,41,39,8,2025,0,3,46,29,5,1
0,1,2,4,5,707,12,1,22,2,2,19,0,52,41,46,4,2018,2,1,46,12,23,1
2,1,1,5,5,154,7,1,20,2,4,58,0,7,41,47,5,2020,2,0,46,2,21,1
0,1,1,4,5,872,12,0,22,2,0,5,0,52,41,46,4,2025,2,3,46,13,23,0
0,1,5,4,5,313,3,1,6,1,4,15,3,79,41,78,4,2020,1,0,46,30,22,0
0,1,1,0,4,1160,10,1,3,3,4,79,1,50,60,42,4,2024,0,0,18,32,4,1
2,2,2,5,5,84,10,0,18,1,1,12,0,6,20,0,5,2019,1,3,25,9,1,1
1,1,6,8,5,403,10,0,27,2,6,58,1,51,41,17,5,2020,2,3,46,9,30,0
1,1,6,8,5,559,4,1,54,2,1,8,0,51,41,17,5,2024,2,1,46,28,34,1
1,0,1,8,5,421,5,0,18,2,2,33,0,51,63,17,5,2018,2,1,68,30,1,1
2,1,1,5,5,127,3,1,45,1,1,80,1,71,41,68,5,2025,1,1,46,30,42,1
0,1,3,7,6,282,10,0,36,1,6,20,0,45,29,40,6,2016,1,1,34,8,36,0
0,2,2,0,5,440,9,0,54,1,2,32,1,44,41,38,5,2022,1,3,46,31,34,1
0,1,4,7,6,431,7,1,18,1,4,49,2,19,10,34,5,2017,1,1,15,11,1,1
0,2,1,7,5,645,6,1,20,2,1,9,1,72,41,71,5,2025,0,2,46,15,21,1
0,2,2,0,5,747,8,1,17,2,2,13,0,50,41,42,5,2022,2,3,46,10,19,1
2,0,1,5,5,62,2,1,45,1,5,80,0,25,41,20,5,2018,1,1,46,31,42,0
1,1,3,8,5,587,1,1,43,2,5,37,0,17,41,39,8,2018,2,3,46,34,45,0
3,1,2,1,5,707,4,0,55,1,5,16,0,80,35,77,5,2024,1,1,40,2,55,1
1,1,1,8,5,552,5,1,27,2,0,22,0,14,41,54,5,2015,2,2,46,22,30,0
3,1,1,1,5,1355,7,1,18,2,2,11,0,80,35,77,5,2016,2,2,40,2,1,1
1,0,2,8,5,571,7,1,18,2,3,20,1,43,41,37,5,2017,2,5,46,30,1,1
1,1,2,8,5,589,10,1,49,2,4,10,1,17,41,39,8,2019,0,1,46,9,53,0
0,1,1,0,5,742,10,1,26,2,1,25,1,60,24,56,0,2025,0,3,27,10,28,0
1,1,2,8,5,478,2,1,43,2,0,17,0,12,47,13,8,2015,2,1,7,34,45,1
0,1,3,6,3,732,4,1,21,2,6,53,2,3,67,4,6,2025,2,3,67,8,25,0
0,1,1,4,5,806,11,1,20,2,5,73,1,53,35,48,5,2025,2,1,40,17,21,0
0,1,1,7,8,962,6,0,20,2,1,13,0,70,62,27,5,2023,2,1,66,25,21,0
3,1,2,2,5,1766,5,1,54,2,3,71,0,75,55,72,5,2023,2,2,54,1,34,0
1,1,2,6,5,344,6,1,27,2,6,12,0,34,41,29,5,2021,2,1,46,30,30,1
1,1,1,6,5,411,6,1,27,2,3,23,1,3,41,4,5,2025,2,1,46,22,30,1
1,1,4,8,5,504,12,1,13,2,0,49,3,38,50,31,5,2017,2,4,55,22,16,0
0,2,3,4,5,782,5,1,27,2,3,21,1,29,41,64,5,2017,2,3,46,9,30,0
1,0,4,8,5,481,7,1,20,2,0,8,0,51,50,17,5,2022,2,2,55,22,21,1
2,0,3,4,4,264,8,1,47,2,3,44,0,59,78,52,4,2018,2,1,79,17,49,0
1,1,3,8,5,475,4,0,0,2,1,9,0,14,41,54,8,2019,2,5,46,31,24,0
0,3,4,5,0,796,3,1,14,2,4,45,2,71,1,68,0,2018,2,1,0,30,17,0
1,1,4,6,5,321,6,1,21,2,2,27,0,10,41,7,6,2024,2,3,46,28,25,1
0,0,3,8,4,586,9,0,25,1,4,40,1,17,5,39,4,2024,1,1,4,25,27,0
1,3,1,8,5,427,5,1,40,2,5,57,0,22,0,22,5,2021,2,3,6,9,39,0
1,1,2,8,5,241,1,0,17,1,6,62,0,66,41,62,5,2021,1,5,46,3,19,0
3,0,3,1,5,1592,7,1,45,2,3,83,1,36,63,79,5,2018,2,3,68,0,42,1
1,1,1,8,5,573,6,1,27,2,1,11,1,35,41,30,5,2024,2,2,46,28,30,1
0,3,4,4,5,353,9,0,15,1,6,18,1,8,63,9,5,2019,1,4,68,2,18,0
0,1,1,4,5,797,9,1,28,2,5,53,0,4,41,5,4,2025,2,1,46,13,31,1
0,1,2,4,5,738,10,1,27,2,4,49,0,49,41,44,5,2024,2,0,46,22,30,1
0,2,1,4,5,810,11,1,27,2,4,80,1,8,41,9,5,2025,2,4,46,22,30,0
1,1,3,8,5,594,7,1,45,2,4,75,0,17,41,39,5,2024,2,4,46,31,42,0
0,1,3,1,6,330,9,1,48,1,0,23,3,36,74,79,1,2020,1,2,76,23,50,0
1,1,4,8,5,282,7,1,13,1,6,25,1,12,41,13,5,2020,1,3,46,25,16,0
0,1,4,7,5,1197,1,1,52,3,1,3,1,32,41,26,7,2017,0,3,46,9,51,1
3,1,2,3,5,887,11,1,20,2,0,70,1,67,41,67,5,2024,0,0,46,30,21,0
0,1,2,3,3,250,7,1,34,1,0,83,0,62,11,76,3,2023,1,4,64,21,0,1
1,1,2,6,5,166,12,1,13,1,2,26,1,16,41,15,5,2023,1,1,46,8,16,1
0,0,3,4,5,390,2,1,27,1,4,45,1,18,41,60,5,2021,1,1,46,17,30,1
3,1,3,2,5,1497,1,1,27,2,0,103,0,1,41,2,5,2025,2,2,46,9,30,0
0,1,1,7,5,350,6,1,15,1,4,84,1,57,41,49,5,2025,1,1,46,30,18,1
1,0,1,5,8,459,11,1,37,2,5,4,1,68,31,63,8,2024,2,3,38,14,35,1
0,1,2,2,0,714,12,1,40,2,1,51,0,75,3,72,5,2025,2,3,2,10,39,1
3,0,3,2,5,727,2,1,45,1,6,19,0,56,35,51,5,2018,1,3,40,31,42,1
1,0,1,6,5,160,5,1,45,1,2,74,1,77,41,75,5,2018,1,3,46,35,42,1
1,1,3,6,5,136,2,1,45,1,3,34,0,74,41,69,5,2019,1,4,46,8,42,1
1,1,5,8,5,961,6,0,49,3,4,75,1,73,41,70,8,2016,0,5,46,3,53,0
3,1,3,3,5,465,6,1,20,1,3,56,2,62,41,76,5,2025,1,5,46,9,21,1
0,1,6,7,5,710,9,0,46,2,5,1,2,72,41,71,7,2016,2,3,46,22,48,0
3,0,2,3,5,554,7,1,11,1,0,28,0,62,24,76,3,2025,1,3,27,22,11,1
0,1,3,8,1,700,7,1,49,2,4,1,0,14,59,54,8,2019,2,0,41,25,53,1
0,1,3,4,5,874,12,1,29,2,1,18,2,81,41,81,4,2025,0,3,46,31,47,0
1,1,3,8,5,609,2,1,45,2,0,61,1,12,35,13,5,2023,2,2,40,28,42,1
1,1,3,6,5,215,3,1,17,1,3,57,1,61,41,57,5,2023,1,0,46,16,19,0
0,1,2,0,5,885,7,1,27,2,2,83,1,23,41,21,5,2024,2,4,46,20,30,1
3,1,2,1,5,1210,1,0,48,2,6,33,1,63,41,18,1,2024,0,5,46,6,50,0
0,2,1,4,5,423,1,0,55,1,1,53,0,5,41,6,5,2016,1,4,46,9,55,0
1,1,4,8,5,184,4,1,54,1,6,64,1,43,41,37,5,2025,1,0,46,31,34,0
1,3,1,8,5,287,3,1,37,1,1,47,1,73,41,70,8,2023,1,1,46,34,35,0
0,0,5,8,6,539,3,0,32,2,4,53,1,43,29,37,6,2023,0,0,34,8,15,0
0,1,3,4,5,859,12,0,27,2,1,69,0,69,41,33,5,2025,2,3,46,28,30,1
1,0,6,8,5,1454,11,1,27,3,0,78,3,24,41,58,5,2023,0,1,46,31,30,0
1,0,1,6,5,194,2,0,32,1,6,32,0,76,41,74,6,2017,1,5,46,28,15,1
1,1,2,8,5,290,7,1,40,1,4,32,1,43,41,37,5,2024,1,2,46,34,39,0
3,1,1,3,5,520,11,1,34,1,1,55,0,62,41,76,3,2024,1,5,46,18,0,1
1,0,3,6,5,193,1,1,27,1,3,36,2,77,41,75,5,2022,1,3,46,22,30,1
1,1,2,8,5,489,4,0,18,2,1,31,0,17,41,39,5,2015,2,4,46,2,1,1
2,1,3,4,4,269,10,1,3,2,5,51,0,30,46,25,4,2024,2,4,52,33,4,0
1,1,1,8,5,295,11,1,55,1,4,21,0,38,41,31,5,2022,1,4,46,30,55,1
1,1,1,8,5,552,8,1,0,2,6,89,1,35,41,30,8,2025,2,5,46,28,24,0
1,1,4,6,5,1089,10,1,15,3,4,91,1,16,41,15,5,2025,0,4,46,22,18,1
0,1,4,8,4,940,8,1,47,3,3,54,1,43,48,37,4,2016,0,5,53,33,49,0
1,1,1,8,5,238,7,1,54,1,5,62,1,48,41,43,5,2023,1,4,46,14,34,0
1,1,1,8,5,267,2,1,37,1,5,37,0,43,41,37,8,2017,1,1,46,30,35,0
3,1,5,3,5,547,10,0,27,1,3,17,1,37,41,66,5,2016,1,4,46,7,30,0
0,1,2,4,5,419,8,1,47,1,0,49,2,39,41,32,4,2016,1,3,46,17,49,1
0,2,1,4,5,471,9,1,27,1,4,24,0,59,41,52,5,2024,1,2,46,22,30,1
0,1,1,7,5,655,12,1,18,2,6,39,0,11,41,8,5,2024,2,2,46,9,1,0
1,3,5,6,5,481,6,1,27,2,0,100,1,28,41,80,5,2015,0,3,46,9,30,0
1,1,2,8,5,208,4,0,55,1,0,36,0,58,41,53,5,2018,1,3,46,31,55,1
1,3,2,8,5,521,1,1,27,2,4,94,1,12,41,13,5,2019,2,2,46,31,30,1
0,1,6,4,5,1322,9,0,15,3,3,57,1,18,55,60,5,2025,0,1,54,9,18,0
0,1,3,8,3,685,9,1,24,2,4,7,0,20,28,19,3,2022,2,3,33,21,29,1
1,0,2,8,5,566,12,1,55,2,6,39,0,22,41,22,5,2017,2,3,46,2,55,1
1,1,1,8,5,269,4,1,55,1,6,5,1,58,41,53,5,2021,1,3,46,25,55,1
0,0,4,7,5,673,4,1,54,2,2,92,1,32,55,26,5,2015,2,2,54,36,34,1
1,0,2,6,5,338,11,1,55,2,0,2,1,15,41,10,5,2016,2,3,46,35,55,1
1,3,1,8,5,542,12,1,20,2,4,61,0,22,20,22,5,2018,2,3,25,2,21,0
1,1,1,8,5,229,11,1,40,1,5,58,0,66,41,62,5,2017,1,4,46,31,39,0
1,1,1,6,5,302,10,1,13,2,4,36,1,28,41,80,5,2016,2,4,46,16,16,1
0,1,3,5,0,813,8,1,45,2,5,32,0,40,1,35,5,2023,2,3,0,9,42,1
0,1,1,4,5,366,8,1,55,1,1,68,0,52,41,46,5,2021,1,1,46,13,55,0
2,2,6,5,5,135,10,1,18,2,6,7,4,55,41,50,5,2018,2,3,46,2,1,1
1,1,1,6,5,258,12,1,15,2,6,47,0,76,63,74,5,2018,2,3,68,30,18,1
1,1,5,6,5,320,12,0,55,2,6,15,1,28,41,80,5,2025,2,1,46,28,55,0
1,1,1,8,5,547,6,1,40,2,4,49,0,17,41,39,5,2022,2,5,46,28,39,1
3,0,1,2,5,1801,11,1,27,2,1,22,1,56,41,51,5,2019,2,0,46,28,30,1
2,1,6,5,5,109,8,1,18,1,3,16,3,6,35,0,5,2020,1,1,40,2,1,0
0,1,3,0,5,795,12,1,55,2,5,51,0,2,41,3,5,2016,2,0,46,22,55,0
3,0,3,3,5,579,4,1,9,1,1,22,0,67,41,67,3,2016,1,5,46,18,14,0
0,2,2,0,5,726,2,1,27,2,1,56,0,21,41,16,5,2022,2,3,46,28,30,0
3,1,3,2,5,1474,9,1,54,2,3,30,1,13,41,14,5,2022,2,1,46,30,34,1
3,1,3,5,2,853,11,1,18,2,1,35,0,6,61,0,5,2021,0,2,65,9,1,1
0,1,1,4,3,455,7,1,10,1,4,72,0,79,73,78,3,2024,1,5,78,18,3,1
0,1,2,1,3,359,1,1,34,1,0,31,0,80,11,77,3,2023,1,1,64,18,0,1
1,1,4,8,5,442,9,1,15,2,5,6,2,58,41,53,5,2022,2,1,46,2,18,1
1,3,1,8,5,285,11,0,37,1,4,85,0,73,41,70,8,2016,1,5,46,22,35,1
3,3,4,3,5,530,12,0,27,1,2,79,1,67,41,67,5,2017,1,2,46,30,30,1
1,1,2,6,5,250,3,0,54,1,0,29,0,10,41,7,5,2025,1,3,46,9,34,0
0,1,1,7,8,809,12,1,0,2,0,36,0,11,39,8,8,2025,2,1,17,14,24,1
1,3,2,6,5,376,5,1,18,2,5,66,1,10,68,7,5,2025,2,2,71,2,1,0
0,1,3,3,4,683,7,1,28,2,2,87,0,62,25,76,4,2017,2,1,30,17,31,0
2,1,6,5,5,891,5,1,40,3,3,28,4,26,68,23,5,2019,0,3,71,9,39,1
1,0,3,8,5,222,3,1,40,1,2,13,1,48,23,43,5,2016,1,3,26,28,39,0
0,0,5,4,5,1226,5,1,13,3,5,47,2,81,41,81,5,2018,0,0,46,28,16,0
1,1,4,8,5,231,12,1,27,1,6,10,2,51,41,17,5,2018,1,1,46,22,30,1
1,3,1,6,5,367,6,1,45,2,6,29,1,28,41,80,5,2022,2,3,46,2,42,1
0,1,5,4,5,398,8,0,27,1,4,82,0,4,41,5,5,2024,1,3,46,37,30,1
0,3,1,4,5,839,1,0,47,2,0,60,0,39,24,32,4,2017,2,1,27,9,49,1
0,3,2,4,5,796,6,1,20,2,5,60,0,8,41,9,5,2025,2,1,46,30,21,0
2,0,2,5,5,69,10,1,27,1,0,101,0,71,41,68,5,2023,1,3,46,31,30,0
0,1,3,4,5,387,6,0,20,1,0,94,1,18,41,60,5,2024,1,1,46,13,21,0
1,0,1,6,5,280,7,0,45,2,1,86,0,15,50,10,5,2021,2,2,55,22,42,0
1,1,2,6,5,234,11,1,27,1,5,27,1,76,41,74,5,2023,1,3,46,22,30,1
1,1,2,8,5,259,7,0,27,1,3,49,0,17,41,39,5,2020,1,3,46,14,30,1
0,1,1,4,5,793,4,0,3,2,1,24,0,8,41,9,4,2025,2,2,46,2,4,1
1,0,1,8,5,479,10,0,15,2,3,48,0,38,41,31,5,2017,2,5,46,9,18,1
3,1,1,2,5,1699,7,1,15,2,2,20,1,75,41,72,5,2021,2,2,46,22,18,0
1,1,2,6,5,409,11,0,27,2,1,72,0,9,41,12,5,2024,2,1,46,9,30,0
1,0,3,5,8,600,5,0,4,2,2,34,1,25,39,20,8,2023,2,1,17,2,5,1
1,1,3,8,5,264,11,1,54,1,4,82,0,48,68,43,5,2024,1,1,71,3,34,1
0,1,3,8,4,938,7,1,0,2,6,18,1,58,6,53,8,2019,2,4,5,12,24,0
2,1,2,5,5,104,8,0,54,1,0,6,1,26,41,23,5,2023,1,0,46,9,34,0
0,0,5,0,5,319,5,1,26,1,5,44,2,60,41,56,0,2021,1,5,46,9,28,0
0,2,1,8,0,486,1,1,43,1,1,15,0,35,21,30,8,2016,1,2,23,29,45,0
0,3,1,7,4,465,11,0,47,1,6,11,1,72,32,71,4,2019,1,3,39,13,49,0
1,0,2,8,5,537,3,1,27,2,4,78,0,43,41,37,5,2023,2,1,46,9,30,1
0,1,2,7,5,434,3,1,54,1,2,78,0,45,41,40,5,2022,1,1,46,31,34,0
3,1,1,2,5,1637,10,1,27,2,0,31,0,75,41,72,5,2015,2,3,46,28,30,1
1,1,6,8,5,218,7,1,55,1,3,13,3,14,41,54,5,2016,1,3,46,2,55,1
1,1,3,8,5,273,2,1,45,1,2,31,0,17,0,39,5,2019,1,4,6,2,42,1
0,1,2,1,6,928,12,1,2,2,5,102,1,80,10,77,1,2018,2,1,15,8,2,1
0,1,4,4,5,787,3,1,7,2,1,15,0,49,41,44,4,2020,0,3,46,31,10,1
1,0,1,8,5,192,11,1,27,1,2,49,0,43,41,37,5,2022,1,0,46,9,30,1
0,0,4,4,5,806,1,1,47,2,6,32,0,39,41,32,4,2019,2,1,46,37,49,0
1,1,2,5,6,466,6,1,41,2,2,81,0,26,4,23,6,2015,2,5,3,23,40,0
0,1,3,4,5,757,5,1,20,2,5,11,0,53,41,48,5,2022,2,3,46,5,21,1
0,1,6,4,5,317,3,1,20,1,3,66,2,49,41,44,5,2017,1,0,46,33,21,1
1,1,6,6,5,477,12,1,54,2,4,7,2,16,41,15,5,2020,2,0,46,2,34,0
1,0,1,8,5,547,2,1,27,2,3,171,0,20,41,19,5,2025,2,1,46,30,30,0
2,2,2,5,5,194,8,1,27,2,5,16,0,25,41,20,5,2019,2,1,46,30,30,0
3,1,2,3,5,1142,5,1,20,2,6,65,1,67,0,67,5,2022,2,0,6,2,21,0
1,1,4,5,8,197,10,1,8,1,1,25,2,55,17,50,8,2023,1,4,51,3,9,1
1,0,2,6,5,250,2,0,17,2,3,27,1,74,50,69,5,2017,2,1,55,2,19,1
0,1,1,4,7,461,3,1,25,1,4,66,1,30,49,25,4,2019,1,2,57,15,27,0
1,0,2,6,5,638,2,1,27,3,3,55,0,61,41,57,5,2017,0,3,46,28,30,1
0,0,2,7,5,1226,10,1,27,3,0,37,0,32,41,26,5,2023,0,2,46,31,30,1
0,1,3,4,5,496,4,0,17,1,6,40,0,18,41,60,5,2025,1,1,46,33,19,0
0,1,1,5,7,742,8,1,15,2,1,102,0,6,40,0,5,2020,0,2,45,28,18,0
3,1,5,5,3,531,1,1,18,1,3,18,1,26,73,23,5,2025,1,3,78,7,1,1
0,1,5,4,0,714,7,1,54,2,6,35,2,59,3,52,5,2015,2,3,2,27,34,0
1,1,3,8,5,274,5,1,27,1,4,71,1,58,41,53,5,2015,1,3,46,31,30,0
1,3,4,8,5,452,6,1,18,2,0,38,1,48,50,43,5,2019,2,4,55,22,1,0
0,2,1,4,5,1259,2,1,54,3,0,23,0,4,41,5,5,2022,0,3,46,30,34,0
1,1,4,8,5,486,11,1,0,2,5,48,3,12,50,13,8,2024,2,3,55,28,24,1
1,0,1,8,5,195,3,0,37,1,6,39,0,12,41,13,8,2017,1,1,46,2,35,1
2,2,1,5,5,140,1,1,55,2,3,83,0,68,50,63,5,2020,2,3,55,31,55,1
1,1,6,8,5,581,3,0,27,2,5,77,2,17,41,39,5,2016,2,0,46,29,30,1
3,3,1,1,5,835,7,1,27,1,2,94,0,36,41,79,5,2017,1,2,46,28,30,1
0,0,2,4,5,735,8,1,27,2,2,44,1,8,41,9,5,2023,2,3,46,9,30,1
0,0,3,7,5,840,4,1,40,2,3,42,1,57,41,49,5,2025,2,4,46,36,39,1
0,1,4,4,5,482,5,1,55,1,6,14,3,59,35,52,5,2024,1,1,40,31,55,1
1,0,5,8,5,467,3,0,55,2,1,22,1,12,63,13,5,2024,2,5,68,2,55,1
0,1,2,7,5,308,5,1,17,1,5,17,0,72,24,71,5,2024,1,5,27,22,19,0
0,1,1,4,5,882,4,1,28,2,6,98,0,39,41,32,4,2025,2,3,46,17,31,1
0,2,3,7,0,493,8,1,42,1,4,72,0,11,56,8,0,2018,1,4,60,32,44,0
1,0,4,8,5,305,3,1,45,1,4,31,2,24,41,58,5,2016,1,3,46,28,42,0
1,1,1,8,5,291,5,1,27,1,5,16,1,38,41,31,5,2018,1,3,46,14,30,1
0,1,5,3,8,250,10,0,8,1,0,119,1,62,13,76,8,2020,1,1,12,14,9,1
1,3,5,8,5,219,4,1,15,1,5,51,0,24,41,58,5,2024,1,1,46,30,18,1
2,0,2,5,5,174,1,1,18,2,4,75,1,71,50,68,5,2019,2,0,55,2,1,1
0,1,5,7,5,329,2,1,27,1,1,50,2,19,41,34,5,2018,1,1,46,36,30,0
0,0,2,4,1,675,2,1,12,2,4,21,0,81,45,81,1,2019,2,1,47,4,13,0
1,0,4,8,5,187,1,1,20,1,0,40,0,17,41,39,5,2015,1,3,46,14,21,1
2,1,2,5,5,175,8,1,27,2,0,16,0,54,41,55,5,2019,2,5,46,9,30,1
3,1,1,5,3,474,2,1,9,1,2,42,1,54,73,55,3,2025,1,2,78,9,14,0
0,1,2,0,5,344,3,1,27,1,5,85,0,0,41,1,5,2019,1,5,46,28,30,1
0,0,5,5,7,716,11,0,13,2,5,29,0,26,26,23,5,2019,2,1,32,22,16,0
1,0,2,8,5,305,5,1,54,1,5,3,0,66,41,62,5,2018,1,5,46,9,34,1
0,0,2,7,5,732,3,1,54,2,6,53,1,45,41,40,5,2023,2,1,46,22,34,0
0,1,1,7,4,256,8,0,22,1,5,51,0,19,9,34,4,2021,1,2,8,17,23,1
1,1,4,8,5,257,5,0,15,1,5,3,1,73,41,70,5,2025,1,1,46,28,18,0
0,1,1,5,7,447,11,1,44,1,6,21,0,68,71,63,7,2017,1,4,72,11,43,1
0,1,4,7,5,348,10,1,27,1,3,24,1,57,41,49,5,2025,1,2,46,15,30,1
1,1,4,6,5,240,10,1,20,1,4,73,0,9,41,12,5,2021,1,1,46,22,21,1
0,1,1,0,4,268,8,0,6,1,6,10,1,0,52,1,4,2018,1,1,59,37,22,1
1,3,3,6,5,106,3,1,27,1,3,77,0,9,41,12,5,2021,1,1,46,31,30,1
2,1,2,5,5,83,1,1,17,1,5,40,2,6,68,0,5,2024,1,4,71,22,19,1
0,0,1,0,5,301,10,1,45,1,5,10,0,23,41,21,5,2022,1,1,46,9,42,0
0,1,2,4,5,835,12,0,13,2,5,79,0,53,41,48,5,2019,2,3,46,28,16,1
1,1,2,6,5,323,5,1,45,2,6,14,0,28,20,80,5,2016,2,5,25,16,42,1
1,1,1,8,5,574,6,1,8,2,0,46,0,22,41,22,8,2018,2,4,46,31,9,1
1,1,1,8,5,309,9,1,18,1,5,53,1,24,41,58,5,2025,1,4,46,3,1,0
0,0,2,6,1,311,6,1,27,1,4,7,0,10,77,7,5,2025,1,5,80,35,30,0
0,1,1,8,4,1133,12,1,37,2,1,108,1,24,32,58,8,2025,2,1,39,25,35,0
0,1,3,7,5,373,9,1,54,1,2,42,1,45,41,40,5,2022,1,5,46,31,34,0
1,1,2,8,5,417,9,1,27,2,0,72,1,43,41,37,5,2024,2,0,46,9,30,1
1,1,2,5,6,109,9,0,32,1,1,69,0,54,15,55,6,2015,1,5,16,31,15,1
0,1,3,4,5,401,2,1,20,1,1,93,1,59,41,52,5,2021,1,5,46,12,21,0
1,1,5,6,5,734,4,0,18,3,3,12,1,15,68,10,5,2018,0,0,71,31,1,1
1,0,2,8,5,500,5,1,37,2,4,36,0,43,41,37,8,2024,2,0,46,28,35,0
1,1,1,8,5,196,2,1,37,1,0,44,0,66,41,62,8,2021,1,1,46,3,35,1
1,0,5,5,6,221,12,1,21,1,2,33,1,46,10,41,6,2025,1,0,15,35,25,1
1,1,1,6,5,306,6,1,20,2,2,47,0,76,47,74,5,2017,2,2,7,30,21,0
1,1,5,8,5,303,7,0,27,1,5,82,1,22,41,22,5,2025,1,2,46,25,30,1
3,0,2,3,5,825,6,1,33,2,5,69,1,67,41,67,3,2022,0,1,46,22,12,0
0,0,1,4,5,935,7,0,27,2,3,60,0,30,41,25,5,2018,2,2,46,37,30,0
0,3,3,7,8,296,10,1,52,1,5,37,1,70,62,27,7,2018,1,3,66,3,51,0
1,1,4,8,5,276,2,1,40,1,5,20,1,14,41,54,5,2017,1,1,46,29,39,0
0,1,3,4,5,816,1,1,3,2,5,98,0,79,41,78,4,2021,0,0,46,30,4,0
0,3,4,6,1,403,9,1,17,1,0,30,1,15,59,10,5,2018,1,3,41,8,19,0
1,0,2,4,6,329,7,1,40,1,4,10,2,4,57,5,5,2021,1,3,61,16,39,0
1,0,1,8,5,212,4,1,40,1,3,53,1,17,41,39,5,2025,1,0,46,31,39,0
1,0,2,6,5,225,4,1,27,1,2,13,1,9,41,12,5,2024,1,0,46,31,30,1
1,2,1,8,5,303,12,0,15,1,4,104,0,12,0,13,5,2017,1,4,6,28,18,0
1,1,3,8,5,484,4,0,13,2,1,52,1,73,41,70,5,2025,2,3,46,2,16,0
1,1,1,6,5,379,1,1,17,2,0,77,1,9,41,12,5,2020,2,1,46,9,19,1
0,0,3,7,6,442,2,1,46,1,3,61,0,11,12,8,7,2022,1,1,9,8,48,0
0,0,3,0,7,328,6,0,14,1,4,44,1,2,40,3,0,2023,1,1,45,27,17,0
0,3,3,7,5,667,5,1,52,2,3,16,1,19,41,34,7,2023,2,2,46,31,51,1
0,0,3,7,5,327,2,0,45,1,2,33,2,19,41,34,5,2023,1,1,46,22,42,1
1,1,2,8,5,289,1,1,50,1,2,41,0,73,41,70,8,2022,1,4,46,3,46,0
3,1,5,5,3,493,4,1,33,1,5,39,0,40,73,35,3,2023,1,1,78,2,12,0
1,1,3,8,5,480,3,0,45,2,2,48,2,73,41,70,5,2015,2,5,46,3,42,0
1,0,2,6,5,178,8,1,45,1,4,12,0,28,20,80,5,2016,1,4,25,30,42,1
0,1,3,3,3,831,6,1,33,2,3,1,0,62,67,76,3,2015,0,5,67,18,12,0
0,0,1,4,3,706,2,1,35,2,4,45,1,79,67,78,4,2020,2,3,67,7,8,0
0,1,2,7,5,328,3,1,52,1,1,47,1,70,41,27,7,2022,1,3,46,2,51,0
0,0,4,4,5,853,7,0,7,2,0,83,0,69,41,33,4,2023,2,4,46,2,10,1
1,0,1,8,5,307,9,1,27,1,2,42,1,43,41,37,5,2023,1,3,46,34,30,1
0,0,1,4,5,800,1,1,25,2,6,4,0,4,41,5,4,2018,2,2,46,28,27,1
1,2,2,8,5,275,7,0,17,1,3,13,1,66,41,62,5,2023,1,1,46,2,19,1
0,1,3,8,6,799,8,0,49,2,1,41,1,35,4,30,8,2019,2,3,3,34,53,0
0,1,2,3,2,1392,3,1,39,3,1,27,0,62,72,76,2,2025,0,3,75,26,38,1
2,3,2,5,5,941,3,1,45,2,6,53,0,55,20,50,5,2019,0,3,25,2,42,0
1,0,1,8,5,506,7,1,45,2,4,15,1,35,63,30,5,2025,2,5,68,2,42,0
1,2,6,8,5,525,1,1,37,2,2,4,2,22,41,22,8,2018,2,3,46,30,35,0
3,1,4,1,5,1757,8,0,45,2,1,20,1,41,20,59,5,2020,2,0,25,0,42,1
0,1,3,7,5,754,6,0,55,2,0,23,1,57,41,49,5,2024,2,5,46,15,55,1
2,0,2,5,5,121,1,0,27,1,6,48,0,54,41,55,5,2017,1,0,46,2,30,1
1,0,3,6,5,366,8,1,40,2,6,51,1,15,23,10,5,2025,2,4,26,2,39,0
1,1,5,8,5,239,8,1,40,1,1,58,2,38,41,31,5,2019,1,0,46,2,39,0
2,1,3,5,5,205,1,1,45,2,1,87,3,25,41,20,5,2018,2,5,46,22,42,0
1,1,1,6,5,280,4,0,27,2,5,8,1,3,41,4,5,2017,2,1,46,30,30,1
2,1,1,5,5,173,4,1,18,2,6,42,1,68,41,63,5,2017,2,4,46,30,1,1
2,1,5,4,4,142,7,1,28,2,4,54,2,30,52,25,4,2019,2,5,59,5,31,1
0,1,1,4,5,830,1,1,17,2,1,4,0,18,47,60,5,2017,2,2,7,31,19,1
1,0,2,6,5,220,5,1,45,2,5,22,1,74,35,69,5,2018,2,3,40,8,42,1
0,3,2,3,3,754,3,1,10,2,6,145,0,64,66,11,3,2015,2,1,37,21,3,1
1,2,1,8,5,433,4,1,4,2,3,82,0,14,55,54,8,2021,2,5,54,29,5,1
1,3,1,5,8,477,6,1,37,2,0,21,0,46,62,41,8,2016,2,3,66,29,35,0
0,1,2,4,8,1037,6,0,49,2,2,65,0,52,30,46,8,2022,2,5,35,37,53,0
0,1,4,4,5,870,11,0,27,2,5,38,0,8,41,9,5,2020,2,0,46,28,30,0
2,1,3,8,8,232,7,0,50,2,2,6,2,14,19,54,8,2021,2,1,20,29,46,0
1,0,4,8,5,566,1,1,37,2,6,27,1,58,41,53,8,2024,2,4,46,30,35,0
1,1,2,8,5,271,11,1,37,1,4,9,0,48,41,43,8,2016,1,2,46,25,35,1
3,1,2,3,5,1152,5,1,24,3,4,30,1,37,41,66,3,2022,0,1,46,22,29,0
0,3,2,1,8,794,6,1,0,2,6,48,0,63,22,18,8,2019,2,4,22,25,24,0
1,1,2,8,5,652,3,0,4,2,5,15,0,73,41,70,8,2019,0,1,46,2,5,0
1,2,3,8,5,302,8,0,50,1,4,71,0,12,41,13,8,2021,1,1,46,25,46,1
1,1,1,6,5,380,2,1,27,2,6,52,0,61,41,57,5,2024,2,3,46,2,30,0
1,1,2,8,5,1190,2,1,50,3,2,71,0,66,41,62,8,2017,0,1,46,30,46,1
2,1,5,5,5,160,6,1,45,2,6,71,3,27,41,24,5,2023,2,3,46,30,42,1
0,1,6,4,5,458,10,1,27,1,4,51,1,39,41,32,5,2025,1,4,46,17,30,0
0,0,3,4,5,497,12,1,7,1,5,38,2,49,41,44,4,2024,1,1,46,28,10,1
3,1,6,3,5,553,7,1,9,1,5,1,1,33,41,28,3,2024,1,1,46,22,14,1
0,1,4,4,0,432,3,1,26,1,3,19,1,81,56,81,0,2024,1,2,60,32,28,1
0,2,1,0,5,851,4,1,42,2,2,57,0,0,55,1,0,2024,2,5,54,2,44,1
1,0,6,8,5,268,10,1,54,1,4,26,2,58,41,53,5,2025,1,0,46,2,34,1
0,0,2,6,8,929,10,1,0,2,5,50,2,74,22,69,8,2025,2,3,22,19,24,0
3,1,3,1,5,1265,8,0,2,2,2,28,1,80,41,77,1,2024,2,3,46,31,2,1
2,2,6,5,5,67,1,1,45,1,2,43,0,40,41,35,5,2025,1,1,46,31,42,1
0,1,1,3,7,359,4,0,52,1,6,37,1,64,27,11,7,2024,1,1,70,15,51,0
0,3,1,7,3,789,11,1,44,2,2,13,0,72,28,71,7,2016,2,1,33,36,43,1
1,0,2,8,5,519,12,1,45,2,0,17,0,20,41,19,5,2023,2,3,46,34,42,0
0,2,3,0,5,729,10,1,17,2,2,85,1,2,47,3,5,2018,2,1,7,31,19,0
1,1,2,8,5,234,11,1,18,1,4,70,0,58,41,53,5,2025,1,3,46,22,1,1
2,1,4,5,5,115,8,1,18,1,4,1,1,71,41,68,5,2024,1,0,46,22,1,0
1,1,2,8,5,302,7,0,27,1,3,31,2,12,41,13,5,2019,1,2,46,28,30,1
1,1,1,8,5,769,3,1,37,2,0,13,1,73,41,70,8,2017,0,3,46,2,35,0
1,3,3,8,5,241,4,1,55,1,2,62,0,22,41,22,5,2015,1,2,46,29,55,1
0,3,2,5,4,360,10,1,47,1,2,60,0,6,5,0,4,2020,1,2,4,9,49,1
0,1,1,4,5,856,1,1,6,2,6,103,1,18,41,60,4,2024,2,2,46,5,22,0
0,0,1,6,8,345,7,1,37,1,4,22,0,76,37,74,8,2021,1,3,43,35,35,1
1,1,2,6,5,412,9,0,32,2,6,53,0,28,41,80,6,2015,2,1,46,22,15,0
0,0,4,7,5,436,8,1,15,1,3,21,0,70,41,27,5,2016,1,1,46,30,18,1
0,1,1,4,5,419,4,1,27,1,2,8,0,69,41,33,5,2025,1,3,46,9,30,1
1,1,2,8,5,531,1,1,17,2,1,14,1,58,24,53,5,2018,0,3,27,28,19,0
0,1,1,4,5,300,2,1,3,1,6,87,1,39,41,32,4,2025,1,5,46,9,4,1
0,3,5,4,1,748,8,1,16,2,5,153,2,52,18,46,4,2024,0,1,63,6,41,1
1,1,1,8,5,274,9,1,20,1,5,48,0,48,41,43,5,2023,1,5,46,22,21,1
1,1,3,8,5,319,1,1,27,1,0,23,1,35,41,30,5,2019,1,2,46,28,30,1
0,0,4,4,5,922,2,1,47,2,4,8,1,69,24,33,4,2024,2,4,27,12,49,0
0,3,6,3,4,484,2,0,3,1,3,43,2,78,46,73,4,2018,1,4,52,13,4,0
1,0,2,8,5,184,1,1,43,1,2,99,1,51,41,17,8,2023,1,2,46,30,45,1
0,1,2,4,8,989,2,1,43,2,6,61,2,5,13,6,8,2018,2,3,12,34,45,1
0,1,1,7,5,768,2,1,5,2,3,19,0,45,41,40,7,2023,2,5,46,15,6,1
0,1,3,7,5,415,5,0,44,1,0,34,2,57,41,49,7,2023,1,2,46,36,43,0
3,1,1,5,3,1252,9,1,45,3,1,18,0,68,28,63,5,2016,0,4,33,21,42,0
2,3,1,5,5,168,5,1,27,2,5,46,0,68,41,63,5,2021,2,5,46,22,30,0
2,1,2,5,5,220,1,1,17,2,1,37,2,54,41,55,5,2024,2,3,46,22,19,0
0,1,2,7,5,788,8,1,20,2,6,64,0,11,41,8,5,2018,2,3,46,30,21,1
1,1,5,6,5,561,5,1,27,2,5,88,1,74,41,69,5,2023,0,5,46,9,30,1
0,0,4,4,7,656,3,1,35,2,0,69,2,81,40,81,4,2019,2,3,45,15,8,1
0,3,1,4,5,368,2,1,13,1,4,15,0,5,41,6,5,2019,1,3,46,17,16,1
2,1,5,5,5,922,2,0,27,3,0,22,1,54,41,55,5,2025,0,2,46,2,30,0
1,0,2,8,5,259,1,0,4,1,4,25,0,12,41,13,8,2017,1,2,46,34,5,1
1,2,1,8,5,825,11,1,49,3,3,1,1,51,47,17,8,2018,0,3,7,9,53,1
1,1,1,6,5,1166,2,0,20,3,1,25,1,16,0,15,5,2017,0,1,6,22,21,0
0,1,1,2,6,318,3,0,21,1,5,2,1,65,29,61,6,2017,1,0,34,35,25,0
1,1,3,6,5,319,1,1,45,2,1,57,0,10,50,7,5,2023,2,1,55,28,42,0
0,1,2,4,5,345,9,1,17,1,3,65,2,69,41,33,5,2024,1,0,46,22,19,1
0,1,2,0,5,486,2,1,17,1,5,3,0,60,41,56,5,2020,1,1,46,22,19,0
1,3,2,8,5,315,7,0,37,1,5,23,1,35,41,30,8,2023,1,1,46,9,35,0
0,1,3,5,4,684,2,1,3,2,6,15,0,55,5,50,4,2024,2,1,4,33,4,1
3,1,1,3,5,589,5,0,9,1,6,11,1,78,41,73,3,2016,1,3,46,9,14,0
0,1,4,4,5,865,4,1,7,2,1,1,2,59,23,52,4,2025,2,1,26,22,10,0
2,1,3,2,2,364,12,1,51,2,2,76,2,13,2,14,2,2017,2,3,1,1,52,1
0,1,6,4,8,1015,11,1,0,2,5,3,1,18,31,60,8,2018,2,1,38,3,24,0
0,3,1,0,3,756,8,0,11,2,6,34,0,60,66,56,3,2025,2,3,37,7,11,1
0,3,1,2,6,714,9,1,23,2,3,74,1,65,10,61,2,2024,2,0,15,23,26,0
1,3,1,8,5,447,12,1,37,2,2,40,0,43,41,37,8,2025,2,2,46,14,35,1
0,0,3,7,5,721,4,1,13,2,0,21,1,57,41,49,5,2022,2,5,46,30,16,0
2,0,4,5,5,124,9,1,20,1,6,6,1,55,47,50,5,2018,1,3,7,28,21,1
1,0,2,8,5,490,7,1,27,2,3,57,0,35,41,30,5,2017,2,0,46,34,30,1
0,1,2,4,5,653,12,1,17,2,2,6,1,59,23,52,5,2024,2,4,26,33,19,1
0,1,4,4,5,393,11,1,25,1,5,32,0,69,41,33,4,2025,1,1,46,2,27,0
0,2,6,8,0,769,9,1,4,2,2,76,5,14,21,54,8,2023,2,1,23,20,5,1
1,0,3,8,5,461,10,1,27,2,0,65,0,35,41,30,5,2022,2,1,46,2,30,0
1,1,4,6,5,136,5,1,15,1,1,87,1,34,55,29,5,2021,1,4,54,31,18,1
0,1,4,7,5,300,12,1,19,1,3,51,0,32,41,26,7,2018,1,4,46,30,20,1
0,1,4,7,5,403,11,1,17,1,3,79,1,19,41,34,5,2023,1,0,46,31,19,0
0,1,6,0,6,341,3,1,30,1,0,52,3,21,80,16,6,2019,1,3,28,32,33,0
3,0,1,3,5,970,5,1,45,2,6,16,0,67,35,67,5,2024,2,3,40,28,42,1
2,3,1,8,8,525,11,1,0,2,5,66,0,35,54,30,8,2022,0,2,14,34,24,0
0,1,1,4,5,695,8,0,28,2,5,21,0,30,41,25,4,2024,2,1,46,22,31,0
0,1,3,0,5,900,1,1,17,2,3,3,0,60,41,56,5,2015,2,3,46,9,19,0
1,1,1,8,5,1040,3,1,15,3,6,68,0,38,20,31,5,2019,0,1,25,30,18,1
0,3,2,4,0,504,8,1,42,2,1,48,0,59,36,52,0,2025,2,3,42,13,44,1
0,0,1,7,5,841,2,1,20,2,0,42,0,11,47,8,5,2024,2,1,7,11,21,1
0,0,5,7,4,611,10,1,31,2,2,48,3,45,78,40,7,2015,2,3,79,33,32,1
0,0,1,4,5,936,2,1,27,2,1,19,1,8,41,9,5,2023,2,1,46,12,30,1
0,1,4,4,5,699,11,1,29,2,1,91,0,39,63,32,4,2025,2,5,68,31,47,1
1,3,5,6,5,219,10,1,13,1,6,59,1,28,23,80,5,2019,1,1,26,9,16,1
1,3,1,4,6,720,3,1,30,2,5,11,1,18,4,60,6,2022,2,1,3,8,33,1
3,3,4,1,5,1419,3,1,27,2,6,15,1,80,41,77,5,2015,2,3,46,2,30,0
1,1,4,8,5,862,6,1,18,2,4,60,0,51,41,17,5,2015,0,3,46,9,1,0
1,0,1,8,5,238,1,1,45,1,0,30,0,58,41,53,5,2016,1,2,46,25,42,1
1,1,5,8,5,251,2,0,45,1,2,39,1,48,63,43,5,2016,1,2,68,25,42,1
0,1,2,7,5,410,8,0,40,1,1,27,0,72,55,71,5,2024,1,3,54,31,39,1
1,1,2,8,5,266,1,1,37,1,6,24,1,66,41,62,8,2021,1,3,46,34,35,0
1,1,2,8,5,524,5,1,55,2,2,88,1,38,41,31,5,2022,2,0,46,28,55,1
0,3,2,4,5,775,10,1,17,2,1,51,0,53,50,48,5,2017,2,3,55,30,19,1
1,1,3,8,5,291,9,1,20,1,5,45,0,58,41,53,5,2024,1,0,46,9,21,0
0,1,3,7,5,433,1,0,19,1,3,90,1,19,24,34,7,2024,1,2,27,36,20,0
1,1,2,8,5,258,4,0,27,1,5,69,1,73,41,70,5,2023,1,3,46,22,30,1
0,1,1,0,5,820,7,1,18,2,4,43,0,0,50,1,5,2024,0,3,55,22,1,1
1,3,3,6,5,124,10,1,27,1,1,3,0,15,41,10,5,2025,1,2,46,9,30,1
0,1,2,8,6,297,6,1,21,1,4,63,0,20,10,19,6,2017,1,3,15,23,25,0
0,1,1,4,5,781,1,1,27,2,5,80,0,52,41,46,5,2018,2,3,46,28,30,1
0,1,1,7,2,647,3,1,23,2,4,17,1,45,51,40,2,2015,0,3,56,26,26,1
0,0,2,0,5,711,7,0,17,2,0,41,0,0,41,1,5,2019,2,2,46,22,19,1
1,1,1,6,5,110,12,1,27,1,0,94,0,61,41,57,5,2025,1,3,46,23,30,0
0,1,2,4,5,954,12,0,22,2,0,41,1,8,41,9,4,2016,2,4,46,9,23,1
1,1,1,8,5,507,12,1,27,2,1,31,1,24,41,58,5,2018,2,3,46,29,30,0
0,1,1,7,8,275,3,1,37,1,5,88,0,70,31,27,8,2018,1,3,38,25,35,0
0,1,5,0,5,816,12,1,54,2,4,87,1,2,41,3,5,2016,2,3,46,31,34,0
0,0,1,0,5,489,12,1,54,1,1,64,0,21,35,16,5,2020,1,4,40,27,34,0
1,1,3,8,5,273,4,1,43,1,5,23,1,51,41,17,8,2015,1,3,46,31,45,0
1,3,6,6,5,338,4,0,41,2,2,41,3,15,41,10,6,2022,2,5,46,28,40,0
2,1,2,8,8,1044,8,1,49,3,2,18,0,24,22,58,8,2024,0,5,22,3,53,1
0,1,1,4,5,424,2,0,27,1,6,21,1,81,41,81,5,2018,1,5,46,28,30,1
0,3,2,1,6,679,10,1,48,2,4,25,2,36,69,79,1,2016,2,2,74,23,50,0
0,0,1,4,5,469,3,1,28,1,5,44,1,18,41,60,4,2016,1,1,46,2,31,1
0,1,5,4,5,393,1,1,22,1,3,17,2,52,23,46,4,2025,1,1,26,2,23,0
0,1,3,7,5,722,12,1,38,2,3,45,1,70,41,27,7,2019,2,5,46,9,37,0
1,1,1,8,5,236,3,0,37,1,4,48,1,17,41,39,8,2025,1,1,46,2,35,1
0,1,5,0,5,818,5,0,27,2,0,7,0,23,41,21,5,2023,2,5,46,2,30,0
0,1,1,4,5,711,2,1,29,2,2,16,0,81,55,81,4,2025,2,5,54,37,47,0
0,3,4,2,4,1134,9,0,13,3,3,41,2,65,60,61,5,2023,0,3,18,1,16,0
1,0,3,8,5,1064,7,1,15,3,4,40,0,22,41,22,5,2021,0,4,46,22,18,1
1,3,2,8,5,194,12,0,17,1,6,9,2,17,24,39,5,2023,1,1,27,22,19,1
0,1,1,7,5,311,9,1,44,1,2,54,0,32,41,26,7,2015,1,1,46,28,43,1
0,1,4,4,5,389,3,1,22,1,0,1,4,52,47,46,4,2025,1,1,7,30,23,0
0,1,6,4,5,830,2,1,3,2,4,22,3,18,41,60,4,2018,2,0,46,2,4,0
0,1,2,4,0,274,1,0,25,1,0,21,1,49,38,44,4,2024,1,1,44,32,27,1
1,1,5,5,8,251,6,1,4,1,0,19,2,55,13,50,8,2020,1,1,12,3,5,1
0,1,1,8,4,535,12,1,25,1,0,10,1,66,33,62,4,2020,1,0,69,34,27,0
1,1,1,8,5,405,1,1,55,2,4,22,1,48,41,43,5,2015,2,4,46,9,55,1
0,1,3,0,3,822,7,0,26,2,1,21,0,42,66,36,0,2024,2,1,37,18,28,1
1,1,5,8,5,980,4,1,8,3,4,52,0,43,41,37,8,2018,0,3,46,14,9,1
1,1,4,8,5,554,7,0,27,2,5,22,0,43,41,37,5,2024,0,3,46,2,30,1
0,1,1,5,7,797,12,1,5,2,0,72,0,55,40,50,7,2022,2,3,45,9,6,0
3,1,2,1,5,1444,9,1,55,2,5,26,0,47,63,45,5,2021,2,1,68,31,55,1
1,0,3,6,5,215,6,1,54,1,6,25,1,15,41,10,5,2023,1,3,46,2,34,0
1,1,1,5,6,189,11,1,45,1,2,78,0,25,57,20,5,2018,1,1,61,9,42,0
1,0,6,8,5,579,6,1,15,2,4,33,3,73,41,70,5,2018,2,4,46,9,18,0
1,0,3,6,5,115,3,0,40,1,3,13,1,16,41,15,5,2022,1,3,46,8,39,1
2,2,1,5,5,188,12,1,20,2,6,58,0,7,41,47,5,2024,2,4,46,28,21,0
0,1,2,4,5,735,7,0,27,2,4,68,0,30,41,25,5,2025,2,3,46,31,30,0
1,1,5,8,5,645,1,1,17,2,4,35,0,51,50,17,5,2019,0,0,55,2,19,0
1,1,3,8,5,302,12,1,4,1,1,38,1,24,41,58,8,2025,1,2,46,29,5,0
1,2,2,8,5,194,12,1,13,1,3,46,0,22,41,22,5,2017,1,4,46,28,16,1
0,1,1,4,5,967,12,1,54,2,3,22,0,4,41,5,5,2018,2,3,46,9,34,0
3,1,5,3,5,934,11,1,40,2,4,26,1,78,41,73,5,2017,2,1,46,21,39,0
0,1,1,4,5,713,7,0,25,2,2,39,1,81,41,81,4,2020,2,4,46,30,27,1
0,0,1,6,6,587,12,1,41,2,0,29,1,61,4,57,6,2022,2,1,3,16,40,0
1,1,2,8,5,252,9,1,17,1,1,35,1,66,41,62,5,2024,1,2,46,25,19,0
0,1,4,4,8,513,5,1,49,1,0,6,1,5,37,6,8,2024,1,3,43,17,53,1
1,3,1,8,5,417,12,1,54,2,1,70,0,12,63,13,5,2025,2,3,68,22,34,1
0,0,2,7,5,446,9,0,44,1,2,20,0,72,41,71,7,2024,1,3,46,24,43,1
0,3,1,5,0,494,3,1,14,1,0,49,0,27,38,24,0,2024,1,2,44,32,17,0
0,0,2,4,5,418,8,1,29,1,4,19,1,29,41,64,4,2024,1,3,46,30,47,1
1,3,1,8,5,729,7,1,43,3,4,38,1,22,41,22,8,2022,0,2,46,3,45,0
0,0,2,4,0,699,6,1,16,2,1,54,0,49,38,44,4,2015,2,3,44,33,41,0
1,3,3,6,5,277,12,1,27,2,0,75,0,34,41,29,5,2022,2,2,46,9,30,1
1,1,5,5,6,171,9,1,41,1,3,73,0,54,4,55,6,2024,1,3,3,8,40,1
0,1,3,4,5,784,9,0,27,2,3,59,1,30,41,25,5,2025,2,4,46,9,30,1
0,1,1,4,5,651,7,1,27,2,4,5,0,49,41,44,5,2025,2,1,46,17,30,0
1,3,5,8,5,442,2,1,4,2,2,10,2,12,41,13,8,2015,2,0,46,9,5,0
0,1,2,4,5,874,2,1,7,2,2,13,1,8,41,9,4,2021,2,3,46,9,10,1
0,1,2,3,8,898,11,1,50,2,3,55,2,78,37,73,8,2024,2,0,43,25,46,1
0,0,1,4,5,411,2,0,53,1,1,1,1,59,41,52,4,2018,1,3,46,13,54,1
1,1,5,8,5,310,5,1,27,1,5,46,1,14,41,54,5,2022,1,0,46,28,30,0
0,0,3,3,4,355,2,0,47,1,2,106,1,62,33,76,4,2025,1,3,69,37,49,0
1,1,4,8,5,490,7,1,17,2,4,24,1,22,41,22,5,2020,2,0,46,22,19,0
1,1,2,6,5,215,5,1,15,1,3,42,0,77,0,75,5,2024,1,5,6,9,18,0
0,1,2,7,5,679,10,1,45,2,3,30,1,32,41,26,5,2025,0,4,46,9,42,1
1,1,2,8,5,240,1,0,40,1,1,6,0,73,41,70,5,2025,1,2,46,31,39,1
0,1,1,7,4,339,6,0,3,1,2,13,0,45,52,40,4,2024,1,3,59,13,4,1
0,1,2,7,5,768,12,1,19,2,6,66,0,19,41,34,7,2015,2,4,46,31,20,0
2,3,4,8,8,332,12,1,37,2,0,67,1,22,53,22,8,2016,2,3,58,14,35,1
2,1,1,2,2,823,7,1,23,3,0,34,0,13,2,14,2,2016,0,3,1,1,26,0
0,1,3,6,8,279,7,0,54,1,0,61,1,74,13,69,5,2016,1,3,12,35,34,0
0,0,2,4,5,470,1,1,27,1,2,7,2,81,41,81,5,2023,1,1,46,31,30,1
3,1,2,2,5,1979,1,1,45,3,5,59,1,65,41,61,5,2024,0,0,46,2,42,1
0,1,3,4,8,907,8,1,35,2,2,87,0,69,58,33,4,2020,2,1,24,29,8,0
0,1,1,5,4,729,10,1,54,2,0,34,0,55,6,50,5,2025,2,5,5,2,34,0
1,1,2,6,5,225,8,1,15,2,2,104,1,9,23,12,5,2023,2,3,26,28,18,0
2,1,2,5,5,219,10,1,13,2,1,50,0,27,41,24,5,2024,2,2,46,28,16,1
0,0,1,8,4,1131,4,1,0,2,5,38,0,35,5,30,8,2023,2,3,4,5,24,0
0,3,1,4,5,721,3,1,53,2,2,51,1,8,41,9,4,2023,2,3,46,2,54,0
3,3,1,3,5,869,10,1,27,2,0,81,0,64,41,11,5,2019,0,3,46,18,30,1
1,1,4,6,5,233,5,1,27,1,4,26,1,3,41,4,5,2020,1,4,46,30,30,1
3,1,3,1,5,1431,3,0,27,2,1,43,2,36,41,79,5,2019,2,1,46,30,30,0
1,1,3,8,5,267,4,1,17,1,3,42,0,43,41,37,5,2025,1,2,46,2,19,0
0,1,5,4,5,461,9,1,40,1,3,45,1,18,41,60,5,2019,1,1,46,22,39,0
3,1,1,1,5,1559,1,1,17,2,6,30,0,47,41,45,5,2024,2,3,46,2,19,1
1,1,1,6,5,148,10,0,36,1,2,19,1,15,41,10,6,2015,1,3,46,9,36,0
1,3,1,8,5,407,7,1,37,2,5,87,0,73,41,70,8,2025,2,4,46,25,35,1
3,1,4,1,5,881,4,1,13,1,4,26,0,63,41,18,5,2016,1,1,46,6,16,1
1,0,1,8,5,221,3,0,54,1,3,30,0,48,41,43,5,2022,1,3,46,9,34,0
1,1,2,8,5,550,2,1,50,2,4,105,0,73,24,70,8,2019,2,3,27,22,46,0
1,1,5,8,5,523,10,1,43,2,5,25,2,12,68,13,8,2015,0,1,71,31,45,0
1,1,3,8,5,308,6,1,27,1,5,21,1,12,41,13,5,2021,1,1,46,31,30,0
1,1,5,5,6,215,4,1,45,1,5,128,3,25,15,20,5,2025,1,2,16,8,42,1
0,3,4,0,1,672,1,0,18,2,0,84,0,50,18,42,5,2019,2,5,63,32,1,1
2,0,3,5,5,553,1,0,40,2,4,15,1,26,41,23,5,2023,0,1,46,30,39,0
0,0,2,2,6,801,8,1,54,2,6,37,0,1,80,2,5,2024,2,2,28,35,34,1
0,1,1,4,5,747,9,1,29,2,6,23,0,81,41,81,4,2023,2,3,46,12,47,1
0,1,3,0,4,295,12,1,14,1,1,10,1,60,64,56,0,2018,1,3,29,33,17,1
0,1,3,0,5,327,9,1,13,1,4,3,0,44,20,38,5,2024,1,5,25,9,16,1
2,1,3,5,5,81,10,1,40,1,3,104,1,26,41,23,5,2022,1,3,46,28,39,0
0,1,1,4,7,527,4,1,35,2,6,3,1,30,8,25,4,2019,2,5,11,37,8,1
0,1,2,4,5,837,6,1,3,2,4,73,1,29,0,64,4,2022,2,1,6,9,4,1
1,0,2,8,5,525,4,1,4,2,1,5,0,51,41,17,8,2018,2,2,46,30,5,0
0,1,1,0,5,375,5,1,40,1,6,53,0,0,41,1,5,2022,1,1,46,9,39,0
0,1,1,7,5,426,9,1,46,1,1,18,0,11,41,8,7,2025,1,3,46,9,48,1
0,1,3,4,5,808,1,0,18,2,6,60,1,52,41,46,5,2018,2,3,46,22,1,0
3,1,3,5,3,1160,10,1,10,2,3,19,0,71,11,68,3,2022,2,1,64,2,3,0
1,1,2,8,5,470,7,1,15,2,4,62,1,73,41,70,5,2017,2,2,46,29,18,0
1,0,1,8,5,503,1,1,27,2,3,4,0,48,41,43,5,2024,2,3,46,28,30,1
0,0,3,2,6,491,8,0,30,1,3,20,1,65,12,61,6,2019,1,3,9,19,33,1
1,0,2,8,5,547,1,1,20,2,1,12,0,73,41,70,5,2025,0,1,46,2,21,0
3,1,1,1,5,656,3,1,13,1,2,114,0,36,41,79,5,2018,1,0,46,2,16,1
0,1,6,4,5,1288,1,1,13,3,0,32,2,52,41,46,5,2025,0,1,46,9,16,1
1,3,1,8,5,473,5,1,20,2,3,24,1,48,41,43,5,2019,2,1,46,31,21,0
1,1,3,6,5,385,3,1,27,2,1,56,0,77,41,75,5,2019,2,2,46,28,30,0
0,1,1,4,8,1041,11,1,20,2,6,20,0,30,30,25,5,2024,2,1,35,12,21,1
2,1,1,5,5,124,9,1,17,1,0,23,0,71,47,68,5,2015,1,3,7,31,19,0
0,1,1,4,5,433,6,0,54,1,3,37,0,8,68,9,5,2023,1,4,71,2,34,0
0,1,1,0,5,866,10,1,13,2,3,91,0,42,41,36,5,2023,2,3,46,31,16,0
1,0,1,8,5,259,10,1,55,1,6,60,0,51,20,17,5,2019,1,3,25,29,55,1
0,1,1,7,5,373,6,1,18,1,1,53,0,45,41,40,5,2017,1,4,46,30,1,0
1,0,3,5,6,273,6,1,20,2,4,12,1,7,69,47,5,2019,2,0,74,16,21,0
0,1,2,0,8,433,10,1,50,1,0,28,0,2,13,3,8,2025,1,2,12,27,46,1
3,1,3,3,5,578,1,1,27,1,4,97,0,62,41,76,5,2018,1,1,46,30,30,1
0,3,5,2,8,938,3,1,49,2,4,43,0,1,13,2,8,2016,2,1,12,29,53,0
1,1,3,8,5,992,3,1,8,3,1,41,0,66,41,62,8,2021,0,2,46,22,9,1
0,1,5,4,5,462,8,1,27,1,6,28,1,81,41,81,5,2020,1,4,46,9,30,1
0,1,3,7,5,437,5,1,20,1,5,24,0,45,47,40,5,2017,1,3,7,9,21,0
0,1,1,4,2,931,1,1,15,2,6,72,0,79,51,78,5,2023,2,0,56,1,18,1
1,1,4,8,5,507,5,0,45,2,6,112,0,22,41,22,5,2015,2,3,46,28,42,0
0,1,1,4,5,324,1,1,55,1,3,16,0,69,41,33,5,2017,1,0,46,17,55,1
2,1,2,5,5,236,9,1,18,2,3,22,1,6,41,0,5,2019,2,2,46,30,1,0
0,3,2,4,5,433,4,1,27,1,0,91,0,69,0,33,5,2024,1,3,6,12,30,1
0,1,2,4,5,1138,9,0,20,3,5,7,1,39,47,32,5,2023,0,2,7,13,21,0
1,0,2,4,6,210,11,1,15,1,2,21,0,49,4,44,5,2025,1,1,3,8,18,1
1,1,2,8,5,491,7,1,27,2,2,72,1,22,41,22,5,2023,2,2,46,9,30,1
0,1,2,4,5,922,7,1,54,2,6,57,0,4,41,5,5,2024,2,3,46,9,34,1
1,1,2,6,5,343,6,1,40,2,2,27,0,28,41,80,5,2019,2,5,46,35,39,1
0,1,1,8,4,993,12,1,47,2,5,77,0,17,46,39,4,2025,2,2,52,25,49,0
0,1,3,4,8,1077,10,1,0,2,0,9,0,52,58,46,8,2025,2,0,24,34,24,0
3,1,1,3,5,1021,7,0,17,2,6,11,0,33,41,28,5,2017,2,5,46,31,19,0
0,1,3,8,7,1132,4,1,0,3,5,72,0,20,34,19,8,2025,0,4,19,29,24,1
0,1,4,7,5,813,3,0,54,2,3,40,0,70,41,27,5,2024,2,2,46,36,34,0
0,1,5,7,4,789,10,1,52,2,6,35,1,32,60,26,7,2024,2,3,18,33,51,1
3,1,1,3,5,943,3,1,54,2,5,104,0,62,23,76,5,2019,2,3,26,30,34,0
1,1,2,8,5,487,2,0,45,2,2,17,0,73,41,70,5,2020,2,5,46,31,42,1
1,1,4,8,5,316,4,1,40,1,5,29,1,24,23,58,5,2024,1,0,26,30,39,0
3,1,1,2,5,1812,7,1,51,3,3,16,0,56,41,51,2,2022,0,3,46,30,52,1
1,3,3,8,5,421,3,1,0,2,1,54,0,12,41,13,8,2021,2,3,46,31,24,1
0,3,4,4,5,382,5,1,53,1,1,31,2,52,41,46,4,2021,1,4,46,2,54,1
0,1,1,4,5,870,12,1,27,2,2,6,0,4,41,5,5,2021,2,3,46,17,30,1
0,1,5,8,2,589,6,1,51,2,0,2,1,48,14,43,2,2025,2,1,13,26,52,0
0,1,2,4,5,1694,12,0,27,3,6,56,0,59,41,52,5,2022,0,5,46,2,30,0
2,0,5,5,5,86,12,1,17,1,1,27,3,25,63,20,5,2018,1,0,68,2,19,0
1,1,1,6,5,353,3,1,45,2,0,38,0,74,41,69,5,2025,2,1,46,2,42,1
1,3,2,8,5,396,6,1,27,2,6,7,0,73,41,70,5,2023,2,2,46,22,30,0
0,1,1,4,5,766,6,1,18,2,6,28,1,53,50,48,5,2015,2,4,55,5,1,1
2,0,4,5,5,178,1,1,54,2,1,38,1,71,41,68,5,2019,2,5,46,31,34,0
1,2,5,6,5,190,11,1,20,1,4,16,1,3,41,4,5,2017,1,4,46,9,21,0
0,1,1,4,5,338,7,0,18,1,0,21,0,59,41,52,5,2023,1,2,46,30,1,0
0,1,3,8,4,434,1,1,3,1,3,45,1,48,46,43,4,2024,1,0,52,12,4,1
0,1,2,4,5,754,10,1,47,2,5,9,0,69,41,33,4,2021,2,0,46,31,49,1
0,0,2,5,7,725,6,0,31,2,4,62,0,71,71,68,7,2017,2,3,72,15,32,0
0,1,1,4,5,317,11,1,45,1,0,22,0,29,41,64,5,2024,1,3,46,31,42,0
1,1,3,8,5,429,2,1,13,2,6,113,0,17,68,39,5,2018,2,0,71,22,16,0
1,1,2,8,5,512,9,1,27,2,1,11,1,35,41,30,5,2018,2,4,46,22,30,1
1,1,1,6,5,103,7,1,15,1,4,76,1,28,41,80,5,2016,1,1,46,8,18,0
0,1,6,0,5,314,6,1,54,1,5,17,3,60,41,56,5,2022,1,1,46,2,34,1
1,1,1,8,5,313,6,1,54,1,2,98,0,35,41,30,5,2016,1,3,46,31,34,0
1,1,2,6,5,329,6,1,27,2,1,77,0,74,41,69,5,2025,2,3,46,22,30,1
0,1,1,4,5,429,3,0,55,1,3,24,0,30,47,25,5,2023,1,3,7,28,55,0
0,1,1,4,5,773,3,1,35,2,3,60,1,59,41,52,4,2022,2,2,46,33,8,1
1,1,1,8,5,459,10,0,27,2,2,74,0,12,41,13,5,2016,2,1,46,9,30,0
0,2,2,4,5,377,8,0,27,1,6,40,0,29,41,64,5,2019,1,5,46,31,30,1
1,1,1,8,5,393,1,1,43,2,0,31,1,24,24,58,8,2016,0,3,27,3,45,0
1,1,6,6,5,332,1,1,55,2,4,15,3,28,35,80,5,2025,2,1,40,28,55,1
1,1,2,8,5,202,6,1,37,1,1,7,0,73,41,70,8,2022,1,1,46,22,35,1
0,0,2,4,5,847,9,1,45,2,0,24,2,79,47,78,5,2018,2,1,7,30,42,1
0,3,4,3,3,558,2,1,10,2,0,34,1,62,11,76,3,2021,2,2,64,7,3,1
0,1,5,4,3,294,9,1,47,1,5,54,2,39,66,32,4,2017,1,3,37,18,49,1
1,3,4,5,8,447,8,1,20,2,3,28,1,54,53,55,5,2015,2,1,58,30,21,0
0,1,4,8,3,733,10,1,10,2,5,49,0,35,11,30,3,2021,2,2,64,7,3,1
0,1,1,7,7,727,4,1,52,2,3,18,0,72,26,71,7,2024,2,4,32,36,51,1
2,0,1,5,5,192,6,1,13,2,6,88,1,27,41,24,5,2016,2,1,46,9,16,0
0,0,1,8,1,440,11,1,27,1,4,94,1,58,45,53,5,2017,1,0,47,34,30,1
1,1,2,8,5,523,7,0,13,2,6,11,1,66,23,62,5,2025,2,1,26,9,16,1
1,3,4,8,5,265,6,1,27,1,2,39,1,35,41,30,5,2025,1,1,46,30,30,0
3,0,4,2,5,796,4,1,27,1,1,84,1,65,41,61,5,2025,1,3,46,31,30,0
0,1,6,3,2,842,11,0,23,2,5,144,1,64,72,11,2,2017,2,0,75,26,26,1
1,1,1,8,5,414,9,1,45,2,5,28,0,20,41,19,5,2018,2,1,46,28,42,0
0,3,4,4,5,717,4,1,3,2,1,53,1,53,41,48,4,2017,2,4,46,30,4,0
0,1,2,4,5,781,3,1,28,2,4,42,0,39,0,32,4,2021,2,4,6,13,31,0
3,0,2,2,5,1419,12,1,45,2,5,13,0,1,55,2,5,2022,2,2,54,28,42,1
1,1,1,8,5,504,4,1,50,2,1,7,1,66,41,62,8,2021,2,3,46,14,46,1
1,1,1,8,5,232,12,1,4,1,1,73,1,24,41,58,8,2018,1,3,46,14,5,1
0,1,4,6,1,881,9,1,1,2,6,53,1,28,59,80,1,2020,2,4,41,4,7,0
0,1,3,4,5,446,12,0,29,1,4,61,2,69,41,33,4,2024,1,5,46,5,47,1
1,1,4,6,5,186,1,1,27,1,6,26,2,61,41,57,5,2025,1,0,46,22,30,0
0,1,2,7,5,764,9,0,27,2,3,43,1,70,41,27,5,2016,2,3,46,28,30,1
0,1,4,7,5,419,8,1,18,1,2,12,1,45,41,40,5,2019,1,1,46,11,1,0
1,1,1,6,5,212,12,1,27,1,6,57,1,28,41,80,5,2024,1,3,46,9,30,1
1,1,2,8,5,596,1,1,27,2,3,53,1,48,41,43,5,2025,2,2,46,9,30,1
1,1,3,5,6,386,8,1,32,2,1,32,0,55,29,50,6,2015,2,5,34,35,15,1
1,1,1,6,5,101,4,1,27,1,2,16,0,61,41,57,5,2017,1,1,46,31,30,0
1,3,1,8,5,377,4,0,0,2,0,25,1,51,41,17,8,2022,2,1,46,28,24,1
0,0,4,4,7,406,12,1,46,1,0,66,1,39,49,32,7,2022,1,2,57,5,48,0
0,3,1,7,5,829,7,1,55,2,1,30,1,11,55,8,5,2024,2,1,54,2,55,1
3,1,4,3,5,452,10,0,20,1,0,86,1,67,35,67,5,2025,1,3,40,2,21,1
3,3,2,3,5,572,2,1,27,1,5,26,0,37,63,66,5,2018,1,2,68,31,30,0
0,0,3,0,5,848,12,1,18,2,0,61,0,21,41,16,5,2022,2,2,46,2,1,1
3,1,1,2,5,1370,4,1,55,3,1,48,0,65,23,61,5,2024,0,1,26,31,55,0
0,1,2,2,6,756,6,1,54,2,5,55,0,13,69,14,5,2025,2,3,74,1,34,1
2,1,3,5,5,165,12,1,40,2,5,69,0,71,20,68,5,2025,2,0,25,2,39,1
1,1,2,8,5,237,8,1,13,1,2,10,0,22,24,22,5,2025,1,2,27,28,16,0
1,1,2,6,5,249,12,0,27,1,6,28,1,61,41,57,5,2023,1,1,46,35,30,1
2,1,5,4,4,146,2,1,22,1,3,14,2,52,52,46,4,2019,1,0,59,37,23,0
0,1,5,7,5,750,5,1,17,2,4,18,2,70,47,27,5,2024,2,3,7,9,19,1
2,1,5,5,5,210,10,0,13,2,1,1,0,27,41,24,5,2020,2,2,46,9,16,1
2,1,4,5,5,182,7,1,27,2,1,10,0,68,41,63,5,2024,2,1,46,28,30,0
1,1,4,8,5,563,6,1,27,2,6,114,1,35,41,30,5,2021,0,5,46,22,30,1
1,1,5,6,5,320,7,1,36,2,1,38,1,61,41,57,6,2023,2,1,46,19,36,0
1,1,3,6,5,1000,10,1,27,3,3,22,0,34,41,29,5,2016,0,3,46,2,30,0
0,1,2,6,7,722,10,1,18,2,3,34,2,28,26,80,5,2024,2,1,32,8,1,1
3,1,3,2,5,855,12,1,45,1,6,78,2,65,20,61,5,2016,1,1,25,2,42,0
1,0,3,8,5,562,12,1,0,2,4,3,0,48,41,43,8,2022,2,1,46,29,24,0
0,3,2,4,5,973,1,1,16,3,6,56,1,18,41,60,4,2015,0,5,46,12,41,1
1,1,1,8,5,272,5,1,17,1,5,87,0,48,41,43,5,2024,1,1,46,2,19,1
0,1,3,4,5,681,3,0,27,2,4,35,0,29,41,64,5,2017,2,1,46,28,30,0
1,2,2,8,5,859,12,0,37,3,0,4,1,58,41,53,8,2017,0,3,46,2,35,0
0,1,2,4,5,781,2,1,7,2,4,28,0,29,41,64,4,2023,2,1,46,22,10,0
1,2,1,8,5,312,3,1,15,1,2,97,0,58,41,53,5,2018,1,3,46,28,18,1
1,1,1,8,5,587,12,1,4,2,5,57,1,35,41,30,8,2021,2,2,46,22,5,1
1,0,1,8,5,255,6,1,13,1,0,30,0,48,41,43,5,2017,1,3,46,34,16,0
1,0,2,8,5,227,12,1,17,1,0,38,1,20,41,19,5,2019,1,3,46,34,19,0
3,1,1,2,5,888,12,1,27,1,3,75,1,56,41,51,5,2024,1,2,46,1,30,1
0,1,6,6,8,497,6,1,40,1,1,54,1,74,39,69,5,2023,1,5,17,14,39,0
1,0,4,6,5,410,8,0,27,2,5,33,0,9,41,12,5,2024,2,1,46,23,30,1
0,1,2,4,5,788,12,1,55,2,2,4,1,53,41,48,5,2022,2,3,46,31,55,1
0,1,6,4,5,904,4,0,22,2,5,53,3,69,41,33,4,2022,2,1,46,31,23,0
3,0,4,3,5,937,1,1,54,2,5,6,1,78,20,73,5,2019,2,2,25,2,34,0
0,0,6,4,3,425,6,1,20,1,3,1,3,4,66,5,5,2019,1,1,37,33,21,0
0,1,3,6,8,274,6,1,37,1,3,36,2,9,62,12,8,2016,1,1,66,25,35,1
3,0,6,2,5,1502,7,1,27,2,1,27,1,65,41,61,5,2021,2,1,46,31,30,0
1,1,2,8,5,470,3,1,27,2,4,20,0,20,41,19,5,2016,2,5,46,3,30,1
0,1,5,4,0,924,7,1,3,2,6,4,2,39,3,32,4,2019,0,3,2,5,4,1
0,1,4,4,5,331,2,0,25,1,0,41,0,49,41,44,4,2025,1,0,46,5,27,1
0,1,2,7,5,822,4,1,54,2,0,115,1,45,35,40,5,2019,2,3,40,15,34,0
0,1,4,7,4,723,8,1,46,2,6,37,0,11,44,8,7,2022,0,5,49,15,48,0
1,1,2,8,5,227,7,1,18,1,4,44,2,43,35,37,5,2017,1,0,40,28,1,0
3,2,1,1,5,1609,3,1,15,2,0,65,1,31,41,65,5,2022,2,3,46,22,18,1
2,1,4,5,5,126,9,1,40,2,5,82,1,26,41,23,5,2025,2,5,46,28,39,0
0,1,2,4,5,869,11,1,18,2,1,30,0,79,41,78,5,2022,2,0,46,22,1,1
0,0,3,7,5,846,11,1,13,2,2,75,1,32,24,26,5,2020,2,1,27,31,16,1
0,3,2,7,4,768,2,1,38,2,1,14,0,57,44,49,7,2022,2,1,49,37,37,1
2,1,2,5,5,235,7,0,40,2,0,15,1,71,41,68,5,2021,2,3,46,31,39,0
1,2,3,8,5,747,7,0,43,2,5,24,1,51,41,17,8,2022,0,4,46,3,45,0
2,1,2,5,5,96,11,1,45,1,3,14,0,40,41,35,5,2024,1,5,46,2,42,1
2,0,2,4,4,306,9,0,25,2,3,70,0,18,6,60,4,2024,2,1,5,13,27,1
1,1,6,8,5,196,10,1,54,1,3,73,0,73,63,70,5,2016,1,4,68,30,34,0
0,1,2,4,8,1165,2,1,43,2,4,64,0,5,37,6,8,2019,2,0,43,3,45,0
2,1,4,5,5,171,7,0,17,2,3,90,1,55,41,50,5,2023,2,1,46,28,19,0
1,2,3,8,5,248,7,0,37,1,6,37,1,58,41,53,8,2025,1,3,46,30,35,1
1,1,2,8,5,474,4,0,37,2,0,8,2,73,41,70,8,2020,0,5,46,30,35,0
0,1,2,5,4,371,11,1,17,1,3,60,1,46,64,41,5,2024,1,3,29,5,19,0
3,1,2,2,5,702,9,0,23,1,2,12,1,75,41,72,2,2025,1,4,46,22,26,1
0,0,2,4,5,671,8,1,22,2,5,59,0,52,47,46,4,2025,2,4,7,13,23,1
3,1,5,2,5,1652,7,1,17,2,3,74,1,75,41,72,5,2021,2,3,46,2,19,0
1,1,6,8,5,289,6,1,54,1,3,32,2,14,41,54,5,2015,1,5,46,30,34,1
1,1,2,8,5,240,9,0,15,1,1,48,0,66,41,62,5,2018,1,5,46,30,18,0
0,0,1,4,5,693,3,1,55,2,1,173,0,8,63,9,5,2025,2,3,68,33,55,0
1,0,3,8,5,488,11,1,8,2,2,61,1,38,20,31,8,2024,2,0,25,14,9,0
0,1,3,4,5,769,10,1,55,2,1,20,0,18,24,60,5,2015,2,4,27,30,55,0
1,1,3,6,5,254,2,1,27,2,3,33,1,3,41,4,5,2024,2,4,46,28,30,1
0,0,3,7,5,778,11,1,15,2,5,96,2,45,23,40,5,2022,2,3,26,28,18,1
1,0,1,5,8,245,4,1,40,1,1,43,1,26,62,23,5,2019,1,1,66,9,39,1
0,3,2,3,8,794,10,1,43,2,5,87,2,37,13,66,8,2022,2,1,12,29,45,1
1,0,1,6,5,444,12,0,30,2,2,14,0,9,50,12,6,2023,2,2,55,28,33,0
1,0,1,8,5,590,9,1,50,2,4,5,1,12,41,13,8,2022,2,2,46,30,46,0
0,2,1,4,5,684,4,1,15,2,0,41,0,5,41,6,5,2022,2,1,46,30,18,1
1,1,3,5,8,296,2,1,37,1,1,34,2,25,53,20,8,2022,1,1,58,30,35,0
1,1,1,5,8,478,5,1,54,2,0,18,0,46,22,41,5,2018,2,3,22,25,34,0
0,0,1,4,8,981,11,1,43,2,6,7,1,81,54,81,8,2016,2,4,14,25,45,0
3,1,1,3,5,952,7,1,45,2,1,25,0,33,41,28,5,2020,2,1,46,22,42,0
0,1,1,4,5,462,8,1,27,1,1,51,0,79,41,78,5,2017,1,3,46,22,30,1
0,2,1,7,5,392,7,1,27,1,3,26,0,72,41,71,5,2025,1,5,46,30,30,0
1,1,1,6,5,331,1,1,55,2,0,14,0,3,63,4,5,2024,2,3,68,2,55,1
1,1,6,6,5,218,3,0,27,1,6,63,0,28,41,80,5,2022,1,2,46,35,30,0
0,1,1,6,0,694,6,1,14,2,6,106,0,77,56,75,0,2016,2,0,60,10,17,1
1,1,4,8,5,482,2,1,20,2,3,21,1,51,41,17,5,2017,2,0,46,30,21,1
1,1,1,8,5,282,10,1,27,1,3,31,1,38,41,31,5,2021,1,1,46,34,30,0
3,1,4,5,1,1614,5,1,55,2,6,15,2,46,65,41,5,2022,2,2,31,9,55,0
0,0,2,7,5,329,11,0,20,1,4,1,0,32,41,26,5,2024,1,3,46,28,21,0
1,1,2,6,5,148,6,0,54,1,1,40,1,15,41,10,5,2015,1,2,46,31,34,0
0,1,1,0,5,348,3,1,27,1,5,7,0,0,41,1,5,2019,1,5,46,32,30,0
1,1,3,8,5,280,8,0,4,1,4,42,0,51,41,17,8,2025,1,2,46,22,5,1
1,2,5,5,8,416,7,1,37,2,3,65,0,55,43,50,8,2023,2,3,48,29,35,1
3,1,1,2,5,1700,12,0,17,2,3,52,0,65,41,61,5,2025,2,3,46,22,19,1
1,1,5,5,6,222,6,1,41,1,1,52,0,6,12,0,6,2017,1,1,9,23,40,1
0,1,2,4,5,882,10,0,40,2,3,29,0,53,41,48,5,2023,2,1,46,33,39,0
1,1,1,8,5,520,10,1,0,2,3,92,0,20,41,19,8,2018,2,1,46,2,24,0
1,1,4,6,5,753,3,1,32,3,1,21,0,77,41,75,6,2017,0,4,46,30,15,1
0,1,2,0,5,826,3,1,15,2,3,47,0,23,41,21,5,2022,2,3,46,31,18,1
1,1,1,6,5,423,12,1,27,2,5,32,1,10,41,7,5,2019,2,3,46,2,30,0
0,0,1,7,5,796,4,1,54,2,1,28,1,45,24,40,5,2023,2,5,27,28,34,0
0,0,4,6,6,684,3,1,41,2,4,32,2,16,4,15,6,2022,2,0,3,35,40,1
0,1,6,6,3,676,8,0,9,2,6,47,2,76,73,74,3,2022,2,4,78,16,14,0
1,1,3,6,5,301,5,1,20,2,5,49,0,15,35,10,5,2025,2,1,40,30,21,1
3,1,3,3,5,456,2,1,10,1,2,26,1,64,41,11,3,2017,1,4,46,2,3,0
3,1,3,3,5,992,9,0,27,2,2,17,1,78,41,73,5,2019,2,3,46,9,30,1
1,1,2,8,5,555,4,1,4,2,0,50,0,38,0,31,8,2019,2,3,6,2,5,0
1,1,6,8,5,271,9,1,45,1,6,17,1,12,20,13,5,2015,1,0,25,3,42,1
0,0,2,8,2,797,6,1,23,2,0,82,1,51,72,17,2,2025,2,3,75,25,26,1
1,1,2,8,5,582,6,1,27,2,1,26,1,17,41,39,5,2021,2,3,46,14,30,1
1,0,2,8,5,464,5,1,15,2,4,30,0,22,55,22,5,2022,2,5,54,2,18,0
1,2,1,6,5,393,10,1,54,2,1,21,1,16,47,15,5,2018,2,1,7,2,34,0
1,0,4,8,5,509,5,1,27,2,2,93,2,48,41,43,5,2023,2,2,46,22,30,0
1,1,1,8,5,610,3,0,54,2,0,13,0,73,41,70,5,2019,0,1,46,29,34,1
1,1,2,5,6,211,7,1,17,1,5,13,0,55,10,50,5,2019,1,1,15,19,19,0
0,1,1,0,5,874,2,0,17,2,4,84,0,2,41,3,5,2023,2,1,46,9,19,0
1,1,2,6,4,753,6,1,6,2,4,111,1,77,5,75,4,2024,2,3,4,37,22,0
1,3,1,8,5,396,11,1,55,2,3,100,0,24,41,58,5,2018,2,3,46,31,55,1
1,1,2,8,5,766,10,1,37,3,5,19,2,48,41,43,8,2019,0,4,46,34,35,1
0,1,1,4,5,606,7,1,6,2,4,77,1,59,41,52,4,2016,0,3,46,17,22,0
0,1,2,7,4,984,6,1,17,2,6,24,1,11,78,8,5,2015,2,3,79,17,19,1
1,1,4,6,5,548,11,0,17,2,6,2,0,61,41,57,5,2024,0,3,46,28,19,1
1,0,1,8,5,934,10,0,27,3,4,52,0,48,41,43,5,2023,0,0,46,22,30,1
0,1,1,0,3,721,1,0,9,2,2,53,0,44,73,38,3,2015,2,2,78,32,14,1
1,1,1,6,5,118,10,1,40,1,1,19,0,74,41,69,5,2025,1,3,46,30,39,0
3,1,2,3,5,444,10,1,20,1,3,114,0,64,41,11,5,2025,1,3,46,9,21,0
3,1,1,2,5,1545,11,1,51,2,0,30,0,75,41,72,2,2020,2,2,46,28,52,1
1,0,3,6,5,213,4,1,32,2,1,67,1,34,41,29,6,2024,2,3,46,2,15,1
2,3,1,5,5,541,7,0,27,2,3,12,1,7,41,47,5,2019,0,5,46,31,30,0
3,1,1,2,5,754,2,0,15,1,2,70,0,1,0,2,5,2022,1,2,6,30,18,1
1,1,2,8,5,551,5,0,17,2,1,55,1,73,55,70,5,2023,2,4,54,30,19,1
2,1,4,5,5,1250,7,0,20,3,1,38,1,71,41,68,5,2019,0,1,46,31,21,0
1,0,3,6,5,429,1,1,15,2,4,58,1,77,0,75,5,2023,2,3,6,9,18,1
1,1,2,8,5,258,3,1,4,1,0,28,0,35,63,30,8,2024,1,2,68,25,5,1
1,3,2,8,5,293,4,1,37,1,4,18,0,43,41,37,8,2022,1,3,46,30,35,0
0,1,2,6,8,696,7,1,30,2,5,13,0,9,62,12,6,2025,2,2,66,14,33,1
0,1,2,0,6,734,12,1,30,2,5,7,0,0,80,1,6,2015,2,3,28,35,33,1
1,1,3,8,5,460,6,0,27,2,6,18,0,43,41,37,5,2022,2,2,46,2,30,1
3,1,6,3,5,430,9,1,13,1,3,34,1,37,55,66,5,2023,1,3,54,7,16,0
0,1,3,4,5,458,2,0,7,1,0,85,0,49,41,44,4,2023,1,3,46,30,10,1
1,0,2,8,5,521,5,0,40,2,0,26,1,58,41,53,5,2022,2,1,46,3,39,0
1,1,4,6,5,367,6,1,30,2,5,129,2,76,41,74,6,2017,2,0,46,23,33,0
0,1,2,7,8,313,7,0,49,1,3,46,1,70,17,27,8,2017,1,0,51,24,53,0
1,0,3,8,5,524,1,1,27,2,3,105,0,35,41,30,5,2016,2,3,46,9,30,1
2,3,2,5,5,176,11,1,15,2,2,65,1,6,41,0,5,2017,2,3,46,9,18,1
0,1,3,3,3,685,10,1,9,2,2,48,1,78,76,73,3,2023,2,4,62,18,14,0
0,1,3,7,4,880,6,0,29,2,3,31,0,70,78,27,4,2025,2,2,79,17,47,0
0,1,1,4,5,873,7,1,54,2,0,20,0,39,47,32,5,2025,2,4,7,33,34,1
1,1,3,8,5,555,1,0,4,2,1,16,2,12,35,13,8,2024,2,2,40,34,5,1
0,1,2,7,5,747,5,1,13,2,4,27,0,11,41,8,5,2019,2,3,46,9,16,1
2,1,4,5,5,85,2,1,27,1,3,101,1,25,41,20,5,2019,1,1,46,2,30,0
1,3,2,8,5,462,8,1,50,2,6,59,0,48,41,43,8,2018,2,4,46,3,46,0
3,1,2,2,5,1092,2,0,18,2,4,31,0,1,41,2,5,2025,0,3,46,28,1,1
0,1,4,1,1,314,5,1,1,1,3,41,1,41,65,59,1,2015,1,1,31,4,7,1
0,1,6,7,5,639,9,1,13,2,0,42,2,11,41,8,5,2025,2,1,46,30,16,1
1,1,3,6,5,331,4,0,18,2,5,46,0,61,41,57,5,2019,2,1,46,9,1,0
0,0,2,7,5,373,2,1,27,1,6,79,0,19,41,34,5,2025,1,5,46,9,30,1
2,0,3,5,5,71,5,0,20,1,2,38,0,40,41,35,5,2025,1,0,46,28,21,1
3,1,2,3,5,1074,4,1,18,2,3,46,0,37,41,66,5,2024,0,1,46,31,1,0
0,1,1,2,4,814,12,0,16,2,6,53,0,65,44,61,4,2022,2,1,49,17,41,1
0,3,3,0,5,458,6,0,18,1,0,59,0,23,41,21,5,2016,1,3,46,27,1,1
0,1,2,4,5,953,12,1,55,2,0,55,2,49,63,44,5,2018,0,3,68,31,55,0
1,1,2,8,5,539,11,1,27,2,2,9,1,17,41,39,5,2024,2,2,46,3,30,0
0,1,3,4,5,398,9,0,27,1,0,26,2,39,41,32,5,2023,1,0,46,5,30,0
1,1,5,6,5,324,2,1,17,2,3,14,0,77,41,75,5,2017,2,3,46,2,19,0
1,1,2,8,5,387,12,1,18,2,2,1,1,14,41,54,5,2025,2,1,46,31,1,1
0,1,1,2,6,792,7,1,39,2,3,57,1,56,80,51,2,2022,2,3,28,16,38,1
1,1,5,5,8,446,3,1,0,2,6,13,2,55,30,50,8,2024,2,4,35,25,24,1
1,0,1,8,5,185,10,1,43,1,5,25,1,24,41,58,8,2019,1,3,46,9,45,0
2,1,5,5,5,226,4,0,15,2,6,61,2,71,41,68,5,2022,2,1,46,31,18,0
1,0,2,4,6,326,10,1,45,1,6,41,1,39,75,32,5,2022,1,2,77,16,42,1
1,1,1,8,5,302,4,1,27,1,5,64,0,12,41,13,5,2022,1,4,46,28,30,1
0,1,2,4,5,785,11,0,55,2,5,9,1,29,41,64,5,2023,2,0,46,30,55,0
0,1,2,4,5,796,6,1,25,2,3,20,0,52,41,46,4,2019,2,0,46,9,27,1
0,1,1,0,5,466,4,1,27,1,3,76,1,60,41,56,5,2024,1,4,46,2,30,0
1,0,4,8,5,563,5,0,4,2,6,40,3,35,41,30,8,2025,2,3,46,22,5,1
0,2,4,7,5,416,10,0,52,1,3,47,2,70,41,27,7,2022,1,0,46,9,51,1
1,1,4,8,5,529,10,1,27,2,2,35,3,20,41,19,5,2017,2,0,46,22,30,0
0,0,3,8,6,355,1,0,49,1,2,21,0,22,15,22,8,2015,1,1,16,3,53,0
0,0,3,4,5,850,4,1,54,2,4,42,1,79,41,78,5,2022,2,3,46,17,34,1
0,3,2,7,8,571,9,0,38,2,1,14,0,57,22,49,7,2025,0,0,22,14,37,1
2,1,6,5,5,552,10,1,45,2,2,14,3,55,41,50,5,2021,0,1,46,31,42,0
0,2,1,6,2,868,10,1,39,2,3,113,0,76,2,74,2,2018,2,1,1,19,38,0
0,0,5,1,1,317,12,0,1,1,6,9,3,31,59,65,1,2018,1,3,41,4,7,1
0,1,2,7,5,734,6,1,27,2,2,83,0,45,41,40,5,2024,2,3,46,31,30,0
0,1,1,4,5,303,5,1,27,1,0,87,0,69,41,33,5,2023,1,0,46,31,30,1
1,0,1,8,5,295,10,0,27,1,2,73,1,51,41,17,5,2016,1,2,46,31,30,1
3,1,3,1,5,1445,6,1,20,2,0,34,0,31,41,65,5,2019,2,5,46,22,21,0
0,1,4,4,5,740,8,1,17,2,4,16,1,53,41,48,5,2019,2,5,46,31,19,1
0,1,1,7,5,800,8,0,15,2,2,26,0,11,35,8,5,2023,2,3,40,31,18,0
0,1,1,3,3,886,3,1,33,2,2,41,1,67,11,67,3,2019,2,0,64,21,12,0
1,1,4,8,5,571,11,0,27,2,0,47,0,38,41,31,5,2017,2,1,46,14,30,1
0,3,4,4,5,433,8,0,35,1,0,1,2,79,41,78,4,2024,1,1,46,28,8,1
1,1,6,8,5,237,11,1,55,1,6,17,3,51,41,17,5,2021,1,1,46,9,55,0
1,1,2,8,5,252,2,1,17,1,1,7,1,38,41,31,5,2019,1,3,46,9,19,0
0,2,6,3,8,809,6,1,4,2,4,49,1,37,53,66,8,2025,2,3,58,7,5,0
3,1,1,3,5,1100,6,1,24,2,3,47,0,64,41,11,3,2022,2,1,46,22,29,1
0,1,3,8,2,792,6,1,39,2,2,43,1,48,61,43,2,2024,2,0,65,25,38,1
3,3,2,2,5,1827,4,1,27,2,4,30,1,56,41,51,5,2022,2,4,46,28,30,1
2,1,2,5,5,150,7,1,40,2,2,61,0,27,41,24,5,2019,2,1,46,31,39,0
0,1,3,4,5,883,6,0,54,2,2,11,0,5,23,6,5,2016,2,1,26,12,34,1
3,0,3,3,5,526,8,0,27,1,0,7,0,78,41,73,5,2019,1,1,46,28,30,0
1,1,1,6,5,277,6,1,21,2,6,24,0,61,41,57,6,2019,2,2,46,22,25,1
0,3,6,3,1,473,2,1,1,1,0,9,2,78,59,73,1,2017,1,3,41,0,7,0
1,0,2,8,5,214,6,1,18,1,0,2,0,24,68,58,5,2015,1,4,71,25,1,0
0,0,3,7,5,1018,12,1,27,3,6,40,1,72,41,71,5,2022,0,4,46,22,30,1
0,1,3,4,5,395,7,0,22,1,5,58,0,53,41,48,4,2019,1,3,46,37,23,0
1,2,3,6,5,354,4,0,21,2,2,37,0,74,41,69,6,2025,2,1,46,8,25,1
2,1,4,5,5,105,12,1,27,1,6,51,0,7,41,47,5,2019,1,0,46,30,30,1
0,1,1,7,5,710,10,1,38,2,4,100,0,19,41,34,7,2025,2,3,46,31,37,1
1,3,6,8,5,216,7,1,49,1,0,95,3,12,41,13,8,2022,1,4,46,22,53,1
0,1,4,7,5,788,10,1,55,2,4,54,1,72,41,71,5,2024,2,3,46,11,55,1
2,0,3,5,5,193,4,1,45,2,4,22,1,71,41,68,5,2024,2,4,46,31,42,1
0,2,3,0,3,653,9,0,55,2,0,43,0,42,67,36,5,2017,2,0,67,27,55,1
1,0,2,8,5,224,9,0,15,1,2,53,1,73,41,70,5,2022,1,2,46,28,18,0
0,0,5,2,1,840,4,1,12,2,5,76,1,65,77,61,1,2018,2,1,80,6,13,1
1,0,3,6,5,142,2,1,32,1,6,80,0,74,41,69,6,2025,1,1,46,31,15,1
1,1,3,6,5,389,2,1,45,2,4,44,1,28,41,80,5,2023,2,5,46,2,42,0
0,0,2,3,6,400,12,1,32,1,2,57,0,64,29,11,6,2022,1,1,34,35,15,0
1,3,2,8,5,294,3,1,8,1,0,46,1,20,41,19,8,2024,1,1,46,28,9,1
0,2,1,4,5,750,11,1,7,2,1,10,0,49,41,44,4,2025,2,4,46,2,10,0
0,1,4,7,5,352,6,0,40,1,1,68,2,57,41,49,5,2025,1,1,46,11,39,0
0,1,5,4,5,767,12,1,27,2,3,87,2,4,41,5,5,2023,2,2,46,33,30,0
0,0,3,6,8,1174,6,0,37,3,5,91,1,15,39,10,8,2015,0,1,17,35,35,1
1,1,1,6,5,264,11,1,27,2,2,96,1,61,41,57,5,2022,2,1,46,2,30,1
1,1,5,8,5,511,6,1,54,2,4,22,3,73,41,70,5,2015,2,3,46,34,34,0
1,0,6,8,5,471,5,1,4,2,6,28,2,43,41,37,8,2016,2,1,46,31,5,1
1,1,2,6,5,103,1,1,15,1,2,58,0,76,41,74,5,2025,1,4,46,19,18,1
0,1,1,5,4,858,11,1,25,2,0,104,0,27,9,24,4,2025,0,3,8,22,27,1
0,1,2,4,8,1494,2,1,43,3,4,54,1,30,54,25,8,2021,0,3,14,29,45,0
0,1,2,8,4,549,5,1,6,1,0,11,1,17,52,39,4,2017,1,3,59,33,22,1
2,1,5,5,5,130,4,1,27,1,1,30,1,25,41,20,5,2019,1,5,46,22,30,0
1,0,2,8,5,904,9,1,45,3,2,27,1,73,41,70,5,2017,0,1,46,2,42,0
0,1,6,8,7,640,8,1,50,2,5,100,2,20,71,19,8,2025,2,3,72,11,46,0
1,1,2,8,5,287,11,1,43,1,1,6,2,35,41,30,8,2018,1,1,46,30,45,1
0,3,5,7,5,317,8,0,45,1,5,41,1,32,20,26,5,2019,1,2,25,28,42,1
2,1,3,5,5,84,4,1,13,1,2,32,1,6,41,0,5,2015,1,4,46,30,16,0
3,1,3,3,5,501,8,1,17,1,1,16,0,37,41,66,5,2025,1,5,46,31,19,0
2,0,1,5,5,234,11,1,27,2,0,53,1,27,41,24,5,2024,2,3,46,28,30,1
0,1,3,4,8,1063,8,1,6,2,1,38,1,59,37,52,4,2021,2,3,43,3,22,0
1,0,1,8,5,270,8,1,0,1,5,23,1,51,55,17,8,2019,1,3,54,3,24,0
2,1,4,5,5,142,10,1,40,2,1,3,2,55,23,50,5,2025,2,4,26,31,39,1
2,0,4,5,5,91,10,1,13,1,0,44,1,54,68,55,5,2018,1,1,71,22,16,0
3,2,2,3,5,1028,8,1,11,2,5,28,1,33,0,28,3,2020,2,1,6,18,11,1
0,1,3,4,5,816,4,1,27,2,4,88,0,79,41,78,5,2020,2,1,46,9,30,0
0,1,2,7,5,445,1,1,38,1,4,18,1,45,41,40,7,2024,1,4,46,28,37,1
3,2,3,3,5,585,8,1,11,1,2,25,1,33,41,28,3,2024,1,5,46,31,11,0
0,3,1,4,5,1418,10,1,18,3,5,27,0,79,41,78,5,2025,0,1,46,31,1,0
0,1,1,7,8,1177,11,1,5,3,2,30,0,45,70,40,7,2024,0,3,73,34,6,0
1,1,2,8,5,296,11,0,20,1,5,5,0,73,41,70,5,2018,1,1,46,30,21,0
3,0,1,2,5,731,4,1,20,1,3,43,1,65,35,61,5,2023,1,3,40,31,21,1
2,1,2,5,5,79,11,1,13,1,4,63,0,26,20,23,5,2018,1,1,25,30,16,1
0,0,1,7,4,672,5,1,40,2,0,66,0,70,60,27,5,2025,2,4,18,33,39,1
1,1,1,8,5,235,12,1,49,1,1,63,0,17,41,39,8,2019,1,5,46,22,53,1
0,1,2,4,5,904,7,0,28,2,0,37,0,81,50,81,4,2023,2,4,55,22,31,0
3,1,2,3,5,1039,1,1,34,2,6,82,1,78,20,73,3,2020,2,3,25,2,0,0
0,1,5,6,8,904,5,1,49,2,5,29,2,15,17,10,8,2017,2,2,51,14,53,0
0,1,2,4,5,1390,7,1,27,3,3,80,1,39,41,32,5,2018,0,1,46,30,30,0
1,1,1,8,5,559,11,1,40,2,4,72,0,24,23,58,5,2021,2,1,26,25,39,1
1,1,2,8,5,525,4,1,54,2,0,4,0,22,41,22,5,2015,2,2,46,2,34,1
3,1,2,1,5,789,5,0,18,1,4,7,1,31,0,65,5,2015,1,1,6,31,1,1
1,1,1,4,6,595,4,1,47,2,4,49,1,39,57,32,4,2024,2,5,61,19,49,0
1,1,1,8,5,213,6,1,50,1,4,49,0,73,41,70,8,2015,1,0,46,25,46,0
0,1,4,7,6,882,7,1,38,2,1,47,1,57,57,49,7,2022,2,1,61,15,37,0
1,3,4,5,6,421,11,1,32,2,3,12,1,54,29,55,6,2025,2,1,34,30,15,1
1,1,3,8,5,1003,5,1,20,3,4,8,1,48,41,43,5,2024,0,1,46,22,21,1
3,0,1,3,5,436,10,1,11,1,3,86,0,33,41,28,3,2015,1,2,46,21,11,1
0,1,3,6,0,819,11,1,14,2,0,77,0,74,16,69,0,2025,2,1,21,19,17,1
3,0,2,3,5,1101,5,1,27,2,5,3,0,33,41,28,5,2018,2,1,46,21,30,0
2,1,3,5,5,72,2,1,54,1,5,3,1,71,55,68,5,2022,1,1,54,9,34,1
0,1,2,4,5,405,10,0,17,1,1,45,0,18,50,60,5,2023,1,1,55,9,19,0
3,0,5,1,5,1722,10,1,13,2,4,38,3,80,41,77,5,2019,2,3,46,0,16,1
1,1,4,8,5,493,4,1,50,2,1,13,0,35,41,30,8,2025,2,3,46,29,46,0
0,1,5,8,3,672,5,1,40,2,3,36,3,73,28,70,5,2021,2,4,33,18,39,1
3,1,1,3,5,1611,6,1,9,3,1,27,0,37,41,66,3,2023,0,5,46,28,14,0
1,1,3,8,5,759,10,0,27,3,4,62,0,20,41,19,5,2018,0,3,46,22,30,1
0,1,1,6,8,711,4,1,30,2,2,6,0,3,62,4,6,2022,2,1,66,29,33,0
0,0,2,8,3,803,8,1,17,2,5,58,0,48,11,43,5,2025,2,1,64,7,19,0
0,1,4,5,4,831,6,1,47,2,3,14,3,25,32,20,4,2025,0,3,39,37,49,1
1,3,3,6,4,653,11,1,18,2,1,50,1,74,46,69,5,2024,2,1,52,35,1,1
0,3,4,5,7,717,6,1,5,2,3,42,1,40,71,35,7,2024,2,1,72,2,6,1
1,1,5,8,5,561,10,1,43,2,3,76,1,66,41,62,8,2021,2,1,46,28,45,0
1,1,1,8,5,420,3,1,27,2,4,55,0,58,41,53,5,2024,2,1,46,34,30,0
1,0,6,8,5,241,8,1,13,1,3,32,2,22,0,22,5,2021,1,5,6,14,16,0
0,1,4,2,6,414,1,1,18,1,2,45,0,1,57,2,5,2022,1,3,61,23,1,1
1,1,3,6,5,277,8,0,27,2,4,22,1,74,41,69,5,2019,2,5,46,19,30,1
1,1,1,8,5,215,8,1,20,1,3,51,0,38,41,31,5,2020,1,4,46,25,21,1
0,1,3,0,5,357,7,1,20,1,0,55,2,0,68,1,5,2021,1,2,71,10,21,0
1,0,2,8,5,205,11,1,18,1,0,6,1,73,41,70,5,2021,1,4,46,2,1,1
0,1,1,7,8,852,1,0,44,2,0,42,0,72,37,71,7,2017,2,3,43,34,43,0
3,1,3,2,5,1703,6,0,15,2,1,23,0,75,41,72,5,2015,2,3,46,31,18,0
2,0,2,5,5,196,8,0,45,2,3,49,1,26,20,23,5,2018,2,0,25,22,42,1
1,1,3,8,5,388,5,0,8,2,5,11,2,17,41,39,8,2017,2,4,46,3,9,0
1,1,4,8,5,873,5,1,0,3,6,57,2,51,41,17,8,2025,0,0,46,2,24,0
0,1,1,4,5,773,12,1,55,2,2,14,1,53,0,48,5,2025,2,1,6,2,55,1
1,1,1,8,5,408,9,0,4,2,6,76,0,14,41,54,8,2025,2,0,46,29,5,0
0,0,1,5,4,783,8,0,27,2,0,24,0,71,33,68,5,2019,2,2,69,12,30,0
3,1,2,3,5,493,7,1,24,1,6,73,1,37,41,66,3,2018,1,1,46,28,29,0
2,1,1,5,5,123,6,1,27,1,4,75,0,55,41,50,5,2023,1,4,46,2,30,1
1,0,2,6,5,356,2,1,18,2,5,50,0,16,41,15,5,2025,2,5,46,28,1,1
1,3,4,6,4,691,2,1,25,2,5,20,0,3,5,4,4,2021,2,3,4,12,27,0
0,1,1,5,4,728,1,0,28,2,3,42,0,46,25,41,4,2020,2,3,30,30,31,1
1,1,2,8,5,198,9,1,45,1,3,73,2,22,35,22,5,2021,1,3,40,30,42,0
3,1,5,3,5,505,8,1,27,1,2,78,0,62,41,76,5,2022,1,3,46,21,30,1
1,1,5,8,5,458,11,1,50,2,5,58,1,66,23,62,8,2025,2,2,26,28,46,0
0,1,3,3,0,710,10,1,27,2,6,122,1,78,42,73,5,2017,2,0,50,27,30,0
0,3,1,4,5,312,9,1,27,1,5,50,0,69,41,33,5,2025,1,5,46,2,30,0
3,3,2,3,5,931,5,1,27,2,5,64,1,62,41,76,5,2024,2,1,46,21,30,0
0,1,4,4,7,608,8,1,53,2,5,76,0,49,8,44,4,2018,2,3,11,36,54,1
1,3,3,6,5,439,1,1,20,2,1,46,1,9,41,12,5,2023,2,3,46,2,21,1
0,3,4,0,5,907,6,0,27,2,0,45,3,0,41,1,5,2023,2,3,46,28,30,0
0,1,4,0,2,497,1,1,45,1,3,26,1,60,2,56,5,2021,1,2,1,27,42,1
0,1,2,4,5,310,11,0,20,1,6,39,1,69,0,33,5,2017,1,5,6,2,21,1
0,3,4,8,7,312,8,1,54,1,4,13,2,43,8,37,5,2022,1,1,11,11,34,1
0,1,2,6,8,254,2,1,41,1,0,30,1,3,43,4,6,2021,1,3,48,34,40,0
3,1,6,3,5,522,2,1,15,1,2,68,4,78,0,73,5,2019,1,1,6,28,18,1
2,1,2,5,5,67,10,1,45,1,0,4,1,40,20,35,5,2018,1,4,25,28,42,1
0,3,4,4,5,819,12,0,35,2,5,76,3,79,41,78,4,2024,2,3,46,22,8,0
0,0,1,7,5,428,9,0,40,1,0,22,0,32,41,26,5,2019,1,5,46,28,39,0
0,1,1,7,5,913,6,1,46,3,2,12,1,11,41,8,7,2023,0,2,46,30,48,0
0,0,1,4,5,702,11,1,22,2,6,5,0,29,41,64,4,2017,0,4,46,37,23,0
0,1,1,7,5,361,9,0,27,1,6,47,0,32,50,26,5,2017,1,5,55,9,30,0
0,1,2,4,5,441,6,1,27,1,0,12,1,18,41,60,5,2016,1,3,46,28,30,1
3,0,2,3,5,506,5,1,17,1,6,35,1,64,41,11,5,2019,1,0,46,18,19,0
1,3,4,6,5,314,4,1,30,2,2,37,2,61,55,57,6,2023,2,5,54,19,33,1
0,3,1,7,5,363,4,1,52,1,2,84,0,70,41,27,7,2019,1,1,46,15,51,0
1,0,3,8,5,244,6,1,8,1,6,69,0,35,41,30,8,2015,1,3,46,30,9,0
0,1,6,6,1,700,1,1,54,2,5,20,2,9,45,12,5,2025,2,1,47,0,34,0
1,0,1,8,5,510,6,1,54,2,5,19,0,22,41,22,5,2019,2,1,46,9,34,0
1,1,2,6,5,343,2,0,18,2,3,55,0,9,41,12,5,2024,2,3,46,9,1,0
1,1,6,8,5,502,5,1,50,2,2,4,1,35,41,30,8,2024,2,0,46,28,46,0
1,3,4,8,5,311,10,1,27,1,1,37,2,20,41,19,5,2025,1,5,46,29,30,1
1,2,1,6,5,112,3,0,18,1,6,41,1,10,68,7,5,2019,1,1,71,35,1,0
2,3,1,5,5,197,7,1,55,2,0,22,0,40,41,35,5,2025,0,3,46,31,55,1
0,3,2,4,5,821,1,1,16,2,1,23,1,8,20,9,4,2025,2,4,25,2,41,0
0,1,3,4,5,311,5,1,27,1,3,63,1,8,41,9,5,2020,1,5,46,2,30,1
0,0,4,7,5,806,10,1,54,2,4,57,1,11,41,8,5,2017,2,3,46,2,34,0
0,1,2,4,5,797,6,0,17,2,0,12,0,18,41,60,5,2017,2,4,46,2,19,0
0,1,2,0,5,380,8,1,13,1,1,89,1,60,41,56,5,2023,1,3,46,2,16,0
1,0,6,8,5,292,4,0,4,1,4,83,1,20,55,19,8,2025,1,0,54,3,5,0
1,1,3,8,5,252,12,0,43,1,4,8,1,35,41,30,8,2022,1,3,46,9,45,1
0,1,5,4,5,800,6,1,27,2,4,20,2,53,41,48,5,2023,2,2,46,9,30,1
0,0,5,4,5,1068,9,1,27,3,3,68,5,69,41,33,5,2023,0,2,46,13,30,0
1,1,1,8,5,400,2,1,15,2,5,31,0,17,41,39,5,2016,2,2,46,25,18,0
0,0,1,4,5,320,7,1,45,1,5,41,0,79,41,78,5,2023,1,5,46,30,42,1
0,0,1,4,5,785,12,0,53,2,6,12,0,4,41,5,4,2022,2,2,46,28,54,0
1,1,3,6,5,167,3,1,20,1,3,34,0,61,41,57,5,2024,1,5,46,31,21,0
0,2,5,0,3,718,10,1,10,2,4,42,2,21,11,16,3,2025,0,2,64,21,3,1
1,3,2,5,6,434,11,1,30,2,6,78,1,27,15,24,6,2021,2,3,16,8,33,1
3,1,1,1,5,881,5,1,12,1,4,66,0,47,41,45,1,2024,1,5,46,28,13,0
0,1,2,8,4,527,4,1,0,1,6,17,0,73,64,70,8,2025,1,2,29,12,24,0
1,3,6,8,5,309,8,1,40,1,1,75,1,66,23,62,5,2022,1,1,26,31,39,1
0,1,2,4,5,985,12,0,29,3,2,18,0,29,41,64,4,2018,0,1,46,9,47,0
1,1,3,8,5,521,12,0,20,2,2,21,1,66,41,62,5,2023,2,1,46,22,21,1
1,3,1,8,5,538,2,1,37,2,2,86,1,43,41,37,8,2015,2,5,46,25,35,1
0,1,1,0,8,481,12,1,0,1,2,48,0,60,58,56,8,2018,1,0,24,34,24,0
0,1,4,4,5,469,2,1,13,1,5,34,1,8,24,9,5,2016,1,2,27,31,16,0
0,1,4,4,5,488,7,0,45,1,6,95,1,79,41,78,5,2024,1,1,46,2,42,0
1,1,3,8,5,227,8,1,27,1,1,21,0,20,41,19,5,2022,1,1,46,29,30,1
0,1,2,7,5,325,9,1,54,1,2,1,1,32,68,26,5,2018,1,1,71,24,34,0
0,1,1,4,5,611,3,1,29,2,0,30,0,79,41,78,4,2019,2,4,46,33,47,1
0,1,4,7,5,786,7,1,38,2,4,18,1,57,41,49,7,2024,2,1,46,30,37,0
3,1,2,2,5,1757,7,0,13,2,0,33,2,1,55,2,5,2025,2,4,54,31,16,0
1,1,4,8,5,312,11,1,43,1,2,61,1,58,41,53,8,2015,1,3,46,31,45,0
1,3,3,8,5,518,7,1,37,2,6,78,2,38,41,31,8,2022,2,3,46,22,35,0
1,1,4,8,5,498,2,0,17,2,3,2,1,22,41,22,5,2023,2,3,46,9,19,1
1,0,3,8,5,261,10,1,37,1,4,83,0,43,41,37,8,2024,1,3,46,9,35,0
1,0,1,6,5,192,1,0,40,1,5,48,1,28,24,80,5,2017,1,4,27,22,39,1
0,1,3,6,8,758,6,1,0,2,1,23,1,74,19,69,8,2025,2,3,20,19,24,1
1,0,2,6,5,201,8,1,13,1,4,33,1,9,41,12,5,2021,1,0,46,23,16,1
1,1,1,8,5,675,6,1,13,2,5,8,0,20,41,19,5,2025,0,1,46,22,16,0
3,1,4,3,5,984,3,1,40,2,3,62,2,37,41,66,5,2019,2,5,46,28,39,1
0,1,2,4,5,477,7,1,45,1,3,69,1,39,41,32,5,2019,1,5,46,22,42,0
1,1,2,8,5,474,1,1,18,2,4,28,1,12,41,13,5,2024,2,5,46,14,1,1
3,1,2,1,5,713,1,0,27,1,0,93,2,47,41,45,5,2025,1,5,46,30,30,0
1,3,2,8,5,478,1,1,20,2,0,8,2,24,41,58,5,2015,2,5,46,14,21,0
0,1,1,7,5,942,3,1,20,3,6,6,0,19,41,34,5,2022,0,3,46,22,21,1
1,1,6,8,5,516,11,1,55,2,4,57,4,58,35,53,5,2019,2,1,40,9,55,1
1,0,1,8,5,445,12,1,18,2,1,32,0,20,41,19,5,2024,2,3,46,9,1,0
3,1,1,1,5,1708,11,1,55,2,3,54,0,41,41,59,5,2015,2,3,46,9,55,0
1,0,6,8,5,622,7,1,4,2,3,26,3,24,41,58,8,2024,2,3,46,31,5,1
2,0,1,5,5,169,5,1,45,2,3,43,0,55,41,50,5,2024,2,3,46,2,42,0
1,1,1,8,5,212,2,1,15,1,2,28,0,73,23,70,5,2025,1,5,26,28,18,1
3,1,3,2,5,1652,7,1,27,2,3,75,0,75,41,72,5,2024,2,2,46,22,30,0
0,2,2,4,3,632,1,1,13,2,1,43,1,53,76,48,5,2023,0,2,62,13,16,0
1,1,1,8,5,584,9,1,43,2,6,63,0,43,20,37,8,2024,2,5,25,28,45,0
1,1,1,8,5,274,12,0,4,1,5,34,0,12,41,13,8,2020,1,3,46,9,5,1
0,1,1,4,5,918,8,1,16,2,4,30,1,8,41,9,4,2022,2,2,46,30,41,0
0,1,2,0,5,635,2,1,13,2,6,56,1,42,41,36,5,2016,2,3,46,2,16,1
1,1,3,8,5,446,9,1,27,2,0,74,0,24,41,58,5,2025,2,3,46,2,30,0
0,1,4,6,2,1196,8,1,51,3,4,36,2,77,72,75,2,2021,0,3,75,23,52,1
0,0,2,1,0,797,4,1,14,2,2,60,0,31,56,65,0,2023,0,0,60,27,17,0
0,1,2,4,5,768,9,1,27,2,4,26,0,30,41,25,5,2023,2,1,46,22,30,0
0,1,1,8,6,786,8,0,4,2,5,77,0,12,75,13,8,2022,2,3,77,19,5,1
1,2,4,6,5,107,9,1,27,1,1,8,1,34,41,29,5,2023,1,3,46,31,30,1
0,1,2,4,3,672,7,1,13,2,1,57,1,4,66,5,5,2023,2,2,37,21,16,1
0,1,2,0,3,819,7,1,34,2,5,39,1,60,76,56,3,2025,2,1,62,7,0,1
0,1,3,4,5,750,1,1,35,2,6,43,1,79,41,78,4,2022,2,3,46,17,8,1
0,3,3,4,5,657,11,1,15,2,3,43,1,18,47,60,5,2024,2,1,7,9,18,1
3,3,2,3,5,584,10,1,9,1,5,48,1,78,68,73,3,2020,1,3,71,18,14,1
1,1,1,8,5,919,8,1,43,3,1,61,1,51,55,17,8,2015,0,5,54,3,45,0
2,1,2,5,5,208,2,1,15,2,1,48,1,25,41,20,5,2016,2,3,46,30,18,0
1,0,1,8,5,245,6,1,13,1,2,6,1,22,41,22,5,2015,1,0,46,31,16,1
0,1,2,7,5,682,5,1,52,2,2,51,0,32,41,26,7,2024,2,0,46,30,51,0
0,1,1,4,5,1151,12,1,27,3,2,2,0,79,41,78,5,2025,0,1,46,22,30,1
1,1,2,8,5,268,12,1,27,1,0,19,0,14,41,54,5,2024,1,1,46,22,30,1
2,1,4,5,5,127,11,1,27,1,5,27,1,6,41,0,5,2017,1,1,46,22,30,0
1,1,5,8,5,258,8,0,54,1,1,31,2,22,41,22,5,2019,1,3,46,25,34,0
1,1,2,6,5,382,3,1,15,2,1,28,0,77,41,75,5,2024,2,1,46,8,18,1
0,1,6,4,5,816,2,1,54,2,4,15,2,5,55,6,5,2018,2,1,54,22,34,1
1,1,2,6,5,259,1,1,55,2,0,67,0,61,35,57,5,2024,2,1,40,16,55,1
1,1,2,8,5,250,6,1,54,1,4,5,0,20,55,19,5,2019,1,5,54,29,34,1
1,1,2,6,5,218,10,0,32,1,3,26,0,34,41,29,6,2017,1,5,46,22,15,1
1,1,1,8,5,666,12,1,49,2,0,10,1,24,41,58,8,2017,0,0,46,2,53,0
3,1,2,3,5,1019,7,1,45,2,4,18,1,37,41,66,5,2017,2,4,46,31,42,1
3,1,2,2,5,1678,6,1,54,2,0,4,0,75,41,72,5,2018,2,2,46,2,34,0
0,1,3,4,5,1207,12,1,55,3,4,22,0,79,63,78,5,2018,0,1,68,31,55,1
1,1,2,8,5,510,10,1,15,2,3,43,0,51,41,17,5,2025,2,0,46,29,18,0
0,3,4,2,1,271,6,0,48,1,5,49,1,56,18,51,1,2024,1,5,63,4,50,1
1,2,3,8,5,395,4,1,37,2,2,32,1,66,41,62,8,2022,2,1,46,28,35,0
0,1,2,3,1,391,7,1,12,1,6,104,1,62,65,76,1,2024,1,4,31,21,13,0
0,1,2,4,5,829,2,1,18,2,1,36,1,52,41,46,5,2024,2,3,46,13,1,0
0,1,5,4,5,803,4,0,40,2,5,41,1,18,20,60,5,2025,2,4,25,31,39,1
0,1,4,3,6,1052,7,0,32,3,4,17,1,33,12,28,6,2023,0,3,9,35,15,1
1,1,3,8,5,460,3,1,37,2,2,40,2,51,41,17,8,2019,2,4,46,28,35,1
0,1,4,8,7,681,2,1,0,2,1,32,2,51,71,17,8,2017,2,3,72,24,24,0
0,0,3,7,5,771,7,1,18,2,6,114,1,32,41,26,5,2019,0,5,46,31,1,0
1,1,1,8,5,237,2,0,20,1,0,22,0,38,41,31,5,2023,1,1,46,29,21,0
0,1,2,4,7,887,6,1,38,2,0,52,0,39,71,32,7,2025,2,0,72,12,37,1
0,0,6,4,5,907,8,0,13,2,3,37,1,79,41,78,5,2019,2,4,46,9,16,1
1,0,3,8,5,196,7,1,4,1,5,18,0,66,41,62,8,2022,1,4,46,9,5,1
0,1,3,4,8,593,11,1,47,1,2,63,0,69,37,33,4,2024,1,3,43,37,49,1
1,2,3,8,5,313,10,0,37,1,3,35,1,38,41,31,8,2016,1,3,46,30,35,0
1,1,2,8,5,1085,4,1,27,3,5,56,1,14,41,54,5,2023,0,3,46,31,30,1
0,3,3,4,5,735,12,1,27,2,6,9,0,59,41,52,5,2023,2,3,46,5,30,0
0,1,1,6,0,327,11,1,30,1,0,22,0,3,56,4,6,2022,1,1,60,20,33,0
3,3,2,2,5,1729,10,1,27,2,4,25,1,1,41,2,5,2023,2,3,46,30,30,1
1,0,3,8,5,605,5,1,17,2,1,68,0,38,41,31,5,2021,2,1,46,31,19,1
0,0,6,7,5,794,5,0,18,2,4,146,1,57,41,49,5,2025,2,4,46,22,1,1
0,2,3,7,0,742,7,1,44,2,2,1,0,72,16,71,7,2018,2,1,21,10,43,1
3,3,3,3,5,1034,3,1,34,2,0,60,0,62,41,76,3,2017,2,2,46,30,0,0
0,1,4,8,3,694,4,1,10,2,0,1,0,51,11,17,3,2023,2,3,64,34,3,1
1,1,1,6,5,400,7,0,17,2,3,109,1,76,41,74,5,2017,2,5,46,22,19,1
1,1,2,8,5,533,7,1,45,2,4,49,0,17,50,39,5,2018,2,3,55,34,42,0
1,2,4,8,5,254,10,1,37,1,0,41,1,38,41,31,8,2016,1,4,46,25,35,0
3,1,3,3,5,1047,7,1,15,2,3,68,0,78,55,73,5,2024,2,2,54,7,18,1
0,0,2,4,5,736,3,0,15,2,5,3,0,81,47,81,5,2022,2,1,7,2,18,1
2,1,1,5,5,462,7,1,45,2,0,8,1,26,41,23,5,2025,0,4,46,28,42,1
2,1,2,4,4,146,5,1,16,2,3,72,1,30,52,25,4,2020,2,1,59,13,41,1
2,1,5,5,5,82,1,1,55,1,3,89,1,68,41,63,5,2019,1,3,46,22,55,1
0,1,4,4,5,1202,8,0,45,3,1,89,0,52,0,46,5,2025,0,2,6,17,42,0
1,3,5,8,5,474,4,0,37,2,4,36,3,66,41,62,8,2025,2,3,46,34,35,1
0,2,2,7,5,683,9,1,45,2,1,49,0,45,41,40,5,2024,0,1,46,31,42,1
1,1,2,8,5,521,12,1,27,2,3,102,0,58,41,53,5,2022,2,1,46,9,30,0
0,1,3,4,5,822,12,1,27,2,6,5,1,8,41,9,5,2018,2,4,46,31,30,1
1,1,2,8,5,489,3,1,45,2,0,2,1,35,50,30,5,2018,2,3,55,25,42,1
0,1,4,0,8,323,7,1,37,1,2,110,0,50,43,42,8,2018,1,3,48,3,35,0
0,1,1,7,1,658,3,0,48,2,2,30,1,19,79,34,1,2022,2,2,36,0,50,0
3,1,2,1,5,1697,7,0,13,2,4,40,1,31,24,65,5,2022,2,1,27,2,16,1
0,1,4,4,5,355,3,1,20,1,2,26,2,69,41,33,5,2018,1,3,46,12,21,0
1,1,2,8,5,803,12,1,45,2,5,47,1,58,41,53,5,2023,0,3,46,9,42,1
0,3,1,6,6,638,4,0,41,2,6,40,0,10,4,7,6,2020,0,5,3,8,40,1
1,1,1,4,6,724,11,0,22,2,6,54,0,8,75,9,4,2024,2,4,77,19,23,0
1,1,2,6,5,430,4,1,20,2,3,1,1,10,41,7,5,2023,2,2,46,30,21,1
0,1,4,4,3,498,6,0,20,1,2,56,1,39,66,32,5,2018,1,3,37,33,21,1
0,1,3,8,7,494,11,0,0,1,2,4,0,22,34,22,8,2025,1,3,19,3,24,0
0,1,5,4,5,400,6,1,27,1,5,73,3,69,41,33,5,2025,1,3,46,9,30,1
1,1,2,6,5,487,9,1,54,2,6,2,1,9,41,12,5,2017,0,1,46,2,34,1
2,1,4,5,5,126,11,0,17,1,5,62,2,25,68,20,5,2025,1,2,71,9,19,0
2,1,3,8,8,78,1,1,17,1,0,16,2,43,39,37,5,2024,1,0,17,14,19,1
1,1,3,6,5,214,6,0,17,1,3,84,2,15,41,10,5,2016,1,0,46,31,19,0
1,1,2,8,5,418,5,1,40,2,0,37,2,24,41,58,5,2022,2,5,46,9,39,1
0,1,4,6,8,439,7,1,49,1,3,60,2,76,30,74,8,2019,1,4,35,19,53,1
0,0,2,7,5,828,6,1,18,2,2,29,1,11,41,8,5,2020,2,0,46,28,1,0
0,1,1,1,4,752,6,1,12,2,0,72,1,47,78,45,1,2016,2,1,79,6,13,0
1,1,1,6,5,123,7,1,45,1,2,16,0,61,23,57,5,2021,1,0,26,9,42,0
1,1,2,8,5,514,11,1,27,2,4,60,0,35,41,30,5,2025,2,5,46,30,30,0
2,0,2,5,5,810,2,1,13,3,5,81,0,6,41,0,5,2025,0,4,46,9,16,1
0,1,3,7,5,859,2,1,20,2,0,97,1,72,41,71,5,2020,2,4,46,22,21,1
0,1,2,0,5,456,12,1,54,1,1,49,0,23,41,21,5,2025,1,4,46,31,34,1
3,3,5,2,5,1494,6,1,27,2,0,42,0,65,41,61,5,2025,2,2,46,31,30,0
3,1,4,1,5,1379,2,1,20,2,5,159,2,36,41,79,5,2017,2,1,46,28,21,0
0,1,2,7,5,842,5,1,27,2,4,13,1,57,41,49,5,2022,2,2,46,22,30,0
1,0,2,6,5,778,8,1,45,3,1,75,0,34,41,29,5,2022,0,2,46,35,42,0
1,1,3,8,5,416,11,1,54,2,0,115,0,17,55,39,5,2024,2,3,54,28,34,1
3,1,3,1,5,1675,11,0,1,2,1,36,1,41,41,59,1,2025,2,1,46,9,7,0
0,1,3,0,5,333,10,1,54,1,4,67,1,23,41,21,5,2022,1,5,46,2,34,1
0,1,3,0,5,715,8,1,27,2,6,28,1,44,41,38,5,2022,0,2,46,28,30,0
1,1,1,6,5,255,2,1,45,2,0,10,0,9,41,12,5,2025,2,2,46,23,42,0
0,1,2,4,5,773,10,1,55,2,3,72,0,5,35,6,5,2019,2,2,40,17,55,0
1,1,2,5,8,548,8,0,45,2,6,17,0,7,13,47,5,2024,2,1,12,28,42,1
1,1,3,8,5,483,8,1,4,2,3,65,0,17,41,39,8,2022,2,4,46,29,5,1
3,2,2,2,5,879,12,1,27,1,2,19,1,56,41,51,5,2018,1,3,46,2,30,0
1,3,2,8,5,498,2,0,45,2,3,46,0,43,41,37,5,2017,2,4,46,14,42,0
1,1,1,8,5,1045,6,0,18,3,4,13,1,38,41,31,5,2023,0,2,46,31,1,0
0,3,2,4,5,456,1,1,45,1,2,16,2,29,41,64,5,2024,1,2,46,37,42,0
0,1,5,7,5,362,11,0,27,1,2,39,4,19,41,34,5,2024,1,2,46,9,30,1
0,1,1,4,5,910,7,1,27,2,6,3,1,4,41,5,5,2021,2,2,46,22,30,1
0,1,2,4,5,365,1,0,18,1,2,38,0,29,41,64,5,2023,1,4,46,33,1,0
1,3,3,8,5,182,12,1,45,1,1,27,2,35,41,30,5,2024,1,5,46,2,42,0
0,0,1,7,6,476,12,1,38,1,1,120,0,57,7,49,7,2017,1,3,10,8,37,0
0,1,2,4,8,1015,1,1,27,2,5,35,0,8,31,9,5,2022,2,1,38,5,30,1
0,2,1,8,2,302,3,1,43,1,5,40,0,22,61,22,8,2023,1,1,65,29,45,0
0,1,5,7,5,356,3,0,27,1,1,1,1,45,41,40,5,2021,1,0,46,31,30,1
1,1,3,6,5,344,7,1,18,2,0,12,1,28,50,80,5,2024,2,3,55,22,1,1
0,0,1,4,5,493,6,1,15,1,1,43,0,79,41,78,5,2019,1,1,46,28,18,0
3,1,3,2,5,1608,1,1,27,2,5,28,1,56,41,51,5,2021,2,3,46,26,30,0
0,1,2,0,5,737,6,1,27,2,3,44,0,2,41,3,5,2024,2,3,46,27,30,0
0,1,3,0,5,441,7,1,27,1,2,14,2,23,41,21,5,2020,1,5,46,10,30,0
2,3,4,5,5,172,8,1,40,2,3,75,1,6,63,0,5,2015,2,4,68,28,39,0
1,3,2,6,5,346,2,1,27,2,5,70,1,28,0,80,5,2023,2,1,6,22,30,0
1,2,6,6,4,204,3,1,6,1,5,55,1,28,32,80,4,2016,1,5,39,37,22,1
1,0,3,8,5,499,10,1,54,2,0,10,0,48,41,43,5,2023,2,1,46,22,34,1
3,1,1,3,5,999,9,0,27,2,2,5,0,62,41,76,5,2015,2,5,46,31,30,0
1,0,4,8,5,186,9,1,27,1,3,95,1,66,41,62,5,2025,1,3,46,30,30,1
3,1,1,1,5,756,4,1,18,1,5,75,1,41,41,59,5,2019,1,4,46,22,1,1
2,1,1,5,5,124,11,1,17,1,2,41,0,27,41,24,5,2015,1,0,46,2,19,0
0,1,1,4,5,362,6,1,55,1,0,11,0,5,63,6,5,2023,1,2,68,37,55,1
1,3,1,8,5,286,1,1,27,1,1,108,1,17,41,39,5,2025,1,1,46,9,30,0
2,1,1,5,5,123,6,1,45,1,3,115,0,54,41,55,5,2023,1,3,46,30,42,0
0,0,5,4,5,462,10,1,55,1,4,68,0,52,41,46,5,2022,1,3,46,31,55,0
1,3,2,4,6,598,8,1,32,2,0,12,0,39,57,32,6,2022,2,1,61,35,15,1
2,1,5,5,5,67,7,1,13,1,1,4,0,27,23,24,5,2022,1,1,26,22,16,1
2,1,1,5,5,113,4,1,27,1,2,16,0,26,41,23,5,2025,1,5,46,9,30,0
1,1,2,8,5,610,11,1,50,2,5,58,0,14,41,54,8,2022,2,3,46,9,46,1
0,0,1,7,5,672,8,0,55,2,1,58,0,57,41,49,5,2023,2,1,46,24,55,1
1,1,6,8,5,184,4,0,27,1,4,50,1,20,41,19,5,2022,1,3,46,31,30,1
0,1,4,0,5,959,5,1,55,2,4,45,3,42,35,36,5,2024,2,3,40,27,55,1
0,1,5,0,0,413,9,1,40,1,3,50,0,50,38,42,5,2017,1,2,44,20,39,0
0,1,5,7,5,826,3,0,19,2,1,47,1,11,41,8,7,2025,2,3,46,11,20,0
0,1,1,7,5,822,4,0,20,2,0,15,1,70,41,27,5,2024,2,0,46,22,21,0
1,0,6,8,5,477,10,0,13,2,3,17,1,66,24,62,5,2019,2,3,27,34,16,0
1,1,1,6,5,270,2,1,27,2,4,94,0,15,41,10,5,2015,2,1,46,19,30,1
0,1,2,6,8,443,5,0,21,1,3,61,2,34,58,29,6,2015,1,0,24,35,25,0
1,1,2,8,5,490,8,1,4,2,6,65,1,22,41,22,8,2020,2,0,46,9,5,0
0,1,2,3,4,462,4,1,55,1,4,25,1,78,25,73,5,2018,1,4,30,33,55,1
0,2,2,7,5,350,11,1,27,1,5,43,0,72,41,71,5,2019,1,1,46,31,30,0
1,0,2,8,5,193,12,1,20,1,6,13,1,12,35,13,5,2024,1,2,40,9,21,0
2,1,3,5,5,67,9,0,18,1,1,28,1,71,41,68,5,2018,1,3,46,9,1,1
3,1,4,3,5,443,5,0,27,1,2,11,1,64,41,11,5,2019,1,1,46,2,30,0
1,0,4,8,5,319,4,1,27,1,4,46,1,20,41,19,5,2022,1,4,46,2,30,1
0,1,3,3,8,825,8,1,50,2,2,18,1,78,19,73,8,2020,2,4,20,3,46,1
0,1,2,4,5,693,10,1,15,2,6,11,2,49,41,44,5,2025,2,1,46,30,18,1
1,3,2,8,5,441,5,1,17,2,2,14,1,17,50,39,5,2021,2,3,55,3,19,1
2,1,6,8,8,423,12,1,4,2,6,59,2,51,53,17,8,2015,0,2,58,29,5,1
1,1,5,6,5,103,6,1,18,1,5,54,0,28,41,80,5,2019,1,1,46,8,1,1
0,1,2,3,0,846,5,1,54,2,5,28,1,64,56,11,5,2017,2,0,60,20,34,0
1,0,1,8,5,507,9,1,27,2,1,35,1,58,41,53,5,2022,2,2,46,25,30,0
0,1,3,5,4,326,8,1,53,1,6,1,1,27,48,24,4,2022,1,2,53,5,54,1
1,0,1,6,5,193,6,1,45,1,0,79,1,9,35,12,5,2023,1,5,40,28,42,0
1,0,2,8,5,306,2,1,27,1,3,19,0,73,41,70,5,2019,1,2,46,30,30,0
2,0,4,5,5,68,4,1,54,1,5,55,1,71,41,68,5,2018,1,3,46,28,34,0
2,3,2,5,5,176,6,1,18,2,6,10,1,71,41,68,5,2019,2,3,46,28,1,1
2,0,4,4,4,77,10,1,35,1,5,52,2,5,78,6,4,2025,1,2,79,33,8,1
2,1,1,5,5,441,10,1,15,2,6,7,1,6,41,0,5,2019,0,3,46,9,18,0
0,1,2,4,5,403,5,1,20,1,6,23,0,79,41,78,5,2022,1,4,46,30,21,1
0,1,5,7,8,469,6,1,37,1,1,26,4,32,58,26,8,2024,1,4,24,24,35,1
1,0,3,8,5,484,4,0,18,2,5,9,0,51,68,17,5,2018,2,5,71,9,1,1
0,3,1,4,5,811,12,1,40,2,4,25,0,69,41,33,5,2015,2,4,46,9,39,0
0,1,2,8,6,568,9,0,43,2,3,50,0,48,69,43,8,2017,2,3,74,23,45,0
3,2,1,3,5,1029,1,0,17,2,1,81,0,37,41,66,5,2021,2,4,46,31,19,0
0,1,1,4,5,735,3,1,54,2,2,17,0,30,50,25,5,2025,2,3,55,17,34,1
0,2,1,4,5,749,9,1,13,2,0,52,0,59,41,52,5,2025,0,4,46,33,16,1
3,1,4,3,5,1108,7,1,45,2,1,36,2,67,35,67,5,2023,2,3,40,31,42,0
0,1,2,5,0,391,10,0,40,1,6,35,1,26,16,23,5,2024,1,4,21,20,39,0
0,1,1,4,8,767,4,1,4,2,5,152,1,29,54,64,8,2024,0,3,14,29,5,1
3,3,1,3,5,507,10,0,45,1,4,57,0,37,41,66,5,2020,1,4,46,31,42,0
1,1,2,6,5,104,5,1,45,1,4,51,1,3,23,4,5,2025,1,4,26,2,42,1
2,0,3,5,5,150,10,1,27,2,0,79,0,71,41,68,5,2018,2,5,46,30,30,0
1,1,1,8,5,278,2,0,27,1,6,11,0,20,41,19,5,2017,1,5,46,22,30,1
1,1,2,8,5,566,4,0,17,2,5,18,0,14,41,54,5,2025,0,3,46,29,19,1
1,1,2,6,5,174,4,1,20,1,2,15,1,76,35,74,5,2024,1,4,40,30,21,1
0,0,2,6,8,430,12,1,4,1,4,53,1,34,70,29,8,2018,1,1,73,14,5,1
1,3,6,8,5,469,6,0,55,2,4,27,2,48,41,43,5,2018,2,1,46,29,55,1
0,3,4,4,5,788,4,1,13,2,1,3,1,8,24,9,5,2016,2,1,27,17,16,1
1,2,2,5,8,505,8,1,55,2,2,63,0,55,39,50,5,2023,2,3,17,22,55,1
3,3,4,3,5,1037,6,0,27,2,0,104,1,37,41,66,5,2015,2,0,46,9,30,0
0,1,1,4,5,420,10,0,55,1,3,27,0,18,41,60,5,2022,1,3,46,30,55,0
2,1,1,5,5,66,3,1,27,1,0,31,1,54,41,55,5,2019,1,4,46,28,30,1
3,1,5,3,5,931,4,0,18,2,1,85,2,33,63,28,5,2025,2,4,68,31,1,0
1,1,2,8,5,418,9,1,13,2,6,28,0,22,41,22,5,2018,2,4,46,34,16,0
0,3,1,7,5,344,5,1,15,1,2,2,1,19,41,34,5,2023,1,5,46,30,18,1
0,1,4,4,5,917,8,1,55,3,5,103,1,29,41,64,5,2024,0,4,46,13,55,0
0,2,5,2,8,760,8,0,17,2,4,53,3,1,53,2,5,2017,2,3,58,34,19,1
3,1,1,5,2,803,9,1,51,1,3,78,1,54,14,55,2,2018,1,1,13,30,52,0
0,1,2,0,3,761,1,1,34,2,2,25,0,42,67,36,3,2016,2,1,67,18,0,1
1,1,1,8,5,190,12,0,43,1,6,19,1,35,41,30,8,2024,1,0,46,25,45,0
3,0,1,1,5,1762,8,1,48,2,0,66,1,31,47,65,1,2025,2,3,7,31,50,1
0,1,2,8,6,877,4,1,49,2,2,28,0,51,4,17,8,2018,0,3,3,35,53,0
1,3,2,8,5,211,7,1,13,1,5,47,1,22,41,22,5,2018,1,5,46,34,16,0
0,2,2,5,0,1029,1,0,15,3,3,91,2,6,38,0,5,2024,0,0,44,9,18,1
0,1,4,0,5,373,1,1,15,1,6,25,1,23,41,21,5,2022,1,4,46,20,18,1
0,0,4,4,5,412,9,1,27,1,1,72,0,52,68,46,5,2017,1,1,71,12,30,0
3,3,2,3,5,470,10,0,17,1,5,90,1,67,24,67,5,2018,1,1,27,9,19,1
3,0,1,3,5,1176,2,1,27,3,5,88,0,33,41,28,5,2025,0,2,46,2,30,0
0,0,2,4,5,782,3,1,55,2,5,16,0,5,41,6,5,2017,2,5,46,22,55,0
0,1,1,7,5,341,12,1,45,1,0,46,0,57,50,49,5,2023,1,3,55,28,42,1
0,1,2,4,5,451,10,1,28,1,4,63,0,59,68,52,4,2025,1,2,71,2,31,0
0,0,3,8,4,1103,2,1,28,2,6,25,2,14,32,54,4,2022,2,5,39,13,31,0
1,0,2,6,5,351,1,0,54,2,5,59,1,77,41,75,5,2019,2,4,46,35,34,0
0,0,1,4,0,836,2,1,16,2,1,72,0,8,16,9,4,2025,2,3,21,32,41,0
0,3,2,7,5,391,1,1,38,1,0,26,1,32,41,26,7,2019,1,4,46,9,37,1
0,1,6,4,5,878,5,1,17,2,6,7,2,29,41,64,5,2019,2,1,46,37,19,0
0,1,1,7,5,706,10,1,31,2,0,46,0,57,41,49,7,2024,2,3,46,36,32,0
0,1,3,4,5,360,12,1,27,1,1,35,1,53,41,48,5,2025,1,0,46,37,30,1
1,0,5,8,5,482,7,1,40,2,5,73,0,43,23,37,5,2023,2,2,26,30,39,0
3,1,3,1,5,605,12,0,17,1,2,19,0,31,41,65,5,2024,1,0,46,31,19,0
3,1,2,3,5,475,6,1,34,1,0,62,0,78,47,73,3,2024,1,3,7,30,0,0
0,1,1,0,5,318,8,1,27,1,0,15,0,23,41,21,5,2016,1,5,46,22,30,1
1,1,6,8,5,486,8,1,40,2,2,23,3,48,41,43,5,2024,2,5,46,22,39,0
0,2,4,4,5,700,12,1,47,2,4,17,2,69,55,33,4,2024,2,1,54,22,49,1
1,0,2,6,5,189,3,0,27,1,4,102,1,16,41,15,5,2016,1,3,46,23,30,1
0,0,3,7,5,714,10,1,40,2,4,71,1,57,41,49,5,2019,2,5,46,15,39,0
1,1,2,8,5,520,4,1,27,2,6,2,0,12,41,13,5,2025,2,3,46,2,30,0
0,1,2,0,1,814,2,1,2,2,1,12,2,50,77,42,1,2018,2,3,80,27,2,0
1,2,2,6,5,294,7,1,41,2,0,5,0,77,41,75,6,2022,2,1,46,22,40,0
0,0,5,4,5,845,12,1,17,2,6,39,1,59,63,52,5,2023,2,3,68,30,19,0
0,1,4,4,7,404,12,1,46,1,5,56,1,59,71,52,7,2015,1,5,72,33,48,1
1,1,2,6,5,423,5,1,13,2,1,12,0,10,41,7,5,2021,2,1,46,9,16,0
0,1,4,7,5,440,12,0,27,1,2,91,2,72,41,71,5,2023,1,1,46,31,30,1
0,1,3,7,5,795,1,0,44,2,0,33,2,72,41,71,7,2018,2,3,46,31,43,1
3,0,2,2,5,1542,4,0,39,2,6,15,1,75,68,72,2,2021,2,3,71,2,38,1
0,3,2,4,5,809,7,1,13,2,6,116,1,81,41,81,5,2024,2,1,46,33,16,1
0,1,2,4,5,778,4,1,20,2,5,19,1,4,47,5,5,2024,2,0,7,33,21,0
0,1,3,4,1,306,6,1,48,1,3,108,0,30,18,25,1,2019,1,4,63,13,50,1
1,1,2,8,5,540,7,1,13,2,0,46,1,22,41,22,5,2021,2,0,46,31,16,0
0,1,1,7,3,426,4,0,24,1,0,10,0,11,67,8,3,2022,1,1,67,18,29,0
0,0,5,6,6,298,10,1,32,1,4,56,1,74,15,69,6,2023,1,5,16,23,15,1
3,3,6,2,5,895,9,0,27,1,6,18,2,65,41,61,5,2024,1,1,46,28,30,1
1,3,5,8,5,453,3,1,0,2,5,6,0,48,0,43,8,2019,2,1,6,22,24,0
0,1,2,0,0,824,8,1,18,2,3,81,1,2,16,3,5,2023,2,3,21,27,1,0
1,1,3,8,5,289,4,0,27,1,3,46,0,73,41,70,5,2022,1,1,46,22,30,0
1,1,3,5,8,456,2,0,17,2,1,15,1,46,43,41,5,2023,2,3,48,28,19,0
1,2,4,8,5,483,9,1,27,2,5,20,0,20,41,19,5,2016,2,3,46,31,30,0
1,2,1,8,5,297,6,1,0,1,5,16,0,24,41,58,8,2024,1,3,46,2,24,1
1,1,2,8,5,556,4,0,40,2,3,58,0,22,23,22,5,2023,2,3,26,9,39,1
0,1,2,4,8,1006,2,1,15,2,2,14,1,59,43,52,5,2019,2,3,48,29,18,0
1,1,1,8,5,574,5,0,13,2,5,50,0,43,41,37,5,2025,2,1,46,31,16,0
0,1,3,4,5,354,6,1,55,1,1,4,0,18,41,60,5,2023,1,0,46,9,55,0
3,0,1,1,5,673,6,1,12,1,0,42,0,47,0,45,1,2022,1,1,6,30,13,1
2,1,3,5,5,104,7,1,17,1,0,26,1,27,55,24,5,2021,1,1,54,9,19,0
1,3,1,8,5,218,5,0,27,1,0,105,1,24,41,58,5,2024,1,1,46,2,30,0
3,3,4,3,5,1017,3,1,17,2,3,92,1,78,41,73,5,2018,2,5,46,22,19,0
1,0,3,8,5,1138,9,1,4,3,3,4,0,51,41,17,8,2021,0,3,46,25,5,1
2,1,4,5,5,175,10,1,55,2,3,31,2,26,0,23,5,2021,2,1,6,31,55,1
3,1,2,3,5,872,7,1,27,2,1,86,1,33,41,28,5,2019,2,0,46,7,30,0
0,0,3,4,5,1447,12,1,17,3,1,47,2,69,50,33,5,2023,0,2,55,30,19,1
3,1,2,2,5,1792,12,1,51,2,6,2,0,13,41,14,2,2021,2,5,46,9,52,0
0,1,3,0,5,934,7,1,27,2,3,46,0,42,41,36,5,2021,2,5,46,31,30,1
0,1,3,4,5,355,9,1,27,1,4,3,1,79,41,78,5,2020,1,5,46,5,30,0
3,2,1,2,5,857,9,0,27,1,3,59,0,56,41,51,5,2023,1,3,46,2,30,0
1,0,1,5,8,602,1,1,13,2,5,24,0,40,62,35,5,2019,2,4,66,29,16,0
0,0,3,4,1,367,5,1,53,1,3,100,1,49,59,44,4,2022,1,1,41,4,54,1
1,1,1,8,5,519,9,1,8,2,6,30,0,22,41,22,8,2025,2,5,46,2,9,1
2,1,2,5,5,214,2,1,27,2,3,50,0,68,41,63,5,2018,2,3,46,9,30,0
0,1,1,3,3,276,1,0,24,1,5,6,0,67,66,67,3,2023,1,2,37,21,29,1
0,2,1,6,8,373,2,1,21,1,1,52,0,15,62,10,6,2021,1,5,66,19,25,1
1,1,4,8,5,510,5,1,17,2,5,16,1,51,20,17,5,2023,2,0,25,2,19,0
0,0,2,7,5,376,4,0,46,1,4,23,1,45,41,40,7,2024,1,2,46,15,48,1
1,1,1,8,5,278,3,1,45,1,2,56,0,22,41,22,5,2017,1,1,46,3,42,1
1,0,2,8,5,349,12,1,17,2,2,26,1,38,63,31,5,2015,0,3,68,9,19,1
1,0,3,6,5,204,10,0,15,1,4,76,1,61,41,57,5,2024,1,2,46,9,18,1
1,0,1,8,5,419,2,1,27,2,0,12,0,12,41,13,5,2015,2,3,46,30,30,1
0,3,2,4,5,450,6,1,27,1,5,60,0,30,41,25,5,2019,1,4,46,37,30,0
1,1,1,8,5,522,3,1,27,2,3,75,0,12,41,13,5,2024,2,0,46,31,30,0
1,1,3,8,5,271,4,1,17,1,1,24,1,22,41,22,5,2025,1,1,46,22,19,0
1,1,2,8,5,253,9,1,4,1,6,7,2,14,41,54,8,2019,1,1,46,2,5,1
3,0,6,1,5,1601,3,1,48,2,2,70,1,41,41,59,1,2024,2,5,46,31,50,1
0,1,2,4,5,832,2,1,55,2,5,41,1,49,24,44,5,2021,2,3,27,5,55,1
0,1,1,5,4,886,4,1,45,2,1,80,0,25,32,20,5,2022,0,1,39,33,42,0
3,1,2,2,5,1603,12,1,45,3,4,24,0,13,41,14,5,2023,0,3,46,9,42,1
0,2,2,7,5,1149,12,1,46,3,6,34,1,70,41,27,7,2023,0,4,46,28,48,1
3,1,5,3,5,420,7,1,54,1,4,9,1,62,55,76,5,2025,1,2,54,2,34,0
1,1,2,8,5,574,6,1,27,2,1,64,1,35,41,30,5,2023,2,1,46,30,30,0
0,0,3,4,5,583,8,1,13,2,1,36,1,59,41,52,5,2018,0,5,46,37,16,1
1,1,2,8,5,434,8,1,37,2,6,11,0,66,41,62,8,2023,2,2,46,31,35,0
1,1,2,8,5,183,9,1,13,1,4,31,0,14,41,54,5,2019,1,0,46,2,16,0
1,1,6,8,5,560,2,0,40,2,2,31,2,20,41,19,5,2023,2,4,46,22,39,1
1,1,1,8,5,561,10,1,15,2,3,27,1,48,41,43,5,2022,2,1,46,29,18,0
0,1,2,7,5,360,11,0,45,1,0,19,0,57,50,49,5,2019,1,1,55,28,42,1
3,3,2,1,5,1699,6,1,27,2,1,78,0,80,41,77,5,2025,2,3,46,2,30,1
1,1,3,6,4,519,7,1,3,2,5,54,1,3,64,4,4,2025,2,4,29,37,4,1
0,1,3,5,0,839,3,1,17,2,0,8,2,27,3,24,5,2025,2,1,2,27,19,0
1,3,4,6,4,787,8,0,53,2,1,13,1,10,78,7,4,2025,2,5,79,13,54,1
1,0,1,8,5,528,1,1,54,2,4,15,0,58,41,53,5,2023,2,3,46,28,34,1
1,0,6,8,5,523,8,1,27,2,6,67,1,66,41,62,5,2025,2,3,46,31,30,0
0,1,1,7,5,728,4,0,27,2,5,10,1,19,41,34,5,2023,2,5,46,28,30,1
1,1,2,8,5,241,8,1,54,1,6,95,0,73,20,70,5,2017,1,1,25,31,34,1
3,1,3,3,5,974,8,0,13,2,6,5,0,64,41,11,5,2025,2,3,46,31,16,1
3,1,2,3,5,784,1,0,27,2,5,39,0,78,41,73,5,2021,0,1,46,21,30,0
1,1,1,6,5,386,2,0,27,2,2,74,0,16,41,15,5,2022,2,3,46,16,30,0
1,1,2,6,4,542,4,1,15,2,6,72,0,3,81,4,5,2023,2,3,81,5,18,1
0,2,3,2,7,806,9,1,39,2,3,75,0,13,8,14,2,2025,2,4,11,11,38,1
0,1,3,0,5,318,6,1,13,1,4,69,1,42,41,36,5,2025,1,5,46,9,16,1
2,0,2,5,5,160,1,0,20,2,4,4,0,7,41,47,5,2018,2,5,46,31,21,1
1,1,1,8,5,249,6,1,45,1,4,10,0,43,41,37,5,2025,1,3,46,31,42,0
1,1,2,8,5,491,3,1,27,2,0,82,1,17,41,39,5,2019,2,2,46,30,30,1
1,1,4,6,5,307,2,1,54,2,5,16,0,77,41,75,5,2025,2,0,46,30,34,0
1,1,1,8,5,211,8,0,27,1,4,45,0,22,41,22,5,2019,1,0,46,9,30,0
3,1,1,2,5,1816,10,1,27,2,0,100,0,65,41,61,5,2025,2,3,46,31,30,1
0,1,2,0,5,827,11,0,40,2,4,35,1,0,41,1,5,2017,2,2,46,31,39,1
0,1,1,4,5,724,9,0,7,2,4,65,0,69,41,33,4,2019,2,5,46,37,10,1
0,3,3,0,5,423,1,1,17,1,6,14,2,21,41,16,5,2015,1,3,46,30,19,1
1,3,3,8,5,560,7,1,15,2,5,4,2,48,41,43,5,2016,2,5,46,2,18,0
0,0,2,0,5,798,11,0,27,2,2,11,2,42,41,36,5,2016,2,3,46,27,30,1
0,1,1,4,5,467,6,1,20,1,5,39,0,29,41,64,5,2022,1,1,46,31,21,1
1,1,3,8,5,460,1,0,4,2,5,64,0,12,41,13,8,2018,2,3,46,34,5,1
0,1,1,7,8,440,12,1,46,1,6,60,0,11,31,8,7,2024,1,5,38,14,48,0
2,1,2,5,5,67,6,1,55,1,4,19,0,40,41,35,5,2018,1,3,46,31,55,1
0,1,2,5,0,968,3,0,14,2,0,19,0,27,1,24,0,2019,2,5,0,31,17,1
3,1,4,1,5,894,9,1,15,1,4,25,0,47,20,45,5,2016,1,1,25,31,18,1
1,1,1,8,5,306,5,0,54,1,4,26,0,51,41,17,5,2024,1,1,46,22,34,1
0,3,4,4,5,382,3,1,15,1,4,52,1,30,41,25,5,2019,1,3,46,28,18,1
1,1,3,5,8,213,7,1,15,1,5,44,0,6,70,0,5,2015,1,0,73,34,18,0
1,1,2,8,5,481,6,1,37,2,1,40,0,38,41,31,8,2020,2,5,46,2,35,1
1,1,4,8,5,406,12,1,45,2,4,14,2,58,0,53,5,2021,2,1,6,31,42,0
1,1,1,8,5,395,6,0,20,2,0,83,0,51,41,17,5,2022,2,2,46,25,21,1
2,1,2,5,5,196,1,1,17,2,2,5,2,27,0,24,5,2024,0,2,6,30,19,0
2,3,2,5,5,89,6,1,55,1,3,1,1,27,41,24,5,2024,1,1,46,2,55,0
3,1,6,3,5,1078,12,0,17,2,6,92,1,67,50,67,5,2025,2,5,55,2,19,0
3,1,1,2,5,1798,4,1,27,2,5,9,0,75,41,72,5,2022,2,3,46,2,30,0
0,1,3,7,5,746,10,1,27,2,3,20,0,72,41,71,5,2021,2,4,46,36,30,1
0,1,1,7,5,799,1,1,46,2,0,57,0,11,41,8,7,2019,2,2,46,31,48,1
1,1,4,6,5,336,9,1,40,2,5,30,1,74,41,69,5,2025,2,5,46,2,39,1
2,3,3,5,5,109,7,1,40,1,6,1,1,71,41,68,5,2025,1,0,46,28,39,1
1,2,2,6,5,724,6,1,40,2,6,29,1,28,23,80,5,2022,0,1,26,9,39,1
1,1,2,8,5,574,9,1,18,2,6,65,0,35,41,30,5,2020,2,5,46,30,1,0
0,1,4,4,5,844,2,1,47,2,5,30,2,69,63,33,4,2025,2,3,68,2,49,1
1,1,4,8,5,203,11,1,43,1,5,61,2,12,41,13,8,2018,1,3,46,9,45,1
1,1,1,8,5,514,11,0,45,2,0,45,0,43,41,37,5,2018,2,1,46,9,42,0
0,1,2,4,5,827,6,1,18,2,4,30,0,59,41,52,5,2015,2,0,46,37,1,0
0,2,3,6,0,815,5,1,20,2,6,41,0,16,1,15,5,2022,2,1,0,8,21,1
0,1,1,8,3,684,8,1,9,2,2,68,1,51,73,17,3,2015,2,3,78,3,14,0
0,1,1,5,4,397,3,1,35,1,3,7,0,26,60,23,4,2024,1,4,18,28,8,0
0,1,2,7,5,363,8,1,31,1,6,16,0,45,47,40,7,2018,1,5,7,2,32,0
3,1,2,5,1,1612,2,0,1,2,6,81,1,6,18,0,1,2021,2,3,63,4,7,0
1,0,3,8,5,456,4,1,55,2,1,56,1,66,41,62,5,2022,2,3,46,29,55,0
1,1,3,8,5,428,7,1,27,2,4,24,0,22,41,22,5,2021,2,2,46,28,30,0
0,1,2,4,5,466,1,1,54,1,6,93,1,29,0,64,5,2025,1,3,6,2,34,0
0,1,2,4,5,792,6,0,27,2,5,6,1,69,41,33,5,2019,2,0,46,2,30,0
3,1,1,2,5,1691,1,1,27,2,3,24,0,13,41,14,5,2021,2,2,46,22,30,1
1,1,4,8,5,482,1,1,13,2,4,42,1,66,41,62,5,2025,2,2,46,22,16,0
0,1,1,4,5,844,11,1,55,2,6,6,0,29,41,64,5,2015,2,1,46,9,55,0
2,3,5,8,8,187,1,0,4,1,3,45,2,24,19,58,8,2022,1,5,20,29,5,0
0,1,1,4,5,637,11,1,6,2,0,41,1,39,23,32,4,2019,2,1,26,22,22,0
1,1,2,6,5,351,12,1,18,2,3,21,0,34,0,29,5,2024,2,3,6,23,1,0
0,0,6,7,5,798,7,1,18,2,3,147,2,19,41,34,5,2020,2,3,46,11,1,1
3,1,5,2,5,1756,10,1,27,2,5,81,1,65,41,61,5,2023,2,3,46,2,30,1
0,0,1,7,5,701,11,1,17,2,5,69,0,72,41,71,5,2023,2,1,46,2,19,1
1,1,5,6,5,111,3,1,21,1,4,35,1,77,41,75,6,2021,1,4,46,2,25,1
0,1,3,4,5,347,7,1,47,1,1,47,0,69,41,33,4,2022,1,3,46,5,49,1
2,1,3,5,5,187,9,1,17,2,2,42,1,7,41,47,5,2025,2,0,46,28,19,1
0,1,2,4,5,727,3,1,27,2,6,9,1,79,41,78,5,2021,2,1,46,22,30,1
1,1,5,8,5,253,8,1,0,1,1,51,2,58,41,53,8,2016,1,3,46,31,24,1
1,0,5,8,5,526,10,0,27,2,5,61,0,20,41,19,5,2017,2,1,46,28,30,0
0,1,2,3,1,351,5,1,11,1,3,50,1,33,65,28,3,2016,1,1,31,4,11,1
2,0,2,5,5,147,7,1,17,2,4,20,1,40,41,35,5,2025,2,2,46,9,19,1
0,1,4,4,5,339,10,0,54,1,5,72,0,4,41,5,5,2023,1,0,46,30,34,0
2,3,2,5,5,122,2,1,54,1,3,18,0,54,41,55,5,2024,1,0,46,2,34,1
0,1,1,8,4,1082,5,1,50,2,0,29,1,73,78,70,8,2019,2,3,79,5,46,1
1,1,3,8,5,251,5,1,55,1,1,17,1,73,41,70,5,2023,1,1,46,28,55,1
0,1,4,4,5,783,3,1,20,2,1,29,1,59,24,52,5,2020,0,5,27,9,21,0
0,0,2,4,5,777,8,1,27,2,0,60,0,5,41,6,5,2018,2,1,46,2,30,0
0,3,2,4,5,467,9,1,16,1,5,1,0,4,47,5,4,2023,1,5,7,30,41,1
0,2,6,4,5,678,2,1,47,2,4,88,1,69,41,33,4,2021,2,0,46,22,49,1
0,2,2,4,5,872,6,1,53,2,3,75,0,49,41,44,4,2019,2,1,46,31,54,1
2,1,3,5,5,674,3,1,18,2,6,41,1,71,24,68,5,2017,0,1,27,28,1,0
1,1,3,8,5,304,4,1,27,1,5,59,0,48,41,43,5,2025,1,4,46,22,30,1
3,1,4,2,5,1578,12,1,23,2,3,49,1,75,24,72,2,2023,2,1,27,31,26,0
0,0,3,7,5,397,2,1,18,1,4,47,2,45,41,40,5,2025,1,0,46,31,1,0
0,2,3,2,3,293,11,1,27,1,5,6,2,13,73,14,5,2023,1,1,78,21,30,1
0,1,4,4,5,718,8,1,22,3,6,5,1,59,63,52,4,2024,0,3,68,28,23,1
0,3,3,4,5,952,8,1,16,2,6,7,1,8,41,9,4,2021,2,3,46,30,41,0
0,1,3,4,5,822,4,1,16,2,1,3,0,69,20,33,4,2017,2,3,25,17,41,0
1,1,5,8,5,292,3,1,20,1,1,80,2,58,41,53,5,2019,1,0,46,2,21,1
0,1,2,8,6,728,6,1,50,2,3,78,1,20,4,19,8,2016,2,3,3,23,46,1
0,1,3,8,0,314,3,1,26,1,1,108,1,17,21,39,0,2022,1,3,23,20,28,1
0,1,1,6,0,456,5,0,42,1,3,133,1,16,36,15,0,2023,1,3,42,20,44,0
0,1,4,4,5,722,7,1,54,2,2,37,1,52,41,46,5,2024,2,2,46,5,34,0
1,1,1,8,5,566,5,0,17,2,4,3,1,66,41,62,5,2023,2,3,46,30,19,0
0,1,5,8,4,812,5,1,43,2,5,16,3,35,6,30,8,2023,2,1,5,13,45,0
0,1,3,2,4,495,10,1,47,1,6,2,1,75,32,72,4,2019,1,1,39,5,49,1
0,0,2,0,5,900,7,1,45,2,4,14,0,21,41,16,5,2025,2,4,46,30,42,0
0,1,3,8,4,993,6,1,54,2,2,7,0,66,48,62,5,2024,2,3,53,25,34,0
0,1,3,7,5,721,3,0,27,2,5,30,1,70,41,27,5,2018,2,3,46,9,30,1
1,3,1,8,5,471,8,1,37,2,4,75,0,43,41,37,8,2024,2,2,46,31,35,1
2,1,6,5,5,197,12,0,15,2,5,13,3,40,55,35,5,2015,2,0,54,30,18,1
1,3,1,8,5,284,8,1,20,1,6,50,0,43,41,37,5,2018,1,1,46,28,21,0
2,1,1,5,5,242,1,0,17,2,6,35,0,27,41,24,5,2021,2,4,46,22,19,0
0,0,3,6,8,629,7,1,45,2,3,25,0,3,53,4,5,2019,2,1,58,29,42,1
0,1,2,7,8,788,1,1,52,2,0,37,0,57,53,49,7,2024,2,2,58,24,51,1
0,2,1,4,5,950,8,0,27,2,5,1,0,39,41,32,5,2019,2,3,46,9,30,0
1,0,3,8,5,318,9,1,0,1,2,15,2,35,41,30,8,2023,1,4,46,28,24,0
0,1,5,7,8,373,1,1,0,1,1,57,0,70,17,27,8,2023,1,0,51,3,24,1
0,1,1,4,5,867,1,0,27,2,0,37,1,18,41,60,5,2021,2,1,46,22,30,1
0,1,5,4,1,294,6,1,35,1,1,41,1,81,65,81,4,2025,1,1,31,4,8,1
0,1,1,8,6,389,5,1,4,1,1,29,0,17,7,39,8,2025,1,2,10,25,5,1
1,0,4,8,5,207,12,0,55,1,0,68,0,14,41,54,5,2023,1,2,46,30,55,1
1,0,1,8,5,451,9,0,45,2,2,106,0,24,63,58,5,2024,2,3,68,29,42,1
3,1,2,2,5,1652,6,1,39,2,1,42,0,56,41,51,2,2025,2,3,46,22,38,0
0,0,2,0,6,717,2,1,32,2,0,56,1,60,29,56,6,2025,2,5,34,16,15,1
0,1,3,0,5,921,9,1,45,2,0,54,1,23,41,21,5,2021,2,2,46,30,42,1
1,1,3,8,5,555,3,1,50,2,4,11,0,20,41,19,8,2022,2,1,46,30,46,1
0,1,5,8,2,576,5,0,43,2,0,55,1,24,61,58,8,2024,2,4,65,25,45,0
0,1,5,0,5,475,4,1,15,1,6,55,1,21,41,16,5,2024,1,3,46,2,18,1
0,1,2,1,2,483,8,1,39,1,2,69,0,63,61,18,2,2018,1,2,65,0,38,1
1,1,3,8,5,507,7,1,40,2,5,59,0,35,41,30,5,2025,0,0,46,9,39,0
0,1,3,4,5,445,6,1,17,1,5,40,0,30,41,25,5,2020,1,1,46,17,19,1
0,1,4,4,5,649,10,1,13,2,0,39,2,59,41,52,5,2024,2,3,46,2,16,1
0,0,5,5,0,443,8,1,14,1,2,52,1,7,38,47,0,2019,1,3,44,32,17,1
3,1,1,3,5,1032,5,0,27,2,3,5,0,33,41,28,5,2024,2,3,46,2,30,0
0,1,5,6,3,705,7,0,9,2,6,29,1,34,73,29,3,2024,2,4,78,7,14,0
0,0,1,0,5,407,8,1,13,1,2,53,0,50,41,42,5,2024,1,1,46,20,16,0
2,1,6,5,5,158,3,1,13,2,6,91,2,55,41,50,5,2023,2,4,46,30,16,0
3,2,2,1,5,740,7,1,18,1,5,43,1,47,68,45,5,2018,1,1,71,22,1,0
1,1,2,8,5,195,11,0,27,1,5,75,1,35,41,30,5,2023,1,3,46,31,30,0
0,1,2,4,5,351,10,1,45,1,0,40,0,30,35,25,5,2022,1,5,40,33,42,1
0,1,2,4,8,841,5,1,0,2,4,47,0,52,62,46,8,2025,2,3,66,34,24,1
0,1,1,3,2,834,7,1,23,2,1,56,0,78,14,73,2,2024,2,0,13,1,26,0
0,0,4,3,8,500,12,1,37,1,2,24,1,78,62,73,8,2018,1,3,66,29,35,0
1,0,4,8,5,318,5,1,17,1,3,22,1,17,41,39,5,2024,1,4,46,9,19,0
1,1,4,8,5,313,12,0,27,1,3,51,1,66,41,62,5,2023,1,2,46,14,30,1
0,1,3,4,5,754,5,1,55,2,6,24,0,30,41,25,5,2018,2,5,46,30,55,1
0,0,1,0,5,947,12,1,27,2,3,17,1,2,41,3,5,2019,2,4,46,2,30,1
2,0,1,5,5,125,5,1,18,1,6,24,0,55,41,50,5,2021,1,5,46,9,1,0
0,2,5,4,5,813,1,1,28,2,1,72,1,79,20,78,4,2025,2,3,25,22,31,1
1,1,1,8,5,286,8,0,50,1,0,112,0,12,41,13,8,2023,1,3,46,29,46,0
1,0,1,8,5,545,7,1,27,2,6,57,0,38,41,31,5,2021,2,0,46,29,30,1
1,1,2,6,4,543,5,1,6,2,6,66,0,61,32,57,4,2020,2,0,39,37,22,0
3,3,3,3,5,1039,3,0,15,2,2,29,1,64,41,11,5,2023,2,1,46,30,18,1
1,0,3,8,5,222,3,1,4,1,1,37,0,17,41,39,8,2019,1,2,46,31,5,0
0,1,1,7,5,648,1,1,27,2,6,43,1,11,41,8,5,2019,2,3,46,28,30,1
3,1,4,3,5,567,6,1,11,1,0,64,1,33,41,28,3,2019,1,4,46,22,11,1
0,0,2,4,5,802,10,1,27,2,4,6,0,18,41,60,5,2023,2,5,46,12,30,0
0,3,3,4,5,458,9,0,18,1,0,11,0,5,41,6,5,2017,1,4,46,33,1,1
1,1,3,8,5,196,6,0,27,1,3,11,0,73,41,70,5,2024,1,5,46,3,30,1
1,1,3,8,5,887,10,1,37,3,6,40,2,73,41,70,8,2024,0,2,46,9,35,1
0,1,2,4,5,763,4,0,55,2,1,30,0,59,23,52,5,2017,2,2,26,28,55,1
2,1,3,4,4,207,5,1,53,1,0,73,2,18,78,60,4,2024,1,0,79,37,54,1
3,1,1,1,5,739,8,0,18,1,4,17,0,31,68,65,5,2018,1,1,71,6,1,1
0,0,5,3,3,755,10,1,10,2,4,72,2,64,76,11,3,2017,2,1,62,21,3,0
1,0,2,8,5,664,4,0,27,2,1,41,1,35,41,30,5,2019,0,3,46,30,30,0
3,0,1,1,5,866,6,0,18,1,5,15,1,36,41,79,5,2023,1,5,46,28,1,0
0,1,5,4,5,432,11,1,55,1,3,19,4,49,41,44,5,2025,1,1,46,13,55,0
0,1,2,2,4,698,2,0,22,2,0,35,1,1,9,2,4,2024,2,5,8,37,23,1
1,0,3,8,5,195,1,1,50,1,0,42,1,12,41,13,8,2023,1,1,46,3,46,1
3,3,3,2,5,1857,4,1,13,2,0,8,1,65,41,61,5,2019,2,3,46,31,16,0
3,1,1,3,5,969,3,1,27,2,5,58,1,67,41,67,5,2023,2,1,46,7,30,0
0,1,1,0,5,672,4,1,18,2,0,8,1,2,41,3,5,2019,2,0,46,9,1,0
1,1,2,8,5,577,8,0,37,2,6,50,1,58,41,53,8,2018,2,1,46,25,35,0
0,0,5,7,0,848,5,1,5,2,3,74,3,11,16,8,7,2018,2,3,21,11,6,0
1,1,1,8,5,483,11,1,55,2,1,36,1,20,24,19,5,2025,2,3,27,2,55,1
0,1,5,4,5,875,2,1,15,2,3,49,2,30,41,25,5,2025,2,1,46,33,18,1
3,1,3,3,5,977,8,1,13,2,1,63,1,64,41,11,5,2023,0,5,46,9,16,1
1,1,4,8,5,426,1,1,0,2,1,73,1,51,41,17,8,2021,2,1,46,28,24,1
0,1,1,4,5,315,1,0,54,1,5,69,0,79,41,78,5,2021,1,3,46,28,34,1
0,1,2,5,7,411,12,1,17,1,4,68,0,6,71,0,5,2025,1,4,72,11,19,0
1,1,2,8,5,436,4,1,15,2,6,103,0,48,41,43,5,2019,2,1,46,2,18,0
1,3,4,8,5,707,7,1,27,2,0,5,1,48,41,43,5,2025,0,5,46,22,30,0
1,2,5,8,5,249,5,0,40,1,0,69,1,35,41,30,5,2024,1,4,46,22,39,0
0,3,4,4,5,447,3,1,29,1,6,21,2,81,41,81,4,2025,1,5,46,9,47,0
1,1,3,6,5,197,10,0,15,1,1,36,0,61,41,57,5,2018,1,0,46,2,18,0
1,1,4,6,4,323,12,1,18,1,0,65,1,15,9,10,5,2019,1,5,8,17,1,0
0,1,5,7,5,630,5,1,54,2,5,102,2,70,41,27,5,2019,2,4,46,9,34,0
0,1,2,3,1,821,6,1,48,2,6,7,0,64,79,11,1,2015,2,3,36,6,50,1
1,1,3,6,5,158,7,1,55,1,0,46,1,9,41,12,5,2017,1,2,46,2,55,1
1,1,2,8,5,403,4,0,20,2,3,69,0,14,35,54,5,2025,2,1,40,28,21,1
0,1,3,4,5,754,9,1,22,2,4,87,1,8,55,9,4,2024,2,0,54,22,23,1
1,1,6,8,5,436,3,1,49,2,5,80,3,20,41,19,8,2016,2,5,46,2,53,1
1,0,2,8,5,235,4,0,15,1,0,2,0,58,41,53,5,2025,1,5,46,9,18,1
1,3,2,6,5,243,1,1,55,1,2,18,0,77,55,75,5,2015,1,1,54,22,55,1
0,2,2,4,5,721,8,1,15,2,1,14,1,30,41,25,5,2021,2,5,46,9,18,1
0,1,3,0,5,710,5,1,26,2,2,81,1,60,41,56,0,2020,2,4,46,28,28,1
1,1,1,6,4,476,11,1,13,2,1,71,1,10,5,7,5,2017,2,2,4,33,16,0
0,1,3,4,3,819,2,1,40,2,0,51,0,79,76,78,5,2016,2,2,62,18,39,0
1,0,3,8,5,485,1,1,27,2,1,71,1,48,41,43,5,2023,2,1,46,28,30,1
0,1,1,4,5,378,7,1,3,1,5,16,0,18,41,60,4,2017,1,5,46,5,4,1
1,1,3,6,5,351,1,1,55,2,5,67,0,74,41,69,5,2024,2,3,46,35,55,1
2,1,1,5,5,84,2,0,13,1,1,4,0,27,41,24,5,2018,1,4,46,22,16,1
0,0,2,7,5,428,1,1,44,1,1,22,1,72,41,71,7,2017,1,2,46,30,43,1
1,1,2,6,5,205,8,1,40,1,0,25,0,28,41,80,5,2019,1,3,46,22,39,0
3,1,5,5,1,1460,9,1,12,2,4,30,3,46,59,41,1,2022,2,5,41,31,13,0
1,1,4,8,5,232,1,1,45,1,4,1,1,22,41,22,5,2015,1,0,46,9,42,1
1,1,1,8,5,385,7,1,20,2,2,112,1,73,41,70,5,2017,2,1,46,28,21,0
0,1,2,4,5,938,10,1,20,2,1,17,1,8,41,9,5,2016,2,2,46,28,21,1
1,0,1,6,5,262,3,1,21,2,2,32,0,10,41,7,6,2025,2,1,46,23,25,0
1,1,1,8,5,1350,3,1,18,3,3,18,0,58,0,53,5,2025,0,2,6,28,1,0
0,2,1,4,5,404,8,1,27,1,2,77,0,29,41,64,5,2023,1,3,46,28,30,0
1,1,1,8,5,302,7,1,37,1,1,11,1,38,41,31,8,2023,1,3,46,29,35,0
0,0,3,7,0,327,8,1,45,1,4,64,1,70,36,27,5,2018,1,3,42,10,42,1
1,1,5,8,5,203,9,0,8,1,2,27,0,58,41,53,8,2019,1,2,46,28,9,1
0,0,4,4,5,302,5,1,27,1,0,8,1,69,41,33,5,2023,1,4,46,17,30,1
1,1,4,6,5,125,2,1,30,1,2,24,2,76,41,74,6,2023,1,2,46,22,33,0
2,1,4,5,5,120,9,1,55,1,5,87,1,68,41,63,5,2018,1,1,46,9,55,0
0,0,2,7,5,868,4,1,17,2,2,16,0,11,41,8,5,2025,2,3,46,22,19,1
0,3,1,4,5,335,8,1,25,1,5,51,0,18,41,60,4,2025,1,3,46,31,27,1
0,1,6,4,5,1099,9,0,55,3,1,8,1,52,41,46,5,2022,0,1,46,22,55,1
1,1,2,6,5,259,10,1,18,2,2,92,0,10,0,7,5,2018,2,2,6,30,1,0
0,1,1,8,4,1004,11,1,54,2,4,61,0,51,44,17,5,2019,2,1,49,14,34,1
1,1,2,8,5,208,8,1,27,1,2,71,0,12,41,13,5,2022,1,3,46,25,30,0
0,1,1,4,5,649,8,1,27,2,4,43,1,4,41,5,5,2025,2,4,46,2,30,0
0,3,1,4,5,475,7,1,17,1,6,50,0,4,41,5,5,2020,1,1,46,2,19,0
0,3,1,8,6,672,7,1,4,2,1,33,0,22,75,22,8,2023,2,1,77,23,5,0
1,1,1,6,5,174,10,1,27,1,4,47,0,28,41,80,5,2025,1,3,46,31,30,0
1,1,1,8,5,512,2,1,27,2,0,74,1,14,41,54,5,2018,2,3,46,2,30,1
0,1,1,7,5,435,1,0,27,1,3,30,0,70,41,27,5,2017,1,0,46,30,30,1
0,0,2,4,5,1302,9,0,54,3,0,28,0,79,41,78,5,2023,0,0,46,17,34,1
0,1,3,4,5,321,7,0,6,1,6,40,0,59,41,52,4,2025,1,3,46,5,22,1
1,0,1,8,5,413,9,1,4,2,4,5,0,51,41,17,8,2021,2,5,46,2,5,0
1,1,3,6,5,854,2,1,18,3,3,6,1,77,41,75,5,2018,0,5,46,28,1,1
0,1,2,4,5,826,4,1,22,2,0,91,0,81,50,81,4,2024,2,0,55,30,23,1
0,1,1,4,5,1201,10,0,55,3,0,87,1,4,35,5,5,2018,0,5,40,31,55,0
2,1,4,5,5,978,11,1,45,2,6,109,0,40,41,35,5,2017,0,1,46,2,42,0
0,1,1,7,5,342,6,1,17,1,1,43,1,32,41,26,5,2015,1,0,46,22,19,0
0,3,2,4,0,634,7,0,45,2,4,11,0,4,16,5,5,2018,2,3,21,27,42,0
2,1,1,5,5,149,12,1,45,2,4,40,0,54,35,55,5,2018,2,3,40,30,42,1
0,1,2,4,5,799,8,1,47,2,5,27,2,39,41,32,4,2018,2,5,46,2,49,1
0,2,3,4,5,479,3,1,25,1,2,111,0,4,41,5,4,2019,1,3,46,22,27,0
0,1,1,6,0,307,12,1,30,1,1,86,0,3,1,4,6,2015,1,2,0,16,33,0
1,1,3,8,5,312,6,1,27,1,0,63,0,22,41,22,5,2019,1,2,46,29,30,1
0,1,1,4,5,446,6,0,25,1,1,45,0,29,41,64,4,2022,1,4,46,28,27,0
1,1,1,8,5,440,11,0,0,2,0,27,1,24,0,58,8,2022,2,3,6,22,24,0
1,1,2,8,5,499,11,0,55,2,2,46,0,73,41,70,5,2025,2,1,46,2,55,0
0,3,2,7,5,336,8,1,15,1,6,32,0,72,24,71,5,2025,1,3,27,24,18,1
0,1,2,4,5,787,10,1,27,2,6,32,0,69,41,33,5,2016,2,0,46,17,30,0
0,1,1,4,5,736,4,1,27,2,4,26,0,49,41,44,5,2017,2,3,46,30,30,0
0,1,1,4,5,882,5,1,40,2,1,35,1,52,41,46,5,2020,2,4,46,30,39,0
0,1,4,7,5,698,9,1,46,2,1,97,2,32,41,26,7,2024,2,5,46,30,48,1
0,1,2,4,5,820,8,0,22,2,5,3,0,52,41,46,4,2022,2,1,46,33,23,1
2,1,3,5,5,172,7,1,27,2,0,11,0,71,23,68,5,2022,2,0,26,22,30,1
1,1,2,8,5,287,11,0,45,1,5,41,1,24,41,58,5,2016,1,5,46,30,42,0
1,1,2,8,5,562,1,0,49,2,2,33,1,12,41,13,8,2016,2,3,46,3,53,1
0,2,2,4,8,476,9,1,49,1,6,58,0,29,17,64,8,2021,1,5,51,13,53,0
1,0,3,6,5,122,6,1,27,1,3,41,1,3,41,4,5,2018,1,3,46,16,30,1
0,1,3,5,0,816,1,1,45,2,4,5,2,25,38,20,5,2023,2,3,44,10,42,0
0,1,5,4,8,438,8,1,4,1,4,58,2,53,30,48,8,2025,1,0,35,12,5,0
1,0,1,8,5,196,11,1,20,1,0,20,0,43,47,37,5,2017,1,1,7,14,21,1
0,1,1,7,5,704,7,1,52,2,2,4,0,32,23,26,7,2024,2,3,26,15,51,0
0,3,1,4,5,907,10,1,53,2,5,9,1,29,41,64,4,2015,2,2,46,28,54,0
1,1,2,6,4,541,1,1,7,2,5,12,1,61,44,57,4,2019,2,5,49,19,10,1
0,1,4,4,3,847,1,0,22,2,3,12,1,52,28,46,4,2015,2,5,33,21,23,0
0,1,1,4,5,369,12,1,45,1,6,30,0,30,20,25,5,2020,1,4,25,22,42,0
3,1,5,3,5,1109,6,1,17,2,4,14,1,67,41,67,5,2022,2,3,46,30,19,0
3,1,1,2,5,733,12,1,18,1,2,12,0,65,41,61,5,2024,1,3,46,31,1,0
0,1,1,8,4,803,9,1,7,3,6,31,1,66,81,62,4,2023,0,1,81,33,10,0
1,0,1,8,5,499,1,0,45,2,5,73,1,20,41,19,5,2018,2,5,46,28,42,1
0,1,2,7,4,877,5,1,46,2,1,32,0,11,5,8,7,2015,0,1,4,24,48,0
3,1,2,5,2,1769,7,1,55,2,0,84,0,68,14,63,5,2021,2,5,13,26,55,1
1,1,6,6,5,444,9,1,40,2,2,35,3,15,41,10,5,2018,2,1,46,35,39,1
0,0,2,8,4,510,2,1,4,1,2,49,0,35,46,30,8,2021,1,1,52,33,5,1
0,1,1,5,0,877,2,0,14,2,6,32,0,55,21,50,0,2016,2,1,23,2,17,0
1,2,1,6,5,217,8,1,27,1,1,24,1,15,41,10,5,2016,1,2,46,2,30,0
0,1,3,7,5,345,1,1,38,1,6,25,1,72,41,71,7,2024,1,5,46,36,37,1
3,2,1,3,5,1017,1,1,34,2,2,59,0,64,41,11,3,2025,2,0,46,30,0,0
1,1,1,6,5,246,3,1,27,1,4,40,0,76,41,74,5,2022,1,4,46,30,30,1
0,1,2,4,5,771,2,1,18,2,1,48,1,81,0,81,5,2025,2,1,6,31,1,1
0,0,5,4,5,772,8,0,47,2,4,16,2,30,41,25,4,2023,2,1,46,22,49,1
0,1,2,4,5,788,10,1,13,2,6,31,1,52,50,46,5,2022,0,0,55,33,16,0
0,1,2,0,5,302,4,1,54,1,6,61,1,50,41,42,5,2022,1,3,46,9,34,1
1,1,1,8,5,186,2,1,40,1,1,5,1,24,41,58,5,2025,1,1,46,31,39,0
1,1,3,8,5,252,11,1,27,1,3,14,1,14,41,54,5,2021,1,1,46,22,30,1
0,1,2,7,5,370,9,0,20,1,1,30,1,45,41,40,5,2019,1,1,46,28,21,0
0,0,3,4,5,305,11,1,13,1,5,1,0,79,41,78,5,2022,1,3,46,22,16,1
0,0,2,4,5,893,11,0,27,2,5,101,0,53,41,48,5,2024,2,3,46,28,30,0
1,2,3,8,5,525,1,1,37,2,2,2,0,73,41,70,8,2024,2,1,46,28,35,1
0,1,5,4,5,396,4,1,35,1,4,81,1,81,41,81,4,2017,1,2,46,2,8,0
2,0,4,5,5,119,8,1,20,1,0,13,1,46,50,41,5,2019,1,1,55,31,21,0
0,0,2,3,6,766,10,0,55,2,6,110,0,33,15,28,5,2024,2,2,16,19,55,0
3,1,2,2,5,868,3,0,18,1,3,19,1,56,41,51,5,2020,1,2,46,31,1,1
0,1,2,6,3,689,4,1,24,2,1,54,0,15,66,10,3,2016,2,3,37,21,29,0
1,1,4,8,5,301,3,0,20,1,4,27,0,38,47,31,5,2017,1,2,7,30,21,0
2,0,2,5,5,66,1,0,40,1,1,27,1,25,55,20,5,2021,1,3,54,9,39,1
1,0,3,6,5,290,3,1,55,2,4,24,1,74,41,69,5,2024,2,4,46,31,55,1
1,3,2,8,5,579,11,0,17,2,4,39,1,48,41,43,5,2025,2,2,46,2,19,0
0,1,3,6,8,448,5,0,37,1,4,13,1,28,43,80,8,2020,1,5,48,3,35,0
0,1,5,4,5,348,9,0,15,1,0,29,2,81,41,81,5,2020,1,4,46,28,18,1
0,1,1,3,8,1091,6,0,34,3,1,19,0,62,70,76,3,2015,0,1,73,21,0,0
0,1,3,4,5,454,4,0,27,1,4,102,0,79,41,78,5,2023,1,1,46,33,30,1
1,0,1,8,5,446,8,1,45,2,0,31,1,24,41,58,5,2015,2,3,46,22,42,0
0,0,1,4,5,337,1,1,22,1,3,53,1,52,41,46,4,2018,1,4,46,5,23,1
0,1,5,0,5,335,4,1,18,1,6,28,2,2,0,3,5,2022,1,0,6,22,1,1
1,1,2,8,5,465,7,1,37,2,2,14,0,58,41,53,8,2016,2,4,46,30,35,1
0,0,1,4,5,316,1,1,27,1,6,13,0,53,41,48,5,2024,1,3,46,30,30,0
0,1,4,5,4,414,11,0,27,1,3,23,1,27,6,24,5,2018,1,4,5,37,30,0
2,1,3,5,5,205,10,1,55,2,3,8,1,40,41,35,5,2018,2,4,46,28,55,1
1,1,1,8,5,552,7,1,27,2,4,49,1,73,41,70,5,2025,2,4,46,29,30,1
1,0,2,8,5,533,5,1,20,2,0,4,1,38,41,31,5,2017,0,0,46,25,21,1
1,1,4,8,5,301,1,1,50,1,6,3,0,20,20,19,8,2025,1,4,25,28,46,0
1,1,1,8,5,412,3,1,37,2,4,45,1,58,63,53,8,2024,2,5,68,22,35,1
0,3,2,0,5,640,7,1,54,2,2,87,1,50,41,42,5,2025,0,0,46,20,34,1
0,0,1,7,5,664,3,0,19,2,3,59,1,19,41,34,7,2024,2,5,46,31,20,1
1,0,5,8,5,219,12,1,55,1,3,108,0,48,41,43,5,2019,1,1,46,30,55,0
1,0,1,6,5,397,11,1,17,2,2,55,0,9,50,12,5,2024,2,3,55,2,19,1
1,1,2,8,5,514,9,1,54,2,0,20,0,17,41,39,5,2023,2,5,46,22,34,0
0,3,2,0,5,746,10,0,27,2,2,47,0,50,41,42,5,2021,2,0,46,28,30,1
3,0,2,1,5,831,11,0,2,1,4,98,0,80,23,77,1,2016,1,3,26,2,2,1
1,3,3,8,5,230,4,0,54,1,1,36,1,22,41,22,5,2016,1,5,46,22,34,1
1,1,6,8,5,190,8,1,27,1,1,49,2,38,41,31,5,2022,1,0,46,30,30,0
0,0,4,7,5,385,5,1,40,1,4,77,2,32,41,26,5,2024,1,3,46,31,39,1
3,1,6,3,5,895,11,1,33,2,5,103,2,67,41,67,3,2023,2,1,46,9,12,1
0,3,1,8,6,723,9,1,49,2,1,23,0,51,7,17,8,2019,2,2,10,8,53,0
3,1,2,2,5,752,6,1,27,1,5,14,1,56,41,51,5,2021,1,5,46,26,30,1
1,1,5,6,5,382,10,0,27,2,5,13,0,28,41,80,5,2021,2,5,46,8,30,1
0,1,5,4,5,867,11,1,45,2,1,37,1,30,41,25,5,2023,2,1,46,5,42,1
0,0,3,4,5,712,8,0,54,2,1,28,0,4,41,5,5,2015,2,3,46,31,34,0
0,1,2,8,6,352,7,0,21,1,1,10,0,43,75,37,6,2017,1,2,77,3,25,1
0,0,3,4,5,704,12,1,29,2,4,30,1,29,41,64,4,2017,2,1,46,22,47,1
1,3,3,8,5,314,3,1,27,1,2,38,2,22,41,22,5,2023,1,1,46,22,30,0
2,0,1,5,5,174,3,1,13,2,3,14,1,68,41,63,5,2025,2,5,46,22,16,0
0,1,1,0,6,811,4,0,21,2,1,47,1,23,10,21,6,2018,2,0,15,27,25,0
0,0,1,2,6,393,3,1,23,1,6,59,0,75,75,72,2,2025,1,4,77,23,26,1
1,1,4,4,6,225,12,1,32,1,5,3,3,8,7,9,6,2023,1,2,10,23,15,0
1,1,5,8,5,594,6,1,13,2,6,32,2,38,23,31,5,2022,2,2,26,9,16,1
0,2,3,4,5,900,5,1,55,2,5,8,0,4,41,5,5,2024,2,3,46,17,55,1
2,1,2,5,5,194,3,1,17,2,6,103,0,55,20,50,5,2023,2,5,25,2,19,0
3,0,1,2,5,1212,8,1,55,2,1,55,0,1,41,2,5,2025,0,5,46,31,55,0
1,3,4,6,5,350,12,0,40,2,0,37,0,9,41,12,5,2022,2,2,46,8,39,0
1,1,3,8,5,580,11,1,27,2,4,39,0,24,41,58,5,2016,0,4,46,14,30,0
1,1,2,8,5,309,1,1,13,1,2,11,0,12,41,13,5,2022,1,3,46,31,16,1
0,1,1,4,5,351,4,1,7,1,1,71,1,53,41,48,4,2017,1,1,46,2,10,1
0,0,2,4,5,355,5,1,28,1,1,66,0,53,41,48,4,2023,1,4,46,31,31,1
1,1,2,8,5,528,10,0,27,2,0,5,1,17,41,39,5,2023,2,1,46,28,30,1
2,0,1,5,5,67,3,1,40,1,4,37,0,55,23,50,5,2019,1,3,26,30,39,0
3,1,3,5,2,780,6,1,45,1,3,100,0,25,51,20,5,2019,1,5,56,30,42,0
0,1,1,3,1,363,2,1,40,1,0,16,0,67,65,67,5,2025,1,1,31,0,39,1
0,1,4,4,5,787,1,1,13,2,0,43,0,39,41,32,5,2021,2,4,46,30,16,0
1,2,5,8,5,466,3,1,50,2,6,81,2,43,41,37,8,2015,2,1,46,14,46,1
1,1,2,8,5,557,12,1,0,2,3,11,1,43,23,37,8,2018,2,0,26,9,24,1
0,3,2,8,6,401,7,1,0,1,5,19,1,38,74,31,8,2015,1,1,76,35,24,1
1,1,4,6,5,514,4,1,55,2,6,12,3,9,55,12,5,2017,0,1,54,30,55,1
1,1,2,5,8,275,8,1,54,1,4,36,1,68,53,63,5,2024,1,5,58,31,34,1
3,3,3,5,3,1050,6,1,33,2,6,53,0,55,66,50,3,2025,2,0,37,7,12,0
1,1,3,6,5,753,1,1,40,3,1,51,2,16,50,15,5,2020,0,1,55,22,39,1
0,1,6,5,0,790,6,0,17,2,3,38,1,27,38,24,5,2021,2,1,44,32,19,0
0,3,5,7,5,847,7,1,17,2,4,53,1,72,41,71,5,2019,2,1,46,31,19,0
0,1,1,8,4,1020,4,1,4,2,0,1,0,24,48,58,8,2020,2,5,53,33,5,1
0,1,1,5,4,440,7,1,45,1,0,39,1,40,33,35,5,2020,1,3,69,17,42,1
1,1,1,8,5,484,12,1,45,2,3,4,1,73,41,70,5,2024,2,5,46,22,42,0
0,1,1,8,4,1409,7,1,40,3,3,40,0,43,25,37,5,2025,0,0,30,17,39,0
1,0,1,8,5,511,11,0,40,2,4,49,0,66,41,62,5,2018,2,4,46,3,39,1
1,1,2,8,5,497,7,0,49,2,6,48,0,14,41,54,8,2025,2,3,46,22,53,1
1,1,3,6,5,129,12,0,45,1,3,84,0,76,41,74,5,2024,1,4,46,23,42,1
2,3,4,5,5,110,2,1,45,1,4,8,0,25,41,20,5,2019,1,3,46,31,42,0
1,1,3,8,5,402,8,1,54,2,4,32,0,17,23,39,5,2023,2,4,26,14,34,0
1,1,2,6,5,363,4,1,40,2,6,95,1,10,41,7,5,2020,2,1,46,19,39,1
0,3,1,4,5,945,4,1,45,2,5,57,1,4,20,5,5,2019,2,1,25,2,42,0
0,3,1,7,5,772,12,0,38,2,0,97,1,32,41,26,7,2019,2,2,46,31,37,0
1,1,4,8,5,188,8,1,45,1,6,86,4,17,41,39,5,2022,1,4,46,3,42,1
1,3,1,8,5,241,6,1,27,1,4,14,0,17,41,39,5,2022,1,1,46,22,30,1
0,1,1,4,5,766,12,1,40,2,2,62,0,18,41,60,5,2023,2,4,46,2,39,1
0,1,4,5,0,1058,8,0,54,3,5,15,2,68,56,63,5,2023,0,5,60,28,34,1
1,1,1,6,5,405,11,1,18,2,6,7,0,74,41,69,5,2020,2,5,46,31,1,1
0,0,5,4,5,450,6,1,13,1,1,49,2,39,41,32,5,2016,1,1,46,9,16,0
0,0,3,6,8,449,6,1,37,1,1,19,0,61,62,57,8,2024,1,2,66,29,35,0
1,1,2,8,5,311,5,1,27,1,5,48,0,24,41,58,5,2024,1,5,46,29,30,1
1,1,2,8,5,257,4,1,18,1,5,6,0,20,20,19,5,2019,1,5,25,25,1,0
1,3,4,8,5,458,10,1,27,2,0,28,0,51,41,17,5,2018,2,2,46,2,30,1
0,0,3,7,5,400,7,1,46,1,3,57,2,11,41,8,7,2023,1,3,46,22,48,1
0,1,1,4,5,880,1,0,55,2,0,1,0,30,41,25,5,2024,0,3,46,2,55,1
0,3,2,4,0,717,10,0,54,2,0,81,1,53,1,48,5,2019,2,1,0,5,34,1
1,1,3,8,5,484,12,0,27,2,0,90,1,51,24,17,5,2023,2,3,27,30,30,1
1,0,1,5,8,466,9,1,0,2,3,63,1,6,19,0,8,2019,2,1,20,34,24,1
1,3,2,6,5,350,5,1,32,2,6,49,0,3,41,4,6,2025,2,1,46,2,15,1
0,1,3,7,5,813,1,1,27,2,2,21,1,70,41,27,5,2024,2,1,46,9,30,1
1,3,1,6,5,379,5,0,27,2,4,24,1,74,41,69,5,2018,2,0,46,28,30,0
0,0,4,0,5,909,5,1,54,2,0,81,4,60,41,56,5,2024,2,3,46,32,34,0
1,1,3,8,5,203,2,0,55,1,2,30,2,14,63,54,5,2025,1,1,68,30,55,0
0,3,1,4,5,846,5,1,40,2,6,66,0,49,41,44,5,2019,2,3,46,28,39,0
0,0,3,0,5,687,12,1,18,2,1,42,1,23,41,21,5,2025,2,1,46,28,1,1
0,0,6,0,5,364,11,1,17,1,1,12,2,50,41,42,5,2024,1,4,46,9,19,0
1,1,1,6,5,424,8,1,41,2,5,49,0,3,41,4,6,2024,2,5,46,9,40,0
2,1,5,2,2,120,3,1,39,1,3,46,1,75,2,72,2,2018,1,1,1,1,38,1
1,3,3,8,5,435,11,1,27,2,2,27,0,24,41,58,5,2016,2,2,46,31,30,1
1,0,4,4,6,517,7,1,32,2,6,43,1,53,7,48,6,2018,2,5,10,23,15,0
1,1,3,8,5,653,10,0,43,3,1,53,0,24,41,58,8,2017,0,2,46,30,45,1
3,1,3,3,5,1043,11,1,18,2,6,36,1,62,41,76,5,2023,2,3,46,9,1,1
1,0,2,6,5,202,3,1,54,1,2,31,1,9,41,12,5,2020,1,4,46,9,34,0
3,1,4,3,5,1056,10,1,13,2,6,62,2,67,35,67,5,2024,2,1,40,9,16,0
3,1,4,2,5,1587,3,1,18,2,6,106,3,75,41,72,5,2025,2,1,46,26,1,0
1,1,2,8,5,453,4,1,49,2,6,40,0,12,24,13,8,2017,2,1,27,30,53,0
0,0,4,2,8,684,4,1,0,2,2,53,1,56,22,51,8,2025,2,3,22,25,24,0
0,0,2,4,5,739,11,1,16,2,0,30,0,39,41,32,4,2021,2,4,46,31,41,0
1,0,1,4,6,708,3,1,13,2,4,48,0,49,80,44,5,2017,2,4,28,8,16,0
3,3,1,3,5,497,2,1,24,1,3,64,1,37,35,66,3,2024,1,5,40,31,29,1
1,1,1,8,5,429,2,1,37,2,1,21,1,73,41,70,8,2021,2,3,46,28,35,0
0,1,1,4,5,315,6,0,18,1,2,5,0,79,35,78,5,2025,1,5,40,12,1,1
1,0,4,8,5,483,7,1,17,2,3,16,1,43,41,37,5,2015,2,1,46,2,19,0
2,1,3,5,5,890,6,1,55,3,1,1,1,7,41,47,5,2025,0,1,46,22,55,0
1,3,3,8,5,531,5,1,49,2,1,41,1,24,41,58,8,2015,2,2,46,28,53,1
1,1,6,8,5,517,1,1,50,2,6,43,3,20,50,19,8,2018,2,2,55,9,46,0
1,3,2,6,5,204,8,1,30,1,4,14,1,9,41,12,6,2024,1,0,46,19,33,0
2,1,2,5,5,192,4,1,55,2,0,48,1,7,41,47,5,2024,2,4,46,22,55,0
2,3,2,5,5,75,6,1,15,1,0,2,1,26,41,23,5,2022,1,4,46,30,18,0
2,3,2,5,5,134,11,1,45,2,0,84,1,55,68,50,5,2025,2,5,71,9,42,1
0,1,2,4,5,308,7,1,45,1,0,10,1,30,41,25,5,2020,1,4,46,2,42,1
2,1,1,5,5,223,4,1,18,2,0,16,0,40,41,35,5,2025,2,4,46,31,1,0
1,3,4,6,5,221,7,1,27,2,5,142,2,74,41,69,5,2024,2,2,46,19,30,1
1,1,3,8,5,440,8,1,15,2,5,7,1,38,41,31,5,2015,2,1,46,14,18,0
3,1,6,2,5,851,7,1,27,1,5,44,2,56,41,51,5,2025,1,5,46,30,30,1
0,1,3,0,5,833,3,0,55,2,6,13,0,50,24,42,5,2023,2,5,27,31,55,0
0,2,1,4,5,460,2,1,13,1,5,7,0,49,41,44,5,2017,1,4,46,28,16,0
1,1,2,6,5,212,2,1,27,1,0,79,1,77,41,75,5,2025,1,1,46,31,30,0
0,0,2,5,4,808,6,0,22,2,3,56,0,6,81,0,4,2024,2,5,81,13,23,0
1,1,4,8,5,309,10,1,4,1,2,25,0,43,41,37,8,2021,1,3,46,30,5,0
1,1,2,8,5,534,11,1,4,2,5,49,1,51,41,17,8,2022,2,3,46,9,5,1
2,0,1,5,5,67,7,1,40,1,6,6,1,26,41,23,5,2025,1,3,46,9,39,1
0,1,3,7,5,402,6,1,44,1,1,73,0,70,24,27,7,2019,1,1,27,2,43,1
0,1,3,4,5,493,5,0,18,1,0,45,0,59,41,52,5,2017,1,5,46,9,1,0
0,1,2,4,2,428,2,1,47,1,3,39,0,39,14,32,4,2016,1,5,13,26,49,1
0,2,3,5,4,418,11,0,6,1,5,12,1,25,5,20,4,2025,1,5,4,9,22,1
3,3,2,5,3,588,2,1,11,1,3,34,0,68,28,63,3,2016,1,1,33,21,11,0
0,2,6,5,4,780,12,1,16,2,4,15,2,68,52,63,4,2024,2,5,59,17,41,1
1,1,1,8,5,308,9,0,13,1,5,132,0,20,41,19,5,2018,1,1,46,28,16,0
1,0,5,5,8,306,3,0,40,1,5,45,1,26,30,23,5,2023,1,1,35,28,39,1
0,1,2,4,5,664,3,0,55,2,5,94,0,8,41,9,5,2024,2,5,46,9,55,0
0,3,4,6,7,737,6,1,32,2,4,32,0,74,40,69,6,2021,2,1,45,15,15,1
1,3,3,6,4,516,6,1,6,2,4,76,1,76,52,74,4,2022,2,5,59,33,22,0
0,1,4,7,7,634,11,1,19,2,6,45,1,72,49,71,7,2022,2,3,57,24,20,1
0,1,1,0,5,911,7,1,45,2,1,27,1,44,68,38,5,2017,2,4,71,2,42,1
3,2,1,3,5,1119,6,1,27,2,1,19,1,78,41,73,5,2015,2,3,46,30,30,0
1,3,5,6,5,1186,8,1,41,3,4,27,2,76,41,74,6,2021,0,5,46,31,40,1
0,1,2,4,5,709,12,1,29,2,6,77,0,81,41,81,4,2025,2,1,46,31,47,1
0,1,2,4,5,774,11,1,27,2,5,22,1,39,41,32,5,2015,2,0,46,33,30,0
1,1,2,5,8,466,12,1,4,2,4,11,1,54,22,55,8,2016,2,2,22,25,5,0
3,1,1,2,5,1575,5,0,27,2,2,57,0,13,41,14,5,2023,2,5,46,30,30,1
0,1,2,4,5,666,6,1,27,2,4,3,1,79,41,78,5,2024,2,3,46,22,30,1
3,1,2,3,5,600,10,1,34,1,4,33,0,62,41,76,3,2023,1,3,46,30,0,0
0,1,1,4,8,896,1,1,3,2,3,81,1,49,62,44,4,2019,2,3,66,14,4,0
1,3,3,8,5,402,2,1,27,2,1,100,0,73,41,70,5,2019,2,1,46,29,30,0
1,0,1,5,6,172,12,0,27,1,0,43,0,46,15,41,5,2023,1,2,16,31,30,0
0,0,4,0,4,683,3,1,22,2,6,53,1,42,6,36,4,2016,2,1,5,12,23,1
1,1,1,8,5,231,5,1,43,1,0,48,0,58,55,53,8,2024,1,4,54,34,45,1
0,1,2,4,5,1191,1,0,27,3,3,1,1,30,41,25,5,2023,0,2,46,31,30,1
0,1,1,4,0,724,8,0,18,2,2,81,0,59,36,52,5,2025,2,1,42,10,1,1
1,1,4,8,5,188,2,1,27,1,0,20,0,12,41,13,5,2025,1,0,46,3,30,0
0,1,2,0,5,781,1,1,18,2,3,15,1,2,41,3,5,2022,2,1,46,9,1,1
0,0,1,7,5,374,10,1,27,1,5,89,0,11,41,8,5,2015,1,1,46,36,30,0
0,3,4,4,5,873,8,0,54,2,4,53,2,59,41,52,5,2018,0,4,46,28,34,0
0,1,2,4,5,707,1,1,18,2,3,44,0,5,41,6,5,2017,2,1,46,31,1,1
2,1,1,2,2,145,1,1,39,1,0,67,1,1,72,2,2,2025,1,3,75,1,38,1
0,0,3,4,1,282,9,1,45,1,6,101,2,49,18,44,5,2019,1,4,63,17,42,0
0,1,3,4,5,781,12,1,27,2,5,70,1,5,41,6,5,2025,0,4,46,30,30,1
0,1,3,4,8,487,10,0,37,1,4,52,1,49,31,44,8,2017,1,4,38,25,35,1
1,1,3,8,5,285,11,1,50,1,5,53,1,35,41,30,8,2018,1,3,46,31,46,1
1,1,2,5,6,317,4,1,40,2,5,47,0,55,4,50,5,2015,2,3,3,2,39,0
0,1,5,4,5,967,11,0,13,2,4,48,2,8,41,9,5,2023,2,3,46,30,16,1
2,1,1,5,5,184,5,1,17,2,6,44,0,26,24,23,5,2023,2,1,27,22,19,0
1,3,2,8,5,281,8,0,15,1,6,35,0,66,0,62,5,2022,1,1,6,34,18,0
2,0,2,5,5,104,11,1,40,1,2,25,0,25,23,20,5,2017,1,1,26,30,39,0
0,0,3,6,8,790,4,1,4,2,4,66,0,15,13,10,8,2018,2,1,12,29,5,1
0,1,2,1,0,684,11,1,42,2,4,48,0,47,56,45,0,2024,2,1,60,27,44,0
0,0,2,7,5,675,12,1,17,2,4,39,1,72,41,71,5,2025,2,5,46,9,19,1
1,3,2,8,5,558,6,1,27,2,2,21,1,51,41,17,5,2025,2,4,46,3,30,1
3,1,6,5,3,554,5,1,10,1,1,20,0,40,11,35,3,2018,1,0,64,31,3,1
0,1,4,7,5,926,11,1,44,3,0,28,0,72,41,71,7,2024,0,1,46,30,43,1
1,1,4,8,5,307,3,0,27,1,0,46,0,48,41,43,5,2024,1,1,46,30,30,1
2,0,2,5,5,158,10,1,27,2,6,51,0,7,41,47,5,2024,2,5,46,28,30,0
0,3,1,7,4,812,7,1,53,2,5,75,0,72,78,71,4,2015,2,5,79,5,54,0
0,0,5,0,5,374,11,1,40,1,6,74,0,42,41,36,5,2017,1,5,46,22,39,1
1,0,3,8,5,463,7,1,40,2,1,82,1,24,23,58,5,2024,2,5,26,2,39,0
1,0,5,6,5,240,10,1,17,1,3,75,2,15,41,10,5,2024,1,3,46,19,19,1
0,0,3,5,7,368,1,0,44,1,4,34,1,54,49,55,7,2025,1,0,57,28,43,0
3,1,1,2,5,925,8,1,18,1,0,64,1,56,20,51,5,2025,1,3,25,31,1,1
1,1,3,8,5,268,5,1,4,1,6,77,0,12,41,13,8,2023,1,2,46,34,5,1
1,1,2,8,5,405,2,0,27,2,0,22,0,24,41,58,5,2021,2,5,46,22,30,1
1,0,6,8,5,480,10,0,45,2,4,25,1,24,41,58,5,2024,2,1,46,14,42,1
3,1,5,1,5,868,11,1,55,1,0,26,0,80,41,77,5,2017,1,2,46,28,55,1
0,1,3,4,1,719,7,1,12,2,3,4,0,39,59,32,1,2020,2,4,41,12,13,0
0,3,2,4,5,451,3,1,18,1,6,75,0,49,41,44,5,2024,1,1,46,30,1,1
0,1,1,0,5,700,9,0,55,2,2,41,0,23,55,21,5,2021,0,5,54,20,55,0
0,2,5,4,5,637,11,1,40,2,2,28,2,18,41,60,5,2023,2,4,46,2,39,0
0,1,2,3,1,356,1,1,24,1,0,18,1,78,65,73,3,2017,1,1,31,6,29,1
1,1,1,8,5,312,10,1,55,1,4,45,0,22,41,22,5,2022,1,4,46,29,55,0
0,1,5,4,5,509,8,1,53,2,6,28,2,79,23,78,4,2017,0,3,26,31,54,1
1,0,3,6,5,371,1,1,30,2,3,23,0,61,24,57,6,2019,2,3,27,28,33,0
0,1,1,4,5,640,6,0,29,2,2,70,1,18,41,60,4,2019,2,0,46,5,47,0
1,3,5,8,5,254,7,1,20,1,1,46,1,20,41,19,5,2018,1,5,46,29,21,1
0,1,4,0,5,415,7,0,54,1,2,35,1,0,41,1,5,2016,1,1,46,28,34,1
3,1,2,3,5,581,5,1,13,1,6,44,2,37,41,66,5,2023,1,1,46,22,16,1
0,0,1,0,3,746,1,1,14,2,6,32,1,0,11,1,0,2023,2,3,64,18,17,1
0,1,2,7,4,708,9,1,19,2,5,11,1,45,9,40,7,2022,2,4,8,17,20,1
0,3,4,4,5,329,5,1,55,1,0,68,1,8,41,9,5,2023,1,0,46,22,55,0
1,1,5,6,5,203,9,1,18,1,5,24,2,76,41,74,5,2016,1,4,46,2,1,0
1,1,1,4,6,310,11,1,3,1,3,31,1,18,80,60,4,2020,1,3,28,33,4,1
1,1,2,5,6,185,1,1,32,1,0,2,0,46,69,41,6,2019,1,2,74,19,15,0
1,1,1,8,5,576,11,0,27,2,1,21,0,38,41,31,5,2015,2,3,46,29,30,1
0,3,2,7,5,741,1,1,5,2,5,26,1,45,41,40,7,2024,2,3,46,22,6,1
0,2,4,4,5,476,11,1,22,1,2,40,2,30,41,25,4,2023,1,3,46,13,23,1
0,1,2,4,5,421,2,1,40,1,5,1,0,4,41,5,5,2015,1,2,46,22,39,1
1,1,2,6,5,359,10,1,15,2,0,32,0,16,63,15,5,2025,2,3,68,35,18,0
0,3,2,4,5,823,4,1,18,2,3,32,1,69,41,33,5,2016,2,4,46,31,1,1
0,0,2,8,3,396,5,1,4,1,1,12,1,51,76,17,8,2022,1,5,62,21,5,0
1,2,2,8,5,597,11,1,54,2,0,82,1,24,20,58,5,2020,2,3,25,31,34,0
0,0,2,4,7,648,7,1,44,2,5,76,0,52,71,46,7,2020,2,2,72,24,43,1
0,1,5,5,0,823,9,1,17,2,0,63,2,27,56,24,5,2025,2,2,60,31,19,0
0,1,1,4,5,690,2,1,18,2,2,11,1,4,41,5,5,2020,2,2,46,33,1,0
2,3,4,5,5,113,5,1,27,1,3,63,0,25,41,20,5,2017,1,5,46,30,30,0
0,1,1,7,5,365,7,1,13,1,1,88,1,72,41,71,5,2023,1,2,46,36,16,1
1,1,1,6,5,361,9,1,27,2,0,9,1,77,41,75,5,2024,2,5,46,16,30,1
0,1,2,4,5,777,4,1,6,2,6,72,0,59,23,52,4,2024,2,3,26,2,22,1
1,1,4,8,5,271,3,1,45,1,5,13,2,17,35,39,5,2021,1,5,40,2,42,0
0,1,2,0,8,598,1,1,43,2,0,52,0,42,17,36,8,2023,2,1,51,10,45,0
0,1,2,4,5,792,7,0,40,2,0,3,1,59,41,52,5,2015,2,1,46,28,39,1
0,1,5,7,5,611,4,1,13,2,0,33,1,19,0,34,5,2016,2,3,6,2,16,0
0,1,5,4,5,368,6,1,27,1,3,19,0,18,41,60,5,2025,1,2,46,13,30,0
0,1,2,0,5,327,2,0,45,1,4,31,1,44,41,38,5,2016,1,3,46,9,42,1
0,1,3,4,5,730,12,0,13,2,2,37,1,5,41,6,5,2024,2,4,46,28,16,1
1,0,1,6,5,160,4,0,13,1,2,2,1,34,68,29,5,2019,1,5,71,28,16,0
2,1,2,5,5,129,6,1,27,1,2,47,1,71,41,68,5,2023,1,3,46,22,30,0
0,1,6,3,2,840,5,1,20,2,4,2,1,78,2,73,5,2016,2,0,1,26,21,0
1,3,3,6,5,296,12,1,27,2,1,11,0,61,41,57,5,2022,2,2,46,2,30,1
0,1,1,0,5,442,3,1,55,1,2,81,0,50,41,42,5,2024,1,1,46,9,55,1
0,1,3,6,7,494,8,0,46,1,4,8,1,10,26,7,7,2018,1,3,32,36,48,0
0,0,1,7,5,769,4,1,40,2,3,72,0,45,41,40,5,2024,2,0,46,9,39,1
1,1,3,8,5,604,3,1,37,2,2,32,0,38,68,31,8,2025,2,1,71,2,35,0
2,1,4,5,5,168,1,0,27,2,5,71,2,68,41,63,5,2019,2,3,46,2,30,1
2,1,1,5,5,182,7,0,27,2,3,66,1,25,41,20,5,2023,2,3,46,22,30,1
2,0,1,5,5,66,4,1,54,1,5,58,0,54,41,55,5,2022,1,1,46,28,34,1
1,2,2,8,5,197,10,1,54,1,4,12,0,20,55,19,5,2017,1,0,54,28,34,0
3,1,5,3,5,555,5,0,9,1,6,75,2,78,50,73,3,2016,1,1,55,18,14,0
1,1,3,8,5,273,11,1,20,1,4,56,3,17,41,39,5,2025,1,0,46,25,21,0
2,3,2,5,5,163,2,1,27,2,1,58,1,68,41,63,5,2022,2,3,46,30,30,0
1,1,6,8,5,304,2,1,15,1,5,32,0,66,0,62,5,2023,1,0,6,29,18,0
3,3,3,2,5,1750,1,1,27,2,2,34,3,75,47,72,5,2023,2,3,7,2,30,0
1,1,5,8,5,499,7,1,40,2,2,76,2,51,41,17,5,2021,2,1,46,9,39,1
0,1,4,3,8,446,1,1,49,1,0,37,2,37,37,66,8,2019,1,3,43,21,53,1
0,0,2,0,1,495,2,1,48,1,0,12,1,42,18,36,1,2018,1,3,63,20,50,0
0,1,2,4,5,343,11,0,22,1,2,42,0,49,63,44,4,2025,1,0,68,30,23,1
1,0,3,8,5,262,5,1,0,1,1,11,0,22,23,22,8,2017,1,3,26,28,24,1
1,1,2,4,6,547,11,0,3,2,3,83,0,4,15,5,4,2025,2,5,16,19,4,0
3,0,4,3,5,1261,5,1,13,3,5,91,1,64,41,11,5,2024,0,4,46,21,16,1
0,1,1,7,5,398,10,1,52,1,6,13,0,19,41,34,7,2022,1,0,46,11,51,0
0,3,3,0,5,369,1,0,20,1,2,31,0,60,41,56,5,2024,1,5,46,32,21,0
3,0,3,5,1,1288,8,1,45,2,0,91,0,40,45,35,5,2025,2,5,47,30,42,0
0,1,3,6,8,646,10,1,43,2,6,25,1,15,54,10,8,2025,2,5,14,14,45,1
3,1,2,3,5,567,12,1,18,1,4,51,0,33,68,28,5,2016,1,3,71,21,1,0
0,0,1,4,5,343,5,0,55,1,2,68,0,53,41,48,5,2018,1,2,46,30,55,1
1,1,2,8,5,557,10,1,43,2,3,36,1,58,41,53,8,2016,0,4,46,22,45,0
1,3,2,8,5,228,3,0,37,1,4,42,0,58,41,53,8,2023,1,3,46,22,35,0
2,1,3,5,5,244,2,0,54,2,4,25,1,6,41,0,5,2025,2,0,46,2,34,1
1,0,2,8,5,255,4,1,27,1,6,46,0,58,41,53,5,2023,1,1,46,31,30,0
0,1,1,0,5,845,8,1,13,2,4,18,0,50,20,42,5,2023,2,3,25,30,16,1
1,1,3,8,5,436,6,1,54,2,1,33,0,22,41,22,5,2025,2,2,46,31,34,1
0,1,3,7,5,769,3,1,45,2,2,10,2,57,41,49,5,2025,2,3,46,11,42,0
3,3,1,2,5,1655,5,1,27,2,1,20,0,65,41,61,5,2017,2,5,46,9,30,0
0,1,6,4,5,745,6,1,40,2,3,2,2,8,41,9,5,2025,2,0,46,30,39,1
0,1,1,2,4,910,3,1,23,2,4,33,0,75,33,72,2,2016,2,4,69,12,26,0
0,1,2,4,5,859,2,1,17,2,0,39,1,49,41,44,5,2025,2,2,46,9,19,0
0,1,2,7,5,351,9,0,5,1,3,53,1,11,63,8,7,2025,1,3,68,2,6,1
3,1,1,2,5,865,11,1,45,1,0,62,0,65,41,61,5,2019,1,1,46,28,42,1
1,1,1,8,5,1177,6,0,37,3,3,41,0,58,35,53,8,2024,0,3,40,22,35,0
1,0,3,8,5,648,3,1,27,2,1,70,0,20,41,19,5,2018,0,1,46,30,30,1
1,1,2,8,5,654,7,1,13,2,5,39,0,43,35,37,5,2023,0,3,40,31,16,0
1,1,2,8,5,979,1,1,54,3,4,36,0,66,55,62,5,2025,0,3,54,30,34,1
1,1,1,8,5,529,1,0,54,2,2,8,0,66,41,62,5,2023,2,4,46,31,34,0
3,0,1,2,5,1615,6,1,39,2,3,74,1,75,41,72,2,2019,2,1,46,2,38,0
0,1,3,4,5,416,7,1,55,1,1,53,1,8,41,9,5,2019,1,0,46,30,55,0
0,1,2,4,5,766,11,1,27,2,6,91,2,49,41,44,5,2018,2,3,46,2,30,1
0,0,4,5,4,472,1,1,40,1,1,26,0,7,78,47,5,2025,1,1,79,22,39,0
0,2,1,4,5,872,7,0,40,2,4,46,0,79,41,78,5,2022,2,0,46,33,39,1
0,3,1,4,5,376,8,1,15,1,5,30,1,81,41,81,5,2025,1,5,46,28,18,1
0,1,4,7,5,720,7,1,20,2,0,46,0,19,41,34,5,2022,2,3,46,30,21,0
2,0,4,5,5,126,4,1,13,1,1,34,1,27,41,24,5,2022,1,0,46,22,16,1
1,1,3,8,5,469,3,1,45,2,2,36,0,66,41,62,5,2025,2,1,46,34,42,0
0,1,3,4,5,759,6,1,13,2,1,106,1,8,41,9,5,2016,2,4,46,31,16,0
1,0,2,6,5,157,5,1,27,1,2,1,0,34,41,29,5,2025,1,3,46,8,30,1
1,0,1,6,5,391,10,1,27,2,3,22,0,76,41,74,5,2023,2,3,46,2,30,0
0,1,3,6,1,484,7,1,1,1,4,36,1,76,79,74,1,2018,1,5,36,0,7,1
0,0,3,4,0,856,11,1,6,2,5,23,1,29,16,64,4,2018,2,1,21,33,22,1
0,1,3,0,5,1072,2,1,15,3,3,29,0,21,35,16,5,2015,0,2,40,30,18,0
0,0,1,4,5,875,11,1,27,2,5,58,0,29,41,64,5,2015,2,5,46,28,30,0
1,0,2,6,5,193,1,1,30,1,3,12,1,34,41,29,6,2025,1,0,46,30,33,0
1,3,1,8,5,226,1,0,45,1,5,88,0,22,41,22,5,2023,1,3,46,30,42,1
0,1,1,0,5,773,12,1,27,2,5,13,0,21,41,16,5,2019,2,3,46,32,30,0
0,1,3,4,5,760,8,1,15,2,1,41,1,52,41,46,5,2025,2,3,46,31,18,1
1,1,5,8,5,513,10,1,18,2,0,68,0,17,41,39,5,2024,2,1,46,28,1,0
0,0,2,6,7,330,9,0,21,1,1,40,0,61,49,57,6,2018,1,3,57,15,25,0
1,3,2,8,5,452,8,0,37,2,3,63,1,24,41,58,8,2019,2,5,46,3,35,0
0,1,2,7,5,314,10,1,31,1,4,11,0,45,41,40,7,2019,1,0,46,24,32,0
3,1,4,2,5,1841,12,1,51,2,5,34,2,13,41,14,2,2015,2,3,46,9,52,1
1,0,3,8,5,466,11,0,49,2,1,11,0,35,35,30,8,2024,2,5,40,2,53,0
0,3,1,7,7,848,7,1,31,2,5,34,0,72,27,71,7,2022,2,2,70,11,32,1
3,1,3,2,5,722,2,1,55,1,2,74,0,1,47,2,5,2022,1,0,7,30,55,0
0,3,3,3,8,676,8,0,33,2,6,12,1,37,22,66,3,2019,2,1,22,21,12,1
3,3,2,1,5,1526,4,0,27,2,1,43,1,63,41,18,5,2025,2,5,46,4,30,0
1,0,2,8,5,583,7,0,4,2,3,34,0,51,41,17,8,2018,2,5,46,30,5,1
1,1,6,8,5,585,4,1,17,2,6,20,2,38,41,31,5,2020,2,3,46,31,19,1
2,2,1,5,5,121,4,1,40,1,3,62,0,26,41,23,5,2022,1,1,46,28,39,1
1,1,2,8,5,988,11,0,18,3,3,39,0,20,50,19,5,2019,0,4,55,9,1,1
3,1,3,1,5,1432,1,1,45,2,5,9,0,41,41,59,5,2018,2,3,46,4,42,0
1,3,3,6,5,303,4,1,21,2,2,1,0,61,41,57,6,2019,2,5,46,23,25,0
0,0,3,4,5,860,2,1,27,2,4,3,0,79,41,78,5,2023,2,5,46,22,30,1
2,3,5,5,5,104,12,0,55,1,0,11,0,26,41,23,5,2023,1,4,46,28,55,1
0,1,1,4,5,338,10,1,45,1,4,22,1,49,41,44,5,2017,1,1,46,9,42,0
0,0,1,0,5,635,3,1,27,2,3,6,0,60,41,56,5,2017,2,5,46,30,30,1
0,1,3,4,5,349,11,1,6,1,3,49,1,29,41,64,4,2020,1,5,46,9,22,1
1,1,2,8,5,488,6,1,4,2,1,25,0,12,24,13,8,2024,2,3,27,28,5,1
1,1,4,8,5,1088,12,1,45,3,5,4,2,66,63,62,5,2023,0,0,68,14,42,1
0,1,4,7,5,828,2,0,13,2,6,42,0,70,24,27,5,2024,2,5,27,31,16,0
3,1,3,5,1,1594,8,0,45,2,3,52,0,40,79,35,5,2016,2,5,36,28,42,0
0,1,2,7,5,750,7,1,20,2,3,9,0,19,41,34,5,2024,2,2,46,31,21,0
3,1,4,2,5,1265,10,1,23,2,4,93,1,75,41,72,2,2018,0,1,46,31,26,1
1,0,4,8,5,252,7,1,27,1,1,16,2,48,41,43,5,2023,1,5,46,9,30,1
3,3,2,3,5,467,7,0,34,1,4,7,1,62,23,76,3,2018,1,5,26,28,0,1
1,1,2,5,6,370,10,1,18,2,4,36,0,71,29,68,5,2024,2,0,34,8,1,0
2,1,4,5,5,333,6,1,20,2,4,30,1,40,41,35,5,2019,0,3,46,22,21,0
1,0,3,6,5,164,1,1,15,1,6,58,3,28,0,80,5,2024,1,3,6,8,18,1
0,1,2,4,5,669,11,1,18,2,3,28,1,4,63,5,5,2017,2,1,68,28,1,1
1,0,1,8,5,725,2,1,40,2,4,35,1,20,23,19,5,2015,0,1,26,30,39,1
0,0,4,4,5,360,1,0,22,1,4,70,0,52,41,46,4,2017,1,3,46,28,23,0
1,3,2,6,5,347,12,0,32,2,2,46,0,74,41,69,6,2025,2,1,46,22,15,0
0,0,2,4,5,912,4,1,27,2,3,87,0,53,41,48,5,2024,2,3,46,9,30,0
0,0,5,8,2,473,3,1,23,1,3,54,1,24,14,58,2,2024,1,1,13,29,26,0
3,1,1,1,5,735,8,0,17,1,6,6,0,47,0,45,5,2022,1,1,6,22,19,0
0,0,2,4,5,821,10,0,45,2,3,26,0,18,41,60,5,2017,2,3,46,33,42,0
0,1,5,4,5,353,11,0,55,1,3,21,1,81,41,81,5,2024,1,2,46,37,55,0
2,1,5,5,5,94,5,1,40,1,1,36,1,54,41,55,5,2015,1,0,46,28,39,0
1,0,6,8,5,551,4,1,8,2,3,21,1,73,41,70,8,2017,2,0,46,30,9,0
3,3,3,2,5,1710,2,0,40,2,3,47,0,1,41,2,5,2025,2,3,46,26,39,0
0,1,1,4,5,839,4,0,47,2,4,14,0,52,41,46,4,2023,2,3,46,30,49,1
3,0,1,3,5,448,1,1,34,1,6,7,0,67,41,67,3,2019,1,5,46,9,0,0
0,1,2,4,8,897,10,0,25,2,3,13,1,4,43,5,4,2024,2,2,48,33,27,0
1,3,2,8,5,437,11,1,27,2,5,83,1,17,41,39,5,2022,2,2,46,22,30,0
0,1,3,4,5,981,2,1,40,2,6,56,1,30,41,25,5,2015,2,3,46,30,39,1
0,0,1,6,0,353,2,1,21,1,6,6,0,61,1,57,6,2016,1,3,0,10,25,0
0,1,3,6,1,404,4,1,48,1,5,14,0,15,79,10,1,2017,1,4,36,4,50,0
0,2,1,4,5,934,1,1,35,2,0,151,0,79,68,78,4,2024,2,3,71,2,8,1
3,1,2,3,5,476,6,1,27,1,0,84,0,67,41,67,5,2024,1,3,46,30,30,0
1,3,5,8,5,519,5,0,54,2,6,60,2,14,41,54,5,2015,2,5,46,2,34,0
0,1,2,4,5,1266,6,1,17,3,4,15,0,79,41,78,5,2020,0,3,46,30,19,0
2,0,1,5,5,84,6,1,27,1,2,66,0,25,41,20,5,2024,1,3,46,31,30,0
0,0,5,7,5,427,12,1,13,1,2,29,2,72,41,71,5,2019,1,1,46,28,16,1
1,3,2,6,5,108,3,1,18,1,2,86,1,16,41,15,5,2023,1,2,46,22,1,1
1,0,3,8,5,450,9,1,27,2,4,7,1,66,41,62,5,2023,2,1,46,30,30,1
3,1,3,3,5,999,6,1,45,2,2,32,1,64,41,11,5,2025,2,4,46,7,42,1
1,1,4,8,5,1051,9,0,27,3,1,76,1,24,41,58,5,2024,0,1,46,31,30,1
1,1,2,8,5,674,9,1,0,2,3,63,0,73,41,70,8,2018,0,3,46,34,24,0
0,1,1,8,6,777,8,1,45,2,5,10,0,58,15,53,5,2023,2,4,16,34,42,0
0,3,2,4,7,491,3,0,20,1,1,36,0,79,27,78,5,2023,1,2,70,15,21,1
1,2,5,8,5,483,12,0,43,2,2,50,0,43,41,37,8,2024,2,3,46,30,45,0
0,0,2,7,5,834,6,1,45,2,1,77,1,19,41,34,5,2023,2,2,46,30,42,0
0,3,6,5,4,498,12,1,25,1,2,59,2,68,48,63,4,2025,1,3,53,17,27,0
1,1,4,8,5,210,5,1,27,1,6,29,3,43,41,37,5,2017,1,2,46,2,30,0
0,2,2,4,5,403,7,1,13,1,6,49,0,4,41,5,5,2017,1,2,46,30,16,0
0,1,6,4,5,421,12,1,27,1,2,70,2,4,41,5,5,2023,1,0,46,13,30,1
1,1,1,8,5,293,4,1,4,1,2,13,0,51,63,17,8,2022,1,5,68,31,5,0
1,1,2,8,5,382,6,1,43,2,2,54,1,17,41,39,8,2025,2,5,46,34,45,1
3,1,3,5,2,1747,7,1,23,2,2,31,2,68,14,63,2,2020,2,4,13,26,26,0
0,0,2,4,5,309,5,0,27,1,3,6,1,53,41,48,5,2016,1,2,46,17,30,0
0,1,2,4,5,758,11,1,35,2,5,63,2,30,41,25,4,2017,0,3,46,31,8,1
0,1,1,3,2,733,6,1,23,2,3,6,0,62,14,76,2,2023,0,5,13,18,26,1
0,1,1,3,6,966,6,1,32,2,4,69,0,62,69,76,6,2024,2,3,74,19,15,0
0,1,3,4,8,1045,6,0,4,2,3,56,1,49,39,44,8,2023,2,5,17,5,5,0
1,1,1,8,5,514,2,0,50,2,6,13,1,73,41,70,8,2025,2,3,46,9,46,0
1,1,2,8,5,568,2,1,27,2,5,1,1,20,41,19,5,2019,2,1,46,31,30,0
0,1,3,7,5,359,1,0,45,1,0,17,1,11,24,8,5,2018,1,5,27,31,42,0
0,0,2,4,5,456,4,1,45,1,6,19,1,4,41,5,5,2025,1,4,46,22,42,0
0,1,4,2,1,650,12,1,13,2,4,66,1,1,45,2,5,2018,2,1,47,0,16,1
2,1,2,5,5,444,9,1,27,2,5,67,0,25,41,20,5,2021,0,1,46,31,30,1
0,1,4,5,4,698,12,1,6,2,0,98,0,26,52,23,4,2024,2,5,59,33,22,0
0,0,1,4,5,1368,3,1,13,3,0,92,0,81,41,81,5,2023,0,1,46,33,16,1
3,1,2,2,5,1523,10,1,23,2,2,20,2,56,41,51,2,2019,2,0,46,26,26,1
2,0,2,5,5,64,10,0,18,1,6,9,0,26,41,23,5,2025,1,2,46,30,1,0
3,1,2,3,5,928,10,1,10,2,6,6,0,64,24,11,3,2023,2,4,27,9,3,0
1,1,3,8,5,299,1,0,54,1,4,17,0,58,41,53,5,2025,1,4,46,25,34,1
1,1,1,6,5,483,5,0,18,2,1,40,0,9,0,12,5,2021,0,3,6,22,1,0
1,3,1,8,5,268,3,1,43,1,4,52,0,12,0,13,8,2016,1,5,6,28,45,1
1,1,2,8,5,237,1,1,20,1,6,87,1,73,0,70,5,2019,1,4,6,34,21,0
1,0,2,6,4,384,9,1,54,1,0,5,0,76,46,74,5,2017,1,1,52,33,34,1
2,0,6,5,5,217,10,0,54,2,0,32,1,68,41,63,5,2022,2,1,46,22,34,1
0,0,1,4,5,427,8,1,54,1,6,34,0,30,41,25,5,2022,1,5,46,2,34,1
0,2,3,7,5,790,7,1,27,2,5,57,0,70,41,27,5,2017,2,3,46,15,30,1
1,1,6,8,5,524,7,0,54,2,5,1,1,73,41,70,5,2019,2,2,46,22,34,0
3,1,5,3,5,998,6,1,9,2,2,32,1,67,41,67,3,2019,0,5,46,9,14,0
3,3,3,5,1,1589,2,1,40,2,1,11,0,7,45,47,5,2024,2,2,47,4,39,0
0,0,3,7,5,702,4,0,20,2,5,65,1,11,20,8,5,2025,2,1,25,11,21,1
1,1,1,8,5,512,6,1,4,2,4,83,0,17,41,39,8,2024,2,4,46,2,5,1
0,2,1,2,8,341,10,1,23,1,1,53,0,13,43,14,2,2017,1,3,48,34,26,0
0,3,2,4,5,471,5,1,47,1,0,7,2,69,41,33,4,2025,1,3,46,2,49,1
0,0,2,7,3,307,6,1,38,1,6,73,0,57,67,49,7,2016,1,1,67,24,37,0
1,1,2,8,5,185,12,0,27,1,4,24,0,17,41,39,5,2024,1,3,46,30,30,1
0,1,1,3,8,368,3,1,43,1,3,54,0,62,13,76,8,2021,1,1,12,29,45,1
0,3,2,8,7,744,2,1,43,2,6,27,1,51,27,17,8,2016,2,1,70,15,45,0
2,1,3,5,5,109,6,1,27,1,1,31,1,71,41,68,5,2015,1,3,46,30,30,0
0,1,2,4,5,753,2,1,27,2,0,62,0,53,41,48,5,2023,2,3,46,37,30,0
1,1,3,8,5,499,8,1,13,2,6,2,0,73,68,70,5,2023,2,0,71,31,16,0
0,1,4,4,5,731,8,1,20,2,6,6,0,52,41,46,5,2024,2,5,46,2,21,0
3,0,3,2,5,1604,11,0,23,2,6,56,1,13,41,14,2,2025,2,1,46,31,26,1
3,1,1,5,1,1715,4,1,1,2,5,8,1,55,45,50,1,2020,2,3,47,2,7,0
1,0,2,8,5,440,6,0,43,2,3,41,2,51,47,17,8,2025,2,3,7,31,45,0
0,2,2,5,4,435,10,1,7,1,5,73,0,7,44,47,4,2023,1,5,49,5,10,1
3,1,2,3,5,990,3,0,55,2,4,21,0,67,41,67,5,2019,2,1,46,22,55,0
1,2,2,6,5,301,1,1,27,2,6,33,0,34,41,29,5,2025,2,1,46,22,30,0
0,1,1,8,1,1132,2,1,1,3,6,71,0,22,59,22,1,2015,0,1,41,6,7,1
3,1,3,2,5,946,5,1,23,1,1,2,0,75,41,72,2,2024,1,5,46,2,26,0
1,0,2,6,5,1030,8,1,40,3,4,44,2,15,23,10,5,2024,0,5,26,31,39,0
0,0,4,0,0,414,9,1,42,1,3,49,0,60,42,56,0,2019,1,3,50,27,44,0
2,1,1,5,5,121,8,1,27,1,4,35,1,55,41,50,5,2025,1,2,46,22,30,1
1,1,2,8,5,444,8,1,17,2,0,62,1,17,41,39,5,2023,2,1,46,34,19,1
0,1,2,4,5,307,7,1,53,1,6,105,0,59,24,52,4,2022,1,3,27,17,54,0
1,1,1,8,5,499,3,0,8,2,2,20,1,22,41,22,8,2022,2,1,46,2,9,0
0,1,3,4,5,697,2,1,15,2,6,62,1,69,41,33,5,2024,2,5,46,30,18,1
1,0,4,8,5,467,11,1,0,2,0,7,2,24,41,58,8,2025,2,5,46,30,24,0
0,0,2,0,5,355,4,1,27,1,6,7,2,44,41,38,5,2025,1,4,46,31,30,1
0,1,3,4,5,344,5,1,22,1,2,3,1,4,68,5,4,2023,1,5,71,22,23,1
3,1,2,3,5,495,10,1,13,1,0,32,1,67,41,67,5,2024,1,3,46,2,16,1
3,3,6,5,3,453,3,1,40,1,6,45,1,26,73,23,5,2022,1,2,78,7,39,1
3,1,3,2,5,1704,12,1,27,2,1,83,3,65,41,61,5,2015,2,1,46,9,30,0
0,2,6,4,5,855,9,0,6,2,6,24,0,29,41,64,4,2022,2,2,46,12,22,1
0,1,2,6,7,259,8,1,52,1,6,48,0,74,26,69,7,2015,1,5,32,16,51,1
1,3,3,6,4,679,5,0,30,2,3,83,1,76,60,74,6,2024,2,4,18,19,33,0
0,0,2,6,2,818,1,1,30,2,6,28,0,9,51,12,6,2020,2,0,56,35,33,1
1,3,1,8,5,238,2,1,0,1,1,66,0,73,41,70,8,2016,1,5,46,14,24,1
0,3,4,4,5,807,2,1,15,2,1,13,1,81,41,81,5,2022,2,2,46,2,18,1
1,3,1,6,5,168,2,1,40,1,3,27,0,10,41,7,5,2025,1,3,46,30,39,0
1,1,3,8,5,261,9,1,18,1,0,25,1,22,0,22,5,2017,1,3,6,22,1,1
1,1,2,8,5,304,11,0,15,1,5,4,0,73,41,70,5,2023,1,1,46,31,18,0
1,2,2,6,5,159,6,0,27,1,1,58,0,3,41,4,5,2021,1,3,46,35,30,1
0,1,3,7,4,416,12,0,35,1,4,90,0,57,5,49,4,2015,1,4,4,17,8,1
0,3,1,4,5,972,6,1,54,2,4,9,1,49,41,44,5,2017,2,1,46,31,34,1
1,1,1,8,5,506,3,0,45,2,4,126,0,14,41,54,5,2018,2,1,46,34,42,1
1,1,1,8,5,539,3,0,18,2,1,29,0,73,0,70,5,2019,2,3,6,34,1,0
0,1,4,4,5,914,3,0,35,2,2,92,0,79,41,78,4,2018,2,3,46,28,8,0
1,1,2,8,5,300,7,1,4,1,6,33,0,73,41,70,8,2021,1,0,46,28,5,1
2,0,1,5,5,67,1,1,27,1,5,92,0,40,41,35,5,2024,1,3,46,30,30,1
2,1,4,5,5,170,7,1,15,2,0,13,2,55,41,50,5,2016,2,5,46,30,18,0
1,0,6,8,5,497,10,1,40,2,2,21,4,20,41,19,5,2019,2,1,46,9,39,1
0,1,1,4,1,380,8,1,29,1,6,14,0,29,18,64,4,2017,1,1,63,4,47,1
1,0,2,8,5,184,7,1,15,1,4,1,0,48,41,43,5,2018,1,0,46,34,18,0
2,1,2,5,5,82,11,0,18,1,3,64,0,6,41,0,5,2020,1,3,46,30,1,1
0,0,1,4,5,329,12,1,27,1,5,41,0,79,41,78,5,2023,1,3,46,30,30,0
0,1,3,4,5,778,4,0,54,2,3,45,1,29,41,64,5,2021,2,1,46,28,34,0
1,1,2,8,5,415,5,0,54,2,1,37,0,38,41,31,5,2017,2,5,46,2,34,0
1,1,5,8,5,599,4,1,40,2,1,31,1,48,41,43,5,2025,2,1,46,22,39,1
2,1,2,5,5,72,1,1,20,1,0,55,0,6,47,0,5,2017,1,2,7,28,21,1
0,1,1,7,5,804,11,0,27,2,5,5,0,72,41,71,5,2023,2,1,46,30,30,1
0,0,1,7,5,803,2,1,15,2,6,22,0,11,23,8,5,2017,2,1,26,30,18,0
0,0,3,7,5,792,9,1,27,2,3,73,1,19,41,34,5,2019,2,3,46,22,30,1
2,1,2,5,5,127,6,0,20,1,1,9,1,7,41,47,5,2017,1,3,46,30,21,0
0,1,3,4,5,886,7,0,20,2,5,48,0,49,41,44,5,2022,2,5,46,2,21,1
1,1,2,4,6,233,12,1,22,1,0,78,0,52,4,46,4,2019,1,3,3,35,23,1
1,0,4,8,5,292,7,1,40,1,6,53,1,66,41,62,5,2024,1,3,46,9,39,1
1,1,2,6,5,114,3,1,15,1,4,103,0,15,41,10,5,2023,1,2,46,9,18,0
0,2,5,7,1,714,5,0,52,2,6,95,1,70,65,27,7,2023,2,4,31,24,51,0
0,1,2,6,2,763,4,0,39,2,4,34,2,10,51,7,2,2025,2,3,56,26,38,0
1,1,2,6,5,138,1,1,55,1,3,31,1,77,41,75,5,2017,1,1,46,35,55,0
3,1,4,3,5,941,8,1,55,2,3,71,0,62,41,76,5,2019,2,1,46,2,55,0
1,1,1,4,6,308,8,1,20,1,5,18,1,59,80,52,5,2022,1,5,28,23,21,0
1,1,1,6,5,681,12,1,32,2,1,23,1,28,41,80,6,2018,0,2,46,31,15,1
0,1,3,0,4,882,11,1,47,2,4,41,0,23,33,21,4,2020,2,4,69,37,49,0
2,1,2,5,5,65,2,1,27,1,3,43,0,40,41,35,5,2020,1,3,46,22,30,1
2,0,2,5,5,153,7,0,40,2,1,6,0,40,41,35,5,2025,2,2,46,28,39,0
0,1,2,6,6,279,10,0,32,1,4,33,1,74,10,69,6,2019,1,2,15,23,15,0
3,3,2,1,5,1729,3,0,15,2,3,46,0,47,0,45,5,2018,2,2,6,28,18,1
1,0,6,8,5,219,6,1,43,1,3,58,3,17,41,39,8,2025,1,2,46,29,45,1
0,0,2,6,6,443,11,1,41,1,4,60,1,77,57,75,6,2023,1,1,61,23,40,0
3,1,2,2,5,1718,5,1,40,2,2,11,1,1,41,2,5,2018,2,2,46,28,39,0
0,2,2,5,4,382,12,1,20,1,2,15,1,25,52,20,5,2024,1,1,59,12,21,0
0,1,2,7,5,449,9,1,15,1,6,71,0,70,41,27,5,2016,1,3,46,28,18,0
0,1,1,4,1,684,7,1,7,2,6,44,1,49,79,44,4,2019,2,3,36,6,10,0
0,1,1,4,5,1469,10,1,7,3,0,43,0,53,41,48,4,2023,0,2,46,37,10,1
3,1,6,3,5,1044,5,0,11,2,3,56,3,33,41,28,3,2018,2,3,46,30,11,0
1,1,3,8,5,282,2,1,37,1,6,45,1,73,41,70,8,2019,1,3,46,30,35,0
1,1,6,8,5,306,11,1,18,1,5,30,3,22,68,22,5,2015,1,1,71,25,1,1
1,1,1,8,5,278,3,0,27,1,6,66,0,20,41,19,5,2018,1,1,46,31,30,0
0,0,4,3,3,936,5,1,10,2,6,40,2,64,73,11,3,2023,2,1,78,21,3,1
3,1,1,2,5,1548,2,1,51,2,6,20,0,75,41,72,2,2019,2,0,46,22,52,0
2,0,2,5,5,131,11,0,27,2,6,7,1,26,41,23,5,2023,2,1,46,22,30,0
0,1,3,8,4,948,12,0,43,2,1,10,0,12,52,13,8,2015,2,3,59,13,45,0
3,0,6,3,5,508,4,1,18,1,5,8,2,37,41,66,5,2024,1,3,46,30,1,0
1,1,3,8,5,503,7,0,27,2,1,1,1,66,41,62,5,2018,2,2,46,14,30,1
0,1,2,7,5,879,12,1,46,2,5,47,0,11,41,8,7,2025,2,1,46,2,48,1
0,1,2,7,7,596,5,1,52,2,3,66,1,32,49,26,7,2023,2,5,57,36,51,0
1,1,1,8,5,462,2,1,13,2,3,50,0,14,41,54,5,2022,2,2,46,22,16,1
0,0,4,8,4,889,3,1,43,2,1,66,2,35,48,30,8,2024,0,2,53,12,45,0
3,1,1,3,5,947,6,0,27,2,0,11,0,64,41,11,5,2023,2,2,46,30,30,1
0,1,3,4,5,415,4,1,28,1,4,30,0,5,41,6,4,2024,1,0,46,9,31,0
1,1,2,6,5,216,10,1,15,1,5,24,0,9,41,12,5,2018,1,3,46,8,18,0
0,1,3,4,7,348,2,1,31,1,4,6,2,39,40,32,7,2022,1,3,45,15,32,0
0,0,5,8,6,648,8,0,30,2,4,28,2,12,15,13,6,2025,2,5,16,19,33,1
0,3,1,7,5,751,9,1,38,2,1,96,0,57,41,49,7,2022,2,2,46,2,37,1
0,1,2,4,5,748,7,0,53,2,4,20,0,81,41,81,4,2025,0,2,46,30,54,0
0,0,1,6,7,871,11,1,52,2,5,55,0,74,27,69,7,2025,2,1,70,16,51,1
0,1,2,6,6,288,9,1,21,1,6,80,0,9,57,12,6,2018,1,0,61,19,25,1
0,0,6,5,4,747,11,1,20,2,6,22,2,7,9,47,5,2021,0,0,8,33,21,1
0,1,3,6,7,700,7,0,41,2,1,22,0,3,8,4,6,2019,0,3,11,24,40,1
1,3,4,8,5,567,12,1,27,2,0,97,0,43,41,37,5,2020,2,2,46,2,30,1
0,1,4,3,7,754,11,0,38,2,0,35,1,67,49,67,7,2020,2,5,57,11,37,1
1,0,3,8,5,1266,7,1,49,3,4,22,1,35,0,30,8,2025,0,2,6,30,53,0
1,0,5,8,5,539,10,1,13,2,2,21,1,35,41,30,5,2019,2,2,46,2,16,0
3,1,2,2,5,854,1,1,27,1,1,40,1,75,41,72,5,2021,1,4,46,28,30,0
1,1,4,8,5,478,7,1,43,2,2,62,1,35,63,30,8,2024,2,0,68,31,45,0
1,1,3,6,5,399,10,1,45,2,0,89,2,10,50,7,5,2023,2,1,55,31,42,0
3,0,2,2,5,884,1,1,27,1,1,9,0,1,20,2,5,2023,1,0,25,30,30,1
0,1,4,5,4,762,7,1,20,2,3,1,0,7,64,47,5,2022,2,2,29,12,21,1
0,3,6,4,5,874,6,1,27,2,5,22,0,79,41,78,5,2018,2,0,46,17,30,1
0,1,2,4,0,1130,3,1,16,3,4,56,0,39,42,32,4,2020,0,1,50,13,41,0
1,0,1,8,5,575,12,1,50,2,0,63,0,17,41,39,8,2022,2,1,46,2,46,0
0,1,1,0,5,335,4,1,15,1,5,37,0,21,0,16,5,2018,1,1,6,2,18,1
1,1,3,6,5,312,11,1,55,2,0,79,1,15,35,10,5,2019,2,2,40,22,55,0
2,1,4,5,5,239,5,1,45,2,0,18,1,68,41,63,5,2019,2,5,46,2,42,1
1,1,2,8,5,503,1,1,55,2,2,141,1,24,41,58,5,2019,2,1,46,9,55,1
1,0,5,8,5,497,7,1,37,2,5,15,1,48,23,43,8,2019,2,5,26,9,35,1
0,0,6,6,7,382,10,1,44,1,0,47,0,77,40,75,7,2016,1,3,45,35,43,1
3,1,2,3,5,531,9,1,27,1,0,43,0,67,41,67,5,2016,1,4,46,30,30,0
1,1,3,8,5,232,6,1,37,1,6,78,0,73,41,70,8,2020,1,0,46,31,35,1
1,1,2,8,5,455,7,1,4,2,2,9,0,14,41,54,8,2016,2,3,46,3,5,1
0,1,1,4,5,1015,6,1,7,3,2,90,0,81,41,81,4,2024,0,1,46,30,10,0
1,0,1,6,5,426,4,1,27,2,1,42,1,16,41,15,5,2024,2,1,46,2,30,1
0,2,2,7,3,640,10,0,24,2,3,24,0,32,66,26,3,2024,2,3,37,15,29,1
0,1,2,4,5,913,5,1,55,2,5,56,0,52,41,46,5,2015,2,3,46,12,55,0
0,0,4,8,4,876,10,1,8,2,1,77,1,38,48,31,8,2025,2,3,53,29,9,0
1,3,3,6,5,454,10,0,27,2,5,45,0,16,41,15,5,2022,2,5,46,16,30,1
3,1,1,2,5,846,1,1,39,1,0,5,1,75,41,72,2,2021,1,4,46,30,38,0
0,1,3,4,5,891,1,1,47,2,1,1,0,49,41,44,4,2018,2,4,46,28,49,0
1,1,4,8,5,549,5,1,45,2,1,23,0,73,41,70,5,2021,2,3,46,28,42,1
0,3,3,8,7,806,3,1,0,2,2,23,0,24,8,58,8,2023,0,2,11,11,24,0
1,1,1,8,5,566,11,1,54,2,5,11,0,38,41,31,5,2019,2,0,46,2,34,0
0,3,4,7,5,413,1,1,13,1,6,74,1,70,41,27,5,2022,1,4,46,28,16,1
0,1,4,4,5,870,9,1,6,2,1,20,2,4,41,5,4,2024,2,0,46,31,22,1
1,0,1,6,5,119,7,1,20,1,2,2,0,76,47,74,5,2022,1,2,7,8,21,0
0,1,4,2,4,270,9,1,13,1,1,1,2,56,81,51,5,2025,1,3,81,13,16,0
2,2,1,5,5,202,7,0,40,2,5,58,0,26,41,23,5,2025,2,3,46,28,39,0
0,1,1,3,4,694,9,0,18,2,1,45,1,33,64,28,5,2022,2,1,29,13,1,1
0,2,1,4,5,643,11,1,15,2,0,8,1,5,20,6,5,2021,2,0,25,17,18,1
1,1,1,8,5,513,3,0,54,2,0,8,1,17,63,39,5,2015,2,0,68,34,34,0
0,0,2,0,5,332,7,1,40,1,6,34,1,42,55,36,5,2023,1,3,54,22,39,1
0,3,1,7,5,1227,8,0,46,3,2,33,0,72,41,71,7,2024,0,5,46,30,48,0
0,1,1,4,5,624,5,1,27,2,4,13,1,39,41,32,5,2016,2,1,46,9,30,0
0,1,3,4,5,816,2,1,53,2,4,30,0,4,41,5,4,2023,2,0,46,17,54,1
1,0,3,8,5,408,11,0,45,2,1,16,1,51,0,17,5,2022,2,0,6,31,42,0
1,1,2,8,5,282,3,1,13,1,4,46,1,51,41,17,5,2018,1,0,46,2,16,0
1,1,2,8,5,534,7,1,4,2,2,70,0,12,41,13,8,2015,2,3,46,2,5,0
1,1,2,6,5,301,4,1,15,2,2,52,0,9,41,12,5,2023,2,3,46,22,18,1
1,3,2,6,5,463,2,0,27,2,0,23,0,34,41,29,5,2022,2,1,46,22,30,0
0,1,4,7,5,759,2,1,27,2,2,52,1,11,41,8,5,2021,2,3,46,28,30,1
3,1,3,1,5,880,6,1,55,1,2,12,0,36,68,79,5,2021,1,3,71,31,55,0
2,1,1,5,5,97,3,1,55,1,4,57,0,46,35,41,5,2023,1,0,40,22,55,1
1,3,6,8,5,257,12,1,13,1,3,57,1,43,41,37,5,2021,1,5,46,28,16,1
0,0,1,1,0,650,8,0,13,2,3,58,0,47,36,45,5,2024,2,3,42,20,16,1
1,0,2,6,5,183,11,0,18,1,4,32,1,3,23,4,5,2018,1,0,26,31,1,0
0,1,2,4,5,334,1,1,7,1,5,7,0,49,47,44,4,2025,1,0,7,31,10,0
3,1,5,2,5,1590,5,0,51,2,5,80,2,75,41,72,2,2021,2,2,46,22,52,0
0,1,1,7,5,332,11,0,55,1,3,24,0,57,41,49,5,2025,1,3,46,24,55,0
2,2,3,5,5,172,9,1,15,2,2,14,2,6,63,0,5,2023,2,3,68,9,18,0
1,1,2,5,6,457,5,1,21,2,1,51,0,40,10,35,6,2020,2,2,15,35,25,1
0,0,4,7,4,335,7,1,19,1,3,41,0,72,60,71,7,2018,1,2,18,12,20,1
0,0,1,4,5,430,11,1,27,1,6,27,0,29,41,64,5,2025,1,4,46,2,30,0
0,1,2,7,5,314,9,0,46,1,2,77,1,19,41,34,7,2019,1,3,46,30,48,1
1,1,3,8,5,318,5,0,54,1,2,87,1,43,41,37,5,2022,1,3,46,22,34,0
0,1,1,0,5,779,10,1,20,2,6,24,1,21,41,16,5,2025,2,4,46,10,21,1
0,0,2,7,5,333,1,0,20,1,6,25,0,45,41,40,5,2025,1,1,46,28,21,0
0,1,1,7,8,279,8,1,19,1,0,11,0,32,19,26,7,2024,1,0,20,25,20,0
0,1,4,7,5,726,7,1,17,2,5,51,0,19,41,34,5,2023,0,1,46,2,19,0
1,1,2,6,5,196,2,1,45,1,5,47,0,9,41,12,5,2023,1,2,46,16,42,0
3,1,1,1,5,1509,3,1,45,2,5,66,0,41,50,59,5,2023,2,1,55,0,42,1
0,1,4,5,4,474,9,1,7,1,5,9,1,71,48,68,4,2022,1,3,53,9,10,1
0,1,1,6,1,348,8,0,21,1,6,23,0,61,45,57,6,2018,1,3,47,4,25,0
0,1,2,8,7,685,4,1,31,2,5,44,0,22,49,22,7,2024,2,3,57,14,32,1
0,2,1,4,5,424,11,1,6,1,6,20,1,30,41,25,4,2023,1,0,46,22,22,0
1,3,2,4,6,613,1,1,21,2,3,73,1,30,75,25,6,2020,2,2,77,19,25,0
1,0,2,6,5,151,12,1,55,1,1,58,1,9,63,12,5,2024,1,1,68,31,55,0
0,1,2,0,5,680,7,1,27,2,6,63,0,23,41,21,5,2023,2,5,46,22,30,1
1,0,2,8,5,506,12,0,27,2,2,79,0,17,41,39,5,2024,2,3,46,9,30,0
1,1,6,8,5,230,2,0,37,1,5,12,3,73,41,70,8,2016,1,5,46,9,35,1
0,0,3,4,5,374,1,1,27,1,6,46,1,52,41,46,5,2024,1,5,46,30,30,1
1,1,2,8,5,576,12,1,15,2,4,53,1,22,41,22,5,2023,2,4,46,34,18,0
3,1,5,3,5,428,2,1,54,1,4,59,1,62,50,76,5,2024,1,2,55,22,34,1
3,1,1,3,5,440,3,1,54,1,6,49,1,33,41,28,5,2021,1,3,46,22,34,0
1,1,3,6,5,264,9,1,15,2,5,44,0,16,41,15,5,2025,2,3,46,30,18,1
0,1,3,4,5,987,4,1,3,3,3,4,0,29,41,64,4,2019,0,1,46,37,4,1
0,1,3,0,5,470,11,1,20,1,1,26,1,23,41,21,5,2022,1,1,46,30,21,0
0,1,2,7,5,770,8,1,5,2,1,27,1,11,41,8,7,2022,2,4,46,31,6,1
3,1,3,1,5,1517,10,0,27,2,4,48,1,31,41,65,5,2025,2,3,46,30,30,1
1,2,4,6,5,349,1,0,27,2,6,46,2,34,41,29,5,2016,2,4,46,9,30,0
1,3,4,8,5,184,10,1,45,1,1,5,0,17,41,39,5,2023,1,3,46,30,42,1
1,1,1,8,5,500,10,1,54,2,6,9,0,73,41,70,5,2024,2,5,46,2,34,1
1,1,5,8,5,398,5,1,17,2,6,20,2,24,55,58,5,2018,2,4,54,14,19,1
1,1,2,6,5,123,11,1,27,1,5,89,0,34,41,29,5,2022,1,1,46,23,30,1
0,1,3,4,5,852,10,0,17,2,2,29,0,30,41,25,5,2020,2,1,46,30,19,1
1,1,4,8,5,714,12,0,27,2,3,29,1,51,41,17,5,2024,0,1,46,9,30,0
3,0,3,5,3,573,1,1,34,1,0,59,1,27,67,24,3,2019,1,3,67,2,0,0
2,1,1,5,5,220,10,1,55,2,3,94,0,26,41,23,5,2015,2,2,46,28,55,0
1,1,4,8,5,414,11,1,17,2,1,68,2,48,41,43,5,2019,2,1,46,9,19,1
0,1,1,7,1,353,2,1,1,1,2,38,1,57,18,49,1,2022,1,3,63,36,7,1
1,2,3,5,8,468,5,1,50,2,6,51,1,46,19,41,8,2025,2,5,20,22,46,0
2,1,4,8,8,225,12,0,50,2,1,26,0,17,22,39,8,2019,2,1,22,34,46,1
0,1,2,0,5,494,12,0,54,1,0,38,1,0,20,1,5,2021,1,5,25,22,34,0
3,1,3,3,5,1008,5,1,45,2,5,58,0,37,41,66,5,2018,2,3,46,2,42,0
0,1,3,7,5,363,8,1,27,1,5,73,1,32,41,26,5,2017,1,3,46,2,30,0
3,1,3,5,1,1417,8,1,12,2,6,23,3,27,59,24,1,2025,2,1,41,6,13,1
0,1,1,2,0,273,6,1,51,1,3,54,1,13,56,14,2,2024,1,1,60,32,52,0
1,1,2,8,5,489,7,1,54,2,1,58,1,58,35,53,5,2025,2,3,40,22,34,1
0,0,1,4,8,424,8,0,55,1,6,33,0,4,30,5,5,2024,1,1,35,13,55,1
0,0,3,7,5,1348,8,1,46,3,1,31,0,72,41,71,7,2023,0,1,46,36,48,0
1,3,4,8,5,268,3,1,37,1,0,36,2,38,41,31,8,2023,1,0,46,30,35,0
3,1,2,3,5,991,1,1,27,2,0,77,1,33,41,28,5,2024,2,5,46,21,30,1
1,1,3,5,6,292,5,0,32,2,4,57,1,46,15,41,6,2018,2,1,16,28,15,0
0,0,3,4,5,463,3,1,3,1,2,6,3,4,41,5,4,2024,1,5,46,22,4,0
1,3,3,8,5,526,12,1,27,2,1,14,0,12,41,13,5,2019,2,3,46,31,30,0
0,0,6,4,5,866,7,1,7,2,1,55,1,49,20,44,4,2023,2,5,25,2,10,0
3,1,4,3,5,1190,11,1,11,2,2,9,1,33,47,28,3,2024,2,3,7,28,11,0
0,0,2,5,4,739,3,0,18,2,4,49,0,54,6,55,5,2024,2,2,5,28,1,0
1,1,3,8,5,216,1,1,15,1,6,122,1,35,41,30,5,2022,1,1,46,28,18,1
0,0,4,3,6,748,4,1,13,2,4,42,1,67,57,67,5,2023,2,1,61,8,16,0
0,1,6,0,5,911,11,1,27,2,5,54,0,60,41,56,5,2017,2,0,46,28,30,1
1,0,3,6,4,602,1,1,47,2,1,23,1,76,33,74,4,2018,2,3,69,35,49,1
0,1,1,4,2,808,12,1,35,2,5,1,1,5,61,6,4,2019,2,2,65,12,8,0
0,3,2,4,8,494,8,1,22,1,0,70,0,8,39,9,4,2023,1,0,17,17,23,0
0,3,2,7,5,303,8,0,20,1,3,23,0,70,41,27,5,2023,1,1,46,11,21,1
1,3,1,6,5,314,8,1,21,2,5,48,0,10,41,7,6,2022,2,0,46,23,25,0
2,3,2,5,5,67,12,0,27,1,1,76,0,6,41,0,5,2024,1,3,46,30,30,0
3,3,3,5,3,1059,6,1,13,2,6,99,0,25,28,20,5,2022,2,1,33,2,16,0
1,1,5,8,5,234,9,0,27,1,5,60,2,48,41,43,5,2025,1,0,46,9,30,0
1,3,2,8,5,444,3,1,45,2,4,6,1,51,20,17,5,2019,2,3,25,9,42,1
1,0,4,4,6,558,5,1,16,2,6,20,1,4,75,5,4,2016,2,0,77,33,41,0
1,1,4,6,5,243,3,1,36,1,0,49,1,34,41,29,6,2016,1,2,46,31,36,1
0,0,2,4,5,911,12,0,18,2,5,12,1,52,41,46,5,2025,2,5,46,31,1,0
0,3,5,5,7,326,3,1,46,1,0,54,2,26,8,23,7,2025,1,3,11,9,48,0
1,1,4,8,5,1151,1,1,54,3,0,39,1,38,24,31,5,2015,0,3,27,34,34,1
1,1,4,8,5,227,5,1,54,1,2,26,1,24,41,58,5,2019,1,3,46,9,34,1
0,0,2,4,5,489,8,1,55,1,5,102,2,59,41,52,5,2019,1,2,46,17,55,1
1,0,2,4,6,680,5,0,7,2,2,26,1,53,74,48,4,2025,2,5,76,13,10,0
3,1,1,1,5,1734,7,1,27,2,4,30,1,63,41,18,5,2025,2,0,46,2,30,1
1,1,4,8,5,238,4,1,43,1,3,52,2,73,41,70,8,2023,1,5,46,30,45,0
1,0,2,6,5,125,11,1,21,1,1,32,0,15,41,10,6,2020,1,2,46,22,25,1
0,1,3,4,5,753,5,1,15,2,5,104,1,69,41,33,5,2021,2,2,46,30,18,1
1,1,3,8,5,487,12,0,27,2,4,40,2,73,41,70,5,2017,2,0,46,9,30,1
0,1,4,5,4,412,7,1,28,1,3,1,1,68,25,63,4,2024,1,1,30,33,31,1
1,1,1,6,5,109,5,1,45,1,2,78,0,15,41,10,5,2023,1,1,46,19,42,0
0,1,1,7,5,344,8,1,13,1,2,22,0,19,24,34,5,2020,1,5,27,28,16,1
1,1,3,8,5,484,7,1,27,2,6,34,1,66,41,62,5,2023,0,3,46,3,30,0
0,2,3,1,1,496,11,0,12,1,4,5,1,31,45,65,1,2021,1,5,47,0,13,0
1,1,2,8,5,562,8,1,37,2,4,39,1,48,41,43,8,2016,2,1,46,22,35,0
1,1,2,8,5,267,10,0,45,1,4,54,0,48,41,43,5,2023,1,1,46,3,42,0
1,0,5,6,5,363,7,0,27,2,3,8,0,9,41,12,5,2025,2,3,46,35,30,1
1,1,1,6,5,390,6,1,27,2,2,8,0,16,41,15,5,2023,2,5,46,22,30,1
2,1,4,5,5,60,6,0,55,1,0,69,1,71,41,68,5,2018,1,5,46,28,55,0
0,1,1,7,5,799,4,1,18,2,5,38,0,19,50,34,5,2021,2,5,55,28,1,0
1,1,2,6,4,368,4,1,16,1,3,43,1,15,6,10,4,2018,1,3,5,8,41,1
0,1,2,4,5,791,4,1,22,2,6,3,0,52,41,46,4,2025,2,3,46,12,23,0
0,1,1,7,5,642,1,1,17,2,5,30,0,70,24,27,5,2018,2,1,27,15,19,1
1,2,2,8,5,514,8,1,37,2,5,67,0,66,55,62,8,2023,2,5,54,30,35,0
1,1,2,8,5,232,2,1,17,1,4,71,0,66,41,62,5,2025,1,3,46,30,19,0
0,0,3,0,5,305,2,1,27,1,0,53,0,2,41,3,5,2023,1,5,46,9,30,0
0,1,3,8,3,662,8,1,27,2,0,76,1,20,66,19,5,2023,2,3,37,7,30,1
1,1,6,8,5,461,12,1,37,2,3,17,2,48,41,43,8,2025,2,3,46,34,35,0
0,3,1,5,0,471,4,1,45,1,3,57,0,55,42,50,5,2024,1,2,50,20,42,1
3,1,1,3,5,544,3,0,17,1,5,12,1,67,41,67,5,2015,1,1,46,9,19,0
1,1,4,4,6,590,1,0,6,2,5,50,2,52,57,46,4,2017,2,1,61,35,22,1
1,1,3,6,5,216,6,1,32,1,0,54,0,15,41,10,6,2017,1,1,46,30,15,1
0,1,1,7,5,339,9,0,46,1,3,17,1,70,41,27,7,2024,1,4,46,31,48,0
3,1,5,2,5,839,6,1,45,1,1,1,3,13,41,14,5,2016,1,2,46,1,42,0
2,1,2,5,5,116,9,1,40,1,3,136,1,68,50,63,5,2019,1,2,55,30,39,1
0,1,2,7,5,701,12,1,44,2,6,68,0,57,41,49,7,2025,2,4,46,2,43,0
0,3,1,7,7,433,4,0,52,1,0,5,0,11,34,8,7,2015,1,5,19,15,51,0
0,1,3,7,5,728,8,1,27,2,4,69,1,45,20,40,5,2024,2,3,25,15,30,1
1,1,4,8,5,249,8,1,0,1,0,11,2,17,41,39,8,2023,1,3,46,31,24,0
1,1,5,8,5,422,4,1,55,2,4,93,1,38,41,31,5,2015,2,3,46,30,55,0
1,3,3,8,5,259,2,1,54,1,2,96,1,24,41,58,5,2021,1,3,46,2,34,0
3,1,4,3,5,565,3,0,27,1,6,16,2,33,41,28,5,2017,1,4,46,9,30,0
0,1,2,7,3,303,7,0,17,1,2,65,1,70,76,27,5,2023,1,5,62,15,19,1
1,1,3,8,5,488,11,1,43,2,2,42,0,35,41,30,8,2015,2,5,46,2,45,1
0,3,1,6,8,390,10,0,4,2,4,61,0,61,17,57,8,2024,0,4,51,14,5,0
1,1,6,8,5,254,5,1,27,1,1,19,3,24,41,58,5,2015,1,2,46,28,30,1
1,0,4,8,5,242,3,1,50,1,0,29,1,38,41,31,8,2023,1,3,46,2,46,1
1,3,2,8,5,538,5,1,54,2,6,28,1,43,0,37,5,2023,2,2,6,30,34,0
3,0,1,1,5,1575,1,1,17,3,2,86,1,47,41,45,5,2023,0,3,46,9,19,1
0,1,2,4,5,848,9,1,53,2,2,1,1,30,63,25,4,2020,2,1,68,9,54,0
0,2,4,0,5,739,6,1,14,2,4,58,2,50,41,42,0,2024,2,0,46,32,17,1
1,0,2,6,5,388,9,0,17,2,4,18,0,10,41,7,5,2022,2,3,46,2,19,1
1,3,4,8,5,203,8,1,43,1,4,25,1,12,41,13,8,2018,1,5,46,22,45,1
3,1,1,1,5,825,7,1,48,1,0,13,1,63,41,18,1,2021,1,3,46,2,50,1
0,1,4,4,5,474,12,0,27,1,2,54,1,53,41,48,5,2023,1,3,46,33,30,0
0,1,2,4,5,357,1,0,27,1,3,6,0,5,41,6,5,2024,1,5,46,12,30,0
0,1,5,4,0,919,10,1,15,2,0,12,2,39,16,32,5,2016,2,1,21,20,18,0
0,1,2,8,7,344,7,1,52,1,6,54,1,58,26,53,7,2025,1,1,32,15,51,1
0,0,1,6,0,1133,11,1,32,3,3,42,0,61,16,57,6,2018,0,1,21,27,15,0
0,1,4,0,5,920,3,1,55,2,6,73,0,21,41,16,5,2019,2,1,46,20,55,1
0,1,3,4,5,711,11,1,55,2,1,88,0,39,41,32,5,2024,2,5,46,22,55,0
0,1,4,8,6,902,6,1,32,2,0,27,1,48,15,43,6,2016,2,1,16,16,15,1
0,3,1,7,5,683,5,1,5,2,1,31,1,45,50,40,7,2019,2,3,55,31,6,0
0,0,1,6,0,256,8,1,45,1,3,56,1,76,3,74,5,2020,1,1,2,27,42,1
0,1,3,7,5,729,6,1,27,2,4,30,0,45,41,40,5,2018,0,1,46,22,30,1
0,2,2,0,5,815,3,0,55,2,2,3,2,50,41,42,5,2022,2,1,46,28,55,0
1,1,3,6,5,431,10,1,27,2,1,89,0,61,41,57,5,2017,2,5,46,30,30,0
3,1,2,2,5,914,3,0,40,1,6,87,2,1,50,2,5,2025,1,3,55,9,39,1
0,1,2,7,5,393,7,1,27,1,0,70,0,32,41,26,5,2025,1,3,46,9,30,1
0,1,2,4,5,742,2,1,54,2,5,54,1,53,41,48,5,2019,2,3,46,22,34,0
0,1,1,4,5,725,1,0,53,2,3,3,1,8,41,9,4,2025,2,3,46,28,54,0
2,1,2,5,5,127,6,1,55,1,2,17,1,54,41,55,5,2023,1,2,46,30,55,0
3,1,6,2,5,734,9,0,27,1,2,9,1,65,41,61,5,2022,1,4,46,31,30,0
1,0,6,6,5,336,11,1,55,2,0,38,2,34,41,29,5,2017,2,3,46,31,55,0
1,1,1,8,5,562,7,1,27,2,1,7,0,20,41,19,5,2018,2,0,46,3,30,1
0,0,2,0,5,909,4,1,27,2,4,110,0,23,41,21,5,2019,2,5,46,20,30,1
2,1,2,5,5,201,1,1,18,2,2,26,0,71,41,68,5,2015,2,3,46,2,1,0
0,0,1,4,5,717,7,1,27,2,6,66,0,69,41,33,5,2023,2,1,46,5,30,0
0,3,2,4,5,942,1,0,40,2,3,63,0,39,41,32,5,2023,2,5,46,9,39,0
0,1,1,1,6,701,10,1,1,2,3,39,0,41,74,59,1,2023,2,4,76,8,7,0
0,1,2,1,4,772,12,1,53,2,2,74,0,31,44,65,4,2018,2,3,49,13,54,0
0,1,1,2,4,1136,10,0,23,3,4,75,0,13,64,14,2,2023,0,3,29,13,26,0
1,0,3,8,5,418,4,0,27,2,5,163,0,20,41,19,5,2019,2,5,46,22,30,0
3,1,3,3,5,544,12,1,34,1,3,28,0,67,41,67,3,2018,1,3,46,22,0,0
3,3,1,3,5,975,1,1,17,2,3,6,0,37,41,66,5,2024,0,3,46,7,19,0
0,0,3,4,5,951,1,1,13,2,5,10,0,5,41,6,5,2023,2,0,46,12,16,0
1,0,4,8,5,458,12,0,54,2,3,21,1,22,41,22,5,2021,2,2,46,9,34,1
2,0,4,4,4,338,3,1,3,2,5,96,2,81,60,81,4,2018,2,1,18,5,4,1
0,1,2,3,3,419,2,1,11,1,4,74,2,78,66,73,3,2023,1,5,37,21,11,1
1,1,4,8,5,204,7,1,27,1,2,5,0,73,41,70,5,2023,1,4,46,31,30,1
0,0,1,4,5,447,9,1,55,1,2,54,1,29,41,64,5,2019,1,0,46,28,55,1
1,3,4,6,5,406,10,1,20,2,3,94,1,9,41,12,5,2019,2,3,46,9,21,0
0,0,2,4,5,709,7,1,28,2,1,20,0,30,41,25,4,2019,2,3,46,33,31,1
3,1,6,3,5,558,6,1,27,1,5,3,1,37,41,66,5,2017,1,5,46,9,30,1
1,0,2,8,5,193,9,0,20,1,3,89,0,48,41,43,5,2025,1,1,46,9,21,0
1,1,5,6,5,341,5,1,54,2,4,55,1,77,41,75,5,2019,2,3,46,28,34,0
0,1,2,8,1,642,1,0,8,2,5,56,1,20,77,19,8,2025,2,4,80,4,9,1
0,1,3,4,5,792,9,1,27,2,5,68,0,79,41,78,5,2025,2,1,46,5,30,1
0,1,2,4,5,438,12,1,45,1,0,74,0,8,41,9,5,2021,1,3,46,30,42,1
1,0,2,6,4,1026,11,1,21,3,5,76,0,10,81,7,6,2024,0,3,81,33,25,1
3,1,2,2,5,1573,9,0,40,2,4,49,2,13,41,14,5,2016,2,1,46,22,39,0
2,1,3,5,5,140,2,1,45,2,1,45,0,7,41,47,5,2019,2,1,46,31,42,1
0,1,1,7,5,829,8,1,46,2,2,86,1,19,63,34,7,2021,2,3,68,9,48,1
1,0,5,8,5,236,9,1,20,1,0,97,2,14,47,54,5,2024,1,5,7,22,21,0
0,1,1,4,5,714,3,1,27,2,0,50,0,5,41,6,5,2023,2,4,46,9,30,0
1,1,1,8,5,234,9,1,20,1,5,11,0,43,41,37,5,2023,1,2,46,29,21,1
0,0,2,4,5,402,2,1,54,1,0,13,0,29,55,64,5,2019,1,3,54,28,34,1
0,1,2,6,8,803,6,1,43,2,5,94,0,76,58,74,8,2025,2,2,24,29,45,0
1,1,4,8,5,1007,6,0,27,3,4,49,2,73,41,70,5,2023,0,1,46,22,30,0
1,1,1,8,5,550,5,1,13,2,2,100,1,24,20,58,5,2018,2,4,25,22,16,1
1,1,3,8,5,524,12,0,17,2,6,58,1,51,41,17,5,2025,2,1,46,28,19,1
1,1,3,8,5,1005,4,1,27,3,3,49,1,51,41,17,5,2021,0,2,46,25,30,1
1,0,2,8,5,453,8,1,37,2,3,10,0,66,41,62,8,2023,2,5,46,14,35,0
1,2,3,6,5,315,12,1,41,2,2,11,1,28,20,80,6,2016,2,0,25,9,40,1
3,1,4,3,5,1177,10,1,33,2,6,32,0,62,41,76,3,2015,2,5,46,31,12,1
0,1,3,7,5,422,12,0,52,1,4,66,1,32,41,26,7,2018,1,3,46,2,51,1
0,1,3,4,5,327,8,1,25,1,5,85,0,18,41,60,4,2018,1,4,46,17,27,1
1,1,1,6,5,407,7,1,27,2,6,55,0,77,41,75,5,2025,2,5,46,2,30,1
0,0,2,4,5,407,11,0,40,1,6,76,1,30,23,25,5,2018,1,3,26,31,39,1
1,3,2,8,5,251,7,1,54,1,2,83,1,17,41,39,5,2022,1,2,46,22,34,0
1,1,1,8,5,540,3,0,8,2,4,32,0,22,41,22,8,2020,2,3,46,9,9,1
1,0,5,6,5,392,6,1,15,2,0,93,2,61,41,57,5,2015,2,5,46,22,18,0
1,1,1,8,5,291,11,1,37,1,0,32,1,58,41,53,8,2016,1,3,46,14,35,0
1,1,4,6,5,195,10,1,13,1,6,38,0,16,0,15,5,2022,1,1,6,8,16,1
1,1,1,6,5,336,3,0,13,2,1,26,0,9,41,12,5,2025,2,5,46,22,16,1
0,1,3,4,5,457,9,1,22,1,2,8,0,52,41,46,4,2017,1,1,46,28,23,0
0,3,2,4,5,797,1,1,7,2,2,20,0,53,41,48,4,2022,2,3,46,22,10,1
1,1,1,8,5,194,3,1,37,1,4,28,1,73,41,70,8,2019,1,5,46,22,35,0
2,0,1,5,5,207,2,0,15,2,6,32,1,26,41,23,5,2019,2,2,46,2,18,1
0,1,1,8,7,464,12,1,49,1,1,27,1,24,8,58,8,2020,1,5,11,15,53,0
1,1,4,8,5,521,10,1,27,2,2,30,0,48,41,43,5,2024,2,2,46,30,30,1
1,1,2,6,5,324,12,1,45,2,1,48,1,15,41,10,5,2025,2,1,46,9,42,1
1,1,4,8,5,501,8,0,13,2,5,24,0,38,41,31,5,2025,2,1,46,22,16,0
0,2,4,8,6,847,5,1,27,2,1,67,1,73,29,70,5,2022,2,3,34,29,30,0
0,0,2,4,5,821,8,1,27,2,6,105,0,59,41,52,5,2025,2,1,46,30,30,0
2,1,2,5,5,174,4,1,45,2,2,49,1,40,23,35,5,2025,2,4,26,2,42,1
1,1,1,8,5,191,7,0,27,1,0,31,1,58,41,53,5,2022,1,3,46,28,30,1
0,2,3,6,0,940,12,1,36,2,2,41,1,76,1,74,6,2024,2,1,0,19,36,0
1,3,3,8,5,540,8,1,20,2,2,67,0,48,41,43,5,2016,2,3,46,28,21,1
3,1,1,3,5,529,2,1,40,1,4,43,1,67,41,67,5,2023,1,4,46,2,39,1
0,1,1,0,5,358,4,0,20,1,6,12,0,21,41,16,5,2025,1,3,46,9,21,0
0,1,4,7,5,728,4,0,17,2,2,100,1,11,50,8,5,2024,2,0,55,11,19,0
1,3,2,8,5,405,8,0,27,2,3,10,2,35,41,30,5,2015,2,4,46,31,30,0
1,0,4,8,5,485,1,0,15,2,2,35,1,24,41,58,5,2025,2,3,46,22,18,1
1,1,6,8,5,184,4,1,18,1,5,12,1,14,41,54,5,2022,1,4,46,31,1,1
0,1,4,6,0,384,3,1,14,1,4,63,2,77,1,75,0,2015,1,0,0,8,17,0
0,3,1,4,5,906,2,1,15,2,3,13,0,59,41,52,5,2025,2,3,46,2,18,0
0,1,1,4,5,895,10,1,40,2,3,2,0,52,41,46,5,2015,2,3,46,30,39,1
3,0,4,3,5,926,6,0,9,2,4,22,1,67,41,67,3,2023,2,3,46,28,14,0
0,0,1,4,5,782,7,1,40,2,0,46,0,59,41,52,5,2017,2,3,46,9,39,0
1,1,1,6,5,847,11,1,18,3,6,89,0,10,41,7,5,2019,0,4,46,28,1,0
1,1,2,8,5,248,9,0,15,1,5,77,1,17,41,39,5,2019,1,2,46,34,18,0
0,2,3,4,8,403,10,1,35,1,0,33,2,29,19,64,4,2018,1,1,20,34,8,0
1,1,2,6,5,325,7,0,20,2,2,8,2,3,41,4,5,2018,2,5,46,9,21,1
1,1,2,8,5,314,12,1,17,1,0,85,0,43,23,37,5,2022,1,3,26,22,19,0
1,1,1,8,5,248,1,1,27,1,1,22,0,12,41,13,5,2023,1,3,46,29,30,1
2,1,1,5,5,68,6,1,27,1,0,31,0,25,41,20,5,2024,1,1,46,22,30,1
0,1,2,7,5,737,7,1,27,2,6,87,1,72,41,71,5,2025,2,5,46,24,30,1
0,2,2,4,5,303,3,1,7,1,5,4,1,53,0,48,4,2022,1,1,6,2,10,0
1,1,3,8,5,297,12,1,45,1,0,10,1,17,41,39,5,2025,1,5,46,34,42,0
3,1,2,3,5,886,8,0,55,2,6,77,1,64,41,11,5,2021,2,5,46,2,55,0
0,1,1,5,7,742,11,0,54,2,0,6,0,25,27,20,5,2024,2,0,70,15,34,0
1,1,3,8,5,422,7,1,13,2,5,20,0,38,55,31,5,2018,2,2,54,30,16,1
0,1,3,7,5,661,2,1,40,2,1,36,0,11,50,8,5,2022,2,5,55,15,39,1
3,1,1,3,5,509,9,1,45,1,4,21,1,78,35,73,5,2023,1,3,40,30,42,0
0,1,2,4,5,756,7,1,3,2,4,30,0,59,47,52,4,2018,2,1,7,9,4,0
2,1,2,5,5,121,2,1,15,2,6,26,0,6,41,0,5,2024,2,0,46,31,18,1
1,1,3,8,5,222,1,0,49,1,5,109,1,12,41,13,8,2024,1,0,46,2,53,1
0,1,3,4,5,385,4,1,55,1,3,3,0,30,35,25,5,2018,1,1,40,2,55,1
1,2,2,8,5,303,5,1,49,1,0,37,0,43,68,37,8,2015,1,1,71,31,53,1
1,1,3,8,5,449,6,0,20,2,5,23,1,38,41,31,5,2023,2,0,46,9,21,1
0,1,3,4,5,816,10,1,45,2,6,22,0,79,41,78,5,2019,2,3,46,9,42,1
0,3,6,6,8,596,6,1,0,2,2,18,2,77,22,75,8,2016,2,1,22,25,24,1
0,1,2,8,6,380,5,0,45,1,4,74,1,51,10,17,5,2023,1,5,15,19,42,1
2,1,4,5,5,126,6,1,54,2,2,31,2,54,41,55,5,2019,2,1,46,22,34,1
0,1,1,7,5,1118,11,1,27,3,2,95,0,11,41,8,5,2019,0,3,46,30,30,1
0,1,5,5,4,706,3,0,16,2,6,12,4,54,9,55,4,2018,2,2,8,13,41,0
2,1,4,4,4,358,7,0,3,2,2,60,0,18,6,60,4,2019,2,1,5,13,4,0
0,2,2,0,5,402,1,1,26,1,3,63,0,0,41,1,0,2017,1,1,46,30,28,1
1,0,1,6,5,230,7,1,20,1,4,71,0,10,41,7,5,2021,1,0,46,30,21,0
0,1,2,4,5,738,1,1,55,2,6,9,0,81,35,81,5,2021,2,4,40,17,55,0
0,0,4,4,5,479,12,1,18,1,5,16,2,8,41,9,5,2015,1,1,46,30,1,0
3,3,3,1,5,1598,9,0,40,2,0,64,0,31,23,65,5,2025,2,1,26,30,39,1
3,1,3,2,5,1625,1,1,39,2,1,30,0,56,41,51,2,2017,2,5,46,2,38,0
0,1,1,4,5,452,5,0,7,1,6,62,1,4,41,5,4,2018,1,4,46,28,10,0
1,1,2,5,8,295,2,0,20,1,3,58,2,7,39,47,5,2024,1,0,17,28,21,1
0,1,3,4,5,806,11,1,27,2,5,29,1,30,41,25,5,2018,2,3,46,2,30,1
0,0,6,8,2,474,9,0,18,1,6,56,1,58,2,53,5,2021,1,1,1,29,1,0
0,0,3,5,0,403,8,1,40,1,4,40,0,26,42,23,5,2017,1,3,50,27,39,1
0,1,2,4,5,670,9,1,27,2,6,29,1,4,41,5,5,2024,2,0,46,30,30,0
0,1,2,7,5,875,6,1,18,3,2,51,1,11,41,8,5,2025,0,2,46,36,1,1
1,1,2,8,5,555,3,1,20,2,5,75,0,20,41,19,5,2019,2,1,46,29,21,0
0,0,3,4,5,729,12,0,45,2,4,50,1,52,50,46,5,2022,2,3,55,33,42,0
0,1,4,0,5,487,2,1,42,1,5,15,0,42,63,36,0,2023,1,3,68,2,44,1
0,3,2,0,5,491,3,0,20,1,6,7,1,50,35,42,5,2024,1,5,40,30,21,1
1,1,2,8,5,440,3,1,18,2,6,31,0,20,41,19,5,2024,2,1,46,2,1,1
3,1,5,5,3,1066,9,0,55,2,4,18,3,55,11,50,5,2015,2,4,64,18,55,0
1,3,3,8,5,242,4,1,13,1,0,62,1,51,41,17,5,2017,1,5,46,22,16,1
0,1,4,6,1,305,2,0,30,1,5,66,2,61,65,57,6,2025,1,0,31,6,33,0
1,1,4,8,5,245,1,1,37,1,1,45,1,66,41,62,8,2020,1,5,46,29,35,1
2,3,2,5,5,153,12,1,27,2,2,106,1,27,23,24,5,2016,2,0,26,30,30,1
1,1,3,8,5,509,6,1,27,2,4,20,0,20,41,19,5,2015,2,3,46,9,30,0
1,3,1,6,5,226,5,1,21,1,1,43,1,3,41,4,6,2018,1,0,46,19,25,0
0,1,3,3,8,370,9,0,4,1,1,85,1,78,54,73,8,2025,1,3,14,34,5,1
3,0,1,2,5,931,6,1,20,1,6,38,1,1,47,2,5,2023,1,2,7,31,21,0
0,0,3,7,5,673,6,0,27,2,2,8,0,72,41,71,5,2024,2,5,46,28,30,0
1,3,3,8,5,183,10,1,20,1,3,22,0,73,41,70,5,2024,1,3,46,30,21,1
0,0,2,0,5,353,1,1,20,1,5,86,0,50,41,42,5,2024,1,4,46,22,21,0
1,1,2,8,5,268,8,1,17,1,3,66,1,12,55,13,5,2022,1,1,54,9,19,0
0,1,1,0,5,746,8,0,54,2,0,117,0,42,41,36,5,2018,2,3,46,28,34,1
1,1,1,6,5,258,3,1,15,2,0,15,0,9,41,12,5,2024,2,3,46,31,18,0
1,1,1,8,5,875,6,1,15,3,1,47,0,73,41,70,5,2015,0,3,46,28,18,0
1,1,2,5,8,265,4,1,37,1,5,101,0,71,39,68,8,2024,1,1,17,2,35,0
1,1,5,8,5,617,9,1,27,2,4,58,3,12,50,13,5,2022,2,2,55,34,30,1
3,1,2,2,5,937,2,1,39,1,5,26,2,13,50,14,2,2025,1,2,55,2,38,1
1,1,4,6,5,853,1,0,27,3,1,103,2,15,41,10,5,2024,0,4,46,22,30,0
1,1,1,8,5,1115,3,1,18,3,1,62,0,73,41,70,5,2024,0,2,46,2,1,0
0,1,1,4,5,874,3,1,53,3,6,28,0,39,41,32,4,2021,0,1,46,9,54,1
0,1,4,4,5,866,3,1,55,2,5,30,0,49,41,44,5,2019,2,2,46,13,55,1
3,1,2,1,5,622,3,1,27,1,0,25,0,63,41,18,5,2023,1,4,46,28,30,0
0,3,6,7,7,619,6,0,46,2,4,86,4,72,8,71,7,2024,2,2,11,24,48,0
3,3,4,3,5,587,5,1,18,1,0,22,2,37,0,66,5,2025,1,1,6,31,1,1
2,1,2,5,5,515,4,1,55,3,0,1,1,68,20,63,5,2020,0,1,25,2,55,0
2,0,4,5,5,212,5,1,40,2,4,53,0,26,47,23,5,2018,2,5,7,31,39,1
1,1,3,8,5,567,7,0,50,2,2,53,0,48,68,43,8,2023,2,4,71,22,46,1
1,3,2,8,5,511,8,0,13,2,4,13,2,14,41,54,5,2015,2,1,46,9,16,1
1,1,3,6,5,216,7,1,40,1,2,75,0,16,41,15,5,2018,1,5,46,35,39,0
0,2,3,4,5,397,2,1,29,1,0,33,1,81,41,81,4,2023,1,0,46,2,47,0
1,0,2,6,5,296,12,0,17,2,5,6,1,15,23,10,5,2025,2,3,26,22,19,0
3,0,2,2,5,1718,6,1,55,2,2,12,0,1,41,2,5,2024,2,1,46,31,55,0
1,3,5,8,5,455,5,1,0,2,0,93,2,58,41,53,8,2025,2,3,46,9,24,1
2,0,2,5,5,217,3,1,27,2,0,28,0,54,41,55,5,2018,2,0,46,31,30,1
3,0,1,1,5,859,6,1,54,1,4,30,0,36,41,79,5,2019,1,3,46,4,34,0
0,1,3,1,1,411,3,1,1,1,4,98,0,47,79,45,1,2023,1,3,36,6,7,0
1,3,4,8,5,437,8,1,43,2,6,54,2,24,41,58,8,2024,2,5,46,34,45,1
1,1,1,8,5,487,5,0,54,2,3,8,0,22,41,22,5,2023,2,1,46,2,34,0
0,0,5,0,5,329,3,1,27,1,3,23,1,44,41,38,5,2023,1,4,46,30,30,0
1,1,2,8,5,221,4,1,8,1,4,26,0,51,41,17,8,2016,1,1,46,31,9,0
0,0,2,4,5,805,12,1,53,2,4,1,1,39,41,32,4,2019,0,1,46,31,54,1
1,2,1,4,6,261,12,0,3,1,2,21,0,81,57,81,4,2019,1,0,61,33,4,1
0,3,4,6,6,890,6,0,41,3,3,23,1,34,10,29,6,2018,0,2,15,8,40,0
2,0,2,5,5,138,2,0,27,2,0,1,1,7,41,47,5,2024,2,2,46,2,30,0
0,0,2,7,5,787,9,0,15,2,3,78,0,57,63,49,5,2022,2,1,68,9,18,0
0,1,4,4,5,408,11,0,35,1,6,52,0,52,41,46,4,2024,1,1,46,17,8,0
1,1,1,8,5,463,8,1,18,2,1,107,0,66,41,62,5,2018,2,1,46,28,1,0
0,3,1,4,5,878,1,1,18,2,1,19,0,81,41,81,5,2018,2,1,46,9,1,1
1,1,3,8,5,291,11,1,43,1,3,44,1,35,41,30,8,2016,1,2,46,25,45,1
2,2,1,5,5,93,8,1,40,1,6,39,0,7,41,47,5,2021,1,3,46,9,39,0
0,1,1,7,2,401,6,1,39,1,4,2,1,57,72,49,2,2021,1,0,75,1,38,0
0,3,3,7,3,793,5,1,5,2,3,100,1,45,73,40,7,2024,2,5,78,18,6,0
0,1,2,4,5,306,5,1,15,1,1,74,0,8,41,9,5,2019,1,1,46,2,18,1
0,1,1,4,7,488,6,1,22,1,5,43,1,8,34,9,4,2023,1,2,19,33,23,1
1,1,2,8,5,299,11,0,17,1,4,26,1,17,41,39,5,2023,1,3,46,31,19,1
0,1,1,5,7,857,12,0,52,2,3,38,0,26,49,23,7,2017,2,1,57,24,51,1
0,1,6,0,5,748,1,1,15,2,2,3,2,21,24,16,5,2025,0,3,27,31,18,1
1,0,3,6,5,101,1,0,21,1,0,18,1,61,41,57,6,2022,1,5,46,16,25,1
0,1,2,0,4,404,8,1,7,1,1,90,1,42,60,36,4,2023,1,5,18,20,10,1
3,1,2,1,5,1124,7,1,15,2,1,95,0,36,41,79,5,2018,0,1,46,31,18,1
0,1,3,4,5,698,4,0,47,2,0,79,1,5,41,6,4,2025,2,1,46,2,49,0
2,1,2,5,5,175,11,1,27,2,3,7,1,54,0,55,5,2025,2,0,6,22,30,0
1,0,6,8,5,205,5,1,18,1,3,63,3,22,50,22,5,2023,1,1,55,22,1,0
0,1,2,7,5,327,12,0,46,1,4,72,0,72,41,71,7,2025,1,1,46,2,48,1
0,1,3,4,5,851,9,0,27,2,0,66,1,18,41,60,5,2022,2,2,46,31,30,1
3,0,5,2,5,706,2,0,55,1,6,75,2,65,41,61,5,2022,1,1,46,28,55,1
1,1,2,8,5,808,8,1,0,2,0,92,0,17,41,39,8,2022,0,1,46,22,24,1
1,1,4,8,5,300,5,1,43,1,3,25,1,14,63,54,8,2025,1,3,68,29,45,0
1,1,2,4,6,546,12,1,16,2,6,16,1,30,4,25,4,2018,2,5,3,8,41,1
1,1,1,8,5,187,1,1,20,1,3,6,1,43,41,37,5,2015,1,5,46,9,21,1
1,3,2,4,6,220,1,1,25,1,6,27,0,53,29,48,4,2023,1,0,34,37,27,1
0,0,2,4,5,763,5,0,45,2,0,49,0,81,41,81,5,2025,2,4,46,28,42,1
1,1,2,8,5,308,11,1,15,1,5,112,0,66,41,62,5,2024,1,2,46,22,18,1
0,1,3,4,7,890,2,1,25,2,0,41,2,30,8,25,4,2015,2,0,11,15,27,1
0,1,1,7,5,316,2,0,55,1,5,9,1,45,63,40,5,2019,1,4,68,15,55,0
0,1,5,5,4,914,9,1,53,2,3,98,0,25,64,20,4,2025,2,0,29,31,54,1
0,3,3,4,8,846,6,1,50,2,5,34,0,29,19,64,8,2022,2,5,20,37,46,0
3,3,1,2,5,1678,11,1,20,2,0,29,0,13,41,14,5,2023,2,1,46,28,21,1
0,1,4,7,4,1237,7,1,29,3,1,25,0,72,6,71,4,2016,0,2,5,5,47,1
0,3,2,4,5,1225,3,0,7,3,0,18,0,5,41,6,4,2025,0,5,46,37,10,0
1,1,2,4,6,631,9,1,32,2,2,101,0,4,15,5,6,2022,2,1,16,37,15,0
0,2,2,0,5,820,7,1,18,2,3,81,0,44,68,38,5,2018,2,2,71,28,1,0
0,0,5,4,0,743,12,0,27,2,5,95,1,30,1,25,5,2024,2,2,0,20,30,0
0,1,3,7,5,305,5,1,55,1,4,59,1,72,35,71,5,2020,1,5,40,9,55,1
1,1,2,8,5,218,5,1,18,1,0,47,1,22,41,22,5,2018,1,4,46,9,1,0
1,1,6,8,5,244,11,1,37,1,2,52,2,12,41,13,8,2025,1,4,46,2,35,1
1,0,1,6,5,173,4,1,40,1,0,22,0,74,23,69,5,2023,1,1,26,16,39,0
3,1,3,2,5,887,10,1,27,1,2,83,1,56,41,51,5,2023,1,4,46,2,30,1
1,1,2,8,5,289,8,0,17,1,3,27,0,73,41,70,5,2022,1,2,46,28,19,0
1,0,4,6,5,321,8,0,55,2,0,55,1,77,41,75,5,2018,2,1,46,16,55,0
0,3,2,4,8,923,2,1,50,2,3,3,2,53,19,48,8,2023,2,0,20,12,46,0
0,2,2,7,5,645,7,0,27,2,0,47,0,19,41,34,5,2018,2,3,46,22,30,0
1,1,2,6,5,407,1,1,15,2,3,7,2,61,20,57,5,2024,2,5,25,28,18,1
0,1,2,1,8,373,6,1,0,1,1,59,0,36,13,79,8,2016,1,3,12,3,24,0
2,0,2,5,5,148,4,1,27,2,2,35,2,6,41,0,5,2024,2,2,46,2,30,0
3,1,5,1,5,1379,12,1,27,2,1,26,0,31,41,65,5,2023,2,4,46,4,30,0
0,1,3,4,5,688,8,0,22,2,4,95,1,8,41,9,4,2024,2,2,46,31,23,1
0,1,1,4,5,903,7,1,22,2,0,35,0,8,35,9,4,2025,2,5,40,9,23,0
1,0,2,8,5,1080,12,1,17,3,3,32,0,17,41,39,5,2015,0,2,46,31,19,1
0,1,2,7,5,755,6,1,19,2,0,26,0,57,41,49,7,2023,2,3,46,15,20,1
1,3,3,8,5,633,1,0,0,2,3,21,1,14,41,54,8,2020,2,3,46,34,24,0
1,1,3,6,5,369,3,1,17,2,2,66,0,10,41,7,5,2019,2,4,46,8,19,0
3,3,1,3,5,1131,8,1,27,2,5,58,0,67,41,67,5,2020,2,4,46,7,30,0
1,3,5,6,5,288,4,1,40,2,0,12,1,15,41,10,5,2021,2,3,46,8,39,1
1,1,2,8,5,399,9,1,49,2,3,61,0,14,41,54,8,2023,2,5,46,31,53,1
0,0,4,7,5,854,5,1,27,2,6,30,0,11,41,8,5,2018,2,4,46,30,30,1
0,1,2,4,7,803,4,1,18,2,6,82,1,69,71,33,5,2023,2,2,72,12,1,1
1,1,3,8,5,224,1,1,49,1,3,171,0,48,63,43,8,2025,1,3,68,25,53,0
0,1,4,4,5,436,5,1,25,1,3,34,2,5,41,6,4,2019,1,2,46,22,27,1
0,0,3,7,4,687,1,1,29,2,5,31,0,11,60,8,4,2019,2,3,18,36,47,1
3,0,2,2,5,1350,9,1,40,3,5,85,0,13,41,14,5,2015,0,5,46,9,39,1
1,0,3,8,5,514,10,1,49,2,2,28,1,12,41,13,8,2021,2,1,46,22,53,0
2,0,1,5,5,197,11,0,18,2,2,39,0,71,41,68,5,2022,0,4,46,31,1,0
1,1,2,8,5,248,8,1,27,1,4,40,2,14,41,54,5,2016,1,3,46,31,30,0
1,1,3,8,5,528,10,0,45,2,4,39,0,22,41,22,5,2024,2,3,46,31,42,1
0,1,4,4,5,931,8,0,54,2,1,22,1,8,41,9,5,2024,2,3,46,9,34,0
2,1,4,5,5,196,8,1,40,2,2,103,1,71,41,68,5,2022,2,1,46,22,39,0
1,3,2,8,5,305,5,1,17,1,4,109,1,58,24,53,5,2021,1,3,27,9,19,0
0,1,3,4,5,984,5,1,28,2,0,105,2,30,41,25,4,2019,2,1,46,28,31,0
0,1,3,4,5,806,3,1,22,2,6,101,0,49,41,44,4,2021,2,1,46,31,23,1
1,1,1,8,5,216,7,0,4,1,4,61,1,14,41,54,8,2016,1,3,46,29,5,1
0,1,2,4,5,1319,1,1,40,3,2,78,1,53,23,48,5,2022,0,1,26,30,39,0
1,1,3,8,5,238,6,1,54,1,1,11,0,58,41,53,5,2025,1,4,46,28,34,0
2,1,6,5,5,71,11,1,45,1,0,56,2,40,47,35,5,2021,1,4,7,30,42,0
2,3,4,5,5,183,2,0,17,2,6,42,0,40,41,35,5,2023,2,5,46,22,19,0
1,3,2,8,5,307,8,1,27,1,3,10,0,22,41,22,5,2025,1,3,46,28,30,0
0,1,1,3,8,824,11,1,11,2,1,28,0,33,39,28,3,2019,2,3,17,34,11,1
1,0,3,8,5,319,1,1,18,1,6,24,0,43,41,37,5,2019,1,3,46,30,1,0
0,1,3,4,5,817,10,1,18,2,5,77,1,4,68,5,5,2024,2,1,71,37,1,0
3,3,3,3,5,553,1,0,33,1,3,98,1,67,20,67,3,2024,1,5,25,28,12,0
1,1,4,6,5,351,7,1,27,2,3,69,1,16,41,15,5,2019,0,1,46,35,30,0
1,2,5,8,5,222,7,1,18,1,1,69,0,51,68,17,5,2017,1,3,71,25,1,0
0,1,2,7,4,871,11,1,5,3,6,9,1,32,5,26,7,2024,0,3,4,37,6,0
0,2,1,6,8,447,3,0,36,1,5,27,0,9,13,12,6,2017,1,3,12,3,36,1
0,0,2,7,5,795,10,0,31,2,6,49,1,45,20,40,7,2025,2,2,25,9,32,1
0,0,1,4,5,461,3,0,3,1,4,51,1,5,41,6,4,2024,1,1,46,30,4,1
3,0,2,2,5,930,5,1,23,1,6,25,0,56,41,51,2,2020,1,0,46,26,26,0
1,1,3,6,5,129,9,1,15,1,4,44,1,3,41,4,5,2023,1,5,46,31,18,1
1,1,2,8,5,496,6,1,27,2,1,56,0,48,41,43,5,2025,2,2,46,31,30,1
1,1,2,8,5,203,4,1,8,1,6,22,0,22,41,22,8,2025,1,3,46,9,9,1
1,1,5,4,6,396,3,1,32,1,1,73,1,52,75,46,6,2025,1,3,77,17,15,0
1,3,4,8,5,219,8,0,40,1,4,49,0,35,41,30,5,2015,1,0,46,2,39,1
0,3,4,4,5,885,3,1,18,2,2,31,3,18,41,60,5,2017,2,2,46,30,1,1
0,0,4,0,0,814,6,1,26,2,2,93,0,44,21,38,0,2025,2,3,23,32,28,0
0,0,3,4,3,587,1,1,10,2,4,57,0,4,11,5,3,2018,2,1,64,13,3,1
1,3,2,8,5,206,8,0,45,1,4,42,0,48,41,43,5,2022,1,1,46,28,42,1
3,0,3,3,5,959,5,0,18,2,1,2,1,33,41,28,5,2019,2,2,46,9,1,0
3,1,3,1,5,748,10,0,15,1,0,94,1,36,41,79,5,2020,1,3,46,22,18,1
3,3,1,1,5,1220,7,1,55,2,0,14,0,63,41,18,5,2025,0,1,46,22,55,1
1,2,6,8,5,416,3,1,27,2,3,32,3,35,41,30,5,2025,2,3,46,31,30,0
1,1,2,8,5,530,7,0,18,2,3,72,2,14,68,54,5,2017,2,2,71,28,1,0
0,1,2,4,5,700,8,1,29,2,3,5,0,79,41,78,4,2022,2,2,46,22,47,1
0,1,2,7,5,759,10,0,45,2,6,66,1,32,41,26,5,2024,0,1,46,15,42,0
2,1,6,5,5,1098,4,0,40,3,5,20,1,27,41,24,5,2020,0,2,46,31,39,0
1,0,1,8,5,193,11,1,27,1,3,96,0,38,41,31,5,2023,1,0,46,2,30,1
1,1,3,6,5,591,2,1,17,2,2,26,1,15,41,10,5,2025,0,1,46,8,19,0
1,2,1,6,5,634,2,1,40,2,1,47,0,74,41,69,5,2023,0,2,46,28,39,0
0,1,2,5,4,337,1,0,45,1,6,37,0,25,60,20,5,2023,1,2,18,33,42,1
1,1,2,8,5,452,6,1,27,2,1,3,1,73,41,70,5,2025,2,3,46,31,30,1
1,1,6,8,5,611,10,0,27,2,0,17,4,35,41,30,5,2025,0,3,46,28,30,1
1,1,3,8,5,503,10,1,27,2,5,34,0,35,41,30,5,2019,2,0,46,28,30,1
1,1,3,6,5,365,4,1,41,2,3,16,1,77,41,75,6,2025,2,4,46,22,40,0
2,1,3,5,5,97,4,0,54,1,3,63,1,54,24,55,5,2017,1,4,27,31,34,0
1,3,5,6,5,131,3,1,27,1,0,57,2,34,41,29,5,2024,1,1,46,31,30,0
0,1,1,4,5,1226,4,1,35,3,5,66,0,59,41,52,4,2025,0,1,46,13,8,0
1,1,3,6,5,321,4,1,15,2,6,28,0,16,41,15,5,2021,2,3,46,23,18,0
1,1,1,8,5,215,10,1,54,1,5,64,0,14,41,54,5,2020,1,5,46,9,34,0
0,1,2,0,5,358,7,1,45,1,4,50,0,2,41,3,5,2021,1,5,46,31,42,0
0,1,3,6,6,422,8,1,21,1,1,8,1,61,10,57,6,2021,1,2,15,23,25,0
0,1,2,0,5,903,1,0,17,2,2,90,0,60,41,56,5,2018,0,4,46,27,19,1
1,1,2,8,5,499,10,0,50,2,0,59,2,12,41,13,8,2016,2,1,46,3,46,0
1,0,2,8,5,494,3,1,50,2,2,59,1,12,47,13,8,2025,2,3,7,22,46,1
0,3,2,8,2,650,1,1,23,2,1,74,1,35,51,30,2,2017,2,1,56,25,26,1
1,1,1,8,5,292,1,1,8,1,4,88,1,58,47,53,8,2016,1,0,7,29,9,1
1,1,2,6,5,306,8,0,40,2,2,60,1,76,41,74,5,2019,2,1,46,23,39,0
0,0,2,4,5,407,7,1,53,1,5,87,1,59,41,52,4,2019,1,2,46,9,54,0
0,1,3,4,5,462,3,1,47,1,5,12,0,52,55,46,4,2025,1,0,54,31,49,0
0,1,2,7,5,821,11,1,13,2,0,57,1,19,41,34,5,2025,2,2,46,28,16,0
0,0,3,7,5,673,1,1,52,2,1,2,1,11,55,8,7,2024,2,3,54,36,51,0
1,0,3,5,6,247,2,1,36,1,3,39,1,7,12,47,6,2022,1,4,9,28,36,1
1,1,1,8,5,598,4,0,37,2,0,63,0,66,41,62,8,2021,2,3,46,31,35,0
1,0,2,8,5,507,1,1,49,2,0,26,0,51,41,17,8,2025,2,1,46,22,53,0
1,1,5,8,5,183,6,1,54,1,1,68,1,12,41,13,5,2017,1,3,46,25,34,1
0,1,3,4,5,819,6,0,27,2,1,7,0,81,41,81,5,2019,2,1,46,2,30,1
0,1,4,4,5,853,7,1,3,2,3,18,2,18,41,60,4,2023,2,3,46,2,4,0
1,1,3,6,5,386,1,1,18,2,3,71,0,16,41,15,5,2018,2,5,46,9,1,0
1,1,2,6,5,282,11,0,27,2,5,2,1,16,41,15,5,2024,2,3,46,9,30,1
1,1,3,8,5,293,9,1,17,1,0,56,0,73,41,70,5,2022,1,1,46,9,19,0
1,0,3,8,5,999,8,1,37,3,2,29,2,66,41,62,8,2015,0,4,46,22,35,0
0,3,4,7,5,739,3,1,17,2,4,3,1,70,41,27,5,2024,2,3,46,22,19,1
1,0,1,8,5,587,2,0,27,2,6,59,1,35,41,30,5,2020,2,4,46,29,30,1
0,1,1,1,4,359,1,1,53,1,4,34,1,36,46,79,4,2025,1,2,52,17,54,0
0,1,2,1,2,270,4,0,39,1,6,8,0,80,51,77,2,2020,1,5,56,26,38,1
1,0,1,8,5,521,10,1,4,2,5,91,0,24,41,58,8,2024,2,5,46,22,5,0
1,1,2,8,5,554,1,1,27,2,4,25,0,73,41,70,5,2017,2,5,46,9,30,0
0,0,2,4,5,791,5,0,27,2,4,38,0,29,41,64,5,2024,2,5,46,31,30,0
2,2,5,5,5,227,1,0,45,2,0,13,3,40,41,35,5,2024,2,1,46,22,42,0
2,1,2,5,5,78,4,1,55,1,1,35,0,7,41,47,5,2025,1,0,46,28,55,0
0,1,3,4,0,746,1,1,29,2,0,56,0,81,42,81,4,2018,2,3,50,32,47,0
1,1,2,8,5,314,3,1,27,1,0,84,2,43,41,37,5,2025,1,2,46,28,30,1
1,1,2,8,5,268,3,1,20,1,3,72,1,14,47,54,5,2019,1,1,7,31,21,0
1,0,1,6,5,246,11,1,45,2,2,30,0,10,41,7,5,2023,2,0,46,8,42,1
1,1,4,4,6,734,2,0,30,2,5,31,1,59,12,52,6,2022,2,4,9,8,33,0
0,2,2,1,6,817,6,1,2,2,2,75,0,36,29,79,1,2025,2,4,34,19,2,1
2,1,2,5,5,860,4,1,27,2,2,51,0,7,41,47,5,2016,0,0,46,22,30,1
1,1,4,5,6,282,8,1,55,2,5,67,0,55,4,50,5,2024,2,5,3,35,55,0
1,1,5,5,6,451,9,1,15,2,4,101,1,71,10,68,5,2022,2,3,15,22,18,0
1,1,4,8,5,486,11,1,27,2,5,19,0,22,41,22,5,2022,2,3,46,2,30,1
0,1,2,7,5,689,12,1,13,2,1,104,1,11,41,8,5,2023,2,2,46,30,16,0
2,1,4,5,5,228,1,1,40,2,3,26,1,26,50,23,5,2024,2,1,55,9,39,0
0,0,3,4,5,377,5,1,7,1,0,21,0,49,41,44,4,2023,1,1,46,33,10,1
0,1,4,8,4,908,6,0,37,2,0,10,1,66,33,62,8,2022,2,3,69,17,35,0
1,0,1,8,5,457,8,1,55,2,5,94,0,24,41,58,5,2025,2,1,46,28,55,1
1,3,1,8,5,503,5,1,18,2,5,77,0,17,55,39,5,2017,2,5,54,34,1,0
1,1,1,8,5,594,11,1,27,2,0,22,1,12,41,13,5,2024,2,2,46,9,30,0
1,1,1,6,4,267,1,1,29,1,5,23,0,74,81,69,4,2019,1,5,81,5,47,1
1,1,1,6,5,189,8,1,27,1,4,11,0,3,41,4,5,2025,1,2,46,2,30,0
1,3,5,5,8,239,12,1,43,1,4,19,3,7,17,47,8,2020,1,3,51,28,45,1
0,1,1,4,5,737,6,0,17,2,1,15,0,79,24,78,5,2022,2,1,27,28,19,0
1,1,3,8,5,205,6,1,40,1,5,13,1,48,23,43,5,2016,1,3,26,22,39,1
0,3,3,5,4,831,11,1,54,2,3,13,2,26,44,23,5,2015,2,3,49,33,34,0
0,3,2,4,5,424,4,0,47,1,2,18,1,5,41,6,4,2025,1,4,46,31,49,1
1,1,1,8,5,464,11,0,55,2,6,40,0,17,41,39,5,2023,2,3,46,34,55,1
0,1,6,7,5,744,2,0,46,2,0,17,0,11,47,8,7,2025,2,1,7,2,48,0
1,0,1,8,5,561,11,1,49,2,6,90,1,51,47,17,8,2019,2,3,7,2,53,0
1,3,3,8,5,453,7,1,0,2,1,55,1,17,41,39,8,2022,2,3,46,22,24,1
0,0,1,4,5,839,8,0,27,2,3,17,0,79,41,78,5,2019,2,3,46,30,30,0
2,1,1,5,5,215,9,1,18,2,0,4,0,6,23,0,5,2022,2,4,26,2,1,1
2,1,4,5,5,207,8,1,27,2,5,80,0,71,41,68,5,2025,2,0,46,28,30,0
0,1,2,4,5,872,4,1,22,2,0,45,1,8,41,9,4,2018,2,3,46,31,23,0
2,1,5,5,5,675,6,0,17,3,4,56,1,27,41,24,5,2023,0,5,46,2,19,0
3,2,5,2,5,915,9,0,51,1,2,3,1,13,41,14,2,2016,1,3,46,26,52,1
1,3,2,8,5,209,2,1,45,1,3,85,0,14,41,54,5,2021,1,1,46,28,42,1
1,1,2,4,6,266,3,1,32,1,3,19,0,8,15,9,6,2025,1,3,16,37,15,0
1,1,3,8,5,490,9,1,20,2,6,54,2,43,41,37,5,2021,2,4,46,14,21,1
3,3,1,1,5,1700,1,0,55,2,5,77,0,36,63,79,5,2023,2,5,68,31,55,1
0,1,4,7,5,427,10,1,55,1,2,49,1,11,41,8,5,2018,1,3,46,24,55,0
0,1,5,4,5,332,2,1,40,1,4,40,0,29,41,64,5,2019,1,3,46,13,39,1
0,1,2,7,5,764,10,1,31,2,1,61,0,11,41,8,7,2022,2,5,46,2,32,1
1,1,4,8,5,511,12,0,17,2,1,35,0,66,41,62,5,2021,2,3,46,14,19,0
2,0,2,5,5,289,12,1,45,2,4,107,0,54,20,55,5,2024,0,2,25,2,42,1
3,1,2,1,5,1330,3,1,40,2,1,81,1,63,41,18,5,2021,2,4,46,31,39,1
0,1,3,7,5,632,3,1,5,2,6,24,1,45,50,40,7,2016,0,3,55,22,6,0
2,1,4,5,5,205,7,1,45,2,5,47,2,25,41,20,5,2016,2,0,46,30,42,0
2,1,2,5,5,106,7,1,27,1,3,32,1,25,41,20,5,2022,1,3,46,31,30,1
0,1,1,4,5,652,11,1,3,2,2,72,0,53,41,48,4,2025,0,3,46,17,4,0
0,1,4,6,8,471,7,1,0,1,4,105,2,77,43,75,8,2024,1,3,48,35,24,1
1,3,3,8,5,596,5,1,4,2,5,3,0,14,41,54,8,2018,2,1,46,22,5,1
1,2,2,8,5,375,5,0,15,2,2,49,0,73,41,70,5,2018,0,2,46,31,18,1
0,1,4,7,5,407,7,1,27,1,0,63,0,72,41,71,5,2020,1,2,46,9,30,1
1,2,5,6,5,143,3,0,27,1,0,86,3,28,41,80,5,2019,1,3,46,28,30,0
0,1,5,4,5,760,7,1,45,2,5,45,0,49,41,44,5,2024,2,1,46,2,42,0
2,1,1,5,5,209,12,1,18,2,6,105,1,55,63,50,5,2018,2,1,68,9,1,0
0,1,3,7,5,674,2,1,19,2,2,50,2,57,41,49,7,2017,2,3,46,28,20,0
2,1,4,5,5,186,9,0,18,2,5,84,1,40,41,35,5,2020,2,3,46,28,1,1
0,3,2,6,7,431,3,1,44,1,1,28,2,9,71,12,7,2025,1,3,72,16,43,1
0,3,1,4,3,713,6,1,10,2,2,56,0,29,11,64,3,2025,2,3,64,17,3,1
1,0,2,6,5,281,3,0,55,2,4,38,0,10,35,7,5,2025,2,3,40,28,55,1
1,1,3,8,5,306,4,1,27,1,2,35,1,17,41,39,5,2016,1,3,46,28,30,1
0,1,4,4,5,782,5,1,40,2,1,35,1,5,23,6,5,2015,2,1,26,2,39,1
2,1,4,5,5,194,11,1,45,2,2,12,2,54,41,55,5,2024,2,3,46,28,42,1
0,0,2,4,5,352,10,1,27,1,1,60,1,53,41,48,5,2024,1,2,46,12,30,0
1,3,1,8,5,438,6,0,13,2,3,86,0,24,23,58,5,2025,2,3,26,22,16,1
1,1,6,8,5,499,10,1,18,2,3,45,1,22,68,22,5,2016,2,3,71,30,1,0
0,1,1,2,6,400,12,1,13,1,1,30,0,75,80,72,5,2019,1,5,28,19,16,0
0,1,1,5,7,325,6,0,45,1,1,102,0,25,49,20,5,2024,1,5,57,28,42,1
0,1,1,4,5,326,4,1,25,1,3,55,1,18,41,60,4,2017,1,1,46,2,27,0
1,0,1,8,5,458,9,1,4,2,2,39,0,12,41,13,8,2025,0,5,46,28,5,0
3,0,1,5,1,1518,9,0,15,2,3,54,0,7,79,47,5,2020,2,0,36,22,18,1
0,1,6,8,3,834,9,0,33,2,1,51,1,73,73,70,3,2019,2,4,78,25,12,1
0,3,2,4,5,880,11,1,7,2,0,27,0,4,41,5,4,2025,2,4,46,22,10,0
2,1,2,5,5,201,3,1,27,2,6,6,1,26,41,23,5,2018,2,5,46,31,30,1
3,3,2,1,5,1405,11,1,45,2,1,7,1,63,41,18,5,2021,2,1,46,22,42,1
3,1,1,3,5,911,2,1,11,2,3,43,0,78,41,73,3,2021,2,1,46,31,11,1
0,0,3,7,5,780,12,1,46,2,2,11,0,70,41,27,7,2018,2,2,46,30,48,0
1,2,3,6,5,377,12,1,55,2,3,41,1,10,55,7,5,2022,2,3,54,30,55,1
3,0,2,1,5,1260,5,1,27,2,2,48,0,63,41,18,5,2018,2,1,46,31,30,0
2,1,3,5,5,102,10,1,18,1,1,82,2,6,55,0,5,2017,1,3,54,30,1,0
0,1,5,4,5,964,3,1,17,2,5,64,1,79,41,78,5,2017,0,5,46,5,19,0
1,1,1,8,5,495,9,1,15,2,1,110,0,17,41,39,5,2025,2,1,46,9,18,0
2,1,3,5,5,83,4,1,45,1,3,76,2,6,20,0,5,2024,1,1,25,30,42,1
0,0,1,4,5,636,8,1,27,2,3,26,0,5,41,6,5,2017,2,5,46,22,30,0
3,1,2,1,5,612,5,1,17,1,3,26,0,63,41,18,5,2019,1,3,46,2,19,0
1,2,2,8,5,452,7,0,27,2,0,56,2,22,41,22,5,2022,2,0,46,30,30,0
0,0,2,8,6,740,8,1,49,2,6,2,0,14,4,54,8,2022,0,1,3,19,53,0
1,1,3,8,5,618,5,1,27,2,3,84,0,12,41,13,5,2016,2,3,46,31,30,1
0,1,4,7,5,659,8,1,40,2,5,23,1,32,41,26,5,2017,2,3,46,2,39,1
0,1,5,3,4,262,8,1,9,1,1,39,1,37,5,66,3,2021,1,3,4,13,14,1
1,1,4,8,5,527,1,1,27,2,1,51,1,35,41,30,5,2021,2,4,46,31,30,0
1,0,2,6,5,120,6,1,41,1,3,48,0,76,23,74,6,2022,1,1,26,9,40,0
1,1,2,6,5,199,12,1,17,1,3,36,1,77,41,75,5,2019,1,3,46,2,19,0
1,1,2,8,5,183,10,1,55,1,0,37,1,43,41,37,5,2022,1,0,46,30,55,0
0,1,4,5,7,828,2,1,18,2,5,41,2,6,27,0,5,2018,2,3,70,36,1,1
1,1,3,8,5,685,3,1,0,3,3,53,0,51,50,17,8,2024,0,1,55,28,24,0
2,1,4,5,5,164,6,1,27,2,3,9,1,7,41,47,5,2022,2,5,46,9,30,0
0,0,3,4,5,782,11,1,55,2,1,25,0,52,41,46,5,2018,2,4,46,9,55,0
0,0,1,4,5,314,4,1,47,1,3,17,0,69,23,33,4,2018,1,2,26,31,49,1
1,1,3,6,5,361,10,0,18,2,5,33,2,28,41,80,5,2025,2,5,46,9,1,1
0,1,1,8,0,685,1,1,43,2,1,37,0,22,1,22,8,2023,2,1,0,20,45,0
0,1,5,6,0,385,1,0,27,1,3,102,1,9,38,12,5,2016,1,1,44,10,30,1
2,2,3,5,5,229,6,1,18,2,6,2,1,46,23,41,5,2023,2,4,26,22,1,1
1,3,1,8,5,729,2,1,49,2,5,53,0,12,41,13,8,2024,0,1,46,14,53,1
0,1,1,4,5,769,8,1,25,2,6,20,0,4,41,5,4,2023,2,0,46,13,27,1
2,1,5,8,8,136,7,1,50,1,2,24,1,66,19,62,8,2018,1,5,20,29,46,1
1,1,2,6,5,338,4,1,18,2,2,71,0,77,41,75,5,2015,2,3,46,19,1,1
1,1,3,6,5,309,6,0,32,2,3,65,1,77,41,75,6,2025,2,1,46,30,15,1
0,1,3,4,1,1081,4,1,3,3,5,36,0,18,18,60,4,2025,0,0,63,4,4,1
0,3,2,4,5,490,10,1,27,1,5,82,1,4,41,5,5,2025,1,3,46,2,30,0
0,1,1,4,5,717,11,0,13,2,3,51,1,5,41,6,5,2022,2,1,46,22,16,0
1,1,5,6,5,273,2,1,45,2,0,101,2,77,50,75,5,2019,2,3,55,22,42,1
1,0,2,8,5,568,10,1,13,2,1,9,1,58,41,53,5,2020,2,0,46,28,16,1
0,3,2,5,4,848,10,0,29,2,6,3,0,54,46,55,4,2022,2,3,52,17,47,0
0,3,5,4,5,810,2,0,54,2,0,10,1,5,41,6,5,2024,2,1,46,9,34,1
2,3,1,5,5,240,4,1,20,2,3,75,0,7,41,47,5,2025,2,3,46,31,21,0
3,3,3,3,5,995,1,1,11,2,3,19,1,33,41,28,3,2024,2,5,46,21,11,1
2,1,1,5,5,192,12,1,18,2,4,42,1,7,41,47,5,2019,2,3,46,31,1,1
1,1,2,8,5,230,4,1,4,1,2,31,0,12,41,13,8,2025,1,5,46,25,5,1
1,1,4,6,5,355,2,1,41,2,6,41,3,61,41,57,6,2022,2,5,46,22,40,1
1,1,3,8,5,454,6,1,18,2,1,4,0,20,47,19,5,2023,2,1,7,31,1,0
3,3,1,3,5,1169,11,0,18,2,3,37,0,37,35,66,5,2022,2,3,40,7,1,1
0,1,1,7,5,721,5,0,18,2,1,97,1,72,68,71,5,2019,2,4,71,31,1,1
0,0,2,7,5,678,12,0,45,2,2,12,1,19,41,34,5,2025,2,5,46,11,42,1
0,1,5,4,5,480,3,0,25,1,4,28,0,39,63,32,4,2023,1,2,68,37,27,0
2,1,3,5,5,144,11,1,27,2,6,72,1,71,41,68,5,2021,2,5,46,9,30,1
1,2,5,5,8,529,8,0,13,2,3,33,1,27,37,24,5,2024,2,0,43,3,16,0
0,1,2,6,8,757,1,1,54,2,0,3,1,28,13,80,5,2025,2,3,12,16,34,1
0,1,3,4,5,635,8,0,53,2,0,108,1,79,41,78,4,2025,2,5,46,30,54,1
0,1,1,4,5,373,11,1,27,1,4,14,0,53,41,48,5,2023,1,1,46,22,30,1
1,0,2,6,5,289,8,1,30,2,1,39,0,9,41,12,6,2023,2,5,46,35,33,0
1,1,3,8,5,1098,8,0,45,3,3,60,0,43,50,37,5,2021,0,3,55,2,42,1
2,0,2,5,5,70,8,1,27,1,4,72,0,26,41,23,5,2021,1,1,46,9,30,0
3,2,1,1,5,1677,4,1,1,2,1,45,0,41,23,59,1,2017,2,5,26,9,7,0
0,0,1,6,2,668,11,0,32,2,5,9,0,9,2,12,6,2018,2,3,1,35,15,1
0,1,5,8,1,340,1,1,37,1,4,22,1,38,59,31,8,2025,1,5,41,34,35,0
0,1,6,4,5,348,7,1,45,1,1,6,0,69,63,33,5,2023,1,0,68,13,42,1
0,0,5,0,8,736,2,1,4,2,1,2,1,50,43,42,8,2022,2,3,48,34,5,0
1,1,2,5,6,424,12,1,36,2,0,42,1,7,15,47,6,2017,2,3,16,19,36,1
0,1,3,7,5,309,10,1,31,1,2,34,0,45,41,40,7,2022,1,3,46,31,32,0
3,0,1,2,5,1675,4,1,27,2,6,35,0,75,41,72,5,2020,2,3,46,30,30,0
1,1,3,6,5,400,2,0,13,2,4,77,1,34,41,29,5,2022,2,3,46,2,16,0
3,1,2,1,5,1452,11,1,15,3,0,11,1,63,41,18,5,2024,0,5,46,22,18,1
2,1,1,5,5,163,5,0,17,2,5,93,0,7,41,47,5,2019,2,5,46,9,19,0
0,1,2,8,7,724,7,1,49,2,6,6,1,48,26,43,8,2024,2,1,32,15,53,0
1,1,3,8,5,520,11,0,8,2,1,83,1,22,68,22,8,2023,2,3,71,25,9,0
3,0,5,3,5,1002,4,1,27,2,6,69,3,67,41,67,5,2022,2,2,46,31,30,1
1,1,5,8,5,580,3,0,20,2,0,65,1,20,41,19,5,2018,2,2,46,31,21,0
1,1,1,8,5,490,2,1,27,2,0,79,0,14,41,54,5,2022,2,5,46,2,30,1
1,2,4,8,5,254,4,1,43,1,1,31,0,51,41,17,8,2020,1,3,46,29,45,0
0,1,4,4,5,310,9,1,27,1,4,66,2,29,41,64,5,2016,1,1,46,12,30,1
0,1,3,5,4,315,5,1,7,1,1,34,2,6,48,0,4,2025,1,1,53,30,10,1
0,0,1,8,7,670,11,1,38,2,0,19,0,43,40,37,7,2017,2,4,45,14,37,0
0,3,2,4,5,305,2,1,25,1,3,13,0,69,41,33,4,2024,1,5,46,28,27,1
1,1,4,8,5,637,1,1,55,2,0,97,0,66,35,62,5,2025,0,3,40,9,55,0
0,0,3,6,6,823,10,0,21,2,3,64,1,9,7,12,6,2021,2,1,10,19,25,0
0,1,4,4,5,772,11,0,7,2,3,19,3,53,47,48,4,2022,2,1,7,12,10,0
0,1,1,7,5,321,12,0,15,1,0,25,0,11,41,8,5,2018,1,3,46,2,18,1
1,1,1,8,5,183,9,1,27,1,2,41,1,17,41,39,5,2024,1,0,46,28,30,1
3,1,5,1,5,1572,1,0,55,2,0,24,1,36,41,79,5,2015,2,0,46,2,55,0
1,0,5,6,5,496,9,0,17,2,6,2,1,16,41,15,5,2018,0,3,46,2,19,0
0,1,1,0,5,301,8,1,27,1,4,40,0,50,41,42,5,2021,1,4,46,22,30,1
1,1,1,6,5,364,7,1,18,2,4,99,0,77,63,75,5,2024,2,1,68,23,1,1
0,1,1,6,3,1186,11,0,34,3,2,24,0,16,76,15,3,2025,0,3,62,8,0,0
3,1,2,1,5,1613,7,0,27,2,6,88,0,63,41,18,5,2023,2,2,46,6,30,0
1,3,3,6,5,111,8,1,40,1,1,1,1,9,41,12,5,2020,1,5,46,30,39,0
0,0,2,2,6,390,12,1,51,1,1,38,1,13,75,14,2,2024,1,2,77,19,52,0
0,3,3,4,5,624,3,1,28,2,6,23,0,4,41,5,4,2019,0,3,46,2,31,0
1,3,3,6,5,405,5,0,27,2,0,1,0,3,41,4,5,2018,2,3,46,2,30,1
0,1,1,4,5,323,11,0,35,1,2,41,0,30,68,25,4,2022,1,3,71,2,8,1
1,2,2,8,5,310,8,0,18,1,4,77,2,66,41,62,5,2021,1,3,46,34,1,0
0,1,5,4,5,471,11,0,54,1,0,4,3,30,41,25,5,2022,1,1,46,5,34,1
1,3,3,5,6,412,2,0,45,2,5,40,1,55,29,50,5,2017,2,5,34,31,42,1
0,1,6,7,5,411,7,1,15,1,4,75,4,11,41,8,5,2019,1,5,46,30,18,1
0,1,5,4,5,401,2,1,6,1,4,21,3,59,41,52,4,2023,1,1,46,2,22,0
0,0,6,4,5,351,4,1,6,1,1,64,1,59,23,52,4,2024,1,5,26,37,22,0
0,1,1,7,5,440,1,1,15,1,4,76,0,11,20,8,5,2022,1,4,25,36,18,1
1,0,3,4,6,623,11,1,41,2,0,5,2,30,75,25,6,2020,2,2,77,23,40,1
0,1,1,4,5,1088,2,1,54,3,5,41,0,59,41,52,5,2019,0,4,46,31,34,1
0,3,2,4,5,474,2,1,35,1,6,28,0,49,41,44,4,2025,1,0,46,2,8,1
0,1,5,7,8,805,11,1,43,2,5,31,0,57,43,49,8,2023,0,2,48,34,45,1
0,1,2,7,5,1069,2,1,45,3,5,25,0,57,41,49,5,2023,0,1,46,2,42,1
3,0,3,5,2,868,12,1,18,1,2,39,0,6,2,0,5,2023,1,1,1,30,1,1
0,3,2,6,0,648,5,0,14,2,5,24,0,77,1,75,0,2019,2,2,0,20,17,1
1,1,4,6,5,252,8,0,27,2,2,46,0,77,41,75,5,2019,2,3,46,22,30,0
3,1,2,3,5,553,2,0,54,1,4,25,1,78,41,73,5,2023,1,1,46,2,34,1
2,1,1,5,5,873,10,1,45,3,6,34,0,54,20,55,5,2023,0,5,25,30,42,1
1,0,4,8,5,236,10,1,37,1,5,71,0,38,41,31,8,2024,1,4,46,14,35,0
0,3,3,0,4,898,4,1,17,2,2,93,2,0,46,1,5,2015,2,2,52,12,19,0
1,1,2,8,5,263,9,1,8,1,2,44,0,22,41,22,8,2019,1,5,46,14,9,0
1,0,1,8,5,515,10,0,49,2,0,34,0,35,41,30,8,2021,2,1,46,9,53,1
0,1,3,4,5,936,10,1,25,2,2,79,2,4,41,5,4,2018,2,3,46,5,27,0
1,1,2,8,5,312,4,0,37,1,2,1,1,14,41,54,8,2019,1,5,46,30,35,0
2,1,3,5,5,1171,12,1,54,3,4,59,1,55,41,50,5,2024,0,1,46,30,34,1
0,1,2,4,5,783,9,1,27,2,0,60,1,81,41,81,5,2024,2,0,46,5,30,1
0,0,1,7,7,717,2,1,5,2,6,99,0,45,8,40,7,2018,2,1,11,11,6,1
0,1,2,7,5,665,8,0,27,2,4,55,0,45,41,40,5,2015,2,0,46,11,30,1
1,1,5,8,5,241,7,0,40,1,0,31,2,35,23,30,5,2024,1,5,26,2,39,0
1,3,2,8,5,494,6,1,27,2,4,88,0,58,41,53,5,2025,2,0,46,25,30,0
0,1,3,3,6,724,12,0,30,2,1,52,0,78,12,73,6,2023,2,5,9,35,33,0
1,1,1,8,5,535,3,0,54,2,3,18,0,58,41,53,5,2025,2,3,46,9,34,0
1,0,4,8,5,296,7,0,45,1,4,23,1,17,41,39,5,2016,1,3,46,22,42,1
0,1,5,7,5,333,9,1,46,1,3,5,3,70,41,27,7,2023,1,1,46,28,48,1
1,1,5,8,5,286,3,1,49,1,4,12,1,14,41,54,8,2017,1,1,46,2,53,1
2,1,3,5,5,241,9,1,45,2,2,24,1,6,41,0,5,2025,2,5,46,9,42,0
1,1,2,8,5,520,8,1,45,2,3,53,1,43,41,37,5,2019,2,1,46,2,42,1
2,1,6,5,5,442,9,1,55,2,5,1,2,40,41,35,5,2017,0,1,46,28,55,0
0,1,2,0,5,911,12,0,18,2,5,53,1,23,41,21,5,2025,2,0,46,27,1,1
2,1,4,5,5,98,1,1,27,1,0,46,0,46,50,41,5,2018,1,2,55,2,30,1
1,1,3,8,5,580,7,1,27,2,5,9,0,43,41,37,5,2018,0,1,46,30,30,1
1,1,2,8,5,299,4,1,27,1,3,45,1,24,41,58,5,2018,1,2,46,28,30,1
3,1,2,2,5,1608,4,1,40,2,2,94,0,56,41,51,5,2021,2,1,46,26,39,0
0,1,3,4,5,871,4,1,7,2,1,25,1,4,41,5,4,2018,2,1,46,31,10,1
1,1,4,8,5,545,5,1,49,2,1,4,0,17,41,39,8,2019,2,4,46,22,53,0
1,1,5,8,5,274,7,1,37,1,3,50,1,17,41,39,8,2024,1,0,46,9,35,0
1,3,2,6,5,101,5,1,45,1,4,54,0,3,63,4,5,2024,1,0,68,2,42,0
0,3,3,7,2,706,8,1,31,2,5,63,1,11,14,8,7,2020,2,3,13,15,32,0
3,0,1,3,5,929,8,1,27,2,1,27,0,78,41,73,5,2016,2,5,46,9,30,0
1,0,3,8,5,202,2,0,49,1,0,48,1,14,41,54,8,2018,1,3,46,28,53,0
0,1,5,0,5,725,7,0,26,2,6,24,1,2,41,3,0,2024,2,1,46,27,28,1
1,1,1,8,5,207,9,1,54,1,1,42,0,48,41,43,5,2024,1,4,46,3,34,1
1,1,3,8,5,278,4,1,27,1,2,80,1,38,41,31,5,2020,1,2,46,9,30,1
0,1,6,7,5,805,7,1,19,2,0,12,3,57,41,49,7,2024,2,2,46,2,20,1
0,0,2,6,1,856,11,1,1,2,1,2,0,15,18,10,1,2015,2,1,63,6,7,1
1,1,2,8,5,437,5,1,0,2,0,10,2,17,50,39,8,2023,2,2,55,28,24,1
0,1,5,4,5,489,7,1,35,1,0,1,4,29,41,64,4,2015,1,4,46,22,8,0
3,1,3,3,5,990,8,1,27,2,0,48,0,67,41,67,5,2022,2,5,46,22,30,1
1,1,1,8,5,667,7,1,43,2,4,15,1,12,20,13,8,2023,0,2,25,25,45,1
3,2,2,1,5,630,3,1,13,1,1,38,1,31,41,65,5,2017,1,2,46,30,16,1
1,0,4,6,5,350,2,1,41,2,2,87,0,28,41,80,6,2016,2,0,46,19,40,1
1,1,4,8,5,200,1,1,49,1,6,79,0,73,41,70,8,2017,1,5,46,31,53,1
1,3,2,8,5,308,11,1,8,1,4,73,0,73,41,70,8,2024,1,5,46,14,9,0
0,1,1,4,8,462,4,1,49,1,1,39,1,18,54,60,8,2019,1,3,14,29,53,0
3,1,1,2,5,898,9,0,27,1,1,17,1,75,41,72,5,2025,1,1,46,2,30,0
1,3,1,6,5,564,11,0,27,2,3,1,0,74,41,69,5,2019,0,5,46,31,30,1
1,3,3,6,5,207,4,1,27,1,0,62,1,9,41,12,5,2024,1,1,46,8,30,0
1,0,6,8,5,391,5,1,27,2,2,8,2,66,41,62,5,2025,2,3,46,25,30,1
0,1,2,5,4,849,2,0,16,2,1,35,1,26,52,23,4,2018,2,3,59,13,41,0
3,1,1,3,5,594,12,1,9,1,0,12,0,64,35,11,3,2025,1,1,40,22,14,0
0,1,2,8,1,395,3,1,37,1,3,27,1,43,79,37,8,2024,1,5,36,14,35,1
1,1,4,8,5,499,2,1,40,2,4,3,1,17,41,39,5,2016,2,1,46,29,39,1
1,0,4,6,5,164,10,1,27,1,6,11,1,9,68,12,5,2018,1,2,71,8,30,1
0,1,1,7,8,458,6,1,5,1,4,74,0,72,58,71,7,2016,1,1,24,34,6,1
1,1,1,8,5,750,2,1,49,2,5,81,0,14,41,54,8,2023,0,5,46,25,53,0
2,1,2,5,5,176,4,0,45,2,2,47,0,71,50,68,5,2021,0,3,55,28,42,1
0,1,2,4,5,762,5,1,27,2,5,79,0,18,41,60,5,2025,2,3,46,9,30,0
0,1,2,4,5,589,2,1,17,2,5,95,0,8,24,9,5,2023,0,3,27,22,19,1
1,0,3,8,5,891,10,1,18,3,6,1,2,14,68,54,5,2017,0,3,71,9,1,1
1,3,4,8,5,229,7,0,8,1,1,59,1,24,41,58,8,2025,1,0,46,31,9,1
1,2,5,8,5,238,1,1,27,1,1,42,2,58,41,53,5,2019,1,1,46,9,30,0
0,0,1,7,5,374,12,0,31,1,5,35,0,11,41,8,7,2016,1,0,46,9,32,0
0,1,6,7,5,359,3,1,38,1,5,2,3,45,41,40,7,2019,1,1,46,22,37,1
0,3,2,8,4,492,9,0,7,1,0,47,1,48,25,43,4,2025,1,1,30,5,10,0
0,1,3,7,5,774,6,1,45,2,1,82,0,45,63,40,5,2017,2,4,68,28,42,0
2,3,2,5,5,236,3,0,27,2,4,20,0,27,41,24,5,2024,2,3,46,30,30,1
3,0,2,2,5,1587,7,1,51,2,4,38,0,65,41,61,2,2017,2,1,46,22,52,1
0,1,3,4,5,770,9,1,27,2,2,12,1,29,41,64,5,2018,2,0,46,33,30,1
1,2,1,8,5,1179,6,1,27,3,0,105,0,43,47,37,5,2025,0,1,7,14,30,1
0,1,1,4,5,861,10,1,15,2,2,58,1,4,55,5,5,2020,2,1,54,2,18,0
1,0,6,8,5,513,10,0,43,2,2,102,3,24,41,58,8,2016,2,1,46,31,45,0
0,0,5,7,3,338,6,1,33,1,6,45,0,72,67,71,3,2021,1,1,67,24,12,1
1,1,2,8,5,427,11,0,50,2,4,18,0,43,55,37,8,2019,2,2,54,25,46,1
0,2,2,5,4,1183,12,1,17,3,1,12,1,27,32,24,5,2025,0,3,39,2,19,0
3,1,1,1,5,1675,11,1,45,2,3,53,0,63,41,18,5,2024,2,1,46,31,42,1
1,1,2,8,5,258,7,1,20,1,1,26,1,24,41,58,5,2023,1,3,46,28,21,1
1,1,1,8,5,510,5,1,55,2,1,29,1,22,41,22,5,2016,0,5,46,14,55,0
1,1,1,6,5,352,5,0,27,2,0,6,0,10,41,7,5,2019,2,5,46,28,30,0
0,1,2,4,5,453,9,1,35,1,1,6,1,52,41,46,4,2024,1,4,46,22,8,0
1,3,1,6,5,428,5,1,27,2,5,76,1,15,41,10,5,2015,2,3,46,9,30,0
3,0,2,2,5,817,11,1,40,1,2,108,0,13,55,14,5,2024,1,5,54,31,39,0
1,0,1,6,5,366,6,1,27,2,4,92,0,61,41,57,5,2019,2,1,46,19,30,0
1,1,1,8,5,413,10,1,27,2,2,75,0,58,41,53,5,2018,2,1,46,25,30,0
0,1,2,4,5,847,6,0,27,2,1,44,1,52,41,46,5,2024,2,5,46,9,30,1
1,0,4,8,5,292,7,1,27,1,0,4,1,48,41,43,5,2025,1,0,46,28,30,0
1,0,3,8,5,427,6,1,37,2,3,4,0,43,41,37,8,2018,2,1,46,9,35,0
0,0,2,8,4,407,3,0,6,1,4,48,2,58,64,53,4,2018,1,1,29,13,22,1
3,1,2,3,5,985,7,1,27,2,4,19,0,37,41,66,5,2018,2,5,46,22,30,1
0,1,2,3,1,851,11,0,12,2,2,2,1,78,45,73,1,2019,2,0,47,7,13,1
1,1,2,8,5,500,7,1,17,2,5,34,0,35,24,30,5,2018,2,3,27,2,19,0
0,1,2,4,5,312,1,1,16,1,1,12,0,8,41,9,4,2023,1,0,46,22,41,1
0,0,4,3,8,746,6,1,49,2,6,23,0,37,58,66,8,2025,2,1,24,29,53,1
0,0,1,4,5,794,6,0,53,2,4,37,0,81,41,81,4,2019,2,1,46,17,54,1
0,1,3,3,6,895,5,1,24,2,0,32,2,37,15,66,3,2015,2,1,16,19,29,0
1,0,6,8,5,311,12,1,20,1,5,35,2,48,63,43,5,2021,1,4,68,22,21,0
0,1,4,7,5,340,3,0,45,1,0,4,1,72,41,71,5,2018,1,5,46,2,42,1
1,1,3,8,5,520,8,1,40,2,6,48,2,66,41,62,5,2016,2,1,46,9,39,1
0,3,2,4,5,885,12,1,20,2,2,25,0,59,41,52,5,2019,2,4,46,12,21,1
0,1,1,7,5,348,4,1,45,1,4,11,0,70,35,27,5,2023,1,5,40,22,42,1
1,0,1,8,5,239,7,0,49,1,0,49,1,35,41,30,8,2023,1,1,46,28,53,0
3,1,1,2,5,1798,12,1,23,2,3,104,0,75,41,72,2,2015,2,3,46,28,26,0
0,1,1,4,5,650,8,1,47,2,3,73,0,59,41,52,4,2021,2,5,46,17,49,1
0,1,4,0,5,679,9,1,27,2,5,94,4,21,41,16,5,2024,2,1,46,10,30,0
0,0,2,7,5,663,12,1,18,2,0,8,0,32,0,26,5,2016,2,1,6,31,1,1
0,1,4,7,0,857,2,0,14,2,2,5,1,19,38,34,0,2024,2,2,44,20,17,0
0,0,3,0,3,522,11,1,11,2,6,8,1,50,28,42,3,2025,2,5,33,10,11,1
0,0,4,5,4,766,6,1,7,2,0,35,0,55,6,50,4,2018,2,2,5,12,10,0
1,0,3,8,5,244,6,1,40,1,6,77,0,20,41,19,5,2022,1,1,46,9,39,1
1,1,3,8,5,224,2,0,18,1,3,75,1,20,41,19,5,2021,1,3,46,31,1,1
0,1,3,7,8,272,10,1,0,1,2,15,2,19,17,34,8,2024,1,3,51,15,24,1
1,1,5,8,5,201,5,1,20,1,1,22,1,12,41,13,5,2015,1,5,46,2,21,1
1,1,1,6,5,161,12,1,27,1,6,34,0,34,41,29,5,2016,1,5,46,22,30,1
1,1,2,6,5,149,3,1,40,1,0,12,0,9,41,12,5,2022,1,3,46,31,39,0
0,1,1,3,2,382,9,1,23,1,3,82,0,67,72,67,2,2021,1,5,75,18,26,1
0,3,2,7,5,356,2,0,13,1,1,10,1,45,41,40,5,2019,1,0,46,22,16,1
2,0,2,4,4,267,3,1,6,2,5,36,1,39,9,32,4,2024,2,5,8,37,22,1
3,0,3,3,5,580,5,1,55,1,1,44,0,37,41,66,5,2023,1,2,46,22,55,1
1,1,2,8,5,278,6,1,50,1,3,73,0,43,41,37,8,2023,1,4,46,34,46,0
0,1,3,4,8,1165,9,1,49,3,2,34,0,53,30,48,8,2024,0,2,35,14,53,0
0,0,3,4,5,400,5,1,15,1,6,18,1,29,35,64,5,2022,1,2,40,17,18,1
3,1,2,1,5,1544,2,1,18,2,6,16,1,80,35,77,5,2016,0,4,40,2,1,1
3,1,1,3,5,504,7,1,18,1,6,26,0,33,41,28,5,2019,1,3,46,28,1,1
1,1,3,8,5,290,5,1,20,1,2,115,1,58,41,53,5,2023,1,5,46,14,21,0
2,3,3,5,5,228,10,0,18,2,6,48,1,7,41,47,5,2024,2,1,46,30,1,1
0,1,4,4,5,352,5,1,17,1,1,3,0,5,41,6,5,2025,1,1,46,31,19,0
0,1,5,5,0,743,1,1,40,2,5,72,2,55,16,50,5,2025,2,1,21,9,39,0
3,1,2,2,5,1399,5,1,54,3,3,54,0,56,68,51,5,2022,0,1,71,31,34,0
0,0,2,7,8,550,8,1,4,2,3,55,0,32,37,26,8,2016,2,0,43,25,5,0
3,1,5,1,5,1401,6,1,54,2,0,6,0,41,41,59,5,2017,2,0,46,30,34,1
1,3,3,8,5,586,1,1,54,2,3,95,0,22,41,22,5,2019,2,2,46,29,34,0
0,1,2,0,5,772,3,1,40,2,5,23,0,0,41,1,5,2018,2,1,46,31,39,0
3,1,2,2,5,933,12,1,45,1,6,6,2,1,35,2,5,2024,1,2,40,30,42,0
0,1,1,0,5,357,3,1,27,1,0,99,1,60,41,56,5,2023,1,2,46,10,30,0
3,1,3,3,5,948,5,1,55,2,3,38,0,33,41,28,5,2019,2,3,46,28,55,1
0,3,2,0,5,765,8,1,27,2,5,69,0,50,41,42,5,2019,2,1,46,32,30,0
1,0,3,8,5,281,12,1,18,1,1,32,0,58,24,53,5,2022,1,4,27,22,1,1
1,0,3,6,5,280,3,1,13,2,6,26,0,15,24,10,5,2023,2,5,27,2,16,1
0,1,4,7,5,352,5,1,46,1,5,74,2,11,41,8,7,2020,1,3,46,30,48,0
1,1,2,8,5,231,8,1,4,1,1,95,0,24,41,58,8,2018,1,1,46,14,5,1
1,1,2,8,5,577,6,1,15,2,6,51,1,24,41,58,5,2024,2,0,46,2,18,0
1,1,2,8,5,478,6,1,27,2,6,76,0,12,41,13,5,2024,2,3,46,9,30,1
1,2,5,8,5,244,3,0,55,1,6,45,2,24,41,58,5,2024,1,5,46,2,55,1
1,1,1,8,5,669,10,0,27,2,3,8,0,12,41,13,5,2023,0,2,46,29,30,1
1,3,1,8,5,535,4,0,13,2,5,14,0,14,41,54,5,2019,2,3,46,22,16,0
1,0,3,6,5,114,3,0,27,1,1,80,0,61,41,57,5,2024,1,3,46,31,30,1
0,0,3,7,5,776,2,1,55,2,1,39,1,70,63,27,5,2016,2,3,68,28,55,0
0,1,1,4,5,858,12,1,40,2,0,84,1,39,41,32,5,2025,2,5,46,22,39,1
0,1,1,7,0,628,5,0,19,2,6,43,1,45,36,40,7,2015,2,2,42,32,20,1
0,3,1,3,0,326,9,1,10,1,0,12,0,64,16,11,3,2024,1,1,21,10,3,1
1,0,2,8,5,414,8,1,0,2,6,30,0,48,41,43,8,2021,2,5,46,14,24,1
1,1,1,8,5,437,9,1,15,2,4,37,0,38,41,31,5,2017,2,4,46,30,18,1
2,1,1,5,5,99,11,0,27,1,3,5,1,54,41,55,5,2016,1,3,46,30,30,1
0,1,2,4,5,393,6,1,3,1,6,29,1,18,41,60,4,2016,1,5,46,12,4,1
0,0,1,4,2,888,8,1,39,2,4,23,0,59,72,52,2,2017,2,1,75,26,38,0
0,1,1,4,5,885,10,1,45,2,5,54,0,18,41,60,5,2019,2,3,46,28,42,1
3,1,2,3,5,501,3,1,18,1,2,4,1,64,41,11,5,2025,1,5,46,22,1,1
0,0,2,7,5,763,2,1,20,2,0,4,0,70,41,27,5,2024,2,5,46,30,21,0
3,0,5,1,5,1479,1,1,48,2,3,34,2,47,41,45,1,2019,2,1,46,22,50,1
0,0,1,6,6,840,2,1,32,2,4,24,1,10,29,7,6,2024,2,1,34,8,15,1
3,1,2,5,2,1774,9,1,39,2,5,12,0,26,72,23,2,2015,2,1,75,9,38,1
2,1,3,5,5,148,12,1,18,2,2,33,1,71,47,68,5,2024,2,4,7,9,1,0
0,3,1,4,5,837,7,1,27,2,3,30,0,59,41,52,5,2022,2,2,46,22,30,1
1,3,2,8,5,719,12,1,27,2,1,94,1,58,41,53,5,2024,0,3,46,22,30,0
0,1,6,4,5,375,9,1,3,1,4,10,1,81,41,81,4,2023,1,1,46,2,4,0
1,1,3,8,5,280,10,1,20,1,0,48,0,73,55,70,5,2022,1,3,54,3,21,1
0,1,3,7,5,338,8,1,27,1,5,44,1,70,41,27,5,2023,1,2,46,22,30,0
0,0,2,4,5,854,4,1,45,2,6,34,0,39,35,32,5,2021,2,4,40,33,42,1
1,1,4,6,5,163,1,0,27,1,1,49,0,77,41,75,5,2023,1,3,46,30,30,0
0,1,1,4,5,778,7,1,20,2,3,55,1,69,47,33,5,2024,2,0,7,31,21,0
1,2,1,8,5,595,8,1,50,2,0,20,0,22,41,22,8,2022,2,5,46,14,46,0
2,1,2,5,5,65,8,1,54,1,3,31,0,26,55,23,5,2024,1,2,54,28,34,0
1,1,4,8,5,248,9,0,40,1,1,77,0,24,41,58,5,2021,1,5,46,2,39,0
1,3,4,6,5,316,8,1,54,2,1,39,2,61,41,57,5,2025,2,1,46,9,34,1
0,2,1,4,5,625,6,1,20,2,3,61,1,30,41,25,5,2023,2,3,46,22,21,0
0,0,5,4,0,937,8,1,47,2,0,53,0,69,16,33,4,2021,2,0,21,20,49,1
3,1,2,1,5,628,1,0,1,1,3,7,0,41,41,59,1,2018,1,1,46,9,7,0
0,2,4,4,7,353,4,1,20,1,0,60,1,29,49,64,5,2022,1,3,57,11,21,0
0,3,2,4,8,535,7,1,35,1,1,55,0,30,22,25,4,2016,1,1,22,14,8,0
0,0,1,4,5,873,9,0,20,2,0,34,0,18,41,60,5,2024,2,1,46,28,21,1
0,1,3,6,8,820,5,1,21,2,0,27,0,10,43,7,6,2015,2,0,48,29,25,1
3,1,2,3,5,448,11,1,27,1,5,2,0,37,41,66,5,2017,1,1,46,30,30,0
1,1,2,8,5,253,1,1,55,1,0,40,0,22,41,22,5,2025,1,1,46,31,55,1
0,1,2,4,5,491,12,1,20,1,6,36,0,18,47,60,5,2022,1,3,7,17,21,0
1,1,1,6,5,201,3,1,17,1,2,59,1,76,41,74,5,2017,1,3,46,9,19,0
1,1,4,8,5,370,9,0,27,2,1,52,0,14,41,54,5,2020,2,5,46,28,30,1
2,1,5,5,5,195,2,1,27,2,4,2,0,55,41,50,5,2025,2,3,46,22,30,1
1,0,5,8,5,510,12,1,49,2,0,31,1,14,41,54,8,2024,2,1,46,2,53,1
3,1,5,3,5,1046,11,1,27,2,2,40,1,64,41,11,5,2024,2,5,46,31,30,0
0,1,1,6,3,599,4,1,9,2,3,72,0,3,73,4,3,2018,2,3,78,7,14,0
0,2,4,7,6,364,8,1,32,1,0,32,2,32,15,26,6,2018,1,3,16,16,15,1
2,1,5,5,5,66,7,1,55,1,5,7,0,68,41,63,5,2025,1,0,46,30,55,1
1,2,1,8,5,865,9,1,54,3,1,5,0,17,41,39,5,2015,0,5,46,28,34,1
0,1,4,4,5,816,2,0,40,2,2,34,0,59,68,52,5,2025,2,3,71,12,39,1
0,0,3,2,4,725,1,1,22,2,6,5,1,75,6,72,4,2017,2,1,5,12,23,1
0,1,5,4,8,513,7,1,4,1,5,72,2,4,13,5,8,2018,1,0,12,37,5,0
3,1,2,1,5,1609,5,1,17,2,4,16,0,36,41,79,5,2015,2,3,46,0,19,0
0,1,4,7,5,711,6,1,27,2,3,32,1,70,41,27,5,2016,2,1,46,15,30,0
1,1,6,8,5,195,11,1,13,1,5,1,1,35,41,30,5,2018,1,2,46,29,16,0
0,1,1,7,5,396,3,0,27,1,0,16,0,57,41,49,5,2015,1,1,46,31,30,1
1,1,1,8,5,564,7,0,50,2,4,5,0,48,41,43,8,2022,2,1,46,29,46,1
3,1,2,3,5,574,1,1,24,1,3,96,0,37,41,66,3,2025,1,5,46,21,29,1
1,1,3,6,5,143,3,1,40,1,6,30,0,16,41,15,5,2024,1,2,46,31,39,0
1,0,1,8,5,539,1,0,13,2,5,9,1,58,47,53,5,2023,2,3,7,2,16,1
0,1,4,0,5,324,3,1,17,1,1,98,0,2,41,3,5,2017,1,1,46,31,19,0
1,1,3,8,5,189,6,1,27,1,1,40,0,51,41,17,5,2022,1,3,46,30,30,0
0,1,6,4,2,351,6,1,53,1,2,21,0,52,61,46,4,2025,1,1,65,1,54,1
1,3,2,6,5,1048,1,0,21,3,1,24,0,76,41,74,6,2025,0,3,46,30,25,1
1,1,4,8,5,270,6,1,13,1,5,25,2,20,24,19,5,2024,1,1,27,2,16,1
1,1,6,8,5,484,3,1,13,2,6,76,1,66,41,62,5,2023,2,1,46,14,16,0
1,1,2,8,5,309,12,1,17,1,3,74,1,20,24,19,5,2018,1,3,27,2,19,0
1,1,1,8,5,555,4,1,50,2,4,3,1,20,41,19,8,2015,2,0,46,34,46,0
3,2,4,2,5,1482,5,1,39,2,5,9,0,65,41,61,2,2023,2,1,46,22,38,0
0,1,1,4,0,704,8,1,6,2,0,10,0,39,3,32,4,2022,2,0,2,33,22,0
1,1,3,8,5,523,12,1,15,2,0,105,1,20,41,19,5,2015,2,1,46,2,18,0
0,1,1,7,5,415,2,1,52,1,0,3,0,32,41,26,7,2017,1,4,46,22,51,0
1,0,4,8,5,548,10,0,40,2,4,38,3,14,41,54,5,2022,2,1,46,9,39,1
0,3,5,4,5,878,4,0,20,2,6,23,3,8,41,9,5,2019,2,5,46,22,21,0
1,1,6,8,5,298,12,1,18,1,4,39,0,43,41,37,5,2025,1,4,46,2,1,0
0,1,4,4,5,701,12,1,22,2,2,49,1,52,41,46,4,2020,2,1,46,33,23,1
0,1,2,7,5,674,11,1,17,2,2,14,0,11,41,8,5,2021,2,2,46,22,19,1
0,3,2,4,5,360,1,1,27,1,3,22,0,39,41,32,5,2025,1,5,46,30,30,1
1,1,4,8,5,548,8,0,17,2,2,22,1,17,41,39,5,2019,2,2,46,2,19,1
1,1,5,8,5,217,6,1,43,1,5,14,2,17,41,39,8,2024,1,2,46,29,45,0
3,1,2,2,5,1746,11,1,27,2,0,3,1,75,41,72,5,2023,2,4,46,9,30,1
0,1,2,4,8,554,1,1,22,1,4,38,0,39,19,32,4,2018,1,4,20,5,23,1
1,1,1,6,5,181,8,1,15,1,6,1,1,3,41,4,5,2020,1,5,46,35,18,1
0,2,5,8,3,416,5,1,43,1,6,23,1,20,66,19,8,2017,1,3,37,29,45,1
0,1,2,4,0,926,8,1,42,2,0,84,1,53,36,48,0,2019,2,0,42,13,44,1
2,0,2,5,5,238,7,1,27,2,0,31,1,71,41,68,5,2022,2,3,46,30,30,1
0,1,3,4,5,725,6,1,15,2,1,57,0,39,0,32,5,2021,2,1,6,30,18,0
0,1,1,1,2,734,5,1,48,2,1,29,1,36,61,79,1,2023,0,3,65,0,50,0
0,0,3,4,5,882,6,0,20,2,0,43,0,59,20,52,5,2016,2,1,25,13,21,0
1,1,1,8,5,232,1,1,20,1,1,37,1,38,41,31,5,2016,1,5,46,28,21,0
1,1,1,8,5,490,12,1,43,2,1,110,1,51,41,17,8,2024,2,3,46,28,45,0
0,1,3,6,8,789,5,1,8,2,4,29,1,9,43,12,8,2024,2,3,48,23,9,0
1,3,2,8,5,186,12,1,54,1,1,5,0,58,20,53,5,2023,1,3,25,30,34,1
0,1,6,4,5,806,5,1,16,2,0,22,4,8,41,9,4,2020,2,3,46,2,41,0
2,1,3,5,5,191,4,1,18,2,4,11,0,25,47,20,5,2017,2,1,7,30,1,1
0,1,1,8,6,488,11,1,20,1,0,48,0,17,74,39,5,2019,1,0,76,23,21,0
0,0,2,7,5,668,3,1,44,2,1,38,1,70,41,27,7,2015,0,1,46,11,43,1
1,1,2,8,5,437,1,1,37,2,2,23,1,73,20,70,8,2018,2,4,25,29,35,0
0,1,3,7,5,799,11,1,27,2,0,40,1,11,41,8,5,2016,2,5,46,9,30,0
3,1,2,2,5,803,12,1,40,1,4,7,1,56,41,51,5,2024,1,0,46,9,39,1
3,1,4,2,5,713,1,1,54,1,3,108,1,13,41,14,5,2021,1,1,46,9,34,1
0,1,5,0,8,712,11,0,0,2,4,9,1,60,13,56,8,2016,2,3,12,34,24,1
0,0,6,4,5,428,5,0,27,1,4,57,2,69,41,33,5,2025,1,3,46,2,30,1
1,2,2,8,5,474,6,0,8,2,5,53,0,38,41,31,8,2022,2,1,46,9,9,1
3,0,3,2,5,1206,1,1,39,2,1,62,1,75,41,72,2,2023,0,2,46,26,38,0
3,1,2,1,5,761,5,1,48,1,0,23,1,31,41,65,1,2023,1,3,46,31,50,0
0,2,4,7,5,421,6,1,27,1,5,37,1,57,41,49,5,2024,1,3,46,30,30,0
0,1,3,7,5,355,10,1,52,1,4,49,1,70,41,27,7,2019,1,5,46,15,51,1
3,1,3,3,5,426,10,1,54,1,6,110,0,62,35,76,5,2024,1,4,40,2,34,0
1,3,2,6,5,179,5,1,40,1,5,51,1,10,41,7,5,2023,1,1,46,30,39,1
1,1,6,8,5,280,6,1,13,1,6,28,1,38,41,31,5,2025,1,3,46,9,16,1
0,0,1,4,5,870,9,1,27,2,0,112,0,8,41,9,5,2023,2,3,46,9,30,1
1,1,2,8,5,499,9,1,27,2,1,30,0,38,41,31,5,2024,2,3,46,31,30,0
1,1,4,6,5,1076,9,1,27,3,3,66,0,76,41,74,5,2021,0,3,46,31,30,1
0,0,4,7,5,328,11,0,19,1,3,12,0,19,41,34,7,2015,1,1,46,15,20,1
1,1,1,8,5,289,3,1,27,1,4,1,0,20,23,19,5,2025,1,3,26,29,30,1
0,1,6,4,5,744,2,1,15,2,4,12,1,81,41,81,5,2019,2,2,46,9,18,0
0,1,1,4,7,390,1,1,44,1,3,15,0,5,40,6,7,2025,1,5,45,24,43,0
1,1,6,8,5,578,9,0,43,2,3,36,1,17,63,39,8,2016,2,3,68,29,45,0
3,1,3,3,5,1055,4,1,33,2,1,85,0,33,41,28,3,2021,2,4,46,18,12,1
0,1,2,7,5,325,4,1,27,1,5,21,1,32,41,26,5,2017,1,5,46,30,30,0
3,1,2,3,5,1031,5,1,27,2,3,5,2,33,41,28,5,2016,2,2,46,30,30,0
0,1,1,0,5,638,10,1,40,2,1,67,0,42,41,36,5,2018,2,3,46,22,39,0
0,2,3,4,5,486,12,1,40,1,4,97,0,8,55,9,5,2025,1,3,54,30,39,1
3,0,1,3,5,1021,3,1,13,2,5,75,1,64,50,11,5,2015,2,5,55,9,16,1
0,3,2,2,3,882,4,0,34,2,6,19,0,75,76,72,3,2015,2,2,62,18,0,1
0,1,3,4,1,313,4,0,1,1,4,76,1,30,59,25,1,2025,1,1,41,0,7,1
0,1,4,4,8,1038,5,0,29,2,6,58,0,4,17,5,4,2020,2,5,51,29,47,1
0,1,1,4,5,946,10,1,18,2,3,38,0,53,41,48,5,2019,2,0,46,17,1,1
1,0,3,8,5,264,6,1,37,1,4,39,1,48,41,43,8,2022,1,0,46,28,35,0
1,1,3,8,5,489,2,1,13,2,2,58,1,12,41,13,5,2022,2,1,46,28,16,1
1,0,5,8,5,267,5,0,20,1,6,20,2,35,55,30,5,2024,1,3,54,22,21,1
2,1,5,5,5,223,2,1,18,2,4,20,0,68,50,63,5,2019,2,2,55,30,1,0
0,1,2,5,4,921,4,1,18,2,2,1,1,25,33,20,5,2023,2,1,69,22,1,1
3,1,2,3,5,1040,11,1,33,3,1,45,0,62,41,76,3,2015,0,3,46,7,12,1
0,1,3,0,1,419,6,1,54,1,0,113,1,50,65,42,5,2019,1,2,31,6,34,0
0,0,5,4,5,844,6,1,54,2,2,39,2,39,41,32,5,2025,2,3,46,9,34,0
0,1,4,7,5,321,11,1,27,1,5,45,2,11,41,8,5,2022,1,1,46,24,30,0
1,1,1,8,5,447,7,1,18,2,1,19,1,48,23,43,5,2024,2,3,26,2,1,1
0,1,2,6,7,770,4,1,41,2,1,77,1,3,27,4,6,2023,2,3,70,15,40,1
0,3,1,4,2,499,3,0,27,1,2,83,1,18,61,60,5,2024,1,3,65,5,30,1
1,3,3,5,8,508,2,1,40,2,1,20,2,40,17,35,5,2015,2,3,51,28,39,0
0,1,1,4,5,349,2,0,45,1,0,55,0,49,41,44,5,2019,1,5,46,5,42,0
0,0,5,5,0,758,10,1,26,2,3,69,1,46,38,41,0,2021,2,2,44,10,28,0
0,2,3,2,3,489,6,1,13,1,0,10,0,56,28,51,5,2019,1,2,33,26,16,0
3,3,1,1,5,1500,4,1,1,2,1,39,1,63,41,18,1,2022,2,3,46,31,7,1
1,0,2,8,5,477,1,1,54,2,0,44,0,38,41,31,5,2025,2,5,46,34,34,1
1,2,2,8,5,476,10,1,18,2,5,71,0,22,0,22,5,2019,2,0,6,29,1,1
1,1,1,6,5,125,3,0,27,1,0,24,0,28,41,80,5,2022,1,1,46,22,30,1
0,1,2,4,5,882,10,1,47,2,2,15,0,39,50,32,4,2024,2,1,55,12,49,1
0,1,5,7,5,664,12,0,18,2,5,47,0,45,41,40,5,2019,2,3,46,2,1,1
1,1,1,5,6,476,8,1,18,2,1,65,1,55,69,50,5,2025,0,0,74,8,1,0
2,3,4,5,5,171,8,0,17,2,5,17,1,7,41,47,5,2017,2,2,46,2,19,0
0,1,2,3,8,490,10,1,24,1,2,31,0,78,13,73,3,2021,1,3,12,34,29,0
0,1,3,4,5,789,8,1,47,2,1,59,1,39,41,32,4,2016,0,3,46,30,49,1
3,1,4,2,5,950,5,1,23,1,1,95,2,13,41,14,2,2024,1,1,46,31,26,0
2,1,3,5,5,144,9,0,27,2,6,42,1,7,41,47,5,2018,2,3,46,9,30,1
0,1,3,2,1,897,6,1,1,2,0,2,1,13,18,14,1,2025,2,1,63,6,7,0
1,1,4,5,8,440,7,1,15,2,2,29,1,6,39,0,5,2023,2,2,17,22,18,1
0,0,1,0,5,869,5,0,20,2,3,81,1,21,41,16,5,2024,2,1,46,30,21,1
3,0,5,2,5,746,12,1,27,1,0,39,1,13,47,14,5,2022,1,0,7,9,30,0
1,0,1,8,5,265,4,1,17,1,5,42,1,73,41,70,5,2025,1,3,46,3,19,0
2,1,1,5,5,940,2,1,40,2,1,62,0,55,41,50,5,2016,0,0,46,30,39,1
0,1,3,0,5,747,1,1,17,2,4,63,0,23,24,21,5,2019,2,2,27,2,19,0
1,1,2,6,5,134,5,1,20,1,5,25,0,28,41,80,5,2021,1,3,46,22,21,0
1,1,3,8,5,306,3,1,45,1,4,59,0,20,41,19,5,2024,1,3,46,28,42,0
1,1,4,8,5,230,12,1,20,1,1,7,0,43,41,37,5,2017,1,3,46,9,21,0
0,1,4,0,5,429,5,1,27,1,1,6,1,0,41,1,5,2023,1,1,46,27,30,0
0,3,2,8,7,958,1,1,19,2,2,52,0,66,27,62,7,2021,2,0,70,34,20,0
1,2,1,6,5,205,7,1,13,1,3,3,0,61,41,57,5,2016,1,1,46,30,16,1
1,1,6,6,5,261,11,0,13,2,6,29,0,34,41,29,5,2018,2,0,46,8,16,0
2,1,2,5,5,251,8,1,55,2,1,12,0,7,68,47,5,2016,2,1,71,2,55,1
1,3,2,8,5,220,12,1,40,1,6,75,0,73,41,70,5,2025,1,5,46,31,39,1
0,0,3,8,1,886,7,1,1,2,6,44,1,14,77,54,1,2024,2,3,80,4,7,0
1,1,2,8,5,409,10,1,45,2,3,62,0,73,50,70,5,2019,2,4,55,30,42,0
2,1,4,5,5,66,8,1,13,1,0,58,3,71,41,68,5,2015,1,1,46,30,16,0
0,1,5,4,1,813,9,1,29,2,1,111,0,81,59,81,4,2025,2,2,41,13,47,1
0,1,1,3,2,882,8,1,51,3,6,25,0,67,14,67,2,2019,0,1,13,1,52,0
0,1,3,7,2,849,12,0,38,2,1,39,0,72,2,71,7,2019,2,3,1,1,37,0
1,1,4,8,5,470,12,0,45,2,4,64,0,58,41,53,5,2020,2,1,46,28,42,0
1,1,3,8,5,273,4,1,8,1,1,43,1,35,41,30,8,2024,1,3,46,9,9,1
1,1,3,5,8,920,6,1,13,3,5,19,0,27,19,24,5,2023,0,3,20,3,16,1
1,1,3,5,8,890,10,1,27,3,2,37,1,46,17,41,5,2024,0,4,51,9,30,1
1,0,2,8,5,595,4,1,27,2,4,1,0,17,41,39,5,2024,2,3,46,9,30,1
1,0,5,6,4,331,6,1,28,1,2,13,2,34,25,29,4,2023,1,0,30,13,31,0
3,1,2,3,5,1077,10,1,40,2,1,55,0,67,41,67,5,2017,2,2,46,9,39,1
0,1,4,4,5,802,10,1,27,2,3,46,0,39,41,32,5,2021,2,3,46,31,30,1
1,3,2,8,5,229,2,0,43,1,4,38,0,51,68,17,8,2024,1,4,71,30,45,1
1,1,4,5,6,243,11,1,13,1,3,68,1,46,7,41,5,2019,1,5,10,8,16,1
1,1,2,6,5,169,11,1,27,1,6,62,1,34,41,29,5,2018,1,3,46,35,30,0
0,1,2,0,5,358,10,1,27,1,4,48,1,2,41,3,5,2024,1,4,46,32,30,0
0,1,6,8,0,637,1,1,8,2,0,37,4,22,16,22,8,2025,2,2,21,32,9,1
1,1,2,8,5,288,1,1,18,1,3,23,0,66,0,62,5,2023,1,3,6,30,1,0
0,0,2,4,5,801,12,1,40,2,1,3,0,29,50,64,5,2025,0,0,55,17,39,1
1,1,4,4,6,335,2,1,45,1,2,35,1,81,10,81,5,2018,1,2,15,33,42,1
0,0,2,7,5,317,4,1,13,1,3,9,1,19,41,34,5,2022,1,5,46,31,16,0
1,1,2,6,5,102,3,1,40,1,4,85,0,15,41,10,5,2022,1,2,46,28,39,0
0,1,2,4,5,918,11,0,18,3,5,35,0,79,41,78,5,2016,0,1,46,28,1,0
0,2,4,4,5,730,3,1,17,2,2,4,1,59,24,52,5,2025,2,5,27,22,19,1
0,0,2,4,5,687,3,1,15,2,3,19,0,5,0,6,5,2025,2,0,6,17,18,1
3,1,6,2,5,1700,4,1,17,2,3,17,2,65,41,61,5,2023,2,1,46,28,19,0
2,3,2,5,5,99,7,1,45,1,2,33,0,68,41,63,5,2024,1,2,46,2,42,0
3,1,3,3,5,539,8,0,34,1,5,42,0,62,41,76,3,2022,1,5,46,7,0,1
1,1,3,5,8,773,10,1,18,2,0,39,1,71,58,68,5,2021,0,4,24,28,1,0
0,0,4,4,5,340,11,0,27,1,2,73,1,29,41,64,5,2016,1,4,46,33,30,1
1,0,5,8,5,443,12,0,40,2,0,14,0,66,41,62,5,2020,2,1,46,28,39,1
1,1,2,8,5,212,1,1,17,1,6,115,1,24,41,58,5,2019,1,3,46,28,19,0
1,1,4,8,5,500,10,1,27,2,6,19,0,35,41,30,5,2015,2,3,46,30,30,0
1,1,1,6,5,646,6,1,40,2,6,27,1,28,41,80,5,2022,0,3,46,16,39,1
3,1,3,1,5,1348,1,1,48,2,4,101,1,63,41,18,1,2015,2,3,46,30,50,1
3,1,1,1,5,695,12,0,27,1,0,45,1,36,23,79,5,2025,1,5,26,28,30,0
0,0,2,4,5,752,6,1,18,2,2,26,1,52,41,46,5,2025,2,3,46,30,1,1
3,2,2,3,5,1993,6,1,13,3,0,13,0,64,41,11,5,2023,0,3,46,31,16,1
0,1,1,0,5,777,2,0,27,2,3,40,1,50,41,42,5,2018,2,3,46,30,30,0
0,1,3,4,5,374,5,1,55,1,6,43,0,53,41,48,5,2016,1,3,46,22,55,1
0,3,5,4,5,839,7,1,20,2,6,12,1,4,41,5,5,2021,2,3,46,2,21,1
2,1,3,5,5,169,4,0,18,2,5,2,1,40,41,35,5,2017,2,1,46,31,1,1
0,1,2,4,5,456,4,0,45,1,3,20,0,29,41,64,5,2023,1,5,46,12,42,0
1,2,1,8,5,258,12,0,0,1,6,7,0,17,41,39,8,2023,1,3,46,31,24,1
1,0,4,6,5,402,3,0,27,2,1,64,2,77,41,75,5,2018,2,3,46,35,30,0
0,1,1,0,5,668,11,1,40,2,6,30,0,0,0,1,5,2023,2,3,6,28,39,1
1,1,1,8,5,312,11,0,27,1,6,84,1,51,63,17,5,2015,1,3,68,29,30,0
0,1,2,5,0,442,10,1,45,1,6,26,1,68,36,63,5,2018,1,3,42,32,42,0
2,3,4,5,5,215,6,1,27,2,3,46,2,27,41,24,5,2016,2,3,46,9,30,0
0,0,2,0,5,491,8,1,42,1,0,35,1,50,41,42,0,2018,1,1,46,32,44,0
0,1,2,6,8,277,11,0,0,1,0,28,0,74,19,69,8,2024,1,1,20,23,24,0
0,0,3,6,8,407,5,0,21,1,0,44,1,15,62,10,6,2015,1,3,66,35,25,1
2,0,4,5,5,69,9,1,13,1,5,103,0,27,41,24,5,2018,1,1,46,2,16,0
0,1,4,4,5,701,10,1,25,2,1,29,1,59,41,52,4,2025,2,2,46,33,27,1
1,1,2,6,5,344,7,1,54,2,5,23,0,34,41,29,5,2015,2,3,46,31,34,0
1,1,1,6,5,209,5,1,18,1,1,12,1,61,41,57,5,2023,1,0,46,31,1,0
3,1,1,2,5,1628,9,1,27,2,6,73,0,75,41,72,5,2023,2,5,46,1,30,0
0,1,2,4,8,922,7,1,47,2,1,51,0,69,19,33,4,2018,2,4,20,25,49,0
0,1,3,4,5,819,5,1,45,2,3,94,0,5,41,6,5,2017,2,4,46,30,42,1
0,0,5,4,5,700,4,1,40,2,4,30,0,5,23,6,5,2021,0,0,26,31,39,1
1,1,2,5,6,226,9,0,13,1,0,5,1,55,29,50,5,2024,1,5,34,19,16,0
1,1,2,8,5,651,6,1,27,2,0,24,0,73,41,70,5,2025,0,0,46,2,30,1
2,0,2,5,5,227,9,1,18,2,0,35,1,6,41,0,5,2025,2,1,46,28,1,1
1,0,2,8,5,572,6,1,43,2,6,20,1,58,41,53,8,2016,0,3,46,14,45,0
0,1,2,4,5,724,1,1,27,2,3,22,0,4,41,5,5,2017,2,3,46,30,30,0
0,3,2,7,5,350,2,1,13,1,5,107,1,11,41,8,5,2023,1,4,46,11,16,0
0,3,3,6,3,639,5,1,34,2,2,48,0,34,76,29,3,2025,0,3,62,23,0,0
3,1,1,2,5,1758,7,1,23,2,2,20,0,75,41,72,2,2016,2,4,46,30,26,0
1,1,2,6,5,127,3,1,41,1,4,92,0,74,41,69,6,2025,1,5,46,8,40,1
0,1,4,6,6,811,9,1,30,2,5,90,0,61,4,57,6,2019,2,3,3,16,33,0
0,1,1,7,5,357,7,1,52,1,6,18,0,70,41,27,7,2025,1,5,46,11,51,1
1,1,5,6,5,796,10,1,54,3,3,19,3,28,41,80,5,2018,0,5,46,28,34,1
0,3,1,5,7,678,10,0,20,2,4,88,0,7,27,47,5,2025,2,5,70,28,21,0
0,2,3,8,4,410,1,0,29,1,4,76,2,58,5,53,4,2020,1,3,4,12,47,0
3,3,1,3,5,581,10,1,17,1,6,21,0,62,41,76,5,2020,1,3,46,31,19,0
1,1,2,8,5,595,10,1,27,2,4,41,1,73,41,70,5,2016,2,1,46,3,30,0
1,3,1,5,8,499,5,1,27,2,4,47,0,46,54,41,5,2018,2,2,14,29,30,1
0,0,4,8,0,290,10,1,14,1,5,10,1,38,42,31,0,2025,1,2,50,32,17,0
1,1,4,6,5,466,8,0,27,2,5,87,2,28,41,80,5,2019,2,1,46,2,30,0
0,0,2,5,4,328,12,1,27,1,3,47,0,54,48,55,5,2016,1,3,53,13,30,1
1,1,2,6,5,203,10,1,32,1,5,39,0,34,41,29,6,2021,1,4,46,23,15,1
1,1,3,8,5,470,3,1,54,2,6,54,2,48,41,43,5,2021,2,1,46,29,34,0
1,1,1,5,6,102,9,1,21,1,6,16,0,55,57,50,6,2019,1,0,61,23,25,1
0,1,3,5,7,797,10,0,20,2,0,23,1,40,26,35,5,2024,2,1,32,24,21,0
1,0,1,8,5,531,4,1,45,2,4,25,1,58,41,53,5,2021,2,4,46,2,42,0
1,1,2,8,5,221,6,1,27,1,4,61,2,12,41,13,5,2024,1,3,46,22,30,0
0,3,4,0,5,930,5,1,54,2,6,57,0,2,50,3,5,2020,2,3,55,28,34,0
0,3,2,7,5,413,4,1,46,1,5,38,1,11,41,8,7,2021,1,1,46,31,48,1
0,1,3,7,5,320,11,0,18,1,2,21,2,11,20,8,5,2025,1,3,25,9,1,1
3,3,3,5,1,829,3,0,54,1,1,92,1,54,65,55,5,2017,1,5,31,0,34,1
0,2,5,4,3,849,10,1,22,2,4,15,2,8,76,9,4,2023,2,5,62,37,23,1
0,0,2,4,5,768,12,1,27,2,2,7,1,69,41,33,5,2018,2,5,46,28,30,1
0,1,1,8,7,843,11,1,5,2,3,62,0,58,26,53,7,2025,2,1,32,25,6,1
0,2,3,0,5,897,12,0,27,2,0,9,1,21,41,16,5,2018,2,1,46,9,30,0
0,0,3,4,5,477,6,1,55,1,2,70,0,39,63,32,5,2025,1,4,68,37,55,1
0,1,1,4,5,819,4,1,27,2,2,100,1,30,41,25,5,2015,2,3,46,2,30,0
3,1,3,3,5,1135,8,0,34,2,3,15,0,62,41,76,3,2025,2,3,46,28,0,0
3,1,6,3,5,506,5,1,9,1,4,13,2,78,41,73,3,2021,1,4,46,9,14,0
0,1,3,3,4,1054,7,1,24,3,1,66,0,37,44,66,3,2015,0,4,49,18,29,0
1,1,4,6,5,333,3,0,27,2,4,7,1,74,41,69,5,2023,2,2,46,9,30,1
0,1,2,7,5,813,12,1,46,2,0,26,0,70,41,27,7,2023,2,5,46,28,48,1
1,0,1,6,5,312,2,0,27,2,2,53,0,16,41,15,5,2023,2,3,46,9,30,0
1,1,1,8,5,549,3,1,37,2,5,60,0,58,41,53,8,2022,2,2,46,25,35,1
2,1,5,4,4,159,11,0,17,1,1,21,3,39,44,32,5,2023,1,0,49,17,19,1
0,0,2,4,5,320,12,1,3,1,2,73,0,18,41,60,4,2025,1,5,46,9,4,0
0,3,3,0,5,672,12,1,20,2,6,38,0,23,41,21,5,2017,2,0,46,20,21,0
0,0,2,4,5,930,7,1,45,2,0,34,1,8,20,9,5,2019,2,1,25,2,42,0
0,0,2,4,5,779,8,1,35,2,0,6,0,81,41,81,4,2025,2,3,46,9,8,1
0,2,4,4,5,387,9,1,27,1,5,80,2,49,41,44,5,2025,1,0,46,12,30,0
1,1,2,6,5,758,7,1,27,3,1,36,0,9,41,12,5,2017,0,2,46,30,30,1
1,1,2,8,5,503,4,1,37,2,1,6,1,38,41,31,8,2017,2,3,46,29,35,0
0,3,5,4,0,367,6,0,47,1,1,23,2,69,38,33,4,2025,1,5,44,27,49,0
0,3,4,0,5,920,12,1,13,2,6,7,0,44,50,38,5,2025,0,4,55,32,16,0
0,1,1,1,7,763,7,1,5,2,2,58,0,36,8,79,7,2023,2,3,11,24,6,1
0,1,5,7,5,1115,3,1,27,3,0,22,1,57,41,49,5,2019,0,2,46,28,30,0
1,1,3,8,5,467,3,0,17,2,3,62,0,35,41,30,5,2024,2,3,46,2,19,1
0,1,1,4,3,480,1,1,11,1,6,112,1,53,28,48,3,2021,1,2,33,13,11,0
2,1,1,5,5,110,6,1,54,1,3,12,1,71,41,68,5,2025,1,4,46,30,34,1
0,1,4,0,4,816,1,1,3,2,1,20,0,44,60,38,4,2016,2,3,18,33,4,0
1,0,2,8,5,1010,6,1,49,3,6,22,0,14,24,54,8,2016,0,0,27,3,53,0
2,1,1,4,4,329,6,1,35,2,2,16,0,79,25,78,4,2020,2,5,30,17,8,0
3,0,3,1,5,1566,2,0,45,2,5,46,0,47,41,45,5,2018,2,0,46,28,42,0
1,1,3,6,5,159,2,0,27,1,6,11,0,10,41,7,5,2017,1,5,46,22,30,0
1,1,5,8,5,534,2,1,49,2,2,23,2,48,41,43,8,2025,2,5,46,30,53,1
2,3,3,5,5,127,5,1,45,1,4,10,2,27,41,24,5,2024,1,5,46,28,42,1
1,0,2,4,6,578,11,0,47,2,2,11,0,52,15,46,4,2019,2,5,16,37,49,0
0,1,1,7,8,830,8,1,37,2,0,7,1,72,62,71,8,2020,0,0,66,34,35,0
1,1,5,6,5,407,10,1,55,2,3,13,2,15,63,10,5,2023,2,5,68,2,55,0
0,1,1,4,5,422,2,1,18,1,2,77,0,53,41,48,5,2023,1,2,46,30,1,1
3,1,5,2,5,1439,2,1,27,2,3,59,1,65,41,61,5,2022,2,4,46,2,30,0
0,1,3,3,3,879,9,0,13,2,1,93,2,64,66,11,5,2018,2,0,37,18,16,1
1,1,4,8,5,223,5,1,13,1,0,25,2,12,50,13,5,2016,1,3,55,28,16,1
0,1,2,1,0,310,5,1,2,1,0,33,0,80,42,77,1,2023,1,3,50,0,2,1
0,1,2,4,5,473,1,1,22,1,5,87,0,81,41,81,4,2021,1,1,46,12,23,0
1,0,1,8,5,302,3,1,27,1,6,4,1,14,41,54,5,2016,1,1,46,30,30,0
0,3,2,4,5,715,3,1,55,2,2,17,1,8,35,9,5,2018,2,2,40,31,55,1
1,0,2,8,5,312,5,1,40,1,0,16,0,12,41,13,5,2024,1,5,46,14,39,0
1,1,2,6,5,187,12,1,15,1,4,52,0,3,41,4,5,2016,1,3,46,9,18,0
0,1,5,7,5,770,1,1,55,2,0,88,3,19,0,34,5,2021,0,0,6,2,55,0
0,1,3,4,5,343,7,1,16,1,6,9,1,8,35,9,4,2024,1,3,40,5,41,0
0,0,3,4,5,321,2,1,45,1,2,24,1,49,41,44,5,2022,1,4,46,22,42,1
1,0,3,8,5,477,7,1,45,2,5,49,0,58,41,53,5,2020,2,0,46,30,42,1
0,0,2,0,0,694,2,1,55,2,6,24,1,0,38,1,5,2018,2,3,44,27,55,1
0,1,1,7,5,826,2,1,44,2,3,22,0,72,41,71,7,2019,2,3,46,30,43,1
0,0,1,4,5,768,8,1,27,2,1,157,0,49,41,44,5,2024,2,3,46,37,30,0
1,1,3,6,5,218,4,0,15,1,3,62,1,28,41,80,5,2019,1,1,46,9,18,0
0,0,3,0,5,904,2,0,40,2,2,72,1,21,41,16,5,2020,2,2,46,30,39,0
1,1,5,8,5,581,1,1,55,2,0,101,1,20,24,19,5,2025,2,3,27,9,55,1
0,0,1,7,7,894,1,1,52,2,6,89,0,32,49,26,7,2021,2,3,57,15,51,0
0,1,2,1,4,695,2,1,16,2,2,80,0,63,6,18,4,2020,2,1,5,37,41,1
0,1,1,8,0,920,9,0,40,3,1,33,0,66,42,62,5,2025,0,4,50,34,39,1
1,1,3,8,5,306,3,1,20,1,1,69,1,20,68,19,5,2025,1,3,71,9,21,0
0,1,1,8,0,327,11,1,50,1,0,47,1,73,1,70,8,2017,1,5,0,10,46,0
2,0,2,5,5,215,8,1,45,2,3,83,2,25,41,20,5,2025,0,1,46,31,42,0
0,1,4,7,5,807,1,1,38,2,6,47,0,19,20,34,7,2022,2,3,25,2,37,0
0,1,2,4,5,462,6,1,45,1,4,39,1,5,41,6,5,2024,1,1,46,2,42,0
1,0,1,6,5,998,10,1,45,3,4,57,0,28,23,80,5,2022,0,1,26,22,42,0
0,1,3,4,5,333,2,1,29,1,2,9,0,59,41,52,4,2024,1,3,46,33,47,0
1,1,2,8,5,303,11,1,27,1,6,29,0,35,41,30,5,2022,1,1,46,9,30,0
1,0,5,8,5,655,6,1,17,2,3,21,0,14,41,54,5,2020,0,3,46,25,19,0
0,1,2,7,5,739,10,0,27,2,4,48,0,45,41,40,5,2017,2,0,46,28,30,1
1,0,3,6,5,478,1,1,32,2,6,35,0,16,41,15,6,2019,2,0,46,2,15,1
1,0,3,6,5,887,10,1,54,3,0,18,0,77,0,75,5,2019,0,2,6,2,34,0
0,1,3,4,5,348,6,1,27,1,4,7,0,8,41,9,5,2023,1,4,46,12,30,1
2,1,2,5,5,944,9,0,45,3,6,33,0,27,63,24,5,2023,0,1,68,9,42,0
0,1,3,7,5,722,7,1,52,2,1,48,1,32,41,26,7,2023,2,1,46,31,51,1
1,1,4,5,8,461,2,1,54,2,4,23,2,54,22,55,5,2019,2,4,22,9,34,0
1,1,1,5,8,645,4,0,43,2,0,58,0,27,30,24,8,2019,0,4,35,34,45,1
0,1,4,4,5,302,3,1,6,1,2,73,2,4,41,5,4,2024,1,0,46,30,22,0
1,1,2,8,5,274,6,1,54,1,2,53,1,22,41,22,5,2022,1,3,46,25,34,0
0,1,1,0,5,458,3,1,14,1,4,55,0,0,41,1,0,2025,1,3,46,2,17,0
0,1,5,8,7,817,6,1,8,2,2,54,2,20,71,19,8,2024,2,1,72,25,9,1
0,3,2,8,2,902,3,0,50,3,1,8,1,20,61,19,8,2024,0,1,65,14,46,1
1,1,2,8,5,448,5,1,37,2,6,23,1,48,50,43,8,2025,2,1,55,9,35,1
0,1,2,4,5,943,4,0,13,2,6,37,0,59,0,52,5,2023,2,3,6,13,16,1
2,1,1,8,8,232,5,1,37,2,4,35,1,24,70,58,8,2025,2,3,73,3,35,0
3,1,1,5,1,1676,10,1,12,2,1,71,1,68,59,63,1,2024,2,4,41,9,13,0
1,1,3,8,5,658,12,0,43,2,5,1,2,14,41,54,8,2017,0,3,46,22,45,1
2,0,3,5,5,91,10,1,18,1,0,39,0,71,41,68,5,2024,1,3,46,22,1,1
1,1,2,8,5,277,8,1,0,1,3,82,0,38,41,31,8,2024,1,1,46,28,24,1
2,1,2,5,5,125,6,1,20,1,3,10,0,7,24,47,5,2023,1,1,27,28,21,1
1,1,2,8,5,193,12,1,37,1,0,4,1,73,41,70,8,2024,1,3,46,31,35,0
0,1,5,5,4,856,7,0,17,2,6,19,3,71,48,68,5,2023,2,4,53,9,19,0
1,1,1,6,5,511,2,1,15,2,5,87,0,10,0,7,5,2021,0,3,6,2,18,0
0,1,2,4,0,779,3,1,47,2,1,67,0,30,56,25,4,2022,2,1,60,20,49,1
1,2,1,8,5,932,10,0,40,3,4,90,0,12,41,13,5,2021,0,2,46,30,39,0
2,1,2,5,5,125,11,1,40,1,0,79,1,26,24,23,5,2016,1,1,27,30,39,0
1,2,2,8,5,218,5,1,15,1,4,15,1,38,41,31,5,2022,1,2,46,2,18,1
0,0,3,7,5,762,2,1,44,2,2,80,0,72,41,71,7,2018,2,3,46,22,43,0
1,1,2,8,5,313,8,0,20,2,1,39,1,14,41,54,5,2020,0,5,46,31,21,1
1,3,1,5,6,296,1,1,15,2,0,81,0,6,74,0,5,2024,2,4,76,35,18,1
1,0,6,4,6,716,11,1,7,2,3,22,1,49,57,44,4,2024,2,0,61,16,10,0
0,1,5,8,2,753,8,0,43,2,4,46,0,51,51,17,8,2018,2,3,56,3,45,0
2,1,4,5,5,169,7,0,18,2,0,71,1,6,41,0,5,2024,2,1,46,2,1,0
0,1,5,4,5,421,9,1,54,1,3,58,1,4,41,5,5,2016,1,5,46,22,34,0
1,2,1,6,5,229,10,1,18,1,5,16,0,16,20,15,5,2025,1,0,25,2,1,1
2,2,5,5,5,77,3,1,15,1,5,1,1,55,0,50,5,2019,1,3,6,9,18,1
1,2,1,6,5,123,4,1,45,1,4,38,1,9,41,12,5,2017,1,5,46,2,42,1
1,0,3,6,5,397,4,1,18,2,0,10,0,3,41,4,5,2019,2,2,46,31,1,0
1,2,1,6,5,452,7,1,54,2,3,2,0,34,55,29,5,2016,2,2,54,19,34,0
1,2,3,8,5,293,12,1,4,1,2,17,1,17,41,39,8,2022,1,1,46,28,5,1
0,1,1,4,5,892,5,1,45,2,5,24,0,18,41,60,5,2017,2,3,46,2,42,1
0,2,2,6,8,743,3,1,4,2,0,16,1,3,43,4,8,2019,2,2,48,25,5,0
1,0,1,5,8,517,10,1,15,2,0,26,0,6,31,0,5,2019,2,0,38,28,18,1
0,1,1,0,5,453,10,1,45,1,4,62,0,50,41,42,5,2022,1,3,46,32,42,0
0,1,1,4,5,861,3,1,45,2,1,12,0,59,50,52,5,2022,2,0,55,5,42,0
0,1,2,7,5,793,7,1,27,2,6,25,1,57,41,49,5,2021,2,3,46,22,30,0
0,1,4,0,5,340,11,1,27,1,2,56,1,23,41,21,5,2022,1,2,46,31,30,0
1,1,1,8,5,485,11,1,27,2,4,48,0,24,41,58,5,2018,2,4,46,22,30,0
1,1,2,4,6,251,4,1,28,1,6,9,0,30,7,25,4,2018,1,3,10,23,31,1
1,1,3,5,8,289,10,1,43,1,6,26,0,46,39,41,8,2016,1,5,17,14,45,0
1,3,3,8,5,401,8,0,27,2,3,10,1,22,41,22,5,2017,2,3,46,2,30,0
0,1,2,0,5,825,9,1,14,2,3,51,0,2,41,3,0,2019,2,4,46,30,17,1
0,1,5,8,4,1083,2,0,25,2,2,59,1,48,60,43,4,2024,2,3,18,33,27,1
1,0,2,6,5,365,8,1,55,2,4,51,0,10,23,7,5,2020,2,2,26,22,55,0
1,1,1,6,5,207,12,1,20,1,5,3,1,61,41,57,5,2024,1,3,46,9,21,1
1,1,2,8,5,595,2,1,55,2,2,40,1,35,35,30,5,2019,2,2,40,22,55,1
0,1,2,5,0,866,2,0,45,2,2,12,0,55,42,50,5,2019,2,3,50,9,42,0
1,1,1,6,5,172,5,1,54,1,3,67,0,28,41,80,5,2022,1,1,46,19,34,1
0,1,3,2,8,758,5,1,37,2,5,50,1,13,70,14,8,2023,2,2,73,26,35,0
1,0,1,8,5,234,11,1,54,1,6,15,0,22,55,22,5,2018,1,4,54,9,34,1
0,1,3,7,5,342,8,1,5,1,6,24,0,45,41,40,7,2025,1,3,46,9,6,1
0,1,1,4,5,728,7,1,27,2,6,49,1,29,41,64,5,2021,2,3,46,13,30,1
1,3,1,8,5,1014,12,1,50,3,5,148,0,17,41,39,8,2024,0,3,46,2,46,1
0,0,2,7,5,357,9,0,52,1,4,77,0,70,41,27,7,2025,1,4,46,2,51,1
0,3,3,0,5,668,8,1,27,2,4,37,0,44,41,38,5,2023,2,1,46,32,30,0
2,3,2,2,2,157,4,1,23,1,2,41,0,13,72,14,2,2024,1,5,75,26,26,0
1,1,1,8,5,488,1,1,55,2,6,98,0,48,41,43,5,2016,2,3,46,29,55,0
1,1,2,8,5,386,6,1,45,2,0,70,1,22,35,22,5,2019,2,5,40,2,42,0
2,1,4,5,5,205,3,1,55,2,0,21,0,68,41,63,5,2018,2,1,46,28,55,0
0,2,1,4,5,838,12,0,27,2,0,43,0,59,41,52,5,2024,2,1,46,31,30,1
0,3,5,7,5,762,7,0,31,2,2,84,0,70,41,27,7,2019,0,0,46,28,32,0
1,1,5,8,5,308,5,1,37,1,0,53,1,38,63,31,8,2017,1,4,68,25,35,1
0,1,2,7,8,802,9,1,50,2,3,8,0,32,53,26,8,2024,2,5,58,14,46,0
0,1,1,7,5,644,3,0,40,2,1,37,0,72,41,71,5,2023,2,5,46,2,39,1
1,1,2,8,5,595,1,1,18,2,3,30,0,51,41,17,5,2023,2,4,46,30,1,1
0,1,5,4,5,892,3,1,27,2,3,9,2,53,41,48,5,2025,2,5,46,31,30,1
1,1,2,8,5,243,10,1,45,1,0,12,1,43,41,37,5,2022,1,0,46,22,42,1
0,0,1,7,5,390,8,1,13,1,0,52,1,32,24,26,5,2019,1,5,27,9,16,1
1,1,2,8,5,511,3,1,45,2,6,95,1,66,35,62,5,2016,2,5,40,9,42,0
0,2,1,7,5,816,8,1,31,2,0,6,0,45,41,40,7,2022,2,4,46,30,32,0
1,1,1,8,5,218,6,0,45,1,4,92,0,38,41,31,5,2015,1,1,46,25,42,0
0,1,2,4,5,737,10,1,17,2,2,54,0,79,41,78,5,2021,2,1,46,22,19,0
0,1,3,8,6,308,8,1,4,1,2,95,1,35,80,30,8,2019,1,4,28,8,5,1
1,1,3,8,5,296,1,1,43,1,0,84,0,43,41,37,8,2021,1,3,46,9,45,0
1,0,2,5,8,473,2,1,54,2,6,40,1,55,19,50,5,2017,2,2,20,34,34,0
0,1,4,7,5,393,12,1,27,1,3,58,1,57,41,49,5,2022,1,4,46,28,30,1
0,1,5,1,8,912,3,0,2,2,0,55,2,80,22,77,1,2018,2,1,22,14,2,1
1,0,2,8,5,512,1,1,0,2,0,107,0,51,55,17,8,2015,2,5,54,14,24,0
0,1,2,4,5,1165,6,1,22,3,2,12,2,52,41,46,4,2024,0,1,46,31,23,0
0,1,3,2,4,328,12,0,17,1,1,21,1,65,44,61,5,2019,1,3,49,17,19,1
1,1,3,8,5,241,6,1,0,1,4,5,1,12,41,13,8,2022,1,3,46,31,24,0
1,1,2,8,5,289,9,1,20,1,2,56,0,66,20,62,5,2022,1,4,25,28,21,1
0,1,4,0,5,833,4,1,27,2,0,51,1,2,20,3,5,2023,0,0,25,31,30,1
0,1,4,7,1,655,12,1,2,2,6,55,0,32,77,26,1,2018,2,1,80,36,2,0
0,3,1,7,5,744,7,1,27,2,2,45,0,45,41,40,5,2024,2,1,46,2,30,0
0,1,6,4,5,486,6,0,40,1,3,6,3,5,41,6,5,2019,1,1,46,13,39,0
3,1,2,3,5,420,12,1,34,1,5,23,1,62,41,76,3,2016,1,1,46,2,0,0
1,1,3,8,5,563,8,1,27,2,2,35,0,58,41,53,5,2020,2,2,46,9,30,0
0,1,2,7,5,805,3,1,27,2,3,13,0,70,41,27,5,2023,2,1,46,31,30,1
2,0,1,5,5,209,9,1,27,2,3,90,0,54,41,55,5,2023,2,1,46,22,30,0
1,3,2,6,5,381,9,1,45,2,1,18,0,76,41,74,5,2015,2,1,46,31,42,0
0,1,5,4,5,772,6,1,20,2,5,41,1,39,41,32,5,2023,2,3,46,31,21,1
0,2,1,5,4,334,8,1,22,1,1,62,0,46,9,41,4,2022,1,0,8,33,23,0
3,1,2,1,5,1611,10,1,20,3,1,39,1,41,41,59,5,2017,0,2,46,2,21,0
0,1,2,7,5,674,9,1,27,2,1,43,1,19,41,34,5,2018,2,0,46,30,30,0
1,0,1,6,5,167,9,1,27,1,6,9,0,77,41,75,5,2024,1,1,46,9,30,1
1,0,2,8,5,234,12,1,37,1,6,48,1,48,41,43,8,2023,1,3,46,31,35,0
2,1,4,5,5,151,11,1,54,2,0,20,2,46,35,41,5,2017,2,1,40,22,34,1
1,1,4,8,5,318,8,0,27,1,3,25,1,38,41,31,5,2025,1,4,46,9,30,0
1,1,1,8,5,235,7,0,27,1,3,86,0,66,41,62,5,2020,1,3,46,9,30,1
0,3,1,8,7,468,3,0,4,1,5,55,1,12,49,13,8,2016,1,5,57,24,5,1
3,1,5,5,1,1534,5,0,55,2,6,42,3,40,65,35,5,2020,2,2,31,6,55,0
0,1,2,4,5,320,4,1,13,1,5,43,0,69,41,33,5,2024,1,5,46,12,16,1
0,3,3,5,0,767,7,1,55,2,6,37,1,68,42,63,5,2019,2,5,50,27,55,0
3,1,2,2,5,757,5,1,40,1,5,88,0,13,41,14,5,2016,1,3,46,26,39,1
0,1,4,4,5,448,3,1,18,1,5,40,0,18,41,60,5,2021,1,1,46,17,1,0
0,1,2,7,5,378,4,1,52,1,6,19,0,32,41,26,7,2023,1,1,46,28,51,0
1,0,3,8,5,316,11,1,50,1,4,14,1,58,41,53,8,2025,1,4,46,22,46,0
1,1,1,8,5,550,8,0,17,2,4,60,0,58,41,53,5,2023,2,1,46,25,19,0
0,1,3,0,5,796,10,1,55,2,6,82,1,50,41,42,5,2021,2,3,46,2,55,1
1,1,2,8,5,572,10,1,50,2,6,52,0,43,41,37,8,2019,2,5,46,3,46,0
0,0,1,4,8,462,6,1,50,1,5,15,0,79,19,78,8,2023,1,0,20,34,46,1
0,1,1,6,2,716,11,1,39,2,4,27,1,15,72,10,2,2018,2,5,75,26,38,0
1,1,1,8,5,574,7,0,55,2,1,5,0,66,41,62,5,2018,2,3,46,2,55,1
1,1,5,5,6,265,7,1,32,2,2,4,2,68,15,63,6,2025,2,4,16,28,15,0
1,1,3,8,5,476,7,1,50,2,6,2,1,20,55,19,8,2015,2,1,54,14,46,0
3,1,4,2,5,1609,8,1,23,2,4,38,2,65,24,61,2,2016,2,3,27,2,26,1
2,1,2,5,5,242,6,1,17,2,6,53,0,26,68,23,5,2024,2,5,71,28,19,0
1,2,3,8,5,621,3,1,55,2,5,66,0,51,63,17,5,2022,2,1,68,31,55,1
0,1,1,8,7,705,7,1,13,2,5,17,0,17,34,39,5,2018,2,4,19,11,16,0
1,1,5,6,5,379,10,1,21,2,0,59,0,61,41,57,6,2019,2,3,46,30,25,1
0,2,2,4,5,435,8,1,25,1,5,46,1,81,68,81,4,2025,1,1,71,9,27,0
0,3,1,8,1,353,8,1,17,1,1,58,0,22,59,22,5,2017,1,3,41,6,19,1
1,0,5,8,5,185,3,1,27,1,0,36,2,24,41,58,5,2023,1,1,46,31,30,0
3,0,1,1,5,1324,7,0,54,2,1,29,1,63,41,18,5,2018,0,5,46,22,34,0
0,0,6,7,7,734,4,0,31,2,4,24,2,19,8,34,7,2017,2,1,11,15,32,1
0,1,2,7,5,682,7,0,31,2,0,90,1,19,41,34,7,2025,2,3,46,22,32,0
0,1,1,7,8,935,3,1,5,2,1,32,1,45,30,40,7,2019,2,5,35,15,6,1
0,0,2,4,5,898,9,1,6,2,6,46,0,59,41,52,4,2021,2,2,46,2,22,0
1,1,3,8,5,1031,9,0,43,3,4,13,1,24,47,58,8,2025,0,5,7,28,45,1
1,1,1,8,5,257,3,1,43,1,1,7,0,51,41,17,8,2016,1,3,46,9,45,1
3,3,2,2,5,873,2,1,15,1,4,22,0,13,41,14,5,2025,1,1,46,9,18,0
1,0,1,8,5,299,11,1,43,1,3,23,0,14,41,54,8,2015,1,1,46,2,45,0
0,0,3,0,4,958,12,0,26,2,5,22,0,23,81,21,0,2024,0,1,81,5,28,1
0,0,5,4,5,456,6,0,20,1,4,23,1,4,24,5,5,2019,1,0,27,13,21,0
1,0,6,8,5,437,9,1,4,2,2,66,2,22,41,22,8,2022,2,2,46,2,5,1
2,2,3,8,8,183,3,1,43,1,0,41,1,43,43,37,8,2019,1,4,48,34,45,0
1,1,4,8,5,740,6,1,17,2,3,37,2,38,41,31,5,2016,0,1,46,25,19,1
0,0,5,4,5,420,7,1,53,1,1,174,3,79,41,78,4,2019,1,3,46,13,54,1
1,1,3,8,5,280,6,1,54,1,3,52,1,14,41,54,5,2024,1,0,46,31,34,1
0,0,1,4,5,774,6,0,17,2,0,82,0,79,41,78,5,2024,0,3,46,31,19,0
1,1,1,6,5,347,9,1,27,2,0,40,1,15,41,10,5,2021,2,2,46,9,30,0
0,1,1,4,5,813,7,1,15,2,6,15,1,59,41,52,5,2025,2,5,46,2,18,1
1,1,1,8,5,674,3,1,50,2,5,93,1,38,41,31,8,2023,0,1,46,2,46,1
3,0,3,1,5,1633,8,0,27,2,0,11,2,31,41,65,5,2019,2,1,46,31,30,0
2,2,2,5,5,115,8,1,45,1,0,32,0,68,35,63,5,2025,1,5,40,30,42,0
0,1,1,7,5,876,1,1,44,2,6,14,0,72,68,71,7,2019,2,1,71,36,43,1
2,1,3,5,5,202,3,1,20,2,6,66,1,7,41,47,5,2023,2,1,46,22,21,0
0,1,5,1,8,1236,4,0,43,3,1,14,2,63,54,18,8,2021,0,3,14,34,45,0
1,1,2,8,5,470,2,1,20,2,1,39,1,58,41,53,5,2024,2,2,46,9,21,0
0,1,3,7,5,414,3,0,40,1,6,30,0,45,23,40,5,2025,1,3,26,2,39,0
0,0,2,0,5,667,10,1,13,2,0,83,1,2,41,3,5,2016,2,1,46,30,16,1
0,2,2,4,8,881,11,1,43,2,2,2,0,52,70,46,8,2024,2,1,73,25,45,0
1,0,2,8,5,496,3,1,4,2,0,56,0,58,41,53,8,2020,2,4,46,28,5,1
0,0,4,4,5,491,2,0,45,1,3,66,1,39,35,32,5,2018,1,2,40,30,42,0
0,0,6,6,7,828,4,0,27,2,6,15,2,15,8,10,5,2018,2,2,11,11,30,1
0,1,1,0,1,727,9,1,15,2,0,18,1,50,77,42,5,2022,2,5,80,27,18,0
1,1,1,8,5,490,3,1,13,2,0,22,0,22,41,22,5,2025,2,2,46,31,16,1
1,1,3,8,5,588,1,1,49,2,0,10,0,38,41,31,8,2023,2,5,46,2,53,1
1,3,4,6,5,245,8,1,54,1,0,45,0,61,41,57,5,2022,1,1,46,8,34,1
0,2,2,4,8,1357,8,1,37,3,2,56,1,39,43,32,8,2019,0,5,48,37,35,1
0,1,5,7,5,739,8,0,55,2,3,45,1,70,0,27,5,2015,2,0,6,31,55,0
1,1,3,8,5,541,5,0,0,2,3,31,0,48,55,43,8,2025,2,3,54,31,24,1
0,1,2,4,5,378,1,0,55,1,6,20,1,39,41,32,5,2018,1,1,46,31,55,0
0,1,3,7,3,708,2,1,10,2,3,25,0,57,11,49,3,2019,0,0,64,7,3,0
2,1,3,5,5,67,1,1,15,1,5,76,1,6,41,0,5,2025,1,5,46,9,18,1
1,1,1,8,5,1224,10,1,4,3,3,12,0,51,41,17,8,2024,0,5,46,9,5,1
1,1,2,8,5,191,10,1,27,1,2,86,0,24,41,58,5,2020,1,2,46,2,30,1
3,1,1,1,5,1504,6,1,27,2,2,52,0,47,41,45,5,2015,2,5,46,2,30,1
0,0,2,8,0,348,5,1,50,1,5,28,1,51,36,17,8,2016,1,2,42,32,46,1
0,1,2,4,5,493,11,0,15,1,2,5,0,59,41,52,5,2025,1,0,46,31,18,1
0,1,2,4,5,875,12,1,27,2,1,13,1,81,23,81,5,2025,2,5,26,28,30,1
3,1,2,2,5,1773,5,0,23,2,1,34,1,56,41,51,2,2019,2,4,46,28,26,1
1,1,2,6,5,129,9,1,27,1,3,7,1,28,41,80,5,2025,1,1,46,9,30,0
0,0,1,7,5,719,4,1,54,2,0,8,1,32,41,26,5,2019,2,3,46,22,34,1
1,1,1,6,4,312,3,0,16,1,1,60,0,9,44,12,4,2021,1,3,49,8,41,0
0,0,2,7,5,1025,9,1,19,3,0,28,0,19,41,34,7,2025,0,1,46,28,20,1
1,1,2,8,5,683,6,1,49,2,4,25,1,35,41,30,8,2024,0,0,46,30,53,1
0,1,6,4,5,316,1,1,45,1,4,76,1,29,41,64,5,2023,1,2,46,5,42,0
2,1,2,4,4,342,6,1,47,2,0,16,1,29,32,64,4,2019,2,4,39,17,49,0
0,1,2,4,5,796,4,0,35,2,1,25,1,4,41,5,4,2024,2,1,46,33,8,1
0,1,3,4,5,961,2,1,7,2,2,24,0,69,41,33,4,2022,2,3,46,22,10,0
0,1,2,2,3,949,9,1,11,2,4,16,0,75,76,72,3,2022,2,2,62,18,11,0
1,3,3,8,5,583,2,1,27,2,0,26,0,51,47,17,5,2025,2,2,7,31,30,0
3,1,4,1,5,1562,12,1,48,2,6,89,1,63,41,18,1,2018,2,1,46,22,50,1
1,1,4,8,5,465,10,1,27,2,5,25,0,22,41,22,5,2018,2,4,46,29,30,0
2,1,2,5,5,174,2,0,13,2,0,96,1,25,41,20,5,2015,2,3,46,9,16,0
1,3,2,6,5,340,5,1,30,2,0,51,0,9,41,12,6,2019,2,5,46,23,33,1
1,1,6,8,5,626,2,1,17,2,2,3,1,43,41,37,5,2022,2,4,46,31,19,0
2,1,4,5,5,190,6,1,54,2,0,51,0,54,47,55,5,2023,2,2,7,2,34,0
1,3,4,4,6,710,1,1,53,2,6,30,1,52,4,46,4,2023,2,3,3,37,54,1
1,0,3,6,5,185,7,0,20,1,4,73,2,76,41,74,5,2024,1,3,46,16,21,1
1,1,2,8,5,208,10,1,15,1,0,32,0,38,0,31,5,2022,1,3,6,31,18,1
1,1,6,4,6,1048,3,0,30,3,6,80,1,59,7,52,6,2024,0,3,10,13,33,0
1,1,1,8,5,511,3,1,27,2,1,103,1,22,41,22,5,2015,2,3,46,9,30,0
3,1,1,2,5,752,6,1,27,1,2,105,0,65,41,61,5,2024,1,1,46,31,30,0
1,0,2,8,5,857,5,0,50,3,1,91,0,20,41,19,8,2023,0,5,46,2,46,1
1,1,2,8,5,190,8,1,45,1,0,3,1,14,63,54,5,2023,1,1,68,28,42,0
2,1,2,5,5,61,12,0,13,1,5,85,1,68,41,63,5,2023,1,5,46,28,16,1
1,1,5,5,8,208,11,1,54,1,1,36,1,46,43,41,5,2021,1,0,48,34,34,1
1,2,3,8,5,287,4,1,43,1,1,40,1,24,41,58,8,2018,1,3,46,2,45,0
0,1,4,4,5,760,8,1,35,2,3,75,1,59,0,52,4,2019,2,1,6,28,8,1
0,3,6,4,5,899,8,1,27,2,1,64,3,79,41,78,5,2024,2,1,46,31,30,1
2,1,2,5,5,159,9,1,45,2,2,17,1,55,41,50,5,2023,2,1,46,28,42,1
0,1,4,7,5,830,10,0,52,2,5,87,1,70,41,27,7,2021,2,3,46,2,51,1
1,1,1,6,5,614,7,1,13,2,0,22,0,76,41,74,5,2018,0,3,46,31,16,1
3,3,1,5,3,930,10,0,45,2,1,95,0,55,28,50,5,2025,2,5,33,28,42,1
1,1,3,5,6,393,3,0,32,2,3,50,1,68,69,63,6,2025,2,2,74,23,15,0
1,3,2,6,5,221,3,1,27,1,1,36,0,16,41,15,5,2024,1,2,46,23,30,0
3,1,3,3,5,469,8,1,33,1,5,57,0,33,24,28,3,2025,1,1,27,22,12,1
0,1,2,4,5,742,6,1,35,2,4,57,0,79,41,78,4,2024,2,0,46,33,8,0
1,0,4,6,5,285,7,1,40,2,2,12,1,9,41,12,5,2025,2,4,46,31,39,0
1,0,6,8,5,430,4,1,27,2,5,36,2,22,41,22,5,2022,2,3,46,22,30,1
2,1,3,5,5,63,3,1,54,1,6,25,1,54,41,55,5,2024,1,1,46,30,34,0
0,1,2,4,0,672,2,1,29,2,0,55,2,4,38,5,4,2022,2,2,44,37,47,0
0,3,2,0,5,753,6,1,40,2,4,56,1,60,41,56,5,2024,2,1,46,22,39,1
1,2,1,8,5,1130,3,1,43,3,3,82,0,14,41,54,8,2025,0,3,46,31,45,1
1,1,3,8,5,512,3,1,50,2,5,20,0,43,41,37,8,2017,2,1,46,2,46,0
0,1,2,4,5,790,11,0,20,2,0,101,0,59,47,52,5,2021,2,2,7,13,21,1
3,1,3,3,5,1032,8,0,11,2,6,11,0,62,63,76,3,2024,2,1,68,28,11,0
0,1,1,1,8,259,2,0,8,1,6,4,1,31,62,65,8,2019,1,3,66,3,9,0
0,1,1,4,5,766,2,1,55,2,0,43,0,49,41,44,5,2015,2,1,46,37,55,1
1,1,3,8,5,500,12,1,27,2,0,13,0,66,41,62,5,2022,2,1,46,34,30,0
1,3,2,8,5,440,3,0,27,2,0,76,0,14,41,54,5,2017,2,3,46,22,30,0
1,3,3,8,5,248,3,1,4,1,1,46,0,43,41,37,8,2020,1,3,46,9,5,1
1,1,2,6,5,140,4,1,18,1,3,8,0,76,41,74,5,2017,1,5,46,28,1,0
1,1,3,8,5,528,1,1,15,2,4,46,0,48,41,43,5,2016,2,0,46,29,18,1
0,0,3,7,5,840,11,1,27,2,5,70,1,11,41,8,5,2022,2,1,46,30,30,0
0,0,2,4,5,696,4,0,20,2,3,76,0,59,47,52,5,2025,0,1,7,9,21,1
1,1,6,8,5,550,10,1,37,2,5,66,3,43,41,37,8,2025,2,3,46,29,35,0
2,1,5,5,5,1018,5,1,45,2,3,31,1,40,23,35,5,2021,0,3,26,2,42,0
2,0,3,5,5,72,4,1,18,1,0,19,0,6,41,0,5,2017,1,4,46,30,1,0
1,3,2,8,5,618,4,1,55,2,4,22,0,22,41,22,5,2024,2,5,46,31,55,0
1,1,1,8,5,1019,9,1,37,3,1,42,1,51,41,17,8,2022,0,2,46,2,35,0
0,3,5,7,5,629,9,0,46,2,5,11,2,70,41,27,7,2025,2,5,46,2,48,1
1,1,2,8,5,515,12,1,55,2,2,24,1,12,41,13,5,2020,2,0,46,34,55,1
1,1,3,6,5,459,7,1,18,2,1,36,1,28,41,80,5,2016,2,3,46,28,1,0
0,1,6,0,5,880,11,1,14,2,3,47,2,23,41,21,0,2022,2,4,46,10,17,1
1,0,2,8,5,498,11,0,43,2,0,58,0,24,41,58,8,2023,2,1,46,22,45,1
0,1,3,4,0,381,5,1,18,1,0,58,1,18,3,60,5,2024,1,3,2,17,1,0
2,0,2,5,5,123,9,1,18,1,5,44,1,6,41,0,5,2019,1,4,46,28,1,1
0,1,2,6,8,448,8,0,43,1,0,50,1,9,43,12,8,2024,1,3,48,29,45,1
2,0,2,5,5,116,3,1,27,1,6,23,0,71,41,68,5,2022,1,4,46,2,30,0
0,1,5,8,2,318,6,0,0,1,4,47,0,35,2,30,8,2024,1,5,1,34,24,1
0,1,2,4,5,763,5,1,27,2,1,27,0,49,41,44,5,2021,2,4,46,2,30,0
0,1,2,4,5,986,2,0,45,2,3,23,0,4,35,5,5,2020,2,3,40,2,42,0
0,1,1,4,1,330,2,1,1,1,4,75,0,52,59,46,1,2017,1,3,41,4,7,0
1,1,1,8,5,833,11,1,27,3,4,34,1,14,41,54,5,2021,0,3,46,31,30,0
1,0,2,8,5,309,10,1,15,1,5,57,1,38,41,31,5,2019,1,2,46,25,18,0
0,1,1,0,5,315,6,0,27,1,4,19,0,44,41,38,5,2022,1,2,46,31,30,1
2,1,3,5,5,197,2,1,54,2,0,6,0,54,68,55,5,2017,2,2,71,30,34,0
0,1,2,0,5,855,10,1,54,2,0,9,1,23,41,21,5,2018,2,5,46,9,34,0
0,1,2,4,5,820,1,0,45,2,0,107,1,18,41,60,5,2016,2,1,46,12,42,1
2,0,4,5,5,241,7,1,40,2,6,90,2,26,47,23,5,2025,2,1,7,9,39,0
1,0,1,8,5,198,12,1,55,1,0,28,0,43,41,37,5,2017,1,3,46,2,55,0
1,1,2,8,5,195,7,1,27,1,2,90,0,17,41,39,5,2020,1,2,46,29,30,0
3,0,5,3,5,1032,8,1,17,2,1,27,0,33,41,28,5,2019,2,3,46,28,19,0
1,1,2,8,5,314,11,1,0,1,0,30,2,17,41,39,8,2022,1,2,46,25,24,0
0,1,3,0,5,715,5,1,27,2,5,74,0,2,41,3,5,2016,2,3,46,32,30,1
3,1,4,3,5,1065,9,1,15,2,3,12,2,64,41,11,5,2016,2,4,46,30,18,0
0,1,5,7,5,381,12,0,19,1,5,30,0,19,41,34,7,2019,1,1,46,24,20,0
0,0,1,4,5,354,5,0,27,1,3,59,0,49,41,44,5,2021,1,1,46,5,30,1
3,1,5,1,5,1422,1,1,27,2,1,2,2,47,41,45,5,2022,2,0,46,31,30,1
1,3,3,6,5,217,9,1,36,1,4,59,1,10,41,7,6,2021,1,4,46,35,36,1
1,1,1,6,5,892,8,0,36,3,1,71,0,76,41,74,6,2022,0,1,46,23,36,0
0,0,5,4,5,888,10,0,16,2,1,67,1,8,41,9,4,2020,2,1,46,28,41,1
0,1,2,4,5,613,5,0,18,2,1,30,1,69,68,33,5,2024,2,2,71,2,1,0
0,1,4,7,5,734,5,1,45,2,2,64,1,45,23,40,5,2019,2,2,26,28,42,1
0,1,3,6,0,277,12,1,26,1,5,18,1,34,56,29,0,2024,1,3,60,35,28,1
0,1,3,6,3,397,1,0,41,1,0,2,2,76,73,74,6,2022,1,3,78,16,40,0
0,0,1,7,5,853,3,1,13,2,0,60,0,72,41,71,5,2016,0,4,46,30,16,1
0,1,1,5,7,816,11,1,27,2,5,73,1,46,71,41,5,2025,2,3,72,22,30,0
1,1,1,8,5,538,7,1,20,2,1,100,1,22,41,22,5,2016,2,1,46,34,21,0
0,1,1,4,5,377,11,1,25,1,4,22,1,39,23,32,4,2025,1,4,26,28,27,1
0,2,2,4,5,383,12,1,27,1,6,20,0,29,41,64,5,2016,1,3,46,12,30,0
3,1,4,3,5,1041,2,1,54,2,4,44,1,33,0,28,5,2022,2,3,6,28,34,1
1,1,1,5,6,715,6,1,13,2,0,60,1,46,29,41,5,2023,0,3,34,16,16,1
1,1,1,8,5,562,1,1,49,2,6,54,1,35,41,30,8,2017,2,1,46,2,53,0
0,0,3,7,5,326,9,0,5,1,3,16,1,45,41,40,7,2019,1,5,46,2,6,0
1,1,2,8,5,259,5,1,27,1,1,52,0,43,23,37,5,2016,1,4,26,31,30,1
0,1,2,4,8,1016,2,0,0,2,6,7,0,53,39,48,8,2019,2,3,17,3,24,0
3,1,2,3,5,985,11,0,20,2,6,70,0,37,41,66,5,2023,2,3,46,2,21,1
0,1,1,8,0,1527,3,1,26,3,0,63,1,17,56,39,0,2020,0,5,60,34,28,0
3,1,2,2,5,855,8,1,27,1,2,39,1,56,41,51,5,2025,1,1,46,31,30,1
2,0,4,5,5,233,8,0,17,2,3,22,2,26,41,23,5,2024,2,3,46,22,19,1
0,1,2,7,4,463,12,1,38,1,2,42,1,72,52,71,7,2022,1,0,59,37,37,0
1,1,4,8,5,503,7,1,27,2,6,6,2,73,41,70,5,2019,2,1,46,2,30,1
0,0,2,4,5,918,5,1,3,2,0,15,0,5,41,6,4,2023,2,2,46,12,4,1
0,3,4,7,5,780,3,0,54,2,1,70,1,19,68,34,5,2022,2,3,71,22,34,1
3,1,4,2,5,1727,12,1,27,2,6,11,3,65,41,61,5,2023,2,4,46,9,30,0
1,1,3,5,6,425,11,1,17,2,6,33,0,27,4,24,5,2019,2,1,3,2,19,0
1,1,3,8,5,213,10,0,17,1,5,85,0,22,41,22,5,2020,1,3,46,2,19,0
2,1,2,4,4,327,10,1,6,2,6,54,1,49,52,44,4,2019,2,3,59,12,22,0
1,0,1,8,5,423,2,0,27,2,0,88,1,17,41,39,5,2018,2,1,46,3,30,1
0,2,2,5,7,699,11,1,44,2,0,55,1,54,71,55,7,2024,2,4,72,28,43,0
1,0,3,6,5,987,10,1,27,3,1,34,1,15,41,10,5,2016,0,0,46,30,30,0
1,0,2,8,5,596,8,0,17,2,5,35,0,48,0,43,5,2018,0,3,6,34,19,1
0,1,1,0,3,745,1,1,45,2,4,76,0,23,76,21,5,2025,2,3,62,20,42,0
1,3,1,6,5,221,10,1,45,1,1,170,0,3,41,4,5,2016,1,1,46,28,42,0
2,1,2,5,5,229,10,1,13,2,2,74,0,54,41,55,5,2025,2,0,46,31,16,0
0,1,2,4,8,981,9,1,25,2,6,60,2,81,37,81,4,2017,2,3,43,17,27,0
1,1,6,8,5,286,8,1,43,1,2,85,2,14,41,54,8,2025,1,3,46,30,45,1
0,3,4,0,2,481,5,1,27,1,1,91,1,21,2,16,5,2019,1,4,1,26,30,1
3,1,2,1,5,681,12,1,54,1,6,12,1,47,41,45,5,2019,1,1,46,30,34,1
0,1,2,7,5,1227,10,1,18,3,3,17,0,32,0,26,5,2016,0,2,6,9,1,1
1,1,3,8,5,488,5,0,37,2,3,148,0,14,41,54,8,2020,2,0,46,22,35,0
0,1,3,4,5,474,10,1,29,1,2,57,1,59,41,52,4,2021,1,1,46,31,47,1
0,0,2,4,5,709,7,0,18,2,5,57,1,29,41,64,5,2016,2,5,46,12,1,1
3,0,2,5,3,967,10,1,45,2,4,44,0,25,67,20,5,2016,2,1,67,28,42,0
0,3,2,4,5,478,6,1,22,1,4,155,1,18,41,60,4,2022,1,3,46,28,23,1
1,2,1,6,5,153,12,0,27,1,1,67,0,61,41,57,5,2023,1,3,46,19,30,0
0,1,2,4,2,580,4,1,51,2,0,9,0,4,51,5,2,2022,2,4,56,17,52,0
1,3,2,8,5,512,10,0,37,2,4,8,1,73,41,70,8,2022,2,3,46,30,35,1
3,0,6,3,5,512,11,0,15,1,1,38,2,78,41,73,5,2024,1,4,46,30,18,0
0,1,1,4,8,504,12,1,49,1,0,97,0,79,17,78,8,2022,1,2,51,14,53,1
1,1,2,8,5,609,1,1,17,2,0,22,0,20,68,19,5,2020,0,3,71,28,19,0
0,0,5,8,0,413,11,0,14,1,1,17,2,22,42,22,0,2025,1,3,50,20,17,0
1,1,2,8,5,506,4,0,4,2,1,76,1,58,24,53,8,2019,2,2,27,28,5,0
1,3,1,6,5,278,9,1,45,2,2,2,0,76,23,74,5,2025,2,3,26,16,42,1
0,0,1,6,3,466,9,0,54,1,1,28,1,10,76,7,5,2018,1,3,62,19,34,1
0,1,3,4,5,314,7,1,45,1,0,106,1,29,20,64,5,2025,1,3,25,9,42,1
2,1,2,5,5,141,9,1,13,2,2,95,1,71,41,68,5,2025,2,3,46,30,16,0
0,0,1,6,8,351,12,1,49,1,2,32,1,77,30,75,8,2024,1,1,35,25,53,1
0,3,1,4,5,308,3,1,54,1,4,67,0,81,41,81,5,2022,1,3,46,30,34,1
1,0,3,8,5,459,6,1,15,2,3,37,2,38,41,31,5,2018,2,3,46,9,18,1
0,1,4,7,5,374,12,1,27,1,6,63,1,45,41,40,5,2024,1,1,46,11,30,1
1,1,5,8,5,485,7,1,27,2,1,50,2,38,41,31,5,2019,2,1,46,22,30,0
2,1,4,5,5,194,1,1,40,2,4,59,1,25,0,20,5,2024,2,0,6,31,39,1
1,1,3,8,5,970,4,1,40,3,4,22,1,17,23,39,5,2025,0,0,26,9,39,0
0,1,3,0,5,438,12,1,40,1,6,60,3,42,41,36,5,2017,1,3,46,2,39,0
2,1,4,5,5,438,7,1,45,3,5,10,1,68,41,63,5,2024,0,4,46,30,42,0
1,0,2,8,5,315,11,0,27,1,3,28,0,20,41,19,5,2024,1,1,46,3,30,0
0,3,2,8,4,1045,6,1,49,2,0,88,0,12,6,13,8,2024,2,2,5,13,53,1
1,0,3,6,5,483,12,1,54,2,0,18,1,28,41,80,5,2017,0,3,46,2,34,0
1,1,4,8,5,437,1,0,40,2,6,54,2,48,41,43,5,2022,2,5,46,25,39,1
0,1,4,1,0,793,3,1,48,2,6,7,1,36,16,79,1,2025,2,2,21,10,50,0
1,1,2,8,5,301,3,1,4,1,6,8,1,17,41,39,8,2017,1,5,46,30,5,0
1,1,2,8,5,520,10,0,17,2,0,27,2,35,41,30,5,2024,2,1,46,22,19,0
1,1,2,8,5,502,6,1,17,2,5,41,0,73,41,70,5,2016,2,5,46,30,19,0
1,0,2,6,5,365,8,1,54,2,6,22,0,16,41,15,5,2023,2,0,46,28,34,0
1,1,3,8,5,548,10,1,8,2,2,88,1,22,41,22,8,2019,2,1,46,2,9,0
1,0,2,8,5,305,4,1,8,1,5,36,2,66,41,62,8,2024,1,3,46,3,9,0
1,1,3,6,5,239,9,0,27,1,0,101,1,76,41,74,5,2017,1,2,46,19,30,0
0,3,2,4,5,482,3,1,47,1,2,29,0,49,41,44,4,2021,1,0,46,22,49,0
0,1,6,7,5,718,11,1,13,2,4,3,1,70,41,27,5,2023,0,3,46,30,16,1
3,3,2,5,1,896,4,1,1,1,5,24,0,26,45,23,1,2017,1,2,47,6,7,1
0,0,2,4,5,427,3,1,6,1,5,26,1,59,41,52,4,2020,1,3,46,2,22,1
0,1,2,7,5,300,5,1,27,1,2,71,0,32,41,26,5,2025,1,3,46,22,30,1
0,1,2,7,5,1083,1,1,52,3,1,50,1,32,41,26,7,2015,0,3,46,31,51,0
1,1,2,6,5,239,4,1,27,1,0,78,1,15,41,10,5,2022,1,2,46,31,30,1
1,1,1,8,5,287,7,0,0,1,1,65,0,35,41,30,8,2023,1,5,46,9,24,0
1,3,1,8,5,507,11,1,8,2,0,29,0,22,41,22,8,2015,2,3,46,2,9,1
1,1,2,8,5,452,2,0,8,2,0,35,0,20,41,19,8,2022,2,2,46,2,9,0
3,1,1,3,5,1035,9,0,40,2,0,22,0,64,23,11,5,2017,2,0,26,22,39,1
1,1,4,6,5,380,11,1,54,2,6,65,0,3,41,4,5,2018,2,3,46,16,34,1
1,1,5,8,5,548,7,1,27,2,0,17,2,24,41,58,5,2022,2,3,46,34,30,0
0,0,3,4,5,989,1,1,13,2,0,9,0,79,41,78,5,2024,0,5,46,12,16,1
2,0,2,4,4,213,12,0,22,1,0,21,0,53,52,48,4,2016,1,5,59,17,23,1
2,1,1,5,5,186,5,1,15,2,1,38,1,71,0,68,5,2023,2,0,6,2,18,1
0,1,5,4,5,918,9,1,55,2,3,100,0,39,63,32,5,2021,2,2,68,9,55,0
0,3,2,4,5,763,2,1,13,2,3,74,0,49,24,44,5,2022,2,1,27,33,16,1
0,1,3,2,4,749,3,1,3,2,5,53,0,1,32,2,4,2024,2,3,39,12,4,0
0,0,2,3,2,290,5,1,13,1,3,83,0,62,51,76,5,2020,1,1,56,1,16,1
3,1,1,5,3,1082,10,1,18,2,6,139,1,71,28,68,5,2025,2,2,33,7,1,0
1,1,2,5,6,150,12,1,45,1,1,41,0,25,80,20,5,2017,1,4,28,23,42,1
0,1,4,2,8,754,8,0,18,2,6,68,2,56,37,51,5,2023,2,2,43,14,1,1
1,1,5,8,5,295,12,1,50,1,6,63,0,20,41,19,8,2022,1,5,46,31,46,1
1,1,3,6,5,205,11,1,54,1,3,52,1,76,41,74,5,2024,1,2,46,19,34,0
1,1,4,8,5,305,8,0,45,1,3,74,0,48,68,43,5,2025,1,3,71,30,42,1
1,2,1,8,5,1166,3,1,0,3,1,60,0,35,41,30,8,2021,0,1,46,30,24,1
0,3,4,4,5,457,11,0,54,1,1,59,1,5,41,6,5,2017,1,5,46,2,34,1
0,0,1,4,5,776,5,1,20,2,6,66,0,81,63,81,5,2024,2,0,68,37,21,1
1,1,4,8,5,249,10,1,4,1,6,13,2,14,41,54,8,2025,1,3,46,28,5,1
0,1,2,4,5,365,9,1,18,1,6,50,1,69,63,33,5,2023,1,5,68,28,1,1
1,1,1,8,5,1020,4,1,54,3,4,19,0,58,41,53,5,2025,0,3,46,9,34,1
0,0,2,4,2,791,5,1,16,2,0,38,1,39,72,32,4,2017,0,5,75,5,41,1
1,3,2,6,4,464,7,1,6,2,2,94,0,77,48,75,4,2018,2,3,53,16,22,0
1,0,1,6,5,289,1,1,41,2,2,112,0,3,41,4,6,2024,2,1,46,19,40,0
1,1,2,8,5,489,12,1,15,2,6,25,0,58,20,53,5,2024,2,4,25,22,18,0
0,1,3,7,5,892,11,1,27,2,1,76,2,72,41,71,5,2024,0,3,46,11,30,0
1,1,1,8,5,413,12,1,27,2,0,110,1,73,41,70,5,2016,2,0,46,9,30,0
0,1,3,4,3,446,5,1,54,1,5,25,0,52,76,46,5,2019,1,3,62,18,34,1
1,1,1,8,5,1119,1,1,13,3,5,46,0,20,24,19,5,2018,0,4,27,22,16,0
1,0,4,8,5,460,8,1,17,2,6,22,1,35,41,30,5,2023,2,1,46,9,19,1
1,2,1,5,8,498,12,1,40,2,3,63,0,71,54,68,5,2015,2,1,14,31,39,1
0,1,1,4,5,695,6,1,35,2,3,1,0,4,41,5,4,2023,2,3,46,17,8,1
1,1,3,8,5,297,3,1,27,1,2,14,1,51,41,17,5,2018,1,4,46,28,30,0
3,1,3,3,5,1031,10,0,13,2,5,62,2,62,41,76,5,2025,2,1,46,31,16,1
0,0,1,4,5,829,8,1,20,2,1,45,0,5,47,6,5,2025,2,3,7,28,21,1
0,0,2,7,5,880,5,1,27,2,0,53,0,19,41,34,5,2024,2,1,46,2,30,1
3,0,2,2,5,857,5,0,13,1,2,10,0,65,41,61,5,2015,1,3,46,9,16,1
1,0,4,8,5,544,8,1,27,2,6,21,1,22,41,22,5,2015,2,2,46,34,30,1
1,0,2,8,5,193,10,1,15,1,2,44,1,20,41,19,5,2024,1,3,46,30,18,1
1,3,3,6,5,350,6,1,32,2,0,15,0,74,41,69,6,2024,2,1,46,30,15,0
2,0,3,4,4,320,2,1,22,2,6,10,2,79,46,78,4,2021,2,1,52,17,23,1
1,1,1,8,5,583,2,1,18,2,1,39,0,24,41,58,5,2019,2,4,46,9,1,0
0,1,2,4,5,688,11,0,40,2,4,53,0,79,41,78,5,2023,2,3,46,37,39,1
2,1,5,5,5,158,11,1,18,2,3,24,1,71,41,68,5,2019,2,2,46,2,1,1
0,0,1,4,5,858,5,1,27,2,3,41,0,18,41,60,5,2022,2,3,46,9,30,0
1,1,2,6,5,233,6,0,20,1,2,27,1,34,0,29,5,2021,1,5,6,28,21,0
1,3,1,8,5,214,7,1,43,1,4,38,1,17,50,39,8,2015,1,3,55,28,45,0
0,0,2,7,5,672,4,0,5,2,1,27,1,45,41,40,7,2024,2,4,46,28,6,0
1,0,3,8,5,259,2,1,55,1,4,2,1,24,41,58,5,2023,1,4,46,31,55,0
2,1,2,5,5,1247,11,1,54,3,5,80,1,54,41,55,5,2025,0,0,46,30,34,0
1,0,5,6,5,354,1,1,36,2,0,69,3,10,41,7,6,2021,2,1,46,23,36,1
1,0,3,8,5,456,7,1,27,2,1,46,1,35,41,30,5,2020,2,2,46,34,30,1
0,0,4,6,7,1253,12,1,32,3,1,59,1,74,8,69,6,2024,0,1,11,11,15,0
3,1,5,3,5,577,12,1,20,1,2,64,1,78,41,73,5,2022,1,1,46,18,21,0
3,1,3,2,5,925,11,1,54,1,0,1,0,1,41,2,5,2022,1,0,46,9,34,1
0,3,5,4,5,324,1,1,20,1,0,47,0,59,41,52,5,2025,1,3,46,31,21,0
0,1,1,0,6,395,11,0,30,1,2,8,0,2,80,3,6,2024,1,3,28,35,33,1
1,1,3,8,5,900,4,1,54,3,0,61,3,43,41,37,5,2018,0,3,46,30,34,1
0,0,5,0,5,934,5,1,17,2,5,34,2,42,41,36,5,2018,2,4,46,30,19,0
3,1,1,1,5,1626,5,1,15,2,1,42,0,63,41,18,5,2025,2,4,46,30,18,1
1,1,2,6,5,475,7,0,27,2,4,49,0,74,41,69,5,2022,2,5,46,16,30,0
1,3,6,6,5,404,3,0,32,2,3,68,1,34,41,29,6,2020,2,2,46,2,15,0
3,1,2,2,5,840,8,1,23,1,6,9,0,13,41,14,2,2019,1,5,46,2,26,0
0,1,1,3,4,488,9,1,53,1,6,38,0,64,60,11,4,2022,1,3,18,37,54,0
3,3,4,2,5,1720,9,1,55,2,4,29,1,1,41,2,5,2025,2,1,46,9,55,1
1,1,2,5,6,463,10,1,41,2,1,38,0,26,74,23,6,2022,2,1,76,28,40,0
0,0,2,4,0,255,4,1,42,1,0,6,0,81,3,81,0,2015,1,0,2,20,44,0
1,1,4,5,8,282,8,1,4,1,2,88,2,27,62,24,8,2025,1,3,66,25,5,0
0,3,1,5,7,316,5,1,44,1,0,23,0,55,49,50,7,2015,1,4,57,15,43,0
1,0,1,6,5,128,4,0,18,1,6,10,0,61,41,57,5,2018,1,5,46,16,1,0
0,1,2,8,3,761,9,1,0,2,3,39,0,14,28,54,8,2017,2,3,33,7,24,0
0,1,1,4,5,689,1,1,7,2,1,44,0,81,41,81,4,2016,2,4,46,22,10,0
0,0,1,4,5,390,2,0,54,1,2,36,0,59,35,52,5,2024,1,4,40,28,34,1
2,1,3,5,5,218,9,1,54,2,6,5,0,54,41,55,5,2023,2,2,46,30,34,0
1,0,4,8,5,187,4,0,49,1,5,60,0,35,41,30,8,2022,1,3,46,22,53,0
0,0,3,7,5,707,8,0,27,2,6,79,1,19,41,34,5,2017,2,3,46,22,30,0
0,0,3,0,5,364,6,0,45,1,3,44,1,42,41,36,5,2025,1,3,46,10,42,0
1,1,2,8,5,520,1,0,45,2,6,75,1,66,50,62,5,2022,2,3,55,14,42,1
1,0,2,8,5,421,10,1,40,2,2,39,1,35,41,30,5,2025,2,5,46,28,39,0
0,1,1,8,6,279,5,0,32,1,4,52,0,22,4,22,6,2024,1,3,3,25,15,0
1,1,2,6,5,338,6,1,40,2,4,7,0,16,41,15,5,2017,2,1,46,22,39,1
0,1,6,7,4,414,10,1,47,1,5,86,1,19,5,34,4,2024,1,3,4,12,49,1
0,1,3,4,3,733,1,0,47,2,4,12,1,49,66,44,4,2022,2,3,37,18,49,0
1,1,3,8,5,281,12,1,0,1,1,13,2,24,41,58,8,2023,1,3,46,25,24,0
0,1,3,2,7,1099,6,1,46,2,3,2,1,56,8,51,7,2021,0,4,11,1,48,0
0,1,1,1,4,794,12,1,35,2,3,33,0,36,52,79,4,2024,0,1,59,4,8,1
1,1,1,6,5,269,6,0,27,2,6,83,1,3,41,4,5,2024,2,3,46,2,30,1
2,1,4,5,5,230,4,0,27,2,1,23,1,27,41,24,5,2024,2,1,46,31,30,1
1,1,6,8,5,470,12,1,37,2,1,29,1,43,41,37,8,2025,2,3,46,2,35,0
1,1,1,8,5,203,10,1,54,1,5,52,0,51,41,17,5,2019,1,3,46,9,34,0
1,1,4,6,5,217,8,0,40,1,1,17,1,16,47,15,5,2022,1,3,7,31,39,1
0,3,3,4,5,488,6,1,47,1,2,15,0,69,41,33,4,2025,1,2,46,33,49,0
0,3,3,4,5,317,4,1,27,1,4,12,0,39,41,32,5,2016,1,2,46,5,30,0
1,0,2,6,5,204,6,1,20,1,4,57,0,16,47,15,5,2025,1,4,7,31,21,0
0,0,6,6,0,380,2,1,41,1,5,36,1,3,42,4,6,2025,1,3,50,27,40,1
0,1,2,1,1,702,11,0,12,2,6,45,1,47,18,45,1,2017,2,3,63,0,13,1
0,3,2,4,5,862,4,1,55,2,3,17,1,4,41,5,5,2025,2,2,46,30,55,0
1,1,3,8,5,442,3,1,54,2,2,57,0,35,23,30,5,2025,0,2,26,22,34,1
0,0,4,1,1,784,8,1,1,2,5,2,1,36,45,79,1,2023,2,5,47,6,7,0
1,0,1,8,5,523,1,1,4,2,5,33,0,14,41,54,8,2017,2,0,46,2,5,1
1,1,1,8,5,269,2,1,27,1,0,38,1,12,41,13,5,2023,1,3,46,28,30,1
1,3,6,8,5,274,5,1,4,1,6,13,2,51,63,17,8,2025,1,1,68,2,5,1
1,3,5,6,5,228,8,1,27,1,5,72,0,74,41,69,5,2023,1,2,46,2,30,0
0,1,2,7,5,301,12,1,27,1,6,76,1,72,41,71,5,2025,1,5,46,31,30,0
1,1,2,8,5,580,12,1,27,2,4,63,0,51,41,17,5,2019,2,1,46,22,30,0
0,1,1,7,5,629,9,1,46,2,6,67,0,72,41,71,7,2023,2,1,46,15,48,1
1,1,2,5,8,302,11,1,17,1,3,21,2,25,30,20,5,2017,1,1,35,25,19,1
0,1,2,0,5,416,11,1,20,1,3,4,0,2,41,3,5,2015,1,3,46,27,21,0
0,1,4,4,5,477,6,1,29,1,0,12,0,18,63,60,4,2021,1,3,68,12,47,1
0,1,2,7,5,735,5,1,46,2,5,12,1,11,41,8,7,2019,2,3,46,36,48,1
3,1,2,2,5,1902,7,1,40,2,3,29,0,1,41,2,5,2016,2,3,46,30,39,0
0,1,3,4,5,445,5,1,35,1,2,37,1,5,41,6,4,2017,1,1,46,17,8,0
1,0,3,5,6,244,9,1,27,1,2,5,0,46,4,41,5,2021,1,3,3,22,30,1
1,1,2,6,5,361,9,1,18,2,1,29,0,61,23,57,5,2023,2,3,26,16,1,1
1,0,2,8,5,531,11,0,43,2,6,74,0,58,41,53,8,2023,0,3,46,29,45,1
0,0,6,3,8,741,9,1,37,2,3,44,5,64,43,11,8,2019,2,5,48,3,35,0
0,1,1,4,7,769,9,1,17,2,0,27,0,29,27,64,5,2023,2,3,70,15,19,0
1,1,5,6,5,358,6,0,13,2,2,103,1,28,41,80,5,2023,2,1,46,31,16,0
1,1,3,5,6,182,2,1,32,1,4,14,3,71,10,68,6,2024,1,4,15,8,15,1
1,1,1,6,5,237,1,1,45,1,3,70,0,76,41,74,5,2023,1,3,46,35,42,0
2,0,1,5,5,73,1,1,17,1,2,88,1,55,41,50,5,2019,1,3,46,31,19,1
1,1,1,8,5,456,10,1,17,2,2,109,0,73,41,70,5,2023,2,3,46,31,19,0
0,1,1,4,5,490,2,1,16,1,5,48,1,81,50,81,4,2025,1,0,55,5,41,0
3,0,2,2,5,945,3,1,45,1,0,59,0,56,41,51,5,2018,1,5,46,31,42,0
0,1,1,4,5,761,6,0,17,2,6,15,0,5,41,6,5,2025,2,1,46,2,19,1
0,0,1,7,5,787,11,1,55,2,3,30,0,57,41,49,5,2019,2,3,46,30,55,0
0,1,5,4,5,797,10,1,53,2,1,118,1,59,41,52,4,2017,2,3,46,30,54,1
1,0,4,8,5,307,3,1,49,1,3,32,1,12,41,13,8,2025,1,1,46,22,53,1
1,0,2,6,5,327,5,1,21,2,0,14,0,10,41,7,6,2018,2,1,46,9,25,1
2,0,4,5,5,105,12,0,54,1,2,23,1,54,41,55,5,2018,1,3,46,28,34,0
1,2,3,6,5,310,3,1,32,2,2,54,0,76,23,74,6,2025,2,1,26,2,15,1
0,1,5,4,5,333,5,1,27,1,1,35,1,8,41,9,5,2022,1,2,46,22,30,0
1,0,2,6,5,156,6,1,36,1,2,52,0,3,41,4,6,2016,1,3,46,28,36,1
3,1,2,2,5,1520,5,1,20,2,5,43,1,65,41,61,5,2024,2,2,46,26,21,1
3,1,4,1,5,1331,6,1,27,2,2,80,1,36,41,79,5,2023,0,1,46,22,30,1
0,1,1,5,0,721,6,1,26,2,5,75,0,71,56,68,0,2023,2,3,60,9,28,0
0,1,4,0,5,924,10,0,18,2,0,82,0,0,68,1,5,2017,2,3,71,32,1,1
1,1,1,6,5,232,1,1,27,1,6,26,1,9,41,12,5,2019,1,1,46,2,30,1
1,0,1,8,5,396,10,0,40,2,0,48,0,38,41,31,5,2022,2,3,46,22,39,0
2,3,4,5,5,243,11,1,27,2,1,3,2,7,41,47,5,2025,2,1,46,28,30,0
1,0,2,8,5,272,11,1,27,1,5,2,1,35,41,30,5,2019,1,4,46,22,30,0
0,0,4,4,5,395,6,0,3,1,4,26,0,18,41,60,4,2022,1,3,46,2,4,0
1,1,2,8,5,302,7,0,18,1,5,32,0,58,41,53,5,2018,1,4,46,2,1,1
3,1,3,3,5,513,1,1,27,1,2,27,0,64,41,11,5,2023,1,2,46,28,30,1
1,1,3,4,6,310,7,0,22,1,2,31,0,5,69,6,4,2024,1,1,74,23,23,0
3,1,1,3,5,498,10,1,18,1,2,61,0,78,41,73,5,2017,1,5,46,7,1,0
0,3,1,1,7,850,10,1,27,2,2,55,0,41,34,59,5,2024,2,3,19,15,30,1
1,0,1,6,5,297,11,0,55,2,3,49,1,3,41,4,5,2022,2,2,46,23,55,1
1,3,3,6,5,742,9,0,54,3,4,9,0,74,41,69,5,2016,0,5,46,31,34,0
1,1,5,8,5,311,2,1,17,1,0,42,1,43,23,37,5,2015,1,2,26,22,19,0
1,1,5,8,5,307,10,1,0,1,3,2,2,17,47,39,8,2023,1,1,7,29,24,0
1,1,2,6,4,280,8,1,30,1,0,56,0,77,25,75,6,2017,1,1,30,12,33,0
1,1,2,8,5,373,6,1,45,2,3,58,1,58,47,53,5,2021,2,2,7,28,42,0
1,1,2,6,5,190,8,0,18,1,4,58,1,15,0,10,5,2024,1,4,6,9,1,1
0,0,2,4,5,425,11,1,18,1,4,80,0,18,41,60,5,2016,1,1,46,9,1,0
1,1,4,8,5,1406,1,1,55,3,4,33,0,51,41,17,5,2023,0,3,46,31,55,1
0,3,1,6,7,397,8,1,21,1,1,51,0,15,8,10,6,2020,1,1,11,11,25,1
0,0,3,7,6,368,12,1,19,1,5,11,1,72,57,71,7,2022,1,3,61,19,20,1
0,3,3,4,0,927,4,1,14,2,6,48,1,81,16,81,0,2019,2,1,21,20,17,0
1,0,2,6,5,109,5,1,20,1,0,40,1,74,47,69,5,2023,1,4,7,19,21,0
0,1,3,4,5,801,3,1,22,2,2,80,1,59,41,52,4,2019,2,5,46,28,23,0
2,1,5,5,5,140,4,1,55,2,6,77,2,40,41,35,5,2025,2,5,46,28,55,0
1,3,3,8,5,490,12,1,54,2,6,34,1,51,41,17,5,2015,2,0,46,14,34,1
1,1,3,6,5,387,7,0,15,2,1,77,0,10,63,7,5,2023,2,5,68,23,18,1
0,1,3,4,8,537,11,1,28,1,6,18,1,30,22,25,4,2019,1,4,22,3,31,1
0,0,1,4,5,329,2,1,18,1,0,83,1,49,41,44,5,2023,1,5,46,5,1,1
0,1,3,4,5,802,8,0,47,2,3,11,0,69,23,33,4,2019,2,3,26,30,49,1
1,1,1,8,5,532,6,1,4,2,2,11,0,24,41,58,8,2025,2,3,46,31,5,1
0,1,2,4,5,870,9,1,53,2,1,36,1,5,41,6,4,2023,2,0,46,2,54,1
3,1,6,5,1,1108,10,1,18,2,6,15,1,27,65,24,5,2017,0,3,31,2,1,1
0,1,3,4,5,1037,2,0,40,3,1,26,2,81,41,81,5,2018,0,3,46,22,39,1
0,1,3,4,0,773,9,1,28,2,4,29,0,49,36,44,4,2025,2,2,42,37,31,0
1,0,1,8,5,514,12,0,27,2,0,112,1,51,41,17,5,2022,2,3,46,22,30,1
3,3,2,1,5,1588,3,1,40,2,5,27,2,36,41,79,5,2016,2,5,46,2,39,1
0,1,3,7,5,367,9,0,5,1,5,50,0,11,41,8,7,2023,1,0,46,31,6,1
0,3,2,8,1,753,7,1,50,2,0,91,0,38,65,31,8,2024,2,1,31,29,46,0
0,1,2,3,4,1017,2,0,16,2,4,28,1,62,9,76,4,2022,0,3,8,37,41,1
0,3,1,4,5,807,9,0,25,2,0,19,1,4,41,5,4,2025,2,4,46,28,27,0
2,1,2,5,5,165,1,0,17,2,3,34,0,27,41,24,5,2023,2,5,46,28,19,1
0,1,6,7,4,271,4,1,18,1,1,39,1,32,46,26,5,2017,1,0,52,33,1,1
0,1,2,4,7,514,10,1,53,2,4,90,1,18,8,60,4,2017,2,3,11,12,54,0
2,1,2,5,5,97,2,0,45,1,1,23,0,68,41,63,5,2025,1,1,46,31,42,0
3,1,4,3,5,854,5,0,15,2,6,24,2,37,0,66,5,2016,2,1,6,30,18,1
0,1,1,3,3,364,5,1,24,1,0,67,0,62,66,76,3,2024,1,5,37,21,29,0
1,1,3,8,5,307,5,1,4,1,0,71,1,48,41,43,8,2016,1,1,46,30,5,1
0,1,3,7,5,725,12,1,52,2,4,48,1,32,41,26,7,2023,2,3,46,22,51,0
1,3,2,8,5,438,8,1,27,2,4,68,0,17,41,39,5,2018,2,2,46,14,30,1
0,1,3,7,5,399,9,1,17,1,2,107,1,32,41,26,5,2017,1,1,46,9,19,0
0,0,2,7,5,378,12,1,17,1,5,20,0,19,41,34,5,2025,1,3,46,30,19,0
1,1,2,6,5,317,12,1,36,2,5,60,1,9,41,12,6,2025,2,1,46,30,36,1
0,0,1,0,7,696,6,0,5,2,0,53,1,60,40,56,7,2019,0,3,45,11,6,1
0,1,3,4,5,925,6,0,45,2,6,14,1,4,20,5,5,2022,2,2,25,28,42,0
0,0,2,7,5,350,7,1,20,1,0,108,1,57,20,49,5,2025,1,4,25,11,21,1
0,1,2,4,5,937,3,1,22,2,3,71,0,81,47,81,4,2025,2,5,7,2,23,1
1,1,4,6,5,338,6,1,30,2,4,45,1,77,41,75,6,2020,2,0,46,9,33,0
0,0,2,4,5,345,12,1,28,1,3,20,1,30,41,25,4,2024,1,5,46,30,31,0
0,1,2,0,4,412,10,1,17,1,6,22,0,42,60,36,5,2016,1,3,18,12,19,1
1,2,2,8,5,455,10,1,18,2,6,23,0,48,47,43,5,2024,2,0,7,22,1,1
1,1,3,8,5,240,10,1,0,1,2,36,2,24,41,58,8,2015,1,3,46,22,24,0
3,0,1,5,2,1694,1,1,54,2,4,71,0,6,2,0,5,2024,2,5,1,28,34,1
1,1,2,8,5,689,12,1,27,2,0,40,1,58,41,53,5,2023,0,2,46,30,30,0
1,0,1,8,5,398,1,1,20,2,1,3,0,20,41,19,5,2025,2,0,46,31,21,1
0,1,4,4,5,464,2,1,15,1,4,35,0,52,0,46,5,2021,1,2,6,22,18,1
0,0,6,7,5,426,8,0,20,1,1,62,1,11,41,8,5,2024,1,2,46,22,21,0
1,1,1,5,8,490,1,1,40,2,2,46,0,26,39,23,5,2016,2,1,17,34,39,1
0,1,2,0,6,760,4,0,30,2,6,54,0,60,12,56,6,2016,0,1,9,35,33,1
0,1,3,4,5,808,11,1,16,2,3,21,1,39,41,32,4,2015,2,3,46,31,41,0
0,3,3,6,6,1073,2,1,15,3,6,66,0,9,74,12,5,2019,0,3,76,19,18,1
1,2,1,8,5,977,11,0,43,3,4,30,0,17,41,39,8,2017,0,1,46,9,45,0
1,0,1,8,5,533,2,1,43,2,2,48,0,12,41,13,8,2025,2,4,46,31,45,1
0,0,2,5,4,430,11,0,6,1,2,42,1,54,64,55,4,2015,1,4,29,37,22,0
0,1,1,8,0,1229,9,1,0,3,2,49,1,66,21,62,8,2021,0,0,23,34,24,0
3,1,1,1,5,1639,7,1,54,2,2,30,1,41,41,59,5,2015,2,3,46,2,34,1
2,3,1,5,5,208,9,1,18,2,0,35,0,55,0,50,5,2023,2,1,6,9,1,1
1,1,5,8,5,458,1,0,0,2,5,66,2,17,41,39,8,2015,2,3,46,25,24,0
0,1,4,0,5,474,9,1,13,1,0,51,3,44,63,38,5,2022,1,1,68,31,16,0
1,1,3,4,6,768,6,0,35,2,1,27,0,52,7,46,4,2016,2,3,10,12,8,1
0,1,1,8,6,1217,7,0,30,3,3,16,1,22,12,22,6,2018,0,5,9,34,33,0
0,1,2,4,8,1009,8,1,37,2,5,27,0,5,58,6,8,2024,2,1,24,3,35,0
1,0,4,8,5,432,9,1,17,2,4,23,0,20,50,19,5,2021,2,5,55,9,19,0
0,1,5,4,5,866,6,1,7,2,6,53,1,81,41,81,4,2023,2,1,46,2,10,1
0,1,6,7,4,977,6,1,16,2,4,55,2,45,46,40,4,2024,2,1,52,13,41,0
0,1,1,4,5,427,4,0,15,1,3,66,0,59,41,52,5,2023,1,0,46,9,18,0
0,0,3,7,2,1108,8,1,51,3,0,51,1,32,51,26,2,2022,0,3,56,1,52,1
0,0,2,4,5,339,10,0,15,1,4,55,0,59,41,52,5,2024,1,1,46,28,18,0
1,3,3,8,5,487,5,0,27,2,6,73,2,17,41,39,5,2016,2,3,46,28,30,1
1,0,2,8,5,455,6,1,27,2,4,31,1,12,41,13,5,2020,2,3,46,31,30,0
1,1,2,8,5,453,10,0,37,2,1,12,0,66,41,62,8,2024,2,0,46,3,35,1
1,1,5,6,5,374,12,1,27,2,3,79,0,34,41,29,5,2016,2,5,46,23,30,1
1,2,1,8,5,261,6,1,18,1,4,24,0,35,20,30,5,2023,1,1,25,2,1,0
0,0,4,7,5,358,9,0,52,1,5,18,1,70,41,27,7,2022,1,0,46,31,51,1
0,2,3,7,5,342,10,1,27,1,2,28,2,19,41,34,5,2018,1,3,46,2,30,1
1,1,6,8,5,506,10,1,45,2,3,10,2,38,47,31,5,2023,2,2,7,31,42,1
1,1,1,8,5,542,5,1,27,2,3,81,0,58,41,53,5,2025,2,5,46,30,30,0
3,1,5,1,5,613,12,1,1,1,0,13,0,31,63,65,1,2023,1,2,68,31,7,0
1,1,3,8,5,489,2,0,17,2,0,54,1,12,47,13,5,2021,2,1,7,22,19,1
3,1,4,3,5,1040,9,1,34,2,0,27,2,62,41,76,3,2017,2,1,46,22,0,1
1,2,2,6,5,349,7,1,40,2,6,7,1,9,41,12,5,2023,2,5,46,31,39,0
0,1,1,4,5,858,12,0,29,2,2,7,0,8,41,9,4,2016,2,1,46,9,47,0
1,1,3,8,5,1004,9,1,27,3,6,18,2,48,41,43,5,2025,0,3,46,3,30,0
1,0,3,8,5,198,7,0,55,1,2,32,2,66,35,62,5,2015,1,4,40,14,55,1
0,1,2,7,5,349,10,1,17,1,1,52,1,32,24,26,5,2018,1,0,27,30,19,0
0,0,3,4,5,637,9,0,7,2,4,90,0,4,41,5,4,2017,2,4,46,22,10,1
0,3,2,7,6,775,9,1,19,2,1,19,1,19,4,34,7,2023,0,0,3,16,20,0
1,0,1,8,5,498,3,0,27,2,2,44,1,12,24,13,5,2024,2,1,27,22,30,0
0,1,2,7,5,373,12,1,38,1,4,18,0,11,68,8,7,2016,1,3,71,9,37,0
1,1,1,8,5,572,10,0,4,2,6,70,0,20,41,19,8,2018,2,4,46,34,5,0
1,1,4,6,5,155,8,1,27,1,1,73,1,74,55,69,5,2023,1,5,54,31,30,0
3,3,2,2,5,875,3,0,40,1,1,85,0,56,41,51,5,2025,1,1,46,28,39,0
1,0,2,8,5,559,5,1,49,2,5,40,1,35,41,30,8,2022,2,1,46,3,53,0
1,1,1,8,5,383,8,1,0,2,4,38,1,14,20,54,8,2025,0,1,25,22,24,1
3,1,2,5,3,421,12,1,20,1,0,65,2,26,76,23,5,2016,1,1,62,30,21,1
1,3,2,8,5,630,2,1,27,2,5,44,0,17,41,39,5,2019,2,2,46,9,30,0
2,0,5,5,5,224,9,0,27,2,4,23,2,40,41,35,5,2022,2,0,46,22,30,0
0,3,1,7,5,706,4,1,15,2,0,61,0,32,41,26,5,2016,2,3,46,9,18,1
0,0,3,6,3,744,7,1,24,2,5,27,1,28,11,80,3,2017,2,3,64,19,29,1
0,1,3,4,5,883,3,1,17,2,4,15,1,29,41,64,5,2016,2,5,46,12,19,1
1,1,3,8,5,298,11,0,27,1,1,26,0,22,41,22,5,2020,1,2,46,9,30,1
0,3,2,7,5,327,8,1,27,1,5,19,1,11,41,8,5,2019,1,3,46,9,30,1
1,1,1,8,5,302,1,1,43,1,4,42,1,24,41,58,8,2023,1,3,46,22,45,0
0,1,2,4,5,403,2,1,55,1,2,82,1,5,41,6,5,2025,1,0,46,17,55,0
1,1,1,6,5,362,3,1,27,2,2,37,0,15,41,10,5,2022,2,5,46,9,30,1
0,1,2,8,0,658,5,0,13,2,4,38,2,43,42,37,5,2019,2,1,50,32,16,0
0,2,2,4,5,892,1,1,27,2,6,58,1,4,41,5,5,2018,2,4,46,31,30,0
0,1,4,4,3,813,9,0,24,2,4,40,2,39,28,32,3,2023,2,1,33,18,29,1
0,0,2,4,5,663,8,0,27,2,4,87,0,53,41,48,5,2020,0,3,46,9,30,1
0,1,3,3,6,289,2,1,30,1,3,49,1,64,80,11,6,2017,1,2,28,16,33,0
0,1,5,8,4,524,1,1,49,1,0,36,3,51,25,17,8,2020,1,2,30,13,53,0
0,3,3,4,5,872,7,1,27,2,1,41,1,5,41,6,5,2023,2,3,46,33,30,0
1,1,3,8,5,218,5,1,37,1,2,39,1,17,41,39,8,2024,1,4,46,29,35,1
1,1,1,6,5,914,4,1,41,3,1,8,1,16,41,15,6,2021,0,0,46,31,40,1
3,1,2,2,5,905,4,1,27,1,1,100,0,1,41,2,5,2022,1,3,46,31,30,1
1,1,2,6,5,269,9,1,36,2,1,54,1,77,41,75,6,2023,2,4,46,30,36,1
0,3,1,6,6,449,9,1,13,1,1,44,0,16,29,15,5,2016,1,2,34,35,16,1
3,3,6,2,5,703,1,0,40,1,2,1,1,1,41,2,5,2015,1,4,46,31,39,1
2,0,3,5,5,218,5,1,27,2,5,19,0,71,41,68,5,2017,2,5,46,9,30,1
0,1,1,8,6,790,3,1,37,2,1,62,0,48,75,43,8,2024,2,4,77,35,35,0
0,0,2,0,5,676,7,1,27,2,6,37,0,42,41,36,5,2020,0,0,46,30,30,0
0,1,4,2,6,1179,11,0,36,3,0,95,1,75,75,72,6,2023,0,1,77,8,36,1
0,1,3,4,5,385,7,1,13,1,4,26,1,53,55,48,5,2025,1,4,54,9,16,1
3,0,3,5,2,1768,3,0,13,2,3,5,0,26,61,23,5,2017,2,3,65,22,16,0
0,1,4,6,6,338,12,1,21,1,3,4,1,10,4,7,6,2024,1,3,3,35,25,0
0,1,4,0,5,475,8,1,45,1,4,15,0,50,63,42,5,2022,1,1,68,22,42,0
1,1,2,8,5,485,7,1,55,2,6,15,0,51,41,17,5,2025,2,5,46,9,55,0
0,3,2,4,5,638,10,1,15,2,6,64,0,39,41,32,5,2021,2,3,46,12,18,1
1,3,5,5,8,245,5,1,8,1,3,55,1,6,22,0,8,2017,1,4,22,9,9,1
0,1,2,6,8,893,6,0,37,2,6,40,0,76,62,74,8,2021,0,5,66,3,35,1
1,1,4,8,5,493,2,1,49,2,4,18,0,14,55,54,8,2019,2,4,54,3,53,0
0,1,3,7,5,745,1,1,46,2,1,14,0,32,41,26,7,2025,2,5,46,22,48,0
0,3,2,1,4,411,5,0,13,1,5,31,1,41,78,59,5,2023,1,3,79,5,16,0
0,1,1,4,5,826,8,0,17,2,2,105,0,8,41,9,5,2022,2,5,46,2,19,0
0,0,2,4,5,457,4,0,27,1,3,2,1,52,41,46,5,2019,1,0,46,28,30,1
1,1,4,5,8,201,4,0,13,1,5,50,2,55,13,50,5,2020,1,1,12,25,16,0
1,1,6,8,5,290,7,1,18,1,1,77,1,35,50,30,5,2018,1,5,55,30,1,0
1,2,4,8,5,206,3,1,40,1,1,29,1,66,68,62,5,2022,1,5,71,30,39,1
0,1,4,7,5,720,8,1,17,2,1,22,1,19,47,34,5,2018,2,5,7,2,19,0
1,1,6,8,5,512,10,1,8,2,1,49,1,73,41,70,8,2023,2,5,46,34,9,0
1,1,5,6,4,540,12,1,47,2,1,31,2,76,32,74,4,2022,2,1,39,13,49,0
3,2,6,3,5,451,11,1,17,1,1,49,0,64,41,11,5,2016,1,0,46,30,19,0
0,1,5,7,5,812,1,1,5,2,6,74,1,45,41,40,7,2018,2,0,46,31,6,0
1,3,4,8,5,270,7,0,43,1,4,103,2,51,41,17,8,2020,1,5,46,3,45,0
0,1,3,4,5,398,3,1,27,1,3,39,0,18,41,60,5,2025,1,3,46,17,30,0
1,1,2,8,5,426,11,1,49,2,0,92,0,14,41,54,8,2018,2,1,46,31,53,0
2,1,2,5,5,173,12,0,13,2,0,17,0,27,41,24,5,2017,2,3,46,22,16,0
1,1,2,8,5,205,2,0,17,1,4,51,1,20,41,19,5,2018,1,4,46,28,19,1
1,1,1,8,5,250,5,1,27,1,4,66,0,51,41,17,5,2023,1,4,46,14,30,1
0,3,1,4,5,723,5,1,7,2,1,16,0,49,41,44,4,2015,0,2,46,30,10,1
1,1,2,8,5,190,11,0,50,1,2,15,0,12,41,13,8,2022,1,0,46,29,46,0
0,1,2,7,7,904,4,1,52,2,6,19,1,45,71,40,7,2024,2,1,72,11,51,0
0,1,2,4,8,509,3,1,15,1,5,18,1,29,58,64,5,2023,1,4,24,5,18,1
0,1,3,8,1,372,12,0,37,1,0,4,1,73,59,70,8,2023,1,4,41,4,35,0
1,1,1,8,5,244,10,0,37,1,1,28,0,17,41,39,8,2025,1,3,46,3,35,0
0,1,1,4,0,689,2,1,22,2,2,29,0,81,56,81,4,2020,2,0,60,20,23,0
3,1,2,1,5,747,12,1,48,1,2,51,0,31,41,65,1,2018,1,0,46,30,50,1
0,1,2,0,5,837,2,1,40,2,6,91,0,0,41,1,5,2019,2,5,46,9,39,1
0,1,5,4,5,717,3,1,45,2,3,136,3,18,20,60,5,2019,2,1,25,30,42,1
1,1,2,8,5,511,9,1,13,2,6,45,1,24,68,58,5,2022,2,3,71,9,16,0
1,1,5,8,5,206,7,1,27,1,3,80,2,58,41,53,5,2015,1,3,46,3,30,1
1,1,1,8,5,228,3,1,27,1,6,23,1,22,41,22,5,2018,1,2,46,30,30,1
3,2,2,2,5,1623,1,1,13,2,3,2,0,65,0,61,5,2021,2,1,6,1,16,0
3,1,2,1,5,871,9,1,13,1,5,69,1,31,41,65,5,2018,1,2,46,22,16,1
3,1,1,2,5,1822,3,1,45,2,4,74,0,56,41,51,5,2024,2,0,46,26,42,1
3,0,3,1,5,1331,7,1,18,2,5,44,1,36,41,79,5,2024,2,0,46,22,1,1
2,1,2,5,5,1171,5,1,27,3,3,10,0,27,41,24,5,2022,0,3,46,30,30,0
0,1,3,4,5,907,12,1,35,2,1,54,0,79,41,78,4,2018,2,1,46,22,8,1
2,1,2,5,5,75,7,0,40,1,5,30,1,26,41,23,5,2023,1,3,46,22,39,1
1,0,1,8,5,510,11,0,45,2,6,29,0,20,35,19,5,2017,2,0,40,9,42,0
1,0,3,8,5,500,4,0,27,2,1,20,1,20,41,19,5,2017,2,2,46,14,30,1
0,1,2,7,5,751,10,1,55,2,1,1,0,19,41,34,5,2025,2,2,46,31,55,0
1,1,4,8,5,421,9,1,15,2,6,15,1,58,23,53,5,2025,2,5,26,2,18,0
0,0,1,7,5,784,11,1,27,2,6,49,0,11,41,8,5,2024,2,1,46,31,30,1
0,1,3,0,5,862,6,1,17,2,6,51,1,2,41,3,5,2025,2,0,46,2,19,0
0,1,1,5,0,779,9,0,42,2,3,33,0,46,1,41,0,2025,2,2,0,32,44,0
0,3,1,4,5,374,11,1,27,1,4,58,1,30,50,25,5,2019,1,5,55,2,30,1
3,1,2,3,5,1002,8,1,24,2,5,33,0,62,41,76,3,2017,2,5,46,28,29,1
1,0,2,8,5,222,4,0,50,1,4,15,0,20,41,19,8,2020,1,2,46,28,46,1
1,1,3,8,5,499,11,0,17,2,6,84,1,22,41,22,5,2016,0,0,46,31,19,0
0,3,1,6,6,805,10,1,32,2,5,22,0,3,15,4,6,2018,2,1,16,23,15,1
1,0,1,8,5,227,11,0,49,1,5,74,0,24,24,58,8,2022,1,5,27,30,53,0
3,1,2,1,5,1650,6,1,27,2,0,15,1,31,23,65,5,2023,2,1,26,22,30,0
0,3,4,7,5,405,10,1,54,1,2,16,1,57,41,49,5,2024,1,4,46,22,34,0
1,2,3,8,5,226,6,1,27,1,6,7,1,43,41,37,5,2023,1,3,46,30,30,1
1,0,1,6,5,410,6,1,32,2,3,32,0,34,41,29,6,2023,2,2,46,31,15,1
3,1,1,2,5,1483,9,0,15,2,2,40,0,1,41,2,5,2015,2,1,46,22,18,0
3,3,3,2,5,869,11,1,39,1,0,58,1,75,41,72,2,2015,1,1,46,26,38,0
1,0,6,4,6,576,6,1,3,2,1,13,2,18,69,60,4,2018,2,5,74,19,4,1
1,1,4,8,5,278,4,1,8,1,2,52,1,20,23,19,8,2016,1,2,26,34,9,1
1,1,3,8,5,187,8,0,27,1,4,57,0,43,41,37,5,2019,1,5,46,3,30,1
0,0,2,4,5,362,1,1,27,1,4,12,0,49,41,44,5,2017,1,1,46,30,30,1
2,3,3,5,5,100,2,1,20,1,4,58,0,7,41,47,5,2016,1,0,46,22,21,1
1,2,2,8,5,395,8,0,43,2,3,23,0,24,41,58,8,2025,2,1,46,22,45,0
0,1,3,0,5,608,8,1,14,2,2,41,1,60,41,56,0,2025,2,2,46,31,17,0
1,1,2,8,5,505,6,1,37,2,3,30,0,43,41,37,8,2017,2,1,46,34,35,0
1,1,2,6,5,307,9,1,27,2,1,21,0,9,41,12,5,2025,2,5,46,31,30,0
1,3,1,8,5,513,11,1,49,2,5,13,1,12,20,13,8,2022,2,2,25,28,53,1
0,1,1,0,6,365,9,1,41,1,5,6,1,2,29,3,6,2025,1,2,34,35,40,0
0,0,5,4,5,491,11,0,27,1,2,1,0,81,41,81,5,2025,1,0,46,22,30,1
0,1,2,1,6,348,7,1,2,1,4,18,0,80,4,77,1,2021,1,0,3,19,2,0
0,1,3,7,5,1024,5,1,17,3,4,64,1,32,35,26,5,2025,0,3,40,28,19,1
3,1,2,3,5,993,7,1,27,3,0,49,1,78,41,73,5,2015,0,2,46,22,30,1
0,1,1,0,0,428,2,1,14,1,3,52,0,44,21,38,0,2025,1,1,23,20,17,1
2,1,3,5,5,67,3,1,45,1,5,70,1,7,50,47,5,2017,1,5,55,28,42,1
1,2,2,8,5,508,5,0,20,2,6,25,1,48,41,43,5,2024,2,1,46,29,21,0
0,1,2,6,1,818,8,0,12,2,2,28,0,3,45,4,1,2025,2,3,47,6,13,0
0,0,2,4,5,966,5,0,53,2,6,60,0,79,41,78,4,2025,2,3,46,12,54,0
1,1,2,8,5,279,7,1,0,1,3,27,0,17,41,39,8,2016,1,3,46,2,24,0
0,0,3,5,0,309,2,1,45,1,5,22,2,54,42,55,5,2018,1,1,50,10,42,1
0,0,1,0,5,411,11,0,42,1,0,10,1,42,41,36,0,2023,1,1,46,9,44,1
0,1,1,7,4,681,8,1,18,2,4,32,0,19,5,34,5,2016,2,1,4,37,1,1
0,0,2,6,6,1289,7,1,41,3,3,21,0,3,74,4,6,2023,0,0,76,23,40,0
1,3,4,8,5,182,7,1,13,1,4,37,2,17,41,39,5,2022,1,1,46,3,16,0
0,1,3,6,3,493,11,0,10,1,1,29,1,16,11,15,3,2024,1,3,64,7,3,1
0,1,5,4,8,533,5,1,4,1,2,102,1,52,17,46,8,2019,1,1,51,25,5,0
0,0,2,7,5,872,5,1,45,2,4,15,1,72,20,71,5,2019,2,1,25,30,42,1
0,1,4,7,5,773,12,1,13,2,6,23,2,19,41,34,5,2023,2,5,46,2,16,0
1,3,2,8,5,406,1,0,49,2,0,94,0,14,41,54,8,2018,2,1,46,22,53,1
1,1,2,8,5,560,7,0,4,2,2,6,0,51,41,17,8,2024,2,5,46,28,5,1
1,1,3,8,5,389,2,1,15,2,1,22,1,38,41,31,5,2015,2,0,46,3,18,1
0,1,4,7,3,310,2,1,10,1,6,56,1,19,11,34,3,2016,1,1,64,11,3,0
0,1,6,7,5,858,2,0,40,2,6,68,1,70,41,27,5,2017,2,3,46,9,39,0
1,1,5,6,5,223,7,0,27,1,5,18,2,74,20,69,5,2023,1,5,25,30,30,0
2,3,1,5,5,192,3,1,45,2,1,66,0,55,63,50,5,2025,2,1,68,28,42,0
0,3,3,4,5,304,12,1,7,1,2,21,1,53,41,48,4,2022,1,3,46,22,10,0
1,0,3,8,5,523,7,1,27,2,0,50,0,35,41,30,5,2017,2,3,46,30,30,1
0,1,4,4,5,974,8,0,47,2,5,23,1,39,41,32,4,2017,2,5,46,2,49,1
1,0,2,6,5,245,4,1,54,1,4,23,1,3,41,4,5,2024,1,5,46,28,34,1
1,1,2,6,5,181,12,1,18,1,3,44,1,9,0,12,5,2022,1,2,6,9,1,0
1,1,1,6,5,245,10,0,21,2,0,66,1,15,41,10,6,2018,2,3,46,30,25,1
0,3,3,8,6,576,1,1,41,2,5,88,1,38,57,31,6,2018,2,0,61,35,40,0
0,1,1,4,5,797,9,0,25,2,4,6,1,59,41,52,4,2017,2,3,46,9,27,1
0,1,2,5,7,394,6,1,45,1,6,23,2,54,26,55,5,2021,1,1,32,24,42,1
1,1,4,8,5,539,8,1,27,2,2,7,1,66,41,62,5,2024,2,0,46,30,30,1
1,3,2,8,5,254,11,1,18,1,1,38,0,48,47,43,5,2015,1,0,7,2,1,0
0,3,2,0,5,308,12,1,45,1,0,24,0,44,35,38,5,2022,1,1,40,22,42,1
0,3,1,3,4,981,11,1,6,2,6,18,0,33,52,28,4,2021,2,3,59,18,22,0
2,0,3,5,5,97,11,1,18,1,0,17,1,27,41,24,5,2023,1,4,46,31,1,0
0,1,3,4,5,329,7,0,40,1,1,7,0,81,41,81,5,2023,1,5,46,17,39,0
1,1,2,8,5,212,11,0,45,1,3,26,1,35,63,30,5,2022,1,3,68,22,42,0
0,0,4,0,5,803,11,1,13,2,0,42,1,23,41,21,5,2024,2,3,46,9,16,0
1,2,6,8,5,213,12,1,27,1,4,34,0,14,41,54,5,2025,1,0,46,3,30,0
0,3,3,4,5,824,3,1,29,2,3,29,0,81,41,81,4,2025,2,3,46,2,47,0
1,1,4,8,5,545,9,0,27,2,3,40,0,14,41,54,5,2024,2,4,46,29,30,0
0,1,3,4,5,322,11,1,40,1,1,88,1,18,41,60,5,2015,1,3,46,9,39,1
1,1,1,8,5,399,1,0,15,2,2,31,1,14,41,54,5,2023,2,1,46,28,18,1
1,1,2,8,5,215,4,1,17,1,2,16,1,17,24,39,5,2022,1,3,27,31,19,0
0,3,6,8,7,714,7,0,46,2,3,27,3,66,71,62,7,2024,2,0,72,15,48,0
0,2,2,5,0,881,6,1,17,2,2,53,2,27,21,24,5,2024,2,3,23,27,19,1
3,0,2,5,2,1776,11,0,27,2,0,11,2,46,72,41,5,2017,2,1,75,28,30,0
0,0,4,4,5,341,5,1,54,1,3,83,0,5,41,6,5,2025,1,4,46,30,34,0
3,1,2,5,1,1408,5,1,12,2,4,22,0,46,59,41,1,2015,2,4,41,30,13,0
1,0,3,8,5,209,4,1,43,1,6,72,1,66,20,62,8,2024,1,3,25,9,45,0
1,1,2,6,5,229,12,1,18,1,1,26,1,3,41,4,5,2022,1,5,46,22,1,1
0,1,4,7,1,823,8,1,48,2,3,14,1,72,79,71,1,2016,2,3,36,6,50,0
1,1,2,8,5,418,10,1,17,2,2,60,0,12,24,13,5,2021,2,1,27,30,19,1
1,1,2,8,5,504,5,1,43,2,4,45,0,48,24,43,8,2023,2,5,27,28,45,1
0,1,5,4,5,753,3,0,40,2,0,42,1,5,41,6,5,2024,2,4,46,31,39,0
2,1,3,5,5,506,9,1,45,2,5,18,1,54,20,55,5,2020,0,3,25,28,42,1
1,1,3,6,5,360,2,0,40,2,1,86,0,16,41,15,5,2025,2,3,46,30,39,1
0,1,2,6,6,601,9,1,36,2,4,41,0,9,4,12,6,2019,2,5,3,8,36,1
2,1,1,5,5,690,10,1,27,3,5,96,0,55,41,50,5,2023,0,2,46,2,30,1
3,2,1,3,5,473,9,1,20,1,1,8,1,78,47,73,5,2019,1,1,7,30,21,1
0,0,5,4,5,390,1,0,54,1,5,35,2,8,68,9,5,2019,1,4,71,28,34,0
0,1,2,7,5,391,10,1,18,1,5,59,1,70,41,27,5,2017,1,5,46,31,1,1
0,1,2,0,5,324,12,0,27,1,3,39,1,23,41,21,5,2024,1,3,46,28,30,0
1,0,2,8,5,512,10,1,27,2,1,33,2,66,41,62,5,2024,2,3,46,22,30,0
2,1,4,5,5,109,4,0,27,1,0,27,2,68,41,63,5,2022,1,3,46,31,30,1
1,1,4,8,5,1078,5,1,13,3,1,40,1,14,20,54,5,2024,0,2,25,22,16,1
0,1,1,7,5,443,3,1,27,1,2,26,0,45,41,40,5,2024,1,3,46,36,30,1
1,1,3,6,5,212,1,1,32,1,1,36,1,74,41,69,6,2022,1,5,46,28,15,1
1,2,1,8,5,255,2,1,27,1,5,10,0,17,41,39,5,2019,1,4,46,3,30,0
0,2,3,0,5,761,10,1,40,2,6,41,1,2,41,3,5,2021,0,4,46,9,39,1
0,1,1,7,5,339,1,1,38,1,1,12,0,11,41,8,7,2024,1,0,46,28,37,1
1,3,6,8,5,258,12,1,50,1,1,42,1,38,41,31,8,2018,1,5,46,14,46,0
1,0,2,8,5,528,11,1,49,2,5,63,0,12,41,13,8,2024,2,0,46,30,53,1
0,2,2,4,5,751,5,1,47,2,4,77,2,39,41,32,4,2025,2,3,46,31,49,0
0,0,4,5,0,489,1,0,45,1,3,114,2,68,36,63,5,2019,1,5,42,10,42,1
0,1,2,7,5,757,10,0,27,2,5,82,0,11,41,8,5,2020,2,0,46,24,30,0
3,3,4,3,5,1008,12,1,10,2,6,89,0,64,41,11,3,2018,0,0,46,22,3,0
1,1,4,8,5,257,1,1,4,1,3,12,2,66,41,62,8,2018,1,5,46,9,5,1
0,0,6,7,1,651,9,1,40,2,4,23,2,72,59,71,5,2023,2,0,41,11,39,1
1,2,2,8,5,480,5,1,0,2,5,69,0,24,41,58,8,2016,2,5,46,9,24,1
0,1,3,4,5,469,2,1,20,1,5,33,1,18,41,60,5,2023,1,3,46,31,21,1
0,1,3,2,4,1094,10,0,53,3,5,30,0,1,78,2,4,2022,0,2,79,13,54,1
1,3,2,8,5,516,4,1,15,2,3,80,0,73,41,70,5,2019,2,4,46,22,18,1
0,1,3,4,5,877,10,0,27,2,3,5,0,69,41,33,5,2025,2,5,46,22,30,0
2,1,2,5,5,198,10,1,55,2,5,98,0,40,41,35,5,2018,2,5,46,28,55,1
0,0,2,7,5,879,4,1,27,2,6,1,0,70,41,27,5,2017,2,4,46,2,30,0
1,1,4,8,5,544,2,1,27,2,3,61,2,20,41,19,5,2025,2,3,46,29,30,0
1,1,1,6,5,174,9,0,41,1,3,21,0,3,41,4,6,2017,1,3,46,8,40,1
1,1,4,8,5,523,5,0,0,2,6,30,2,51,41,17,8,2018,2,1,46,9,24,1
2,1,4,5,5,123,9,1,27,1,0,4,2,54,41,55,5,2023,1,3,46,31,30,0
0,1,1,7,0,749,2,1,52,2,2,56,0,70,16,27,7,2024,2,1,21,24,51,1
0,0,2,7,5,391,6,1,52,1,1,18,0,70,41,27,7,2017,1,1,46,30,51,1
1,0,1,8,5,304,2,1,8,1,6,46,1,24,41,58,8,2022,1,5,46,22,9,0
0,1,3,2,8,743,9,1,27,2,0,29,1,75,39,72,5,2016,2,3,17,3,30,0
1,1,5,8,5,279,8,0,49,1,1,63,1,24,68,58,8,2024,1,2,71,34,53,0
0,1,2,0,4,620,2,1,53,2,4,57,2,44,5,38,4,2025,2,3,4,12,54,1
0,1,1,4,0,874,8,1,45,2,5,99,0,8,38,9,5,2019,2,3,44,13,42,0
2,0,5,5,5,198,3,0,54,2,1,25,2,6,41,0,5,2019,2,5,46,22,34,1
2,3,2,5,5,531,5,1,40,2,4,27,1,26,41,23,5,2024,0,3,46,28,39,1
0,1,2,0,0,357,7,0,42,1,4,81,1,60,3,56,0,2020,1,1,2,27,44,1
2,1,1,8,8,241,10,0,43,2,0,75,0,58,58,53,8,2025,2,3,24,29,45,1
1,1,2,4,6,238,11,0,41,1,2,12,0,49,4,44,6,2018,1,3,3,19,40,1
0,3,2,7,5,722,11,1,13,2,0,74,0,45,41,40,5,2019,2,1,46,28,16,1
1,0,2,8,5,282,7,1,8,1,5,15,0,48,41,43,8,2025,1,4,46,28,9,1
0,1,1,8,7,517,3,0,4,2,0,96,0,24,27,58,8,2019,0,3,70,15,5,0
0,1,3,4,2,551,11,0,23,2,0,45,0,79,14,78,2,2023,2,1,13,13,26,1
3,0,3,2,5,1416,8,1,27,2,3,12,0,65,41,61,5,2025,2,4,46,22,30,1
0,1,5,6,2,435,6,1,13,1,5,14,2,76,61,74,5,2019,1,4,65,19,16,0
0,1,3,4,5,419,7,0,27,1,5,7,1,4,41,5,5,2025,1,5,46,28,30,1
1,1,2,8,5,515,3,1,45,2,2,43,1,58,63,53,5,2017,2,1,68,9,42,1
1,1,1,8,5,198,12,1,49,1,4,88,1,35,41,30,8,2016,1,1,46,3,53,0
1,1,2,8,5,298,9,1,13,1,1,24,0,20,41,19,5,2021,1,1,46,29,16,1
0,1,1,4,5,349,7,1,45,1,0,83,0,30,20,25,5,2024,1,1,25,2,42,0
0,3,5,7,5,425,1,1,40,1,6,44,2,19,41,34,5,2025,1,1,46,9,39,0
1,1,3,8,5,878,10,1,4,3,5,13,1,51,41,17,8,2023,0,2,46,29,5,1
1,1,3,6,5,430,9,1,32,2,0,6,1,34,41,29,6,2018,0,3,46,23,15,0
0,1,1,4,5,384,12,1,27,1,4,42,0,53,41,48,5,2025,1,0,46,31,30,1
0,1,4,7,8,361,4,0,37,1,1,46,1,11,22,8,8,2019,1,0,22,34,35,1
1,1,1,8,5,479,2,0,50,2,4,23,1,20,55,19,8,2023,2,3,54,30,46,1
0,3,6,0,5,471,10,1,18,1,4,36,3,21,41,16,5,2023,1,1,46,2,1,1
3,1,1,1,5,1639,1,1,45,2,6,91,0,63,68,18,5,2025,2,2,71,6,42,0
2,1,2,8,8,250,3,1,50,2,6,4,0,51,19,17,8,2016,2,5,20,14,46,0
3,1,3,3,5,551,8,1,34,1,6,82,1,62,41,76,3,2024,1,0,46,31,0,0
0,0,3,1,4,276,1,1,29,1,0,82,1,80,32,77,4,2022,1,5,39,33,47,1
0,0,5,4,5,751,8,1,13,2,6,17,0,5,41,6,5,2025,2,0,46,28,16,1
0,1,2,4,8,869,3,1,53,2,0,104,1,49,37,44,4,2020,2,4,43,25,54,1
0,1,4,0,0,831,7,0,15,2,2,15,2,2,36,3,5,2019,2,3,42,32,18,0
0,0,1,0,5,439,10,1,27,1,2,14,1,2,41,3,5,2018,1,3,46,31,30,1
0,1,1,7,5,724,11,1,31,2,3,34,0,45,41,40,7,2017,2,5,46,31,32,1
3,2,1,2,5,1609,2,0,40,2,2,22,1,65,41,61,5,2016,2,5,46,22,39,1
3,0,1,1,5,1682,5,0,27,2,1,38,1,31,41,65,5,2017,2,1,46,2,30,1
1,1,2,8,5,505,6,1,27,2,5,58,0,14,41,54,5,2017,2,3,46,29,30,0
0,1,2,3,4,849,4,1,28,2,1,48,0,37,25,66,4,2024,2,3,30,12,31,1
1,1,2,8,5,243,4,0,43,1,4,78,0,12,41,13,8,2021,1,3,46,9,45,0
3,0,1,3,5,1072,4,1,20,2,3,1,0,33,55,28,5,2018,2,3,54,31,21,1
1,1,6,8,5,871,6,1,0,3,0,8,2,51,41,17,8,2022,0,1,46,9,24,1
0,1,6,3,3,825,9,1,10,2,3,19,2,64,73,11,3,2024,2,1,78,21,3,0
1,3,6,8,5,584,4,0,15,2,3,56,1,20,41,19,5,2022,2,1,46,14,18,0
0,1,2,8,7,731,10,1,37,2,5,42,2,48,26,43,8,2020,2,4,32,15,35,1
3,1,2,1,5,1673,11,1,15,2,4,41,1,41,41,59,5,2025,2,5,46,9,18,1
1,1,2,8,5,600,4,1,18,2,6,63,0,73,68,70,5,2024,2,4,71,22,1,1
1,1,3,8,5,485,3,0,49,2,2,10,0,66,41,62,8,2022,2,4,46,22,53,0
0,1,2,4,5,326,8,0,16,1,2,64,2,30,41,25,4,2024,1,3,46,33,41,0
1,0,2,8,5,478,1,1,15,2,0,52,0,20,41,19,5,2025,2,3,46,28,18,0
1,0,1,6,5,437,4,1,15,2,2,5,0,77,41,75,5,2022,2,2,46,28,18,1
0,3,2,4,5,800,2,1,6,2,2,56,0,18,41,60,4,2023,2,1,46,33,22,0
0,1,1,3,1,966,10,0,2,2,1,50,0,64,79,11,1,2024,2,1,36,4,2,1
1,3,1,8,5,476,12,0,27,2,1,67,1,43,41,37,5,2023,2,5,46,2,30,1
1,0,2,6,5,179,5,0,18,1,3,38,0,10,23,7,5,2023,1,4,26,9,1,0
1,0,6,8,5,212,7,1,0,1,1,49,2,58,41,53,8,2018,1,0,46,14,24,1
1,1,3,8,5,284,10,1,49,1,6,6,0,14,41,54,8,2017,1,3,46,34,53,0
1,3,5,6,5,365,10,1,15,2,0,25,0,15,50,10,5,2023,2,2,55,35,18,1
1,1,2,6,5,178,11,1,21,1,0,28,1,10,41,7,6,2018,1,1,46,2,25,1
1,1,1,8,5,278,10,1,18,1,1,1,1,38,41,31,5,2025,1,1,46,28,1,0
0,1,3,2,0,608,10,0,27,2,3,34,1,1,3,2,5,2016,2,3,2,27,30,0
1,1,3,8,5,558,8,1,4,2,5,67,0,51,41,17,8,2025,2,1,46,29,5,0
1,0,2,8,5,247,6,1,15,1,4,49,0,66,41,62,5,2020,1,3,46,14,18,0
1,3,3,8,5,198,3,1,45,1,0,58,1,24,41,58,5,2022,1,1,46,34,42,0
1,1,4,8,5,520,11,1,43,2,1,50,1,17,35,39,8,2021,2,2,40,34,45,1
0,1,6,4,5,801,5,1,15,2,4,13,1,49,41,44,5,2024,2,3,46,5,18,0
1,0,2,8,5,306,9,1,27,1,4,99,0,58,41,53,5,2015,1,0,46,3,30,0
3,1,1,1,5,891,9,0,15,1,6,14,0,63,50,18,5,2021,1,0,55,28,18,0
0,0,6,4,8,542,10,1,43,1,2,62,2,81,13,81,8,2025,1,3,12,12,45,0
1,1,3,8,5,249,9,1,17,1,3,77,1,51,41,17,5,2018,1,5,46,30,19,1
0,0,2,4,8,533,3,1,0,1,4,18,1,39,13,32,8,2024,1,3,12,29,24,0
2,1,1,5,5,778,11,0,54,3,2,32,1,25,41,20,5,2016,0,5,46,30,34,1
0,0,1,7,5,417,2,1,17,1,3,44,0,45,41,40,5,2018,1,2,46,2,19,1
1,0,1,6,5,234,4,1,27,1,5,49,1,76,41,74,5,2023,1,1,46,19,30,1
0,1,4,4,5,877,2,1,7,2,5,17,2,5,41,6,4,2022,0,4,46,28,10,0
0,1,2,7,5,787,11,1,45,2,3,50,0,11,35,8,5,2025,2,3,40,28,42,0
1,1,1,6,5,919,8,0,21,3,2,7,0,16,23,15,6,2023,0,2,26,19,25,1
1,1,5,6,5,345,11,0,18,2,0,76,0,61,41,57,5,2025,2,0,46,31,1,1
0,1,3,5,4,767,2,1,3,2,2,85,1,71,60,68,4,2018,2,0,18,33,4,0
1,3,1,6,5,370,9,0,55,2,4,49,0,34,41,29,5,2022,0,3,46,22,55,1
1,1,3,8,5,855,7,0,0,3,2,47,0,22,41,22,8,2021,0,3,46,14,24,0
1,1,4,8,5,287,3,1,27,1,1,30,1,66,41,62,5,2016,1,3,46,28,30,1
2,1,2,5,5,143,4,1,55,2,0,4,2,27,41,24,5,2025,2,1,46,30,55,0
0,2,1,4,3,762,5,1,9,2,0,25,0,69,66,33,3,2024,2,0,37,37,14,1
1,1,2,8,5,475,10,1,49,2,5,77,1,12,41,13,8,2023,2,1,46,22,53,0
0,1,2,7,5,710,6,1,38,2,0,29,1,57,41,49,7,2017,2,1,46,11,37,1
0,1,3,4,5,482,9,1,16,1,6,31,0,59,41,52,4,2018,1,1,46,22,41,1
0,0,2,4,5,354,12,1,18,1,6,3,1,53,68,48,5,2025,1,2,71,31,1,0
1,1,1,8,5,533,7,1,49,2,0,4,0,12,41,13,8,2023,2,0,46,31,53,1
0,3,3,4,5,872,6,1,27,2,5,48,0,59,41,52,5,2022,2,0,46,13,30,0
1,1,3,8,5,282,7,1,27,1,4,22,1,43,41,37,5,2015,1,2,46,3,30,1
3,1,3,2,5,739,3,0,45,1,2,95,1,65,41,61,5,2022,1,1,46,2,42,0
0,2,1,7,5,728,4,0,44,2,1,21,1,45,41,40,7,2015,2,5,46,30,43,0
1,0,2,5,6,405,10,1,27,2,1,92,1,26,80,23,5,2019,2,1,28,8,30,0
1,1,2,6,5,340,8,1,27,2,2,27,2,77,41,75,5,2023,2,3,46,2,30,1
3,1,1,1,5,650,6,1,17,1,5,19,0,80,50,77,5,2019,1,3,55,31,19,1
0,0,2,4,5,412,6,0,29,1,3,87,1,81,41,81,4,2021,1,3,46,28,47,0
0,1,4,4,5,801,3,1,28,2,1,30,0,59,41,52,4,2022,2,0,46,9,31,0
1,1,1,6,4,661,10,0,53,2,3,49,1,28,9,80,4,2022,2,1,8,13,54,1
0,0,3,4,5,729,10,1,20,2,6,68,0,29,41,64,5,2016,2,1,46,37,21,1
2,2,1,5,5,148,12,1,27,2,3,81,0,68,41,63,5,2021,2,1,46,9,30,1
3,1,1,3,5,489,6,1,27,1,3,53,1,64,41,11,5,2019,1,2,46,30,30,1
1,1,3,8,5,1075,7,1,27,3,5,4,1,66,41,62,5,2017,0,5,46,22,30,1
1,1,5,8,5,483,10,1,55,2,6,74,1,35,41,30,5,2025,2,1,46,22,55,1
1,3,3,5,6,344,8,1,17,2,5,47,0,7,80,47,5,2024,2,3,28,16,19,0
1,3,3,6,5,126,1,1,13,1,4,32,0,76,41,74,5,2019,1,3,46,22,16,0
2,0,3,4,4,204,9,1,22,1,0,81,2,29,9,64,4,2018,1,3,8,13,23,0
0,1,2,7,4,438,4,1,38,1,6,73,0,32,9,26,7,2021,1,1,8,5,37,1
1,1,3,6,5,259,6,0,45,2,0,66,1,61,63,57,5,2018,2,5,68,9,42,1
1,0,3,8,5,222,8,1,27,1,6,22,1,58,41,53,5,2021,1,3,46,29,30,1
0,1,2,4,5,957,8,1,27,3,0,70,0,59,41,52,5,2024,0,1,46,2,30,1
1,1,1,6,5,292,8,1,55,2,4,22,0,34,63,29,5,2025,2,0,68,30,55,0
1,1,2,6,5,356,3,1,32,2,3,19,1,16,41,15,6,2019,2,3,46,19,15,0
1,0,3,8,5,199,3,1,37,1,3,1,1,43,41,37,8,2022,1,3,46,30,35,1
0,0,4,2,7,701,11,1,19,2,6,36,0,65,34,61,7,2016,2,1,19,1,20,0
0,1,2,7,5,741,11,1,40,2,3,47,0,11,23,8,5,2024,2,3,26,30,39,1
0,0,1,0,2,487,8,0,20,1,1,113,0,60,72,56,5,2024,1,3,75,32,21,0
1,1,2,8,5,300,5,1,27,1,5,79,0,58,41,53,5,2018,1,1,46,3,30,0
1,3,3,6,5,116,12,1,32,1,2,26,2,74,41,69,6,2020,1,1,46,31,15,0
1,1,1,6,5,208,4,1,55,1,3,53,1,77,50,75,5,2016,1,1,55,30,55,0
0,3,3,0,5,659,11,1,14,2,3,45,2,0,41,1,0,2024,2,5,46,27,17,0
2,1,1,5,5,71,6,1,17,1,3,44,1,68,68,63,5,2025,1,3,71,30,19,1
0,1,2,1,0,617,11,0,48,2,3,33,1,36,21,79,1,2025,2,2,23,4,50,0
1,1,2,6,5,204,12,0,27,1,0,44,0,3,41,4,5,2023,1,4,46,9,30,0
1,1,6,6,5,319,3,1,27,2,2,28,1,3,41,4,5,2025,2,5,46,31,30,1
3,1,2,3,5,1106,7,0,9,2,5,25,0,78,55,73,3,2020,2,1,54,30,14,0
1,3,1,8,5,478,10,1,18,2,4,1,0,35,20,30,5,2018,2,5,25,34,1,0
0,1,3,0,5,403,12,0,27,1,6,44,1,0,41,1,5,2016,1,3,46,22,30,1
0,1,2,4,8,420,6,1,22,1,6,52,0,29,53,64,4,2022,1,2,58,14,23,0
0,1,2,4,1,868,5,1,54,2,0,100,1,18,77,60,5,2018,2,1,80,33,34,1
1,1,3,8,5,304,8,1,45,1,1,42,0,17,41,39,5,2019,1,3,46,30,42,1
1,1,2,5,8,281,3,1,43,1,5,64,0,26,62,23,8,2022,1,4,66,25,45,0
1,0,3,8,5,231,4,1,43,1,2,69,0,22,41,22,8,2023,1,1,46,9,45,1
1,3,2,8,5,302,6,0,37,1,6,80,0,58,41,53,8,2015,1,1,46,28,35,1
0,3,4,8,0,793,4,1,43,2,5,157,0,35,56,30,8,2025,2,0,60,29,45,1
1,0,4,8,5,232,1,1,27,1,1,67,1,38,41,31,5,2019,1,1,46,22,30,1
0,3,1,4,5,703,8,0,22,2,0,49,1,8,41,9,4,2018,2,0,46,17,23,1
0,0,3,3,4,450,2,1,53,1,5,62,2,62,44,76,4,2018,1,3,49,37,54,1
1,0,4,8,5,497,3,1,18,2,2,16,0,17,0,39,5,2023,2,0,6,34,1,0
1,1,2,6,5,1033,11,1,17,3,4,12,1,3,24,4,5,2021,0,1,27,16,19,0
1,1,1,6,5,212,3,1,27,1,4,87,1,28,41,80,5,2023,1,1,46,19,30,0
3,1,4,3,5,1108,3,0,54,2,2,22,0,33,55,28,5,2023,2,3,54,30,34,0
0,2,4,4,0,474,7,1,18,1,2,56,1,39,38,32,5,2020,1,4,44,17,1,1
0,1,2,8,6,419,8,1,17,1,5,31,1,43,80,37,5,2024,1,4,28,19,19,1
0,0,1,7,4,805,9,1,52,2,1,1,0,70,46,27,7,2025,2,5,52,5,51,0
0,1,3,3,8,685,2,1,13,2,2,28,0,67,37,67,5,2024,2,3,43,7,16,0
1,1,2,8,5,482,10,0,27,2,6,24,0,20,41,19,5,2016,2,4,46,2,30,0
0,1,2,7,5,314,1,0,45,1,1,51,0,72,47,71,5,2023,1,3,7,22,42,0
1,1,3,6,5,416,9,1,30,2,5,42,0,34,41,29,6,2022,2,1,46,28,33,0
0,1,2,7,5,381,6,1,31,1,0,58,0,45,41,40,7,2019,1,1,46,11,32,1
0,1,3,2,8,763,1,1,37,2,5,50,1,56,37,51,8,2018,2,3,43,29,35,0
3,0,1,2,5,1730,10,1,27,2,1,78,0,1,50,2,5,2023,2,5,55,2,30,1
1,0,3,8,5,246,2,0,27,1,3,6,1,43,41,37,5,2017,1,5,46,9,30,1
0,2,1,5,4,709,11,1,6,2,5,102,0,26,60,23,4,2021,2,0,18,30,22,0
0,1,3,0,5,699,11,1,17,2,4,35,0,60,41,56,5,2018,2,3,46,9,19,0
2,1,6,5,5,67,7,1,27,1,4,48,2,55,41,50,5,2015,1,1,46,31,30,0
0,1,1,7,5,685,6,1,27,2,5,12,1,11,41,8,5,2023,2,4,46,30,30,1
0,0,1,0,5,316,8,1,14,1,6,6,0,50,63,42,0,2021,1,3,68,9,17,1
0,1,1,4,0,426,12,1,6,1,1,74,1,8,21,9,4,2024,1,1,23,20,22,0
1,1,3,6,5,378,11,1,27,2,0,83,0,3,41,4,5,2020,2,3,46,22,30,0
0,1,2,4,0,596,5,1,55,2,4,70,1,4,38,5,5,2015,2,0,44,32,55,1
1,1,3,8,5,305,11,1,15,1,3,15,1,51,0,17,5,2016,1,1,6,31,18,0
0,0,3,4,5,661,5,0,18,2,1,52,0,69,0,33,5,2019,2,5,6,12,1,0
0,1,1,4,5,819,8,1,28,2,4,44,0,81,41,81,4,2019,2,0,46,9,31,1
0,0,1,7,4,478,1,1,47,1,3,81,0,19,6,34,4,2015,1,0,5,37,49,1
1,1,2,8,5,284,6,1,18,1,2,40,1,12,41,13,5,2019,1,2,46,14,1,1
0,1,1,4,5,739,12,1,35,2,2,88,0,53,41,48,4,2021,2,3,46,9,8,1
0,1,2,4,5,328,12,0,15,1,4,13,1,29,24,64,5,2023,1,3,27,9,18,1
1,3,5,8,5,485,4,0,20,2,2,84,1,58,41,53,5,2024,2,0,46,2,21,0
0,1,5,4,5,811,7,1,27,2,4,33,1,59,41,52,5,2017,2,4,46,9,30,0
0,1,4,4,5,481,6,1,53,1,0,11,1,49,41,44,4,2017,1,1,46,37,54,1
0,2,1,4,5,460,12,1,55,1,3,43,0,39,35,32,5,2024,1,3,40,28,55,1
0,0,2,4,5,796,2,1,35,2,0,35,0,8,41,9,4,2018,2,2,46,9,8,1
1,1,3,8,5,528,4,1,27,2,2,79,1,66,41,62,5,2023,2,3,46,29,30,0
1,1,1,8,5,582,11,1,49,2,6,34,1,35,41,30,8,2023,2,5,46,9,53,1
1,1,4,6,5,373,4,1,18,2,1,17,1,16,41,15,5,2020,2,1,46,9,1,1
0,1,3,0,5,867,3,1,54,2,2,88,0,60,41,56,5,2025,2,4,46,27,34,1
3,0,3,2,5,1800,10,1,18,2,5,9,0,65,41,61,5,2024,2,3,46,31,1,1
1,1,5,8,5,504,4,1,13,2,6,11,2,24,41,58,5,2019,2,3,46,9,16,1
1,2,1,8,5,556,6,1,40,2,0,11,0,35,41,30,5,2015,2,3,46,34,39,0
1,1,5,6,5,426,8,1,27,2,1,54,2,9,41,12,5,2024,2,1,46,19,30,0
1,0,3,8,5,235,5,0,43,1,4,87,0,17,41,39,8,2016,1,5,46,28,45,0
3,2,2,2,5,1861,6,1,23,2,6,37,2,13,41,14,2,2016,2,1,46,22,26,0
0,1,2,0,5,890,6,1,20,2,3,23,0,23,41,21,5,2015,2,1,46,20,21,1
0,0,1,0,4,922,5,1,35,3,5,6,0,0,78,1,4,2017,0,5,79,32,8,1
0,0,2,7,0,377,1,1,42,1,2,83,1,11,56,8,0,2017,1,5,60,36,44,0
0,1,1,6,6,322,11,0,32,1,0,23,0,34,15,29,6,2025,1,3,16,23,15,0
2,3,1,5,5,64,6,0,27,1,1,15,0,6,41,0,5,2018,1,4,46,22,30,0
0,1,3,4,5,1238,12,1,54,3,4,73,1,30,55,25,5,2023,0,0,54,31,34,0
1,1,3,5,8,388,9,0,17,2,0,32,0,55,19,50,5,2022,2,3,20,25,19,1
0,3,2,4,5,364,3,0,45,1,6,34,0,69,20,33,5,2019,1,3,25,2,42,0
1,1,6,6,4,274,1,1,6,1,6,62,2,15,32,10,4,2019,1,3,39,12,22,1
3,1,1,1,5,1456,2,1,27,2,5,54,0,36,41,79,5,2023,2,3,46,2,30,1
0,1,1,7,5,355,12,0,45,1,1,43,0,72,20,71,5,2023,1,3,25,9,42,1
3,1,6,1,5,1420,1,0,17,3,3,73,3,80,0,77,5,2016,0,0,6,4,19,1
2,3,1,5,5,213,10,1,27,2,3,26,0,40,41,35,5,2025,2,5,46,9,30,1
0,1,2,4,5,871,1,1,20,2,5,32,1,81,41,81,5,2019,2,5,46,13,21,0
0,3,5,4,5,720,8,1,7,2,3,38,2,39,24,32,4,2022,2,0,27,22,10,0
0,2,4,8,3,690,11,1,8,2,2,37,0,66,28,62,8,2024,2,5,33,34,9,1
1,3,5,8,5,1157,6,0,54,3,2,35,1,12,41,13,5,2018,0,5,46,2,34,1
0,1,5,3,8,671,11,0,24,2,1,33,2,37,53,66,3,2025,2,3,58,34,29,1
0,1,3,6,8,464,10,1,32,1,6,26,0,34,17,29,6,2018,1,5,51,14,15,0
1,1,3,8,5,314,9,1,8,1,0,57,1,22,41,22,8,2019,1,2,46,9,9,1
0,1,1,5,4,820,8,1,40,2,1,87,1,27,48,24,5,2021,2,1,53,12,39,1
0,1,3,4,5,693,5,0,45,2,6,25,2,52,41,46,5,2024,2,3,46,28,42,0
0,0,4,4,5,688,6,1,45,2,2,59,0,30,41,25,5,2024,2,0,46,31,42,0
1,1,2,8,5,1152,5,1,27,3,4,6,1,38,41,31,5,2025,0,1,46,28,30,0
0,3,4,0,8,349,3,1,42,1,6,40,0,60,39,56,0,2015,1,4,17,29,44,0
3,1,4,3,5,535,3,0,13,1,6,51,1,33,41,28,5,2023,1,5,46,28,16,1
0,3,2,8,2,797,6,1,23,2,2,19,0,48,51,43,2,2023,2,2,56,34,26,0
0,1,2,4,5,306,2,1,40,1,4,22,0,81,41,81,5,2025,1,1,46,22,39,0
1,0,1,8,5,264,7,1,50,1,3,26,0,43,41,37,8,2016,1,1,46,28,46,0
0,1,2,8,2,758,3,1,39,2,3,86,0,20,51,19,2,2018,2,5,56,1,38,0
1,1,6,6,5,138,8,1,18,1,4,20,1,74,0,69,5,2019,1,1,6,23,1,0
2,1,2,5,5,209,12,0,45,2,1,31,1,68,41,63,5,2016,2,1,46,28,42,1
3,1,6,3,5,1488,5,1,15,3,4,34,3,67,41,67,5,2019,0,1,46,30,18,0
0,0,3,7,5,811,7,1,15,2,2,19,1,19,41,34,5,2018,2,3,46,31,18,1
1,1,2,8,5,318,8,1,40,1,2,38,0,48,47,43,5,2017,1,3,7,22,39,1
1,1,3,8,5,374,7,1,50,2,4,52,1,20,0,19,8,2025,2,4,6,2,46,0
2,3,3,5,5,73,8,0,55,1,3,13,1,25,41,20,5,2024,1,1,46,22,55,0
1,1,2,8,5,398,12,0,13,2,1,119,1,24,41,58,5,2019,2,1,46,3,16,0
3,0,6,5,1,633,9,1,1,1,4,41,2,26,45,23,1,2016,1,1,47,31,7,0
0,3,5,4,5,806,12,1,29,2,1,45,1,18,41,60,4,2023,2,2,46,2,47,0
1,0,3,8,5,281,10,1,20,1,1,59,0,73,41,70,5,2015,1,5,46,31,21,0
3,1,3,3,5,877,1,1,13,2,5,96,1,78,41,73,5,2022,2,3,46,30,16,0
1,0,1,6,5,189,4,0,15,1,5,75,0,16,41,15,5,2025,1,1,46,28,18,1
0,1,1,4,5,797,5,1,47,2,6,29,1,69,41,33,4,2022,2,2,46,9,49,0
1,1,3,8,5,270,2,0,37,1,3,38,0,38,41,31,8,2023,1,4,46,25,35,1
1,3,2,8,5,264,7,0,4,1,6,8,0,51,41,17,8,2019,1,1,46,14,5,0
0,1,4,7,4,612,12,1,38,2,0,95,0,70,6,27,7,2018,2,5,5,37,37,0
0,0,5,4,5,506,5,1,47,2,3,8,2,69,41,33,4,2024,0,2,46,17,49,1
3,1,1,2,5,1619,8,1,45,2,2,66,1,65,50,61,5,2020,2,3,55,22,42,1
0,1,2,0,0,789,12,1,20,2,0,12,1,44,16,38,5,2015,2,3,21,32,21,1
0,1,4,7,6,724,3,1,36,2,5,51,3,70,15,27,6,2019,2,3,16,19,36,1
3,3,4,2,5,1635,8,1,17,2,6,55,1,65,41,61,5,2019,2,4,46,1,19,1
3,0,2,1,5,1495,3,1,13,2,1,44,1,63,41,18,5,2023,2,1,46,9,16,1
3,3,3,3,5,946,3,0,27,2,3,24,1,62,23,76,5,2025,0,2,26,30,30,0
3,1,2,1,5,1129,6,1,27,2,6,10,1,36,41,79,5,2025,0,1,46,4,30,1
1,3,3,8,5,498,2,0,27,2,2,44,0,20,41,19,5,2024,0,3,46,22,30,0
1,0,3,8,5,498,3,0,4,2,1,18,0,38,41,31,8,2025,2,5,46,29,5,1
1,1,2,8,5,312,11,1,49,1,0,76,1,24,41,58,8,2018,1,1,46,22,53,0
0,1,1,4,5,803,7,1,27,2,6,21,0,5,41,6,5,2024,2,1,46,37,30,0
0,3,2,7,0,725,1,1,31,2,5,25,1,70,1,27,7,2018,2,1,0,32,32,1
1,1,2,6,5,336,2,1,15,2,6,77,1,76,20,74,5,2024,2,3,25,9,18,0
3,3,1,1,5,1575,9,1,1,2,5,57,0,63,41,18,1,2022,2,5,46,4,7,1
1,2,5,6,5,147,7,1,21,1,1,67,1,61,41,57,6,2016,1,3,46,8,25,1
1,1,1,6,5,185,2,1,41,1,4,39,0,16,41,15,6,2016,1,1,46,19,40,0
0,1,2,6,8,837,9,0,4,2,5,37,0,3,37,4,8,2025,2,0,43,29,5,0
0,0,5,0,5,813,11,1,20,2,5,72,1,0,47,1,5,2024,2,1,7,32,21,1
1,0,2,8,5,265,1,0,15,1,1,66,1,20,41,19,5,2018,1,5,46,31,18,1
0,0,5,4,5,431,6,1,55,1,2,43,1,59,41,52,5,2023,1,3,46,33,55,0
1,1,5,8,5,272,9,1,27,1,4,36,2,66,41,62,5,2019,1,1,46,28,30,0
0,1,4,5,0,963,9,1,27,2,1,30,1,26,1,23,5,2021,2,2,0,2,30,0
1,1,5,8,5,283,9,1,27,1,6,64,1,35,41,30,5,2021,1,1,46,2,30,0
0,0,5,0,5,930,9,1,54,2,2,98,1,0,24,1,5,2019,2,4,27,30,34,1
3,1,3,3,5,565,12,1,13,1,1,37,0,64,41,11,5,2023,1,5,46,7,16,1
0,1,2,4,8,414,4,0,35,1,0,4,1,79,31,78,4,2021,1,1,38,3,8,0
0,3,1,5,7,718,11,1,27,2,6,18,1,26,40,23,5,2025,2,3,45,36,30,1
0,0,1,2,1,674,6,0,2,2,0,52,1,1,65,2,1,2023,2,3,31,0,2,1
1,1,4,8,5,201,12,1,15,1,0,13,1,14,41,54,5,2022,1,5,46,28,18,0
1,0,1,8,5,514,7,0,43,2,0,110,0,12,20,13,8,2022,2,1,25,22,45,1
1,1,5,8,5,217,12,1,27,1,2,71,3,58,41,53,5,2021,1,1,46,25,30,0
3,1,5,1,5,886,3,1,12,1,5,6,0,36,41,79,1,2023,1,0,46,9,13,1
0,3,2,4,5,684,4,1,18,2,5,36,0,59,55,52,5,2021,2,2,54,31,1,0
3,1,3,3,5,508,1,1,10,1,1,32,1,62,0,76,3,2022,1,3,6,30,3,0
0,1,2,3,0,605,7,1,27,2,0,48,2,33,38,28,5,2024,2,5,44,20,30,1
1,3,1,8,5,676,5,1,37,3,0,37,0,73,41,70,8,2024,0,1,46,28,35,1
0,1,4,4,5,319,11,1,16,1,6,57,0,59,55,52,4,2023,1,2,54,37,41,1
0,1,6,7,5,824,3,0,18,2,6,27,0,32,50,26,5,2017,2,3,55,2,1,1
1,1,4,8,5,514,4,1,18,2,3,7,2,66,68,62,5,2021,2,0,71,31,1,1
0,1,2,7,5,800,1,1,45,2,3,61,2,11,63,8,5,2015,2,2,68,22,42,0
1,1,2,4,6,248,2,0,22,1,0,40,0,52,15,46,4,2018,1,0,16,13,23,0
1,0,1,8,5,554,2,1,27,2,5,41,1,14,41,54,5,2020,2,5,46,34,30,1
0,0,3,6,2,485,8,1,54,1,4,26,0,28,2,80,5,2017,1,1,1,16,34,0
0,1,1,8,4,936,8,1,22,2,5,9,0,20,9,19,4,2025,0,1,8,37,23,0
0,1,3,3,0,1128,11,0,54,3,4,2,0,33,21,28,5,2022,0,4,23,32,34,0
0,1,1,7,5,444,4,1,52,1,4,21,1,70,63,27,7,2015,1,0,68,9,51,1
1,0,1,8,5,215,12,1,15,1,2,11,0,35,41,30,5,2016,1,0,46,34,18,0
0,1,2,8,0,771,2,1,55,2,5,61,0,48,1,43,5,2023,2,1,0,29,55,0
0,1,1,2,7,406,1,0,5,1,0,75,1,1,40,2,7,2021,1,3,45,24,6,1
0,0,5,6,6,655,8,1,20,2,2,69,0,28,57,80,5,2021,2,5,61,35,21,1
1,1,1,8,5,266,8,1,27,1,1,31,0,48,41,43,5,2015,1,5,46,30,30,1
0,0,4,5,0,822,12,1,18,2,4,82,0,6,3,0,5,2015,2,1,2,22,1,1
1,1,6,6,5,226,2,1,18,1,0,31,2,77,63,75,5,2024,1,3,68,35,1,1
1,1,3,6,5,400,5,1,41,2,2,13,1,28,41,80,6,2023,2,3,46,28,40,0
1,3,1,4,6,661,6,1,16,2,5,87,1,52,4,46,4,2017,2,3,3,16,41,0
1,1,3,8,5,955,8,1,54,3,0,25,1,20,41,19,5,2024,0,4,46,29,34,0
1,1,3,8,5,456,7,0,4,2,4,81,0,14,0,54,8,2025,2,2,6,2,5,1
1,1,2,8,5,1157,3,1,27,3,4,38,1,58,41,53,5,2023,0,1,46,30,30,0
0,1,6,4,5,869,10,1,13,2,1,52,1,53,41,48,5,2023,0,5,46,13,16,1
1,0,2,8,5,181,10,1,27,1,5,50,0,38,41,31,5,2017,1,3,46,25,30,1
0,1,1,4,5,672,9,1,45,2,6,3,0,29,0,64,5,2025,2,0,6,2,42,0
1,0,2,5,8,579,1,1,54,2,0,42,0,27,31,24,5,2015,2,0,38,34,34,1
0,1,4,3,4,392,7,1,28,1,3,61,3,33,25,28,4,2018,1,1,30,21,31,0
1,1,2,8,5,319,12,0,0,1,3,24,2,17,63,39,8,2025,1,5,68,28,24,1
0,1,3,4,5,793,8,1,27,2,1,9,0,18,41,60,5,2019,2,1,46,9,30,0
3,1,3,2,5,1462,2,0,27,2,5,13,1,65,41,61,5,2023,2,5,46,1,30,0
1,1,2,6,5,216,9,0,18,1,3,8,0,15,41,10,5,2025,1,2,46,9,1,0
3,1,2,2,5,1783,3,1,17,2,6,12,0,56,47,51,5,2022,2,3,7,2,19,0
0,1,2,4,5,665,5,1,27,2,1,25,1,79,41,78,5,2022,2,2,46,17,30,1
1,1,2,8,5,188,8,1,0,1,3,98,1,51,41,17,8,2021,1,0,46,9,24,1
1,3,1,8,5,231,11,1,18,1,6,74,0,14,0,54,5,2025,1,3,6,2,1,0
2,0,2,5,5,90,11,0,40,1,3,109,1,26,41,23,5,2024,1,3,46,2,39,0
0,1,1,7,5,337,9,1,27,1,4,13,1,72,41,71,5,2023,1,1,46,30,30,1
1,0,1,6,5,406,6,1,18,2,2,90,0,28,41,80,5,2021,2,4,46,9,1,1
0,1,2,7,5,374,8,1,17,1,0,26,0,19,41,34,5,2022,1,2,46,2,19,1
1,0,5,8,5,435,4,1,13,2,6,48,1,22,41,22,5,2019,2,2,46,31,16,0
0,1,1,8,3,850,5,0,10,2,3,35,0,35,28,30,3,2023,2,1,33,7,3,1
1,0,6,6,5,1043,9,1,20,3,3,15,3,76,41,74,5,2017,0,3,46,19,21,0
0,1,1,7,5,1252,7,0,38,3,0,27,0,11,41,8,7,2018,0,5,46,36,37,1
3,1,4,1,5,1447,6,0,20,2,0,38,1,36,41,79,5,2024,2,1,46,9,21,0
0,1,1,7,5,892,4,1,27,2,5,52,0,32,41,26,5,2020,2,0,46,11,30,1
1,1,1,8,5,207,1,1,45,1,2,86,0,14,41,54,5,2023,1,0,46,9,42,0
3,1,6,3,5,498,2,0,10,1,0,94,2,67,50,67,3,2016,1,3,55,2,3,0
1,3,1,8,5,226,8,1,54,1,4,21,0,24,41,58,5,2020,1,5,46,2,34,0
1,0,1,8,5,498,11,0,17,2,4,40,0,38,41,31,5,2023,2,1,46,28,19,0
2,0,3,5,5,64,3,1,45,1,0,88,1,55,41,50,5,2023,1,1,46,2,42,0
2,1,2,5,5,198,7,1,55,2,0,21,2,68,41,63,5,2020,2,0,46,2,55,0
3,1,5,2,5,855,7,1,27,1,2,3,0,56,41,51,5,2018,1,2,46,2,30,0
0,1,3,6,3,750,5,1,27,2,3,48,0,28,11,80,5,2020,2,3,64,21,30,1
1,1,3,6,5,484,3,1,15,2,2,65,2,74,41,69,5,2023,0,2,46,2,18,0
0,0,2,7,7,684,7,1,38,2,3,56,0,57,71,49,7,2016,2,5,72,24,37,0
0,1,3,7,1,456,4,1,52,1,0,75,1,70,59,27,7,2024,1,5,41,4,51,0
1,1,1,8,5,212,4,1,54,1,0,52,1,35,35,30,5,2019,1,1,40,31,34,0
0,1,5,4,5,432,9,1,47,1,5,10,1,59,41,52,4,2019,1,1,46,5,49,0
3,0,3,5,3,1021,7,1,24,2,6,90,0,26,66,23,3,2016,2,4,37,2,29,1
3,0,4,3,5,572,9,1,27,1,5,32,3,78,41,73,5,2017,1,3,46,18,30,0
1,1,2,6,5,425,7,0,20,2,2,57,1,28,47,80,5,2025,2,1,7,22,21,1
1,1,1,8,5,311,1,1,13,1,6,54,0,73,41,70,5,2021,1,4,46,34,16,1
0,0,3,8,1,871,8,1,49,2,6,23,1,51,45,17,8,2024,0,2,47,3,53,0
1,3,1,8,5,520,6,1,15,2,4,32,0,12,41,13,5,2023,2,1,46,28,18,0
0,1,6,4,5,393,11,1,45,1,4,59,1,8,41,9,5,2022,1,5,46,2,42,1
1,0,2,8,5,384,7,0,27,2,6,25,1,20,41,19,5,2023,2,3,46,2,30,0
1,1,4,8,5,484,4,1,37,2,2,69,1,58,41,53,8,2025,2,0,46,22,35,1
1,3,2,6,5,329,12,1,17,2,3,16,0,15,24,10,5,2020,2,5,27,28,19,0
2,1,1,8,8,152,4,0,13,1,6,21,0,43,62,37,5,2023,1,0,66,34,16,0
1,3,2,8,5,489,2,1,4,2,3,22,1,24,41,58,8,2023,2,3,46,2,5,0
3,0,3,2,5,1813,4,0,15,2,4,62,1,65,41,61,5,2016,2,3,46,28,18,0
1,1,3,8,5,582,2,1,4,2,2,39,1,17,41,39,8,2023,2,3,46,9,5,0
0,1,1,7,5,722,9,1,31,2,2,14,0,72,41,71,7,2015,2,1,46,9,32,1
1,1,3,6,5,833,2,1,20,3,4,35,0,16,41,15,5,2022,0,5,46,2,21,1
1,1,3,8,5,519,9,1,27,2,4,74,0,14,41,54,5,2016,2,3,46,22,30,0
0,3,1,6,6,355,4,0,32,1,1,66,0,28,29,80,6,2023,1,3,34,23,15,1
0,3,1,4,5,805,8,1,29,2,5,18,0,18,41,60,4,2025,2,1,46,30,47,1
1,1,3,8,5,459,5,0,0,2,6,4,1,38,41,31,8,2023,2,3,46,29,24,1
1,1,4,8,5,461,6,1,18,2,2,97,3,14,41,54,5,2018,2,5,46,22,1,0
2,1,2,8,8,105,5,1,4,1,2,58,0,73,39,70,8,2019,1,5,17,34,5,1
3,1,3,2,5,1602,1,1,45,2,5,51,2,75,41,72,5,2017,2,4,46,2,42,0
1,1,3,8,5,308,8,1,27,1,6,41,1,66,41,62,5,2025,1,2,46,22,30,0
3,0,3,3,5,946,10,1,55,2,3,35,3,78,35,73,5,2017,2,5,40,22,55,0
1,1,3,8,5,662,1,1,54,2,5,63,1,43,41,37,5,2023,0,3,46,14,34,0
3,3,2,3,5,1159,7,1,24,2,4,26,1,37,41,66,3,2018,2,4,46,21,29,1
0,3,3,4,5,809,11,1,27,2,1,50,0,52,41,46,5,2021,2,0,46,9,30,0
0,0,1,6,2,314,4,1,23,1,4,90,0,10,72,7,2,2025,1,5,75,1,26,1
0,2,1,4,5,360,4,1,27,1,5,38,1,53,41,48,5,2016,1,0,46,5,30,1
0,1,2,7,5,866,12,0,17,2,4,22,0,11,41,8,5,2019,2,4,46,15,19,0
0,0,2,8,4,1110,12,1,3,2,4,6,1,43,60,37,4,2016,2,3,18,13,4,1
1,1,1,6,5,309,8,1,18,2,0,80,1,16,41,15,5,2024,2,2,46,22,1,1
1,1,1,8,5,683,11,1,0,3,4,52,0,38,41,31,8,2025,0,1,46,31,24,0
0,1,2,4,5,366,4,1,35,1,1,63,0,5,41,6,4,2023,1,3,46,9,8,0
0,3,2,2,8,665,7,0,49,2,0,25,2,13,58,14,8,2022,2,4,24,29,53,1
1,1,3,6,5,307,10,1,21,2,6,82,0,61,41,57,6,2025,2,1,46,28,25,0
0,1,2,7,5,792,9,0,31,2,3,32,2,32,41,26,7,2025,2,3,46,31,32,1
0,0,3,4,3,360,11,1,27,1,4,132,1,53,28,48,5,2019,1,4,33,17,30,0
1,0,1,8,5,242,3,1,13,1,2,20,0,73,41,70,5,2018,1,3,46,9,16,0
0,1,2,4,5,371,2,1,16,1,4,14,0,69,41,33,4,2022,1,3,46,2,41,1
1,1,3,8,5,998,7,1,27,3,1,10,2,48,41,43,5,2021,0,0,46,31,30,0
2,1,5,8,8,111,6,1,8,1,4,72,1,22,70,22,8,2023,1,3,73,14,9,1
0,1,4,7,5,399,8,0,20,1,2,20,0,11,41,8,5,2017,1,2,46,15,21,0
0,1,6,7,5,756,10,0,55,2,5,2,2,70,63,27,5,2020,2,2,68,22,55,0
2,1,2,5,5,1315,11,1,45,3,6,15,0,7,20,47,5,2019,0,3,25,30,42,0
1,1,5,6,5,200,5,0,15,1,0,14,1,74,41,69,5,2024,1,4,46,31,18,1
1,0,2,8,5,573,8,0,13,2,5,102,0,22,41,22,5,2025,2,3,46,31,16,1
2,1,2,5,5,221,3,0,20,2,3,58,0,40,23,35,5,2023,2,4,26,31,21,0
1,2,2,8,5,518,2,1,15,2,1,1,0,51,41,17,5,2015,2,2,46,34,18,0
1,2,6,8,5,546,11,0,45,2,1,36,1,43,35,37,5,2021,2,2,40,9,42,0
3,1,5,1,5,1341,1,0,27,2,6,73,0,63,41,18,5,2021,2,4,46,0,30,0
0,1,5,3,1,855,2,1,33,2,0,19,1,67,77,67,3,2025,2,3,80,7,12,1
0,0,2,4,5,828,7,0,27,2,4,13,1,69,41,33,5,2025,2,1,46,9,30,0
1,0,4,8,5,614,7,1,43,2,4,50,1,24,41,58,8,2024,2,3,46,2,45,1
0,3,2,7,4,684,7,0,35,2,2,90,1,72,78,71,4,2018,2,5,79,17,8,0
3,1,4,1,5,883,7,1,15,1,2,25,0,31,41,65,5,2022,1,1,46,2,18,0
0,1,5,8,4,888,7,1,43,2,0,26,2,12,81,13,8,2016,2,1,81,37,45,1
2,1,1,5,5,199,12,1,54,2,4,74,1,55,41,50,5,2025,2,1,46,31,34,0
0,1,5,7,5,800,4,1,55,2,6,50,1,45,41,40,5,2023,2,1,46,24,55,0
0,0,6,7,5,753,3,1,15,2,0,59,3,19,41,34,5,2018,2,3,46,28,18,1
0,0,5,4,3,789,8,1,29,2,6,6,2,81,67,81,4,2017,2,3,67,5,47,1
3,1,2,3,5,437,8,0,10,1,0,2,0,64,55,11,3,2024,1,5,54,28,3,0
0,0,2,7,5,746,4,1,45,2,0,46,0,57,41,49,5,2017,2,3,46,36,42,0
1,3,3,8,5,231,12,1,0,1,2,1,1,35,0,30,8,2023,1,4,6,34,24,0
3,0,1,5,1,1314,9,1,40,2,3,41,1,55,77,50,5,2021,2,1,80,31,39,0
0,1,3,4,5,784,5,1,18,2,5,24,0,4,41,5,5,2018,2,4,46,13,1,0
2,1,2,5,5,214,3,0,20,2,0,65,0,25,41,20,5,2025,2,2,46,9,21,0
0,0,1,6,6,598,8,1,41,2,0,27,1,3,15,4,6,2020,2,1,16,16,40,0
3,1,2,3,5,1072,12,1,18,2,3,94,0,37,41,66,5,2024,2,3,46,7,1,1
3,1,3,3,5,948,5,1,20,2,2,137,0,33,41,28,5,2024,2,3,46,21,21,0
3,1,2,3,5,535,8,1,45,1,4,18,0,78,41,73,5,2016,1,3,46,31,42,0
2,1,1,5,5,210,11,1,20,2,3,38,1,26,47,23,5,2018,2,3,7,30,21,1
0,2,1,5,4,695,6,1,47,2,5,18,0,46,60,41,4,2021,2,3,18,13,49,1
3,0,4,2,5,735,11,1,17,1,6,19,3,13,41,14,5,2019,1,1,46,31,19,1
0,0,1,4,5,497,8,1,27,1,6,103,1,59,41,52,5,2018,1,2,46,22,30,1
0,1,1,8,7,798,1,1,37,2,1,61,1,66,8,62,8,2017,2,1,11,36,35,1
1,1,3,6,5,390,8,1,27,2,4,50,2,74,41,69,5,2023,2,1,46,9,30,0
0,2,4,4,5,385,8,0,47,1,3,12,1,53,41,48,4,2018,1,1,46,9,49,1
0,1,1,4,2,547,1,1,54,2,5,60,0,5,14,6,5,2019,2,3,13,1,34,1
0,1,5,2,8,689,4,1,50,2,3,86,1,1,19,2,8,2018,2,3,20,29,46,0
1,1,6,8,5,588,8,1,55,2,5,53,2,66,20,62,5,2017,2,3,25,31,55,1
0,1,6,4,5,958,12,0,47,2,4,2,3,39,63,32,4,2022,2,3,68,28,49,0
0,1,2,7,5,666,10,1,27,2,4,62,0,11,41,8,5,2019,2,1,46,9,30,0
0,1,5,4,5,908,3,1,29,2,2,55,1,49,41,44,4,2025,2,5,46,13,47,1
1,1,6,8,5,614,1,1,45,2,2,63,2,17,41,39,5,2021,2,1,46,30,42,0
3,1,4,3,5,1121,4,1,27,2,3,33,1,67,41,67,5,2024,2,1,46,31,30,0
0,0,2,7,5,758,2,1,17,2,2,106,1,11,41,8,5,2023,2,4,46,24,19,1
1,3,4,5,6,360,3,1,20,2,5,26,0,71,74,68,5,2016,2,4,76,8,21,1
1,1,5,8,5,518,6,1,55,2,1,45,1,73,41,70,5,2019,2,4,46,25,55,1
1,1,2,8,5,230,12,1,4,1,4,33,1,43,41,37,8,2023,1,1,46,31,5,0
3,1,1,3,5,490,3,1,20,1,6,23,0,64,41,11,5,2015,1,3,46,2,21,0
0,2,2,7,6,830,11,0,20,2,2,41,2,19,75,34,5,2021,2,5,77,16,21,0
0,1,1,7,4,628,3,0,47,2,1,20,1,32,81,26,4,2025,2,3,81,5,49,0
1,1,3,8,5,549,5,0,55,2,0,80,0,58,41,53,5,2017,2,5,46,22,55,1
0,2,3,8,3,889,12,1,11,2,3,5,1,22,11,22,3,2023,0,1,64,3,11,0
0,0,3,4,5,764,9,0,13,2,3,82,1,69,41,33,5,2024,2,5,46,17,16,1
0,3,4,4,3,692,10,1,24,2,0,66,2,39,66,32,3,2025,2,0,37,18,29,1
1,1,2,6,5,178,8,1,27,1,0,58,0,3,41,4,5,2025,1,4,46,35,30,0
1,1,3,6,5,380,12,1,40,2,0,69,0,28,23,80,5,2023,2,3,26,30,39,0
1,1,3,8,5,229,10,1,13,1,0,14,1,66,41,62,5,2025,1,1,46,9,16,0
0,1,1,4,8,870,1,0,4,2,3,10,0,30,58,25,8,2024,2,1,24,29,5,1
3,1,1,2,5,1832,8,1,27,2,4,8,0,56,41,51,5,2022,2,3,46,30,30,1
3,0,1,2,5,1085,4,1,40,2,3,93,0,75,23,72,5,2018,0,1,26,2,39,0
0,1,3,8,0,838,9,0,42,2,5,33,1,73,42,70,0,2024,2,1,50,3,44,0
0,1,2,7,5,337,3,1,13,1,5,20,0,45,41,40,5,2016,1,1,46,28,16,1
3,1,3,3,5,1477,11,1,15,3,4,25,1,78,41,73,5,2024,0,5,46,21,18,1
3,0,2,1,5,785,3,1,48,1,3,21,1,41,41,59,1,2023,1,3,46,28,50,0
1,1,1,8,5,614,3,1,4,2,3,4,1,35,41,30,8,2023,2,0,46,31,5,0
0,3,4,4,5,882,5,1,45,2,3,79,1,18,63,60,5,2017,2,5,68,30,42,1
1,1,3,8,5,406,5,1,18,2,6,31,0,14,41,54,5,2025,2,5,46,30,1,0
1,2,1,8,5,557,7,1,0,2,5,77,0,35,50,30,8,2017,2,3,55,2,24,0
0,1,4,4,5,848,1,0,45,2,6,51,0,69,41,33,5,2025,2,1,46,22,42,0
3,1,1,5,1,647,6,1,12,1,3,35,1,68,45,63,1,2023,1,3,47,9,13,1
1,1,5,8,5,480,3,1,27,2,5,58,0,38,41,31,5,2023,2,1,46,28,30,0
1,1,2,8,5,524,4,0,54,2,5,11,0,66,41,62,5,2021,2,1,46,2,34,1
0,3,3,0,5,456,12,1,27,1,1,63,1,0,0,1,5,2024,1,5,6,31,30,0
3,0,3,1,5,1642,7,0,27,3,5,79,0,63,41,18,5,2017,0,3,46,9,30,0
2,2,3,5,5,153,10,1,55,2,1,65,0,40,41,35,5,2016,2,4,46,28,55,1
0,1,3,0,5,802,4,0,17,2,4,40,0,44,41,38,5,2022,2,1,46,31,19,1
1,1,4,8,5,496,2,0,4,2,5,10,1,51,20,17,8,2017,2,4,25,3,5,1
0,1,3,0,6,703,5,0,21,2,6,21,1,2,57,3,6,2016,2,3,61,20,25,1
3,0,2,2,5,728,1,0,39,1,1,73,0,56,41,51,2,2018,1,3,46,28,38,0
1,0,2,5,8,273,1,1,27,1,4,4,2,27,31,24,5,2022,1,0,38,9,30,1
0,0,4,7,5,655,10,1,52,2,3,105,0,70,47,27,7,2023,2,3,7,2,51,0
2,3,3,5,5,75,11,1,45,1,1,104,1,25,41,20,5,2024,1,1,46,30,42,1
2,1,3,8,8,216,8,0,43,2,6,56,1,17,43,39,8,2019,2,1,48,14,45,0
0,1,3,3,6,404,10,1,36,1,3,83,0,67,80,67,6,2022,1,1,28,35,36,1
0,1,2,4,5,737,11,0,27,2,0,41,1,8,41,9,5,2025,0,2,46,37,30,0
2,0,1,8,8,276,10,1,37,2,6,80,0,14,37,54,8,2023,2,3,43,25,35,0
3,1,1,2,5,879,8,1,23,1,4,96,0,13,41,14,2,2018,1,3,46,30,26,1
1,1,4,6,5,381,3,1,17,2,6,2,1,3,68,4,5,2018,2,3,71,28,19,0
1,3,4,8,5,606,10,1,27,2,0,43,1,24,41,58,5,2018,2,3,46,22,30,1
0,1,2,7,5,692,11,1,27,2,3,82,1,70,41,27,5,2021,2,3,46,9,30,0
1,0,4,8,5,521,10,1,55,2,3,4,0,73,41,70,5,2018,2,3,46,25,55,1
0,2,1,4,5,893,7,0,16,2,0,45,1,81,41,81,4,2018,2,2,46,2,41,1
1,2,4,8,5,663,12,1,27,2,6,47,0,38,41,31,5,2023,0,0,46,9,30,1
2,1,1,5,5,63,8,1,27,1,1,62,1,25,55,20,5,2023,1,1,54,22,30,0
0,3,5,8,6,355,7,1,41,1,5,28,3,58,15,53,6,2024,1,4,16,16,40,0
0,1,2,2,6,736,5,1,21,2,0,55,0,1,7,2,6,2022,2,4,10,35,25,1
0,1,2,4,5,431,3,1,7,1,2,61,0,18,41,60,4,2023,1,3,46,28,10,0
2,1,2,5,5,191,5,1,18,2,0,35,0,68,41,63,5,2025,2,1,46,28,1,1
1,1,1,8,5,495,1,1,20,2,1,13,0,38,41,31,5,2016,2,1,46,28,21,0
1,1,2,6,5,1081,2,0,55,3,3,10,0,34,68,29,5,2021,0,0,71,31,55,0
0,1,2,1,8,694,5,0,13,2,2,110,1,63,62,18,5,2015,2,2,66,3,16,1
0,3,5,7,5,764,10,1,55,2,6,30,1,11,41,8,5,2023,2,3,46,31,55,1
1,0,4,8,5,510,2,0,40,2,4,54,0,14,41,54,5,2023,2,3,46,22,39,1
1,1,5,8,5,594,7,1,43,2,6,60,3,20,41,19,8,2024,2,1,46,31,45,1
3,0,2,2,5,854,11,1,17,1,5,4,0,65,41,61,5,2025,1,3,46,28,19,0
1,1,2,6,5,972,10,0,54,3,6,28,1,28,47,80,5,2018,0,4,7,2,34,0
0,1,2,7,3,765,1,1,20,2,6,101,1,19,76,34,5,2025,2,4,62,21,21,1
1,1,1,8,5,212,10,1,55,1,0,7,1,66,63,62,5,2023,1,1,68,29,55,1
3,1,2,3,5,1022,4,1,27,2,3,49,0,37,41,66,5,2017,2,0,46,30,30,0
1,0,3,5,6,117,6,1,27,1,1,28,0,26,7,23,5,2025,1,1,10,9,30,1
1,1,2,8,5,610,8,0,27,2,4,74,1,20,41,19,5,2025,2,3,46,29,30,1
2,1,1,5,5,175,4,1,40,2,3,38,1,7,41,47,5,2022,2,2,46,22,39,0
0,2,2,4,5,326,12,1,3,1,1,30,1,29,41,64,4,2017,1,5,46,30,4,1
0,1,2,4,5,939,2,1,6,2,1,80,0,59,41,52,4,2023,2,4,46,37,22,0
1,1,2,6,5,313,2,1,15,2,1,58,1,10,41,7,5,2019,2,5,46,19,18,1
1,2,1,6,5,123,10,1,13,1,4,18,1,9,41,12,5,2017,1,0,46,23,16,0
0,2,1,6,6,729,7,0,21,2,2,72,0,61,4,57,6,2015,2,3,3,19,25,1
0,1,1,4,5,834,12,1,45,2,0,68,1,49,35,44,5,2022,2,3,40,5,42,1
1,0,1,5,6,311,5,1,54,2,4,3,0,54,10,55,5,2019,2,1,15,23,34,0
1,1,1,8,5,834,8,1,27,3,5,10,1,48,41,43,5,2017,0,1,46,34,30,1
1,0,1,8,5,571,2,1,18,2,4,78,0,43,41,37,5,2022,2,5,46,9,1,0
1,1,3,8,5,223,6,1,13,1,2,41,1,58,41,53,5,2025,1,0,46,2,16,1
0,2,6,6,8,286,1,1,17,1,2,24,3,76,54,74,5,2015,1,0,14,34,19,1
0,1,2,4,5,435,8,0,35,1,3,11,1,4,41,5,4,2023,1,4,46,28,8,1
1,0,2,6,4,875,11,1,53,3,4,16,1,77,5,75,4,2019,0,1,4,37,54,1
1,1,4,6,5,192,5,1,27,1,3,46,1,74,41,69,5,2017,1,3,46,2,30,0
0,1,1,4,5,363,5,1,40,1,0,17,1,69,41,33,5,2025,1,3,46,31,39,1
3,1,4,2,5,1749,1,1,45,2,1,38,2,1,41,2,5,2021,2,5,46,30,42,1
0,0,1,7,3,474,6,1,9,1,1,27,0,57,28,49,3,2020,1,3,33,18,14,1
0,1,1,7,7,571,6,0,52,2,6,57,0,57,34,49,7,2021,2,3,19,36,51,0
1,1,3,8,5,288,1,1,45,1,2,59,1,58,50,53,5,2023,1,5,55,14,42,1
1,1,2,8,5,543,3,1,0,2,3,27,1,73,63,70,8,2023,2,3,68,31,24,0
1,1,6,6,5,224,12,0,27,1,0,43,5,34,41,29,5,2025,1,4,46,9,30,0
1,1,1,5,6,119,7,0,54,1,4,47,0,54,29,55,5,2024,1,0,34,8,34,1
0,0,3,4,5,873,10,1,16,2,1,86,1,49,41,44,4,2025,2,0,46,22,41,1
1,1,6,6,5,133,4,1,32,1,4,25,3,74,41,69,6,2021,1,5,46,28,15,1
0,3,2,7,5,430,2,1,54,1,4,88,1,57,41,49,5,2018,1,0,46,31,34,0
1,1,5,8,5,442,12,1,45,2,1,8,1,58,41,53,5,2022,2,0,46,29,42,0
3,0,2,3,5,982,4,0,11,2,2,39,1,33,41,28,3,2023,2,5,46,31,11,1
1,1,1,6,4,785,5,0,32,2,3,12,0,16,48,15,6,2019,2,3,53,19,15,0
1,0,5,6,5,188,10,1,27,1,3,3,1,16,41,15,5,2020,1,1,46,23,30,1
1,3,2,8,5,456,5,1,20,2,1,8,0,22,41,22,5,2023,2,1,46,2,21,1
0,1,3,7,8,756,2,1,8,2,5,53,0,45,13,40,8,2025,2,5,12,36,9,1
1,1,1,6,5,250,8,1,55,1,6,17,0,9,35,12,5,2022,1,0,40,2,55,0
2,1,2,5,5,64,12,1,45,1,6,22,2,55,23,50,5,2019,1,1,26,9,42,0
0,1,4,4,5,809,6,1,45,2,5,21,2,53,41,48,5,2016,2,1,46,2,42,1
1,2,2,6,5,199,11,1,54,1,2,1,1,16,41,15,5,2016,1,1,46,28,34,1
0,1,2,4,5,913,11,0,45,2,1,20,2,59,20,52,5,2021,2,2,25,28,42,1
1,1,6,8,5,769,4,1,27,2,6,46,1,43,41,37,5,2017,0,2,46,9,30,0
0,3,2,1,8,715,3,0,43,2,2,29,0,36,39,79,8,2024,2,4,17,14,45,0
3,1,2,3,5,925,10,0,20,2,2,34,0,78,23,73,5,2023,2,5,26,9,21,0
0,3,2,0,5,1158,10,0,55,3,0,2,1,2,41,3,5,2018,0,3,46,28,55,1
1,1,2,8,5,633,11,1,43,2,6,44,0,12,41,13,8,2019,0,3,46,22,45,0
0,1,4,7,5,347,6,1,13,1,5,31,3,70,41,27,5,2024,1,4,46,30,16,1
0,1,3,4,5,353,4,1,29,1,3,6,0,29,41,64,4,2025,1,1,46,31,47,0
0,1,2,7,5,319,10,1,13,1,2,36,0,11,41,8,5,2016,1,4,46,30,16,1
1,1,1,8,5,185,12,1,15,1,5,45,0,35,41,30,5,2024,1,1,46,2,18,0
1,0,5,6,5,283,9,1,15,2,3,51,3,76,47,74,5,2022,2,5,7,9,18,0
0,1,4,7,5,794,11,1,13,2,2,81,1,19,41,34,5,2019,2,3,46,22,16,1
0,1,4,4,5,790,1,0,45,2,3,19,1,53,41,48,5,2023,2,5,46,28,42,0
0,1,3,4,8,531,4,1,8,1,0,34,0,30,22,25,8,2022,1,1,22,14,9,1
0,1,1,4,5,360,5,1,45,1,1,69,0,53,35,48,5,2025,1,1,40,30,42,0
0,3,2,8,3,304,11,1,13,1,4,51,0,35,66,30,5,2023,1,5,37,18,16,1
1,3,1,8,5,267,3,1,27,1,0,4,0,14,41,54,5,2023,1,3,46,9,30,0
1,0,3,8,5,297,1,0,27,1,1,9,0,24,41,58,5,2016,1,5,46,3,30,1
3,0,1,3,5,1160,12,0,27,2,6,35,1,78,41,73,5,2018,2,3,46,2,30,0
1,0,3,6,5,369,12,1,21,2,6,21,2,77,41,75,6,2022,2,3,46,22,25,1
1,0,1,6,5,100,8,1,54,1,3,61,1,34,41,29,5,2022,1,2,46,8,34,1
0,3,1,0,5,655,5,1,18,2,4,28,1,21,41,16,5,2023,2,5,46,32,1,1
1,1,3,8,5,232,7,1,55,1,6,14,0,24,41,58,5,2019,1,1,46,30,55,0
0,1,6,4,5,448,2,1,53,1,6,41,2,30,41,25,4,2015,1,3,46,28,54,0
1,1,2,6,5,490,9,1,27,2,0,54,1,77,41,75,5,2019,0,2,46,31,30,0
0,1,2,5,4,800,5,1,6,2,4,23,0,7,64,47,4,2021,2,5,29,9,22,0
0,1,1,4,8,888,10,1,20,2,3,68,0,69,62,33,5,2022,2,2,66,34,21,1
1,1,1,8,5,180,4,1,45,1,3,29,0,43,41,37,5,2025,1,2,46,9,42,1
2,1,5,5,5,82,10,1,27,1,3,65,2,26,41,23,5,2017,1,0,46,9,30,1
2,1,3,5,5,949,7,1,27,3,5,15,0,27,41,24,5,2018,0,1,46,31,30,1
1,0,5,8,5,1004,1,1,55,3,0,52,2,17,35,39,5,2024,0,1,40,14,55,1
0,1,2,7,5,771,2,1,18,2,1,68,0,19,41,34,5,2022,2,2,46,15,1,0
0,1,1,4,1,756,8,1,48,2,6,50,0,39,79,32,1,2022,2,3,36,12,50,0
0,1,2,4,5,322,3,1,18,1,2,13,0,5,0,6,5,2017,1,1,6,30,1,1
0,3,2,4,5,749,11,0,54,2,3,81,0,4,41,5,5,2017,2,1,46,22,34,1
1,0,3,8,5,518,12,1,37,2,1,55,0,43,41,37,8,2019,2,3,46,30,35,0
1,1,1,8,5,496,1,0,40,2,0,51,1,12,41,13,5,2021,2,3,46,9,39,1
3,2,3,3,5,869,10,1,20,2,2,32,0,64,41,11,5,2017,2,0,46,31,21,1
0,1,3,4,7,1036,2,1,52,3,5,26,1,69,27,33,7,2024,0,1,70,33,51,0
2,1,1,5,5,68,11,1,20,1,3,47,0,54,41,55,5,2019,1,0,46,28,21,1
0,0,1,7,5,771,1,1,54,2,3,7,1,19,47,34,5,2024,2,1,7,30,34,1
1,1,2,8,5,644,8,1,8,2,4,8,0,22,47,22,8,2022,0,3,7,34,9,0
1,0,3,8,5,530,3,1,13,2,3,19,0,51,41,17,5,2019,2,1,46,2,16,1
0,0,1,4,5,878,12,1,45,2,3,25,1,52,50,46,5,2023,2,0,55,30,42,1
1,1,6,8,5,217,7,1,55,1,2,74,2,66,41,62,5,2021,1,0,46,34,55,0
1,1,1,6,5,245,4,1,20,1,6,67,0,34,41,29,5,2024,1,5,46,9,21,1
1,1,1,8,5,285,5,1,0,1,4,37,0,20,41,19,8,2024,1,4,46,34,24,0
1,1,1,8,5,209,8,1,27,1,5,38,1,17,41,39,5,2022,1,4,46,28,30,0
1,1,2,8,5,288,6,1,40,1,1,10,1,14,41,54,5,2017,1,1,46,3,39,0
0,1,3,7,5,728,7,1,20,2,4,71,1,57,41,49,5,2020,2,1,46,28,21,0
2,3,6,5,5,159,3,1,45,2,2,48,4,25,41,20,5,2020,2,0,46,31,42,0
0,1,2,4,5,828,7,1,53,2,4,34,1,49,23,44,4,2023,2,3,26,13,54,0
1,1,4,6,5,280,5,1,40,2,6,13,2,28,41,80,5,2025,2,3,46,28,39,1
1,1,3,8,5,550,10,1,4,2,5,23,0,35,41,30,8,2024,2,4,46,14,5,1
0,1,2,7,5,689,5,0,55,2,3,101,0,57,63,49,5,2023,2,1,68,31,55,1
1,1,3,8,5,1041,8,1,8,3,3,17,0,17,41,39,8,2019,0,3,46,29,9,1
1,0,2,8,5,464,11,1,37,2,1,47,1,22,41,22,8,2017,2,3,46,31,35,0
1,2,1,6,5,273,10,1,55,2,1,24,0,77,35,75,5,2024,2,3,40,22,55,0
2,1,4,5,5,178,12,1,54,2,0,16,2,55,47,50,5,2018,2,2,7,22,34,0
1,1,6,8,5,550,2,1,17,2,3,19,0,20,41,19,5,2015,2,4,46,34,19,1
1,1,5,8,5,232,7,1,8,1,3,76,2,73,41,70,8,2023,1,3,46,2,9,1
0,1,1,7,5,308,3,1,27,1,2,24,1,57,41,49,5,2023,1,3,46,2,30,1
0,1,3,8,0,475,2,1,42,1,5,72,1,14,38,54,0,2024,1,3,44,32,44,0
1,0,3,6,5,425,4,1,17,2,1,7,0,10,41,7,5,2024,2,4,46,2,19,1
1,1,2,8,5,200,4,1,45,1,6,27,0,58,55,53,5,2025,1,3,54,30,42,0
1,0,2,8,5,522,6,1,55,2,6,35,0,43,41,37,5,2018,2,3,46,28,55,1
3,1,5,3,5,1041,10,0,17,2,1,2,2,67,0,67,5,2025,2,5,6,2,19,0
1,2,5,8,5,521,12,0,0,2,2,3,2,17,41,39,8,2023,2,1,46,22,24,1
0,1,1,7,5,801,7,1,55,2,5,32,0,32,35,26,5,2019,2,2,40,9,55,1
1,1,2,6,5,271,6,1,18,2,4,21,1,9,41,12,5,2025,2,3,46,22,1,0
0,1,1,1,7,755,12,0,44,2,0,51,1,41,71,59,7,2021,2,4,72,4,43,1
1,1,1,6,5,356,10,1,21,2,5,85,0,61,41,57,6,2023,2,3,46,8,25,0
1,2,5,8,5,491,10,0,13,2,0,25,3,58,41,53,5,2016,2,1,46,31,16,0
0,2,5,4,5,719,6,1,28,2,0,2,1,29,41,64,4,2024,0,5,46,33,31,0
1,1,2,8,5,403,6,1,55,2,2,38,1,66,41,62,5,2024,0,5,46,14,55,1
2,1,5,5,5,230,10,1,55,2,4,29,1,68,41,63,5,2020,2,1,46,2,55,0
1,0,4,8,5,464,12,1,50,2,3,50,1,20,41,19,8,2016,0,3,46,22,46,0
0,1,3,7,5,804,9,1,38,2,3,51,1,11,35,8,7,2020,2,3,40,31,37,0
1,1,2,5,6,105,9,1,13,1,2,24,0,7,15,47,5,2022,1,0,16,2,16,1
0,0,3,0,5,342,11,1,15,1,5,12,1,23,41,21,5,2025,1,3,46,30,18,1
2,1,2,5,5,178,12,1,55,2,5,93,2,25,41,20,5,2016,0,0,46,28,55,1
1,0,3,8,5,903,3,1,27,3,0,68,1,14,41,54,5,2022,0,4,46,34,30,0
0,1,6,4,5,816,6,1,35,2,1,27,1,79,23,78,4,2020,2,1,26,17,8,0
0,0,2,4,5,433,10,0,20,1,4,59,0,81,41,81,5,2024,1,0,46,22,21,0
0,1,1,7,5,414,11,1,52,1,2,8,1,70,41,27,7,2025,1,2,46,31,51,1
1,3,5,8,5,218,3,0,27,1,2,67,2,17,41,39,5,2016,1,3,46,28,30,0
1,0,1,8,5,401,1,1,40,2,4,59,0,48,41,43,5,2019,2,4,46,31,39,1
3,1,1,3,5,439,10,1,27,1,6,80,0,78,41,73,5,2019,1,3,46,7,30,1
2,1,3,5,5,166,8,1,15,2,3,25,0,26,41,23,5,2025,2,3,46,9,18,1
1,1,1,8,5,235,6,1,27,1,0,73,0,35,41,30,5,2015,1,1,46,31,30,0
1,1,1,8,5,496,11,0,18,2,2,43,0,17,41,39,5,2025,2,4,46,30,1,1
1,3,1,6,5,437,12,1,40,2,6,32,1,15,41,10,5,2018,2,1,46,28,39,0
0,0,1,7,5,440,6,1,13,1,2,24,0,70,41,27,5,2021,1,3,46,22,16,1
1,1,3,8,5,458,2,1,54,2,4,77,1,48,41,43,5,2022,2,1,46,22,34,0
0,1,5,7,5,717,12,1,45,2,0,28,0,19,41,34,5,2023,2,1,46,22,42,1
1,0,3,8,5,604,2,1,8,2,2,33,0,22,41,22,8,2018,2,2,46,31,9,0
0,3,2,4,5,793,4,1,13,2,3,10,0,81,41,81,5,2025,2,3,46,33,16,1
0,2,2,4,5,439,2,1,17,1,0,49,1,30,41,25,5,2019,1,3,46,9,19,1
2,1,4,5,5,241,5,1,40,2,3,56,0,26,41,23,5,2019,2,3,46,28,39,1
0,0,5,5,4,634,6,1,16,2,4,73,1,55,25,50,4,2020,2,3,30,12,41,1
1,1,4,6,4,670,1,1,22,2,4,1,2,74,25,69,4,2019,2,4,30,5,23,1
1,3,2,8,5,254,5,0,27,1,5,82,1,20,41,19,5,2019,1,3,46,25,30,1
1,1,3,8,5,283,7,1,43,1,5,53,0,12,41,13,8,2023,1,3,46,28,45,0
1,1,4,8,5,221,10,1,27,1,1,41,0,17,41,39,5,2024,1,5,46,25,30,1
0,1,1,4,5,822,1,0,55,2,1,53,0,81,35,81,5,2023,2,0,40,28,55,0
3,1,3,1,5,1208,9,1,27,2,6,34,0,31,41,65,5,2017,0,5,46,22,30,0
3,2,1,1,5,1459,6,1,17,2,4,9,1,31,35,65,5,2015,2,0,40,22,19,1
0,1,3,4,5,375,12,1,29,1,3,32,0,81,41,81,4,2017,1,1,46,13,47,1
0,0,1,0,4,908,1,1,6,2,6,85,0,23,48,21,4,2024,2,4,53,33,22,1
0,1,1,4,5,330,1,1,28,1,0,51,1,59,41,52,4,2025,1,2,46,22,31,0
1,1,4,8,5,316,2,1,27,1,3,111,2,58,41,53,5,2025,1,5,46,31,30,0
0,1,4,4,8,902,11,1,16,2,3,89,0,59,43,52,4,2019,2,0,48,25,41,0
1,0,1,8,5,287,6,1,27,1,5,11,1,22,41,22,5,2017,1,4,46,30,30,0
0,1,1,3,6,762,4,1,11,2,6,17,0,67,15,67,3,2016,2,2,16,16,11,0
2,0,1,5,5,157,1,1,27,2,4,32,0,27,41,24,5,2020,2,5,46,30,30,0
1,1,1,8,5,215,3,1,49,1,0,24,0,12,20,13,8,2019,1,1,25,30,53,0
0,3,2,4,5,1140,7,1,7,3,0,13,0,49,41,44,4,2023,0,5,46,22,10,0
1,1,2,6,5,1002,8,1,17,3,5,22,1,16,41,15,5,2015,0,3,46,31,19,0
1,1,3,8,5,293,1,1,18,1,1,29,0,24,41,58,5,2019,1,1,46,30,1,1
1,3,5,6,5,375,5,1,27,2,0,48,1,15,41,10,5,2024,2,2,46,22,30,0
0,1,6,7,5,409,7,1,52,1,1,21,3,11,55,8,7,2023,1,1,54,15,51,1
0,3,2,3,6,841,9,1,32,2,3,76,2,33,75,28,6,2022,2,1,77,7,15,1
1,0,2,8,5,728,8,1,54,2,2,53,0,12,41,13,5,2021,0,5,46,9,34,0
0,1,6,6,3,264,9,0,9,1,1,68,1,28,76,80,3,2016,1,4,62,18,14,1
2,1,3,5,5,172,9,1,20,2,1,45,2,26,47,23,5,2021,2,5,7,22,21,1
0,1,2,4,5,697,8,1,13,2,2,9,0,81,55,81,5,2016,2,1,54,30,16,0
1,1,3,6,5,389,6,1,21,2,3,61,1,61,41,57,6,2016,2,5,46,2,25,1
1,1,4,6,5,695,6,1,45,3,5,17,0,28,41,80,5,2023,0,1,46,9,42,1
3,1,5,3,5,1053,11,0,20,2,5,58,3,64,41,11,5,2019,2,1,46,2,21,1
0,0,1,5,0,546,9,1,42,2,5,15,0,55,16,50,0,2022,0,5,21,30,44,0
0,1,1,4,5,835,4,1,22,2,4,38,1,39,41,32,4,2025,2,2,46,2,23,0
0,1,3,7,5,777,11,1,27,2,0,41,1,45,41,40,5,2017,2,3,46,22,30,1
2,2,5,5,5,119,3,1,27,1,6,52,2,71,41,68,5,2015,1,1,46,22,30,0
0,1,3,7,8,451,4,1,43,1,1,7,0,19,54,34,8,2023,1,0,14,14,45,1
0,0,2,4,8,409,9,0,27,1,5,111,1,5,70,6,5,2016,1,3,73,25,30,0
1,0,2,8,5,953,7,1,13,3,4,1,0,48,41,43,5,2025,0,1,46,30,16,0
0,0,1,5,7,762,4,1,44,2,0,38,1,26,71,23,7,2016,2,1,72,9,43,1
0,1,2,0,5,1104,6,1,14,3,0,47,0,0,41,1,0,2023,0,1,46,31,17,1
3,2,4,3,5,966,2,1,55,2,1,87,0,64,35,11,5,2017,2,4,40,22,55,1
3,1,1,2,5,1475,12,1,27,2,2,80,1,75,0,72,5,2025,2,2,6,31,30,1
0,1,4,0,5,404,6,1,54,1,0,32,1,2,35,3,5,2022,1,1,40,31,34,0
0,1,1,7,5,865,11,1,19,2,2,1,0,32,41,26,7,2018,0,4,46,2,20,0
1,1,3,8,5,248,10,1,17,1,2,31,1,58,23,53,5,2020,1,1,26,22,19,0
0,1,3,8,1,703,1,1,1,2,6,42,0,22,59,22,1,2018,2,2,41,3,7,1
0,3,1,4,5,877,6,1,29,2,6,68,1,39,41,32,4,2024,2,3,46,28,47,0
0,1,3,4,5,829,1,1,45,2,2,75,1,39,35,32,5,2019,2,5,40,12,42,1
1,3,4,8,5,451,11,1,37,2,5,28,1,58,20,53,8,2024,2,3,25,28,35,1
1,1,2,8,5,198,7,1,40,1,6,20,1,22,20,22,5,2024,1,3,25,29,39,0
1,1,4,8,5,298,6,1,49,1,6,16,1,24,41,58,8,2019,1,5,46,22,53,1
0,1,2,4,0,322,4,0,17,1,2,77,1,59,16,52,5,2018,1,2,21,10,19,0
0,1,1,7,5,704,12,1,44,2,0,1,1,72,41,71,7,2019,2,3,46,2,43,1
1,1,2,6,5,310,8,1,20,2,1,85,1,34,41,29,5,2023,2,5,46,19,21,0
0,1,1,8,7,709,6,1,17,2,4,51,1,20,27,19,5,2019,2,1,70,3,19,1
0,1,2,7,5,663,4,1,20,2,0,67,0,70,41,27,5,2019,2,1,46,22,21,0
1,2,2,8,5,294,3,1,49,1,5,75,1,24,41,58,8,2018,1,5,46,28,53,0
3,1,4,3,5,513,6,1,9,1,0,4,2,67,41,67,3,2018,1,1,46,2,14,0
1,1,5,8,5,291,11,1,50,1,6,7,2,20,41,19,8,2019,1,3,46,31,46,0
0,1,2,7,5,643,10,1,27,2,6,16,1,32,41,26,5,2025,2,3,46,30,30,0
3,0,2,1,5,1540,1,1,45,2,3,83,1,36,63,79,5,2019,2,0,68,9,42,1
0,1,3,7,5,705,5,1,27,2,0,33,1,45,41,40,5,2024,2,1,46,2,30,1
0,0,5,4,5,876,4,1,20,2,0,17,2,53,41,48,5,2025,2,3,46,22,21,0
1,3,4,8,5,414,7,0,37,2,4,14,0,66,41,62,8,2018,2,4,46,28,35,0
1,1,2,6,5,349,6,0,55,2,4,91,1,61,41,57,5,2021,2,1,46,31,55,0
0,1,1,7,5,727,2,1,15,2,2,59,0,19,41,34,5,2018,2,0,46,2,18,1
1,1,3,8,5,551,12,1,27,2,6,55,1,51,41,17,5,2018,2,1,46,34,30,1
0,1,1,7,5,685,6,1,27,2,3,113,1,72,41,71,5,2024,2,2,46,31,30,1
0,2,2,4,5,885,1,1,15,2,2,87,1,81,41,81,5,2015,2,1,46,37,18,0
0,1,6,4,5,807,8,1,45,2,0,92,4,81,41,81,5,2023,2,1,46,22,42,0
3,1,2,3,5,569,11,1,27,1,1,20,0,62,41,76,5,2016,1,1,46,7,30,0
0,1,1,0,5,731,5,1,27,2,6,10,0,42,41,36,5,2019,2,5,46,20,30,0
0,1,1,0,5,492,4,0,45,1,0,83,0,50,41,42,5,2023,1,1,46,31,42,1
0,1,3,3,4,384,8,1,34,1,4,7,0,62,25,76,3,2018,1,4,30,17,0,0
1,0,3,8,5,318,3,1,13,1,0,29,1,24,41,58,5,2016,1,3,46,30,16,0
0,1,2,4,8,891,1,1,28,2,3,60,1,79,22,78,4,2025,2,0,22,3,31,1
0,1,6,4,5,828,9,1,27,2,0,26,3,49,41,44,5,2019,2,2,46,12,30,0
3,3,1,2,5,1576,9,1,54,2,4,66,0,75,41,72,5,2024,2,1,46,30,34,1
0,1,4,7,5,682,9,1,54,2,3,37,1,70,41,27,5,2022,2,3,46,22,34,0
1,1,1,8,5,490,6,1,20,2,6,35,0,73,41,70,5,2022,2,3,46,25,21,0
0,1,1,0,8,450,11,1,40,1,3,18,0,50,53,42,5,2020,1,4,58,29,39,0
1,1,4,8,5,867,6,1,17,3,6,71,0,43,41,37,5,2019,0,1,46,28,19,0
1,3,1,8,5,252,10,1,50,1,5,1,1,12,41,13,8,2023,1,1,46,31,46,1
1,0,3,4,6,668,5,1,29,2,5,12,1,4,74,5,4,2023,2,1,76,16,47,0
0,1,3,7,5,779,7,0,20,2,0,35,0,11,47,8,5,2016,2,4,7,24,21,1
0,0,3,4,2,650,3,1,47,2,3,68,1,30,61,25,4,2020,2,1,65,37,49,1
0,1,2,0,5,712,5,1,14,2,2,76,0,0,41,1,0,2024,2,5,46,31,17,1
0,0,2,6,7,837,5,1,52,2,2,98,0,15,26,10,7,2024,2,3,32,15,51,0
0,3,1,5,4,1126,9,1,29,2,6,61,0,46,81,41,4,2025,0,3,81,13,47,0
0,1,1,7,5,738,11,1,17,2,0,33,0,72,41,71,5,2019,2,2,46,28,19,0
2,1,2,5,5,93,5,1,54,1,0,29,0,54,41,55,5,2020,1,1,46,9,34,0
2,1,2,5,5,177,6,0,54,2,6,136,2,54,41,55,5,2017,2,0,46,22,34,0
0,1,3,6,6,703,3,0,30,2,3,77,0,74,12,69,6,2021,2,3,9,35,33,1
0,1,1,7,5,812,2,0,40,2,2,59,1,11,41,8,5,2018,2,0,46,36,39,0
0,1,1,0,5,430,9,1,54,1,2,109,1,21,41,16,5,2018,1,5,46,30,34,1
0,1,4,7,5,746,10,1,5,2,6,63,0,57,41,49,7,2023,2,1,46,28,6,1
2,1,1,5,5,533,4,1,40,3,2,68,1,26,41,23,5,2024,0,4,46,28,39,1
0,3,2,8,4,504,9,1,43,1,5,88,2,35,78,30,8,2015,1,1,79,34,45,1
0,1,6,0,4,329,2,1,6,1,3,77,1,21,52,16,4,2020,1,3,59,5,22,1
1,1,2,8,5,312,1,1,37,1,2,169,0,48,41,43,8,2020,1,2,46,31,35,0
1,0,1,8,5,249,7,0,40,1,0,55,0,73,41,70,5,2019,1,1,46,30,39,0
3,1,2,3,5,1166,6,1,27,2,0,52,0,37,41,66,5,2020,2,5,46,30,30,0
0,2,3,4,5,732,5,1,17,2,5,81,1,8,41,9,5,2017,0,3,46,22,19,1
1,1,1,8,5,256,4,1,17,1,3,18,0,20,41,19,5,2022,1,3,46,3,19,0
0,1,2,7,1,382,11,0,46,1,1,45,0,11,59,8,7,2016,1,4,41,4,48,1
1,2,3,8,5,308,1,1,4,1,6,52,0,66,41,62,8,2023,1,3,46,22,5,0
0,2,2,7,5,779,12,0,40,2,0,68,0,19,41,34,5,2020,2,0,46,22,39,1
0,1,2,0,5,784,8,1,45,2,0,78,0,2,41,3,5,2024,2,5,46,27,42,0
0,1,1,8,0,847,11,1,0,2,3,25,0,35,3,30,8,2015,2,1,2,34,24,0
0,1,2,7,5,732,1,1,44,2,5,46,0,72,41,71,7,2023,0,3,46,30,43,1
1,3,1,8,5,1089,9,1,0,3,1,29,1,48,41,43,8,2024,0,1,46,29,24,1
3,3,6,3,5,1096,5,0,40,2,4,93,0,78,41,73,5,2019,2,3,46,2,39,0
1,0,1,8,5,447,3,1,27,2,2,50,0,66,41,62,5,2022,2,1,46,2,30,1
2,1,2,8,8,204,11,1,43,2,1,85,1,51,31,17,8,2019,2,1,38,29,45,0
1,3,2,8,5,267,9,0,55,1,4,18,1,24,41,58,5,2021,1,4,46,29,55,1
0,3,1,5,0,462,6,1,20,1,2,27,0,7,36,47,5,2024,1,4,42,30,21,1
1,3,1,8,5,517,5,1,0,2,0,10,0,73,41,70,8,2018,2,1,46,28,24,1
1,1,3,8,5,201,10,1,20,1,2,57,1,43,41,37,5,2022,1,1,46,2,21,1
2,1,2,5,5,203,5,1,15,2,2,35,0,26,41,23,5,2024,2,4,46,30,18,1
1,0,4,6,5,361,12,0,32,2,3,46,0,74,41,69,6,2017,2,0,46,23,15,1
1,2,1,8,5,470,10,1,27,2,0,96,0,66,41,62,5,2023,2,3,46,2,30,0
0,2,1,4,1,430,2,0,12,1,1,72,0,5,45,6,1,2018,1,2,47,6,13,0
0,3,2,4,5,398,8,1,55,1,6,29,1,18,41,60,5,2023,1,1,46,17,55,1
1,0,3,6,5,204,1,1,27,1,4,72,0,9,41,12,5,2024,1,3,46,30,30,1
0,1,5,7,5,1177,12,1,15,3,5,15,3,72,41,71,5,2018,0,1,46,11,18,0
0,0,1,4,5,1064,11,1,45,3,5,37,1,18,41,60,5,2019,0,5,46,31,42,1
1,1,1,8,5,270,3,1,27,1,2,113,1,22,41,22,5,2025,1,3,46,28,30,0
3,3,3,5,3,1268,1,0,20,3,6,68,0,7,76,47,5,2025,0,3,62,7,21,1
0,1,5,4,5,313,5,1,53,1,6,84,2,79,41,78,4,2017,1,3,46,30,54,1
1,1,2,8,5,256,9,0,37,1,3,15,0,38,41,31,8,2017,1,5,46,28,35,0
1,1,2,8,5,1030,12,1,0,3,6,87,2,24,41,58,8,2019,0,1,46,2,24,1
0,1,1,4,0,766,10,1,53,2,6,49,1,18,3,60,4,2017,2,5,2,20,54,1
0,0,3,4,5,446,7,0,15,1,4,43,0,79,41,78,5,2017,1,4,46,28,18,1
0,1,2,7,5,1230,6,1,27,3,4,5,1,11,41,8,5,2018,0,3,46,11,30,0
2,1,3,5,5,574,2,0,54,3,3,1,0,7,41,47,5,2018,0,3,46,22,34,1
0,3,6,4,5,420,8,1,27,1,0,47,4,29,41,64,5,2017,1,3,46,12,30,1
0,1,1,4,5,829,7,1,27,2,3,41,0,39,41,32,5,2021,2,4,46,31,30,1
0,0,2,4,5,499,6,0,27,1,2,58,0,79,41,78,5,2024,1,3,46,5,30,0
0,1,3,7,5,757,11,1,15,2,6,25,2,45,41,40,5,2024,2,0,46,9,18,0
2,3,2,5,5,173,8,1,45,2,1,21,0,40,24,35,5,2023,2,1,27,30,42,1
0,1,2,6,0,804,5,1,26,2,1,10,0,61,3,57,0,2024,0,0,2,20,28,1
0,1,2,4,5,426,10,1,27,1,4,36,0,4,41,5,5,2024,1,1,46,31,30,0
0,3,1,0,0,276,2,0,55,1,3,73,0,60,3,56,5,2025,1,1,2,27,55,1
0,1,2,4,5,350,12,1,45,1,6,94,1,52,41,46,5,2016,1,2,46,2,42,0
1,0,2,8,5,531,10,1,13,2,0,58,0,22,41,22,5,2022,2,1,46,28,16,0
3,1,3,3,5,1044,3,1,40,2,1,4,0,67,41,67,5,2024,2,5,46,22,39,0
0,1,2,4,5,868,6,0,20,2,6,34,1,53,41,48,5,2024,2,3,46,37,21,1
0,1,3,1,7,610,1,1,44,2,2,73,0,31,71,65,7,2022,2,4,72,11,43,1
0,2,1,4,3,469,4,1,34,1,2,91,1,5,66,6,3,2022,1,5,37,18,0,1
0,1,2,4,5,676,3,0,28,2,5,46,1,79,41,78,4,2019,2,5,46,31,31,1
0,1,3,4,5,711,2,1,54,2,0,92,1,59,41,52,5,2023,0,5,46,5,34,1
1,1,3,8,5,260,12,0,27,1,5,23,1,48,41,43,5,2025,1,0,46,30,30,1
2,3,5,5,5,179,8,1,15,2,4,109,1,6,68,0,5,2021,2,3,71,9,18,1
1,1,1,8,5,409,2,0,15,2,3,55,1,43,41,37,5,2022,2,1,46,31,18,1
1,1,3,8,5,261,3,0,54,1,0,39,1,66,41,62,5,2024,1,1,46,22,34,1
0,1,1,7,5,379,2,1,27,1,3,11,1,57,41,49,5,2025,1,1,46,30,30,0
3,3,2,3,5,522,10,0,45,1,6,53,1,78,41,73,5,2018,1,3,46,28,42,1
0,1,6,4,5,837,6,0,35,3,4,4,2,8,41,9,4,2025,0,3,46,28,8,1
1,1,3,8,5,261,5,1,37,1,4,37,0,48,41,43,8,2021,1,5,46,28,35,0
3,1,3,1,5,788,9,0,54,1,0,27,0,80,41,77,5,2023,1,2,46,2,34,1
0,3,3,4,5,700,10,0,6,2,6,27,2,59,41,52,4,2020,2,1,46,31,22,0
0,2,6,6,1,346,3,1,48,1,1,44,2,15,45,10,1,2017,1,5,47,35,50,1
0,0,2,4,5,668,3,1,15,2,2,68,0,69,63,33,5,2019,2,0,68,22,18,0
3,1,2,1,5,675,7,1,17,1,0,29,0,41,24,59,5,2024,1,5,27,31,19,0
3,3,1,3,5,770,8,1,18,2,4,55,0,33,23,28,5,2023,0,4,26,31,1,1
0,1,1,1,1,807,6,1,48,2,5,34,0,41,79,59,1,2015,2,5,36,0,50,0
2,1,2,5,5,190,12,0,27,2,2,3,0,71,41,68,5,2024,2,3,46,30,30,0
0,1,2,4,5,756,7,0,45,2,6,13,0,30,50,25,5,2020,2,0,55,12,42,1
0,0,1,4,5,811,3,1,53,2,0,99,1,81,41,81,4,2021,2,5,46,30,54,0
1,0,4,6,5,315,2,0,30,2,3,3,1,9,41,12,6,2015,2,0,46,22,33,1
0,0,3,7,5,1055,10,1,27,3,3,79,1,32,41,26,5,2022,0,3,46,15,30,0
0,1,4,4,5,904,11,1,40,2,2,52,1,53,41,48,5,2018,2,1,46,9,39,1
0,1,1,8,6,642,8,0,18,2,6,112,0,73,80,70,5,2023,2,4,28,16,1,1
1,1,3,5,6,125,2,0,32,1,2,59,0,7,29,47,6,2019,1,3,34,23,15,0
2,1,1,5,5,246,9,1,27,2,0,28,0,26,41,23,5,2023,2,2,46,31,30,1
0,1,2,6,1,750,10,1,2,2,6,83,2,10,77,7,1,2018,2,2,80,8,2,0
1,1,1,8,5,300,9,1,37,1,5,31,1,73,41,70,8,2018,1,5,46,22,35,0
0,1,2,4,5,1338,11,0,27,3,5,80,0,69,41,33,5,2023,0,3,46,22,30,0
2,1,2,5,5,188,3,1,15,2,5,97,1,68,41,63,5,2021,2,4,46,30,18,0
0,2,1,4,5,755,3,1,18,2,5,19,1,52,0,46,5,2020,2,5,6,2,1,1
2,0,2,5,5,152,6,1,54,2,4,63,0,46,55,41,5,2024,2,0,54,9,34,1
1,0,1,8,5,1072,3,1,45,3,4,64,0,48,41,43,5,2022,0,5,46,34,42,0
0,2,3,8,7,690,7,1,0,2,4,95,0,24,71,58,8,2018,2,5,72,24,24,0
2,3,2,5,5,146,8,1,55,2,6,58,1,7,41,47,5,2024,2,1,46,22,55,1
0,0,3,7,5,332,8,1,27,1,6,61,0,32,41,26,5,2020,1,1,46,24,30,0
1,1,2,6,5,231,9,1,13,1,1,80,0,77,41,75,5,2020,1,2,46,30,16,0
1,0,3,5,8,569,2,0,45,2,2,65,0,54,53,55,5,2023,2,4,58,22,42,1
1,0,2,6,5,149,10,1,55,1,2,27,1,3,63,4,5,2019,1,4,68,22,55,1
1,1,5,8,5,280,8,1,27,1,6,64,0,24,41,58,5,2021,1,3,46,22,30,1
0,1,1,4,5,738,4,0,13,2,3,68,0,5,41,6,5,2017,2,1,46,22,16,1
1,1,5,8,5,547,6,0,40,2,2,23,1,48,41,43,5,2019,2,0,46,30,39,1
1,0,3,8,5,603,9,1,0,2,6,21,2,35,41,30,8,2022,2,1,46,22,24,0
3,0,2,2,5,700,9,1,18,1,5,10,0,1,41,2,5,2025,1,4,46,22,1,1
3,1,4,2,5,1652,11,0,27,2,6,80,2,13,41,14,5,2021,2,1,46,26,30,1
1,1,3,8,5,913,1,1,27,3,3,28,1,51,41,17,5,2024,0,3,46,30,30,0
0,0,4,4,5,874,8,1,35,2,2,64,0,18,41,60,4,2017,2,3,46,22,8,1
1,1,1,8,5,432,7,1,0,2,1,72,0,51,41,17,8,2025,2,3,46,28,24,0
1,2,3,8,5,457,2,1,27,2,3,84,1,24,41,58,5,2025,2,5,46,28,30,0
1,1,5,8,5,472,11,0,50,2,3,99,0,48,41,43,8,2024,2,3,46,2,46,0
0,3,6,3,4,716,6,1,28,2,0,41,3,62,25,76,4,2015,2,2,30,18,31,0
1,3,2,6,5,121,2,1,17,1,2,42,0,9,41,12,5,2022,1,0,46,30,19,0
1,0,1,6,5,301,5,1,41,2,1,13,0,77,47,75,6,2018,2,1,7,9,40,1
0,1,3,4,5,679,12,0,17,2,5,8,2,29,41,64,5,2025,2,3,46,31,19,1
0,3,2,4,5,816,8,1,55,2,3,19,1,8,41,9,5,2025,2,3,46,28,55,1
0,0,2,7,5,658,3,1,27,2,4,43,0,70,41,27,5,2022,2,2,46,9,30,0
0,1,2,5,7,690,10,1,19,2,3,19,1,26,26,23,7,2025,2,3,32,15,20,1
0,2,2,6,7,830,1,1,52,2,6,20,0,77,40,75,7,2023,2,0,45,36,51,1
0,0,2,4,5,757,6,1,55,2,2,44,0,81,41,81,5,2019,2,1,46,30,55,0
3,2,3,3,5,593,7,1,20,1,1,71,0,67,41,67,5,2017,1,2,46,30,21,0
0,0,6,4,5,850,2,1,16,2,5,53,2,4,41,5,4,2017,2,3,46,22,41,0
1,1,1,8,5,288,12,0,40,1,6,4,0,12,47,13,5,2021,1,4,7,28,39,0
0,3,6,4,5,775,4,1,15,2,6,19,1,79,41,78,5,2019,2,3,46,9,18,0
1,1,2,8,5,458,7,1,18,2,1,7,0,35,41,30,5,2022,2,1,46,2,1,0
1,2,1,6,5,322,4,0,18,2,2,34,0,16,63,15,5,2022,2,2,68,35,1,0
1,3,6,8,5,203,12,1,27,1,1,171,1,35,41,30,5,2025,1,3,46,31,30,1
3,1,4,3,5,1041,1,1,15,2,3,19,2,62,41,76,5,2020,2,1,46,2,18,0
0,0,1,6,3,407,2,1,33,1,1,42,0,16,67,15,3,2019,1,3,67,35,12,0
1,1,2,8,5,449,12,0,27,2,2,75,0,66,41,62,5,2015,2,1,46,9,30,0
2,1,1,5,5,68,7,1,18,1,3,42,1,6,23,0,5,2023,1,0,26,2,1,1
0,1,1,4,5,1306,3,1,53,3,0,73,1,49,41,44,4,2022,0,5,46,22,54,0
2,0,2,5,5,191,10,1,20,2,2,49,1,7,41,47,5,2019,2,3,46,28,21,1
1,0,5,8,5,267,12,1,18,1,6,21,1,48,41,43,5,2022,1,4,46,30,1,1
1,1,5,8,5,508,12,0,27,2,1,72,1,35,41,30,5,2024,0,2,46,31,30,0
0,2,1,4,5,845,3,1,45,2,6,7,0,81,50,81,5,2023,0,1,55,31,42,1
0,1,4,4,5,429,6,1,20,1,2,67,1,49,41,44,5,2024,1,3,46,28,21,1
1,2,6,8,5,513,3,0,43,2,3,44,3,35,41,30,8,2025,2,4,46,2,45,1
1,1,4,8,5,473,12,1,55,2,5,47,1,66,41,62,5,2024,2,1,46,31,55,0
1,1,4,8,5,1045,1,1,8,3,2,4,0,58,41,53,8,2023,0,0,46,14,9,0
0,1,4,0,6,426,10,1,21,1,1,7,1,21,10,16,6,2019,1,3,15,16,25,0
2,3,1,5,5,188,8,0,55,2,0,37,0,40,41,35,5,2023,2,0,46,28,55,0
1,1,4,8,5,946,12,0,54,3,2,180,2,20,41,19,5,2019,0,1,46,9,34,0
0,3,5,0,5,397,2,1,17,1,5,21,1,42,41,36,5,2018,1,1,46,22,19,0
0,1,2,4,5,870,7,1,45,2,3,59,0,4,35,5,5,2017,2,3,40,28,42,1
0,1,2,4,5,674,2,1,20,2,4,18,0,53,41,48,5,2024,2,3,46,30,21,0
1,0,1,8,5,235,4,1,49,1,0,7,0,48,41,43,8,2016,1,5,46,14,53,1
0,1,3,7,5,414,9,1,40,1,5,27,0,19,63,34,5,2020,1,3,68,36,39,1
0,2,1,4,7,884,1,1,6,2,4,34,0,81,49,81,4,2018,2,1,57,37,22,0
3,1,4,3,5,442,9,1,11,1,2,11,1,62,41,76,3,2023,1,3,46,7,11,1
3,1,2,1,5,1212,5,1,1,2,4,35,1,63,41,18,1,2018,0,3,46,30,7,0
3,1,1,3,5,1013,6,0,27,2,1,170,1,62,41,76,5,2017,2,3,46,21,30,0
1,3,5,8,5,447,6,1,17,2,1,40,2,43,0,37,5,2025,2,0,6,34,19,0
0,1,2,4,5,763,11,0,25,2,3,39,1,4,41,5,4,2023,2,1,46,5,27,0
1,1,1,8,5,624,9,1,0,2,1,58,0,58,55,53,8,2019,2,3,54,25,24,0
0,0,3,7,6,477,10,1,44,1,3,50,1,19,4,34,7,2017,1,1,3,23,43,0
0,2,2,4,5,325,12,1,25,1,6,21,1,18,35,60,4,2017,1,2,40,30,27,0
0,1,1,4,5,826,8,1,27,2,4,31,1,30,41,25,5,2020,2,3,46,22,30,0
1,1,2,8,5,266,12,1,27,1,5,11,0,22,41,22,5,2018,1,1,46,9,30,0
1,0,1,8,5,1065,7,1,43,3,4,42,0,58,41,53,8,2023,0,2,46,3,45,0
1,3,3,6,5,217,8,0,41,1,0,32,0,10,63,7,6,2016,1,5,68,9,40,1
1,2,3,8,5,287,11,0,55,1,5,89,0,22,41,22,5,2015,1,3,46,28,55,1
0,0,1,4,5,838,2,0,54,2,4,6,0,79,55,78,5,2023,2,5,54,2,34,1
1,1,4,8,5,263,12,1,18,1,1,49,0,24,41,58,5,2017,1,5,46,2,1,1
0,1,4,4,5,430,11,1,55,1,2,93,3,52,24,46,5,2024,1,3,27,31,55,1
3,1,1,1,5,1640,2,0,17,2,5,30,0,31,41,65,5,2021,2,4,46,9,19,1
0,1,3,4,5,815,7,0,22,2,1,61,2,59,41,52,4,2022,2,1,46,2,23,0
3,1,1,5,1,826,2,1,45,1,6,28,1,27,18,24,5,2024,1,2,63,31,42,0
1,1,2,8,5,288,5,1,49,1,0,77,0,48,41,43,8,2019,1,0,46,3,53,1
0,1,1,4,5,301,6,1,27,1,2,73,0,79,41,78,5,2021,1,5,46,5,30,0
0,1,2,4,5,774,3,0,53,2,3,63,0,69,35,33,4,2023,2,2,40,22,54,1
1,3,2,8,5,237,5,1,49,1,2,62,0,51,41,17,8,2019,1,5,46,22,53,1
1,1,2,8,5,265,8,1,43,1,1,26,1,35,41,30,8,2018,1,3,46,30,45,1
1,1,1,8,5,598,1,1,27,2,0,39,1,48,41,43,5,2023,2,0,46,2,30,1
2,1,2,5,5,80,6,1,18,1,5,25,2,6,41,0,5,2017,1,3,46,31,1,0
0,1,1,4,5,348,11,1,45,1,1,110,0,53,50,48,5,2018,1,5,55,9,42,0
3,1,4,5,2,1647,6,1,51,2,4,35,2,26,14,23,2,2025,2,1,13,2,52,0
0,1,4,1,1,693,3,1,12,2,0,94,1,31,45,65,1,2024,2,5,47,4,13,0
0,1,3,4,5,767,6,1,20,2,3,103,0,49,55,44,5,2018,2,3,54,9,21,0
0,1,2,4,5,436,8,0,54,1,0,39,0,53,20,48,5,2025,1,3,25,30,34,1
0,1,3,0,5,817,7,1,17,2,0,62,2,44,41,38,5,2019,2,2,46,22,19,0
0,1,1,4,5,446,3,1,15,1,0,64,0,49,41,44,5,2016,1,3,46,2,18,0
2,1,2,5,5,112,2,1,45,1,2,11,1,7,50,47,5,2018,1,0,55,28,42,0
0,2,3,0,5,409,7,1,54,1,5,29,1,50,41,42,5,2019,1,1,46,30,34,0
1,3,1,8,5,182,8,1,27,1,1,47,1,22,41,22,5,2022,1,2,46,22,30,0
0,1,1,7,6,700,11,1,15,2,5,8,0,57,12,49,5,2016,2,3,9,16,18,1
0,1,2,7,5,717,2,0,55,2,1,43,0,72,35,71,5,2025,2,3,40,28,55,0
1,1,2,8,5,756,10,1,13,2,3,28,1,12,41,13,5,2021,0,5,46,29,16,1
1,3,2,4,6,656,10,1,21,2,4,81,1,39,57,32,6,2024,2,2,61,13,25,1
1,1,2,8,5,473,6,1,27,2,5,118,0,58,41,53,5,2022,2,3,46,2,30,0
1,1,1,8,5,184,10,1,37,1,3,75,0,35,68,30,8,2025,1,1,71,2,35,1
1,3,1,8,5,309,2,1,27,1,3,20,0,24,41,58,5,2016,1,5,46,14,30,0
1,1,4,6,5,104,2,1,15,1,1,54,3,10,0,7,5,2018,1,1,6,22,18,0
0,0,2,4,5,860,7,0,6,2,5,20,0,29,41,64,4,2025,2,4,46,30,22,0
0,1,3,4,5,654,9,1,22,2,1,32,1,29,68,64,4,2024,2,1,71,22,23,0
1,1,1,6,5,333,3,1,27,2,6,78,1,28,41,80,5,2021,2,2,46,8,30,0
0,1,6,8,1,388,9,1,37,1,1,40,0,43,45,37,8,2017,1,5,47,0,35,1
0,1,2,7,5,770,6,1,15,2,1,15,0,32,41,26,5,2018,0,1,46,2,18,1
0,0,1,1,8,524,12,1,54,2,0,2,0,31,43,65,5,2015,0,1,48,6,34,1
1,1,3,8,5,537,8,1,27,2,3,56,1,24,41,58,5,2016,2,3,46,22,30,0
0,1,6,7,5,333,3,1,55,1,6,10,2,32,41,26,5,2019,1,4,46,30,55,1
0,1,5,6,6,1388,1,1,15,3,6,21,2,3,57,4,5,2017,0,3,61,16,18,0
1,1,1,6,5,195,9,1,21,1,3,12,1,10,41,7,6,2017,1,1,46,35,25,0
0,3,2,7,5,658,3,1,31,2,5,40,1,45,23,40,7,2016,2,1,26,2,32,1
0,0,3,4,5,384,12,1,17,1,6,32,0,18,35,60,5,2024,1,3,40,13,19,1
0,1,1,0,5,426,1,1,42,1,3,19,1,42,41,36,0,2025,1,5,46,28,44,0
1,0,2,6,5,138,12,1,27,1,0,11,1,9,41,12,5,2017,1,3,46,22,30,1
0,1,2,6,0,253,1,1,14,1,4,73,1,76,3,74,0,2022,1,3,2,16,17,0
0,0,2,6,7,842,10,1,44,2,6,59,2,9,49,12,7,2019,0,4,57,23,43,0
1,1,1,8,5,470,10,1,27,2,2,28,0,14,41,54,5,2018,2,3,46,9,30,0
1,0,5,4,6,345,2,1,3,1,4,21,3,18,80,60,4,2024,1,5,28,8,4,0
0,3,3,4,5,436,2,0,55,1,5,43,3,8,41,9,5,2015,1,5,46,28,55,0
0,1,3,4,5,747,5,1,17,2,4,27,0,18,41,60,5,2024,2,5,46,22,19,0
0,1,1,0,5,481,2,1,45,1,4,36,0,44,63,38,5,2023,1,1,68,2,42,0
0,0,5,5,0,1084,7,0,42,3,6,88,2,7,36,47,0,2021,0,4,42,32,44,0
1,1,4,8,5,488,10,1,27,2,1,13,1,43,41,37,5,2024,2,2,46,3,30,1
2,1,5,5,5,120,5,1,27,1,3,11,0,54,41,55,5,2020,1,0,46,31,30,0
1,0,1,8,5,472,3,1,0,2,3,83,1,14,41,54,8,2023,2,0,46,30,24,1
3,1,1,1,5,752,12,1,20,1,2,38,0,47,41,45,5,2016,1,3,46,28,21,1
0,3,2,4,5,311,1,1,54,1,6,47,0,53,41,48,5,2024,1,3,46,30,34,0
3,1,4,3,5,451,5,1,9,1,3,88,1,78,41,73,3,2023,1,3,46,7,14,0
1,1,1,5,8,229,2,1,15,1,3,52,0,40,39,35,5,2018,1,3,17,3,18,1
0,2,1,4,5,811,5,0,18,2,3,73,1,53,68,48,5,2016,2,4,71,22,1,1
1,3,3,8,5,208,11,1,37,1,6,91,1,58,41,53,8,2020,1,5,46,29,35,0
0,1,2,8,6,585,5,0,0,2,4,49,0,24,4,58,8,2024,2,5,3,35,24,0
1,1,2,6,4,231,6,1,21,1,0,88,0,10,81,7,6,2022,1,1,81,12,25,0
1,1,3,8,5,273,12,1,27,1,3,20,1,73,41,70,5,2015,1,5,46,31,30,0
2,1,1,5,5,164,6,1,55,2,0,24,0,68,41,63,5,2025,2,3,46,2,55,1
1,1,1,6,5,327,2,1,27,2,1,87,0,10,41,7,5,2023,2,2,46,30,30,0
2,1,5,5,5,179,7,1,15,2,0,63,0,27,41,24,5,2023,2,3,46,9,18,0
0,3,2,4,5,826,12,1,13,2,4,24,1,4,41,5,5,2019,2,5,46,12,16,0
0,0,2,4,8,457,9,1,4,1,6,45,0,4,30,5,8,2016,1,1,35,34,5,1
1,1,4,8,5,528,2,0,27,2,0,48,0,35,41,30,5,2015,2,3,46,3,30,1
0,1,6,4,2,1281,8,1,27,3,5,33,2,18,2,60,5,2024,0,3,1,12,30,0
0,3,4,5,4,406,10,1,7,1,1,45,0,54,60,55,4,2024,1,3,18,17,10,0
0,1,5,4,5,334,9,1,53,1,5,45,0,49,41,44,4,2017,1,3,46,30,54,1
1,1,5,6,5,257,11,1,54,2,0,37,2,74,41,69,5,2022,2,4,46,23,34,1
0,1,2,7,5,848,10,1,27,2,5,58,1,19,41,34,5,2016,2,1,46,9,30,1
1,1,3,8,5,454,6,1,55,2,0,62,0,43,55,37,5,2020,2,3,54,34,55,1
1,1,4,6,5,279,8,1,36,2,2,63,1,61,50,57,6,2024,2,3,55,30,36,1
1,0,1,8,5,254,3,1,55,1,1,16,1,51,41,17,5,2019,1,5,46,30,55,0
0,1,6,7,2,915,1,1,52,2,2,43,2,57,61,49,7,2015,2,3,65,26,51,0
0,2,2,7,5,726,5,1,5,2,6,25,0,11,41,8,7,2015,2,1,46,22,6,1
2,1,1,5,5,172,5,1,55,2,4,27,1,68,41,63,5,2019,2,2,46,9,55,1
2,0,6,5,5,157,12,0,13,2,5,10,0,71,41,68,5,2025,2,3,46,30,16,0
2,1,2,5,5,220,9,1,45,2,4,20,0,68,41,63,5,2023,2,3,46,22,42,0
0,2,1,6,7,432,6,1,46,1,4,11,0,16,26,15,7,2019,1,5,32,15,48,1
1,1,4,8,5,507,8,1,0,2,5,19,2,66,41,62,8,2020,2,1,46,30,24,1
0,0,3,4,5,1180,4,1,15,3,2,42,1,53,0,48,5,2020,0,1,6,30,18,0
1,1,2,4,6,360,7,1,7,1,4,74,1,5,29,6,4,2023,1,3,34,13,10,0
0,1,4,4,5,823,4,0,28,2,2,34,1,59,41,52,4,2019,2,3,46,22,31,0
1,3,3,8,5,617,10,1,18,2,4,33,0,66,55,62,5,2024,2,2,54,9,1,1
0,0,3,7,5,366,9,1,45,1,6,8,0,57,63,49,5,2015,1,3,68,11,42,1
0,1,1,7,8,716,12,1,20,2,4,34,0,57,39,49,5,2019,2,1,17,36,21,0
0,1,3,7,5,650,7,1,5,2,0,29,1,70,41,27,7,2019,2,5,46,9,6,0
0,3,3,8,4,1096,9,0,35,2,5,67,1,43,64,37,4,2022,2,1,29,29,8,1
2,1,3,5,5,157,1,1,20,2,0,5,0,7,41,47,5,2019,2,3,46,30,21,0
0,1,6,4,5,798,4,1,22,2,4,63,2,39,68,32,4,2018,2,1,71,30,23,0
0,1,3,7,5,676,3,0,52,2,5,1,0,19,41,34,7,2016,2,1,46,22,51,1
0,0,1,5,4,403,7,1,35,1,6,38,0,26,44,23,4,2022,1,4,49,17,8,1
0,1,2,2,7,796,11,1,5,3,5,12,1,13,40,14,7,2016,0,3,45,15,6,0
3,1,3,3,5,1107,10,0,33,2,1,40,0,67,41,67,3,2023,2,0,46,30,12,0
1,2,2,8,5,535,11,1,8,2,2,163,0,22,41,22,8,2025,2,4,46,25,9,1
2,1,3,5,5,188,1,1,18,2,4,10,0,40,41,35,5,2023,2,1,46,30,1,0
0,1,3,4,5,730,9,0,45,2,4,55,1,52,50,46,5,2025,2,0,55,22,42,1
2,1,6,5,5,323,4,0,18,2,0,70,2,40,23,35,5,2017,0,3,26,9,1,1
0,1,2,4,5,327,8,1,55,1,5,9,2,52,41,46,5,2025,1,1,46,28,55,0
0,1,4,4,5,697,2,0,35,2,2,96,0,79,41,78,4,2017,2,3,46,13,8,1
0,0,1,8,3,739,6,0,33,2,3,40,0,73,67,70,3,2022,2,5,67,7,12,1
3,1,1,2,5,1530,3,1,27,3,5,33,1,1,41,2,5,2023,0,1,46,2,30,1
2,2,2,5,5,80,5,1,27,1,0,28,0,54,41,55,5,2016,1,1,46,31,30,1
3,1,1,3,5,933,5,1,9,2,1,65,1,78,41,73,3,2017,2,5,46,18,14,1
1,0,3,8,5,546,7,1,18,2,6,67,1,22,41,22,5,2019,2,1,46,30,1,0
0,1,1,4,5,697,12,1,15,2,1,17,0,5,41,6,5,2019,2,3,46,5,18,0
0,1,1,7,4,669,8,1,6,2,0,19,1,11,52,8,4,2017,2,3,59,33,22,1
0,1,2,4,5,827,9,0,45,2,0,7,0,5,50,6,5,2022,2,1,55,2,42,1
1,3,4,8,5,726,8,0,20,2,6,30,0,58,41,53,5,2020,0,2,46,22,21,0
0,0,2,4,5,983,6,0,16,2,6,23,1,49,0,44,4,2025,2,2,6,30,41,1
0,1,2,4,5,425,9,1,28,1,5,15,1,30,41,25,4,2022,1,5,46,13,31,0
1,1,2,6,5,133,8,1,27,1,3,76,0,3,41,4,5,2024,1,4,46,22,30,0
0,0,2,8,6,696,8,1,30,2,6,11,0,35,69,30,6,2020,2,0,74,19,33,0
0,0,3,5,4,934,11,1,45,2,4,11,0,7,44,47,5,2019,2,5,49,13,42,1
0,1,4,0,5,319,8,1,27,1,6,77,1,44,41,38,5,2024,1,2,46,22,30,1
1,1,4,6,5,380,4,1,41,2,2,14,1,34,41,29,6,2017,2,3,46,30,40,0
0,0,2,4,1,278,12,1,16,1,1,5,0,29,18,64,4,2019,1,5,63,5,41,1
0,0,1,7,5,1079,4,1,27,3,1,49,0,19,41,34,5,2016,0,5,46,31,30,1
0,3,4,4,7,647,11,0,5,2,2,39,0,29,40,64,7,2025,2,1,45,37,6,1
0,1,3,7,5,729,1,1,27,2,0,66,1,45,41,40,5,2019,2,5,46,2,30,1
3,0,1,3,5,1007,11,1,18,2,0,127,0,62,68,76,5,2024,2,1,71,18,1,0
1,1,1,8,5,487,10,0,45,2,5,21,0,73,41,70,5,2017,2,3,46,29,42,1
0,0,2,4,8,564,1,1,49,1,1,70,1,81,17,81,8,2025,1,4,51,5,53,1
0,1,2,4,0,405,1,1,35,1,2,48,1,81,16,81,4,2019,1,0,21,5,8,1
3,1,3,3,5,968,9,1,11,2,4,4,2,33,41,28,3,2023,2,3,46,31,11,0
1,1,6,8,5,479,9,1,55,2,0,96,1,12,63,13,5,2024,2,1,68,9,55,1
3,1,2,3,5,459,6,1,11,1,4,26,0,33,41,28,3,2024,1,5,46,28,11,1
0,0,4,4,5,1159,9,1,6,3,5,47,1,69,41,33,4,2019,0,5,46,28,22,1
1,0,2,8,5,536,12,1,27,2,1,15,1,17,41,39,5,2025,2,3,46,25,30,0
0,1,1,4,5,707,2,1,27,2,5,78,0,30,41,25,5,2023,2,0,46,17,30,1
1,1,2,8,5,669,9,1,4,2,0,4,0,17,41,39,8,2018,0,3,46,29,5,1
1,3,1,8,5,537,1,0,27,2,6,168,1,17,41,39,5,2015,2,5,46,22,30,0
0,3,6,4,5,711,2,0,28,2,3,60,2,52,41,46,4,2016,2,5,46,17,31,1
0,1,5,6,3,317,8,1,32,1,0,93,3,16,28,15,6,2024,1,5,33,7,15,1
2,1,3,5,5,97,1,1,27,1,0,86,0,25,41,20,5,2016,1,2,46,28,30,0
0,1,2,3,3,470,9,0,10,1,6,17,0,33,11,28,3,2021,1,2,64,21,3,1
3,3,1,3,5,562,10,1,27,1,0,25,0,62,41,76,5,2015,1,1,46,30,30,1
2,1,3,5,5,148,11,1,13,2,2,15,0,7,41,47,5,2018,2,5,46,31,16,0
3,1,1,3,5,953,5,1,20,2,0,17,1,78,41,73,5,2021,0,3,46,18,21,1
0,1,5,7,5,310,12,1,55,1,6,100,1,57,41,49,5,2021,1,5,46,2,55,0
0,1,3,8,4,448,10,1,35,1,1,12,0,24,78,58,4,2022,1,5,79,3,8,1
0,1,1,7,2,705,2,1,44,2,3,13,1,57,61,49,7,2022,2,5,65,15,43,1
0,1,3,4,7,814,3,1,47,2,0,26,0,18,27,60,4,2025,2,5,70,37,49,0
2,1,1,5,5,204,3,1,27,2,0,108,0,26,41,23,5,2022,2,5,46,22,30,1
0,0,3,4,5,693,2,1,35,2,2,92,1,81,41,81,4,2018,2,3,46,9,8,0
1,3,5,6,4,569,6,1,35,2,1,1,1,3,33,4,4,2024,2,4,69,19,8,1
1,1,1,6,5,236,12,0,18,1,6,74,0,16,41,15,5,2022,1,1,46,35,1,0
3,0,6,1,5,1339,7,1,27,2,6,20,3,36,47,79,5,2024,2,1,7,0,30,0
0,1,2,4,5,692,11,1,54,2,3,87,1,30,41,25,5,2021,0,3,46,30,34,0
2,0,1,5,5,134,2,1,27,2,4,33,1,55,41,50,5,2017,2,4,46,22,30,0
0,0,4,4,5,844,9,1,17,2,4,15,1,59,41,52,5,2025,2,0,46,5,19,0
1,3,2,6,5,527,1,1,27,2,0,48,0,10,41,7,5,2024,0,1,46,28,30,1
2,1,5,5,5,224,11,0,40,2,0,59,0,26,55,23,5,2022,2,2,54,30,39,0
1,1,2,8,5,188,8,0,0,1,4,59,1,20,47,19,8,2023,1,1,7,29,24,1
1,3,4,6,5,303,7,1,45,2,6,51,1,61,50,57,5,2021,2,1,55,19,42,0
1,3,1,8,5,208,11,1,27,1,4,81,0,43,41,37,5,2025,1,1,46,2,30,0
3,0,4,1,5,1491,10,1,55,2,0,42,0,31,41,65,5,2022,2,4,46,0,55,0
3,0,5,5,3,977,9,1,20,2,2,12,2,27,67,24,5,2025,2,5,67,28,21,1
1,1,4,8,5,196,7,1,27,1,6,44,0,22,41,22,5,2015,1,2,46,25,30,1
0,1,3,4,5,825,11,1,29,2,3,61,0,59,41,52,4,2015,2,0,46,13,47,1
1,1,5,8,5,295,4,0,17,1,2,3,1,58,41,53,5,2023,1,1,46,2,19,1
1,1,6,8,5,305,6,1,4,1,6,60,0,24,63,58,8,2020,1,1,68,22,5,0
3,0,2,3,5,989,7,1,9,2,5,102,0,78,41,73,3,2025,2,3,46,28,14,1
0,1,5,4,5,774,9,0,27,2,5,52,1,52,41,46,5,2024,2,5,46,5,30,0
1,2,3,8,5,304,2,1,4,1,3,21,0,12,41,13,8,2024,1,0,46,22,5,1
0,0,3,4,5,377,3,1,22,1,3,30,1,8,41,9,4,2017,1,1,46,2,23,0
0,1,6,4,5,775,11,1,29,2,3,38,3,81,63,81,4,2023,2,1,68,2,47,1
1,0,1,8,5,300,3,1,55,1,4,96,0,73,41,70,5,2019,1,1,46,2,55,0
2,0,2,4,4,317,7,1,7,2,5,7,1,53,9,48,4,2016,2,0,8,13,10,0
1,1,3,6,5,147,8,1,27,1,1,36,0,10,41,7,5,2021,1,1,46,19,30,1
1,0,4,6,4,543,12,1,6,2,6,83,0,61,33,57,4,2015,2,3,69,37,22,0
3,2,1,2,5,1649,12,1,40,2,5,46,0,1,41,2,5,2015,2,1,46,9,39,1
3,3,1,1,5,1335,2,1,27,2,6,60,1,80,41,77,5,2019,2,3,46,22,30,0
1,2,4,6,5,456,7,1,15,2,3,57,1,61,41,57,5,2015,2,1,46,23,18,0
1,1,1,8,5,518,9,0,18,2,2,12,0,38,41,31,5,2024,2,1,46,2,1,1
1,1,6,8,5,312,8,1,13,1,0,2,0,58,41,53,5,2024,1,4,46,30,16,1
0,0,5,4,5,799,6,1,55,2,2,24,2,59,41,52,5,2024,2,4,46,31,55,1
0,0,1,8,4,985,12,1,7,2,2,25,0,58,60,53,4,2022,2,5,18,14,10,0
2,1,2,5,5,173,8,1,18,2,5,34,0,6,41,0,5,2017,2,0,46,30,1,1
1,1,2,5,6,373,2,0,32,2,5,3,0,6,4,0,6,2025,2,1,3,30,15,0
1,0,3,6,5,239,7,0,21,2,6,16,0,61,63,57,6,2016,2,1,68,9,25,0
3,0,3,1,5,1443,4,0,15,2,3,80,0,31,41,65,5,2023,2,2,46,2,18,1
1,1,1,8,5,237,3,1,20,1,1,27,0,58,41,53,5,2015,1,5,46,9,21,0
1,1,2,5,6,260,1,1,32,2,2,38,1,25,29,20,6,2022,2,1,34,31,15,0
1,3,6,6,5,364,1,1,13,2,2,19,1,16,41,15,5,2015,2,1,46,8,16,0
1,1,3,8,5,214,9,1,40,1,5,30,2,24,41,58,5,2023,1,1,46,25,39,0
0,1,1,4,8,1255,10,1,22,3,5,62,1,8,22,9,4,2019,0,3,22,33,23,1
0,2,2,5,7,774,12,1,19,2,5,45,0,27,26,24,7,2019,2,3,32,11,20,0
1,1,1,8,5,474,4,0,49,2,1,26,1,51,41,17,8,2023,2,2,46,14,53,1
2,1,5,4,4,89,7,1,35,1,4,25,1,79,6,78,4,2025,1,3,5,12,8,0
2,0,2,5,5,158,2,1,18,2,0,85,1,71,41,68,5,2024,2,1,46,22,1,0
0,1,4,4,5,805,8,1,53,2,0,30,1,79,41,78,4,2019,2,3,46,37,54,1
1,1,2,8,5,232,5,1,27,1,4,22,0,20,41,19,5,2017,1,1,46,28,30,0
1,1,1,6,5,369,9,1,27,2,4,14,0,76,41,74,5,2024,2,3,46,9,30,1
1,1,1,8,5,491,6,0,0,2,5,69,1,51,41,17,8,2018,0,1,46,30,24,0
3,1,1,3,5,532,6,1,18,1,5,36,0,67,41,67,5,2025,1,1,46,30,1,1
1,1,1,8,5,284,10,1,45,1,0,107,0,58,0,53,5,2017,1,5,6,22,42,0
0,1,2,4,5,736,4,1,47,2,0,3,0,79,41,78,4,2025,2,0,46,37,49,1
2,0,3,5,5,196,6,1,45,2,5,48,0,25,41,20,5,2023,2,3,46,22,42,0
1,1,1,8,5,197,7,0,27,1,6,60,1,48,41,43,5,2025,1,2,46,2,30,0
1,3,1,8,5,215,10,1,50,1,6,55,0,48,41,43,8,2018,1,3,46,28,46,0
1,1,3,6,5,708,7,1,45,2,3,62,0,3,20,4,5,2016,0,2,25,22,42,0
1,1,1,6,5,385,2,0,17,2,1,27,0,77,50,75,5,2018,2,1,55,28,19,0
0,1,1,4,5,709,5,1,18,2,5,24,0,18,41,60,5,2019,0,3,46,22,1,1
0,3,2,3,2,746,12,1,20,2,3,5,1,33,61,28,5,2018,2,5,65,7,21,1
0,1,1,4,2,359,1,1,23,1,1,8,1,79,72,78,2,2016,1,5,75,13,26,0
1,1,3,6,5,136,12,0,32,1,0,4,0,74,41,69,6,2024,1,2,46,8,15,1
3,1,4,3,5,1107,3,0,9,2,4,7,2,78,41,73,3,2019,2,5,46,21,14,1
0,1,3,5,0,660,12,1,55,2,0,33,2,71,3,68,5,2017,2,5,2,9,55,1
1,0,2,8,5,300,12,1,17,1,0,26,1,24,41,58,5,2017,1,0,46,14,19,0
1,0,2,6,5,915,12,0,45,3,6,71,0,9,41,12,5,2021,0,3,46,31,42,1
1,1,1,6,4,608,3,0,41,2,3,57,0,9,6,12,6,2015,2,4,5,12,40,1
1,0,4,8,5,183,8,1,27,1,0,43,0,20,41,19,5,2018,1,4,46,14,30,1
3,0,2,2,5,737,6,1,40,1,6,57,0,1,41,2,5,2016,1,4,46,28,39,1
2,1,5,5,5,90,5,1,27,1,1,33,3,68,41,63,5,2015,1,1,46,9,30,1
1,1,1,4,6,394,7,1,30,1,2,94,0,39,12,32,6,2025,1,1,9,37,33,0
0,2,5,4,5,381,12,1,27,1,0,32,1,29,41,64,5,2025,1,0,46,22,30,1
0,1,2,3,6,680,12,1,9,2,6,11,1,78,80,73,3,2019,2,3,28,16,14,1
3,3,1,3,5,901,10,0,13,2,0,70,1,67,23,67,5,2025,2,3,26,31,16,0
0,0,2,7,5,754,4,1,55,2,3,86,0,57,55,49,5,2018,2,5,54,24,55,1
1,1,3,8,5,675,11,1,27,3,3,30,2,14,41,54,5,2016,0,3,46,3,30,1
1,0,4,6,5,532,12,0,27,2,6,109,1,61,41,57,5,2019,0,1,46,28,30,1
0,3,1,4,5,353,8,1,27,1,0,22,0,5,41,6,5,2016,1,3,46,13,30,1
0,1,6,6,7,456,7,0,32,1,6,49,4,74,40,69,6,2025,1,1,45,16,15,1
3,1,4,5,3,1081,3,1,33,2,4,44,1,68,76,63,3,2025,2,1,62,18,12,1
0,1,4,1,4,718,2,1,15,2,6,26,0,31,5,65,5,2023,2,1,4,5,18,1
1,0,1,8,5,550,2,1,4,2,6,61,1,17,41,39,8,2025,2,1,46,14,5,1
0,0,2,7,4,375,3,1,13,1,5,4,1,19,52,34,5,2016,1,5,59,12,16,1
0,1,1,4,5,381,6,1,27,1,4,37,0,30,41,25,5,2024,1,3,46,28,30,0
1,1,6,8,5,474,10,1,37,2,1,44,1,66,50,62,8,2018,2,4,55,31,35,1
0,3,3,4,5,877,10,1,17,2,5,29,1,4,41,5,5,2019,2,5,46,2,19,1
1,1,2,8,5,263,9,0,27,1,3,50,0,17,41,39,5,2018,1,3,46,14,30,0
0,1,4,5,4,339,6,1,18,1,0,6,3,71,60,68,5,2019,1,4,18,37,1,0
1,1,2,8,5,276,4,0,0,1,5,18,1,24,41,58,8,2022,1,2,46,30,24,1
2,0,2,5,5,156,1,1,13,2,4,4,0,27,41,24,5,2022,2,3,46,9,16,0
1,0,3,8,5,601,6,1,40,2,5,64,1,12,41,13,5,2015,2,0,46,3,39,0
3,1,2,2,5,719,6,0,23,1,4,5,0,13,68,14,2,2020,1,2,71,1,26,0
0,0,4,4,5,821,1,1,20,2,2,29,0,81,41,81,5,2022,2,1,46,2,21,0
0,3,3,7,5,710,12,0,20,2,0,74,0,45,47,40,5,2024,2,2,7,2,21,1
1,0,1,8,5,1112,7,1,13,3,1,79,1,66,41,62,5,2024,0,2,46,2,16,0
3,1,2,1,5,1549,3,1,48,2,1,4,0,47,23,45,1,2024,2,2,26,22,50,0
1,1,2,8,5,508,11,1,43,2,2,79,1,14,41,54,8,2025,2,5,46,22,45,1
3,1,1,2,5,775,11,1,40,1,5,58,0,75,41,72,5,2025,1,1,46,22,39,0
0,1,4,4,5,373,4,0,53,1,2,27,0,18,23,60,4,2023,1,3,26,13,54,0
1,1,1,4,6,605,9,1,47,2,1,39,0,4,74,5,4,2017,2,5,76,33,49,0
2,1,4,5,5,182,6,0,27,2,5,91,1,25,41,20,5,2019,2,1,46,30,30,0
0,1,2,4,5,879,5,1,22,2,2,3,1,52,41,46,4,2022,2,0,46,31,23,0
1,0,2,8,5,1052,9,0,54,3,0,86,0,20,41,19,5,2024,0,1,46,2,34,0
0,1,2,8,4,1048,9,0,4,2,4,10,0,14,60,54,8,2020,2,5,18,17,5,1
0,1,1,4,5,437,7,0,18,1,5,107,0,53,68,48,5,2023,1,2,71,9,1,1
2,1,5,8,8,209,7,0,0,2,2,49,2,51,62,17,8,2021,2,1,66,34,24,0
3,1,2,3,5,462,12,0,40,1,0,9,1,78,41,73,5,2023,1,0,46,9,39,1
1,1,3,8,5,566,1,1,40,2,3,41,0,38,41,31,5,2024,2,1,46,2,39,1
0,1,3,4,5,781,3,1,54,2,6,26,0,30,35,25,5,2019,2,1,40,31,34,1
1,1,3,8,5,504,11,1,43,2,2,86,0,24,41,58,8,2018,2,3,46,29,45,0
0,1,1,8,1,256,10,0,8,1,1,37,0,24,18,58,8,2018,1,3,63,6,9,1
1,3,4,8,5,218,9,0,27,1,2,75,2,48,41,43,5,2023,1,2,46,3,30,0
0,1,4,4,5,307,10,1,20,1,5,37,2,79,41,78,5,2024,1,1,46,28,21,0
0,1,4,6,8,783,10,0,0,2,6,39,0,74,39,69,8,2018,2,3,17,25,24,0
1,1,4,8,5,206,8,0,37,1,0,63,0,38,41,31,8,2017,1,3,46,14,35,1
0,2,4,4,7,796,11,0,52,2,1,26,1,5,40,6,7,2025,2,2,45,12,51,1
0,0,1,6,6,980,4,1,32,2,6,47,0,77,29,75,6,2017,2,2,34,8,15,0
1,0,4,6,5,271,10,0,32,2,1,91,2,34,41,29,6,2024,2,1,46,23,15,0
3,1,2,3,5,1023,5,1,33,2,0,83,1,64,41,11,3,2022,2,2,46,30,12,1
3,0,3,1,5,1540,11,1,27,2,4,8,1,31,41,65,5,2019,2,0,46,2,30,0
1,3,4,6,5,277,2,1,41,2,6,55,3,9,41,12,6,2023,2,5,46,22,40,0
1,1,1,8,5,218,7,1,27,1,3,54,0,58,41,53,5,2018,1,1,46,31,30,0
0,3,2,4,5,414,3,1,15,1,3,21,0,52,41,46,5,2022,1,3,46,9,18,1
1,1,3,4,6,704,10,0,25,2,6,74,0,53,69,48,4,2023,0,5,74,17,27,0
2,1,2,5,5,181,4,1,55,2,4,58,1,25,41,20,5,2022,2,1,46,31,55,1
1,0,1,8,5,550,7,0,17,2,3,39,0,35,41,30,5,2022,2,3,46,28,19,1
0,1,6,7,5,753,10,1,20,2,4,7,2,19,41,34,5,2025,2,1,46,24,21,1
3,0,4,2,5,921,11,1,55,1,1,31,0,13,35,14,5,2017,1,2,40,9,55,1
1,3,6,6,5,317,8,1,21,2,6,1,2,9,41,12,6,2019,2,1,46,23,25,0
0,3,4,0,5,347,2,1,27,1,6,26,1,23,41,21,5,2024,1,0,46,2,30,1
0,2,5,7,2,288,6,1,17,1,1,81,1,57,2,49,5,2025,1,3,1,26,19,1
0,3,2,7,5,761,8,1,45,2,1,36,2,70,41,27,5,2018,0,3,46,9,42,1
0,1,2,7,5,407,6,1,13,1,2,117,1,70,35,27,5,2024,1,3,40,36,16,0
1,1,1,8,5,223,4,1,45,1,5,50,0,43,41,37,5,2018,1,0,46,31,42,1
1,1,6,8,5,661,6,1,27,2,0,59,2,38,41,31,5,2016,0,1,46,2,30,1
2,1,2,5,5,156,10,1,54,2,0,22,0,27,41,24,5,2017,2,1,46,30,34,1
1,2,1,5,6,179,2,0,21,1,3,53,0,71,10,68,6,2024,1,0,15,35,25,0
0,1,1,7,7,648,2,1,44,2,6,6,1,57,40,49,7,2018,2,3,45,15,43,1
3,1,2,5,2,1742,8,1,40,2,5,14,1,27,2,24,5,2020,2,2,1,26,39,1
1,1,2,8,5,543,10,1,37,2,0,11,1,43,41,37,8,2019,2,0,46,22,35,0
2,1,5,4,4,275,9,1,29,2,6,79,3,79,81,78,4,2021,2,3,81,33,47,0
3,1,2,1,5,620,11,1,27,1,6,43,1,47,41,45,5,2017,1,3,46,22,30,1
0,2,5,1,7,931,11,1,55,2,2,85,1,36,40,79,5,2015,2,3,45,24,55,1
0,0,2,0,5,357,10,0,15,1,0,54,0,21,24,16,5,2023,1,3,27,10,18,1
3,1,1,1,5,669,7,0,55,1,3,35,0,47,41,45,5,2015,1,0,46,2,55,1
0,1,2,4,8,1032,8,0,47,2,6,50,1,39,43,32,4,2025,2,0,48,37,49,1
0,0,1,4,5,785,3,0,40,2,5,43,0,49,50,44,5,2023,2,1,55,2,39,0
1,1,2,6,5,339,10,1,15,2,2,35,1,61,41,57,5,2019,2,3,46,28,18,1
0,1,2,4,5,478,5,1,45,1,6,23,0,69,41,33,5,2024,1,1,46,9,42,0
0,1,2,7,5,760,6,1,27,2,4,174,0,45,41,40,5,2019,2,4,46,9,30,0
0,0,2,4,5,646,4,0,22,2,0,61,0,53,41,48,4,2023,0,0,46,5,23,1
0,1,2,5,4,342,10,1,25,1,3,16,0,26,5,23,4,2024,1,3,4,17,27,1
0,0,1,4,5,328,12,1,55,1,1,24,1,5,41,6,5,2023,1,3,46,9,55,1
0,1,3,7,5,842,5,1,40,2,3,1,1,19,23,34,5,2015,2,5,26,9,39,0
1,3,2,6,5,350,12,0,27,2,0,23,0,34,41,29,5,2025,2,0,46,16,30,0
1,1,3,6,5,149,9,0,36,1,3,25,1,61,55,57,6,2018,1,3,54,30,36,1
1,1,3,8,5,554,11,0,37,2,4,66,0,73,41,70,8,2019,2,3,46,31,35,1
0,1,1,6,2,320,1,0,23,1,4,29,0,76,51,74,2,2022,1,1,56,1,26,1
2,1,2,5,5,153,1,0,27,2,0,34,1,71,41,68,5,2018,2,3,46,2,30,1
1,1,4,8,5,522,3,1,37,2,3,52,2,73,41,70,8,2022,2,2,46,22,35,0
1,1,2,8,5,212,1,0,49,1,1,3,1,12,41,13,8,2015,1,0,46,31,53,0
0,0,3,7,5,739,12,1,18,2,0,43,1,11,41,8,5,2021,2,2,46,30,1,0
0,0,2,4,3,277,9,1,35,1,0,26,0,4,66,5,4,2023,1,0,37,21,8,0
1,1,2,6,4,776,9,1,3,2,3,39,1,77,25,75,4,2024,2,0,30,12,4,1
0,3,1,6,6,454,2,1,27,1,1,4,0,61,80,57,5,2024,1,5,28,8,30,1
0,1,2,4,5,488,7,1,28,1,0,20,0,30,41,25,4,2016,1,1,46,9,31,0
0,1,1,4,5,365,9,1,20,1,2,98,1,79,41,78,5,2019,1,3,46,22,21,0
3,1,1,2,5,825,5,1,40,1,5,101,1,1,41,2,5,2021,1,5,46,9,39,0
0,0,5,6,7,330,8,1,5,1,5,34,0,16,34,15,7,2024,1,3,19,16,6,0
1,3,1,8,5,209,6,1,15,1,2,68,1,58,41,53,5,2024,1,2,46,3,18,0
0,1,1,0,5,828,1,0,15,2,3,70,0,50,41,42,5,2018,2,1,46,28,18,0
3,2,4,2,5,1704,9,1,45,2,5,93,1,13,41,14,5,2025,2,5,46,31,42,0
0,1,1,6,8,496,10,1,30,1,5,4,1,34,13,29,6,2024,1,1,12,29,33,0
3,3,1,1,5,640,9,1,48,1,1,18,0,80,41,77,1,2024,1,5,46,9,50,0
2,1,2,5,5,66,9,1,20,1,4,92,0,6,63,0,5,2018,1,0,68,2,21,1
0,0,5,5,0,795,3,1,17,2,2,9,1,40,42,35,5,2022,2,0,50,28,19,0
1,1,2,6,5,231,7,1,27,1,2,25,0,77,41,75,5,2017,1,1,46,31,30,0
0,1,2,7,5,366,12,1,38,1,5,20,2,57,47,49,7,2024,1,3,7,31,37,1
0,0,4,7,3,789,4,1,15,2,5,15,1,72,73,71,5,2020,2,1,78,36,18,1
1,3,4,8,5,283,1,0,18,1,5,82,3,43,41,37,5,2016,1,0,46,31,1,1
2,1,3,5,5,226,9,1,45,2,4,36,1,25,41,20,5,2018,2,4,46,22,42,1
1,1,5,4,6,588,5,0,47,2,5,61,0,8,12,9,4,2020,2,2,9,35,49,0
0,1,2,4,5,304,10,1,27,1,3,1,0,59,41,52,5,2023,1,2,46,30,30,1
0,2,5,4,5,428,12,1,27,1,1,27,3,81,41,81,5,2019,1,3,46,17,30,0
0,1,3,4,5,803,7,0,27,2,2,14,0,29,41,64,5,2018,2,5,46,28,30,1
1,1,3,8,5,529,9,0,37,2,5,72,1,58,41,53,8,2024,0,3,46,3,35,1
1,3,4,8,5,311,3,1,45,1,3,65,0,14,41,54,5,2015,1,5,46,25,42,1
0,3,5,0,5,860,6,1,54,2,6,92,4,2,41,3,5,2019,0,0,46,30,34,0
2,1,2,5,5,106,7,0,55,1,3,61,0,54,47,55,5,2022,1,2,7,22,55,1
1,1,3,5,6,190,6,1,40,1,5,87,1,7,4,47,5,2017,1,2,3,19,39,1
0,0,1,7,5,448,4,0,52,1,6,21,1,72,41,71,7,2020,1,2,46,11,51,1
0,1,2,4,5,461,4,1,7,1,3,82,0,53,24,48,4,2019,1,4,27,9,10,1
2,0,1,5,5,62,12,1,27,1,4,60,0,7,41,47,5,2023,1,1,46,2,30,0
1,1,2,8,5,197,4,0,45,1,5,53,0,66,35,62,5,2016,1,1,40,29,42,0
2,1,1,5,5,241,2,1,20,2,4,1,1,54,41,55,5,2022,2,3,46,31,21,1
0,2,6,3,4,896,6,1,47,2,3,110,1,67,33,67,4,2023,2,2,69,13,49,0
0,1,2,4,5,685,9,0,27,2,4,15,0,52,41,46,5,2025,2,0,46,17,30,1
3,0,3,3,5,961,6,1,54,2,4,16,2,78,41,73,5,2021,2,5,46,30,34,0
0,0,1,5,4,703,5,1,55,2,4,14,0,68,33,63,5,2024,2,3,69,2,55,1
0,0,1,4,5,467,4,0,54,1,2,21,0,53,41,48,5,2025,1,1,46,2,34,1
2,3,2,5,5,176,1,0,45,2,5,47,0,40,41,35,5,2023,2,4,46,9,42,0
0,0,2,7,5,689,2,1,19,2,6,7,2,19,41,34,7,2023,2,5,46,31,20,0
0,3,2,7,5,752,8,0,13,2,3,55,1,45,41,40,5,2024,2,3,46,22,16,0
3,1,3,1,5,826,4,1,13,1,2,26,2,36,41,79,5,2025,1,1,46,0,16,0
0,0,4,5,4,842,1,1,27,2,0,45,1,46,81,41,5,2016,2,4,81,17,30,0
0,1,3,4,5,728,8,1,27,2,0,61,2,69,41,33,5,2021,2,1,46,12,30,1
2,1,2,5,5,359,8,1,45,2,0,62,0,40,47,35,5,2023,0,3,7,30,42,1
0,1,2,7,5,1006,9,1,46,3,4,47,1,45,41,40,7,2025,0,3,46,15,48,1
0,0,2,4,5,469,9,0,54,1,5,2,1,81,41,81,5,2019,1,2,46,28,34,1
2,1,2,5,5,205,10,1,20,2,4,1,1,26,41,23,5,2019,2,4,46,9,21,0
1,1,3,6,5,382,2,1,27,2,6,99,2,34,41,29,5,2021,2,3,46,2,30,1
1,1,2,8,5,484,7,1,17,2,3,52,0,58,41,53,5,2024,2,3,46,22,19,1
0,1,5,8,4,1093,8,1,6,2,6,2,1,51,64,17,4,2017,2,5,29,37,22,0
0,1,2,0,5,718,12,1,17,2,3,30,1,21,41,16,5,2018,2,2,46,31,19,1
0,1,3,0,5,476,2,0,18,1,6,22,0,44,41,38,5,2024,1,5,46,9,1,1
1,0,1,8,5,437,5,0,15,2,1,9,0,20,41,19,5,2016,2,3,46,29,18,0
2,3,2,8,8,289,11,0,37,2,5,49,1,22,43,22,8,2018,2,2,48,14,35,0
0,1,4,0,4,292,7,0,26,1,1,94,2,0,6,1,0,2023,1,3,5,17,28,0
3,1,2,1,5,1479,7,1,27,2,2,71,2,80,41,77,5,2019,2,5,46,30,30,0
0,1,4,1,2,483,1,1,51,1,1,15,0,31,61,65,2,2025,1,3,65,1,52,0
3,1,1,3,5,965,12,1,27,2,6,20,0,33,41,28,5,2025,2,1,46,21,30,1
1,1,2,8,5,414,10,1,17,2,4,16,2,20,24,19,5,2025,2,5,27,2,19,1
1,1,1,8,5,927,4,1,55,3,2,41,0,12,41,13,5,2023,0,3,46,9,55,0
0,3,2,1,8,277,11,0,48,1,0,13,0,31,39,65,1,2017,1,1,17,14,50,1
1,1,2,6,5,417,3,0,54,2,3,57,0,34,20,29,5,2020,2,3,25,16,34,0
3,1,3,3,5,1099,12,1,17,2,0,38,0,64,41,11,5,2022,2,5,46,9,19,0
0,1,2,4,5,644,10,1,20,2,2,67,1,81,41,81,5,2025,0,1,46,31,21,0
2,1,4,5,5,116,5,1,17,1,1,71,1,27,41,24,5,2023,1,3,46,9,19,0
3,2,3,2,5,824,7,1,51,1,1,41,0,13,41,14,2,2019,1,4,46,30,52,0
3,1,2,3,5,1028,11,1,33,2,5,38,0,78,50,73,3,2022,2,3,55,22,12,1
1,1,2,8,5,526,3,1,49,2,2,29,0,51,41,17,8,2025,2,1,46,34,53,1
0,3,3,7,3,408,8,0,52,1,6,102,1,32,28,26,7,2024,1,5,33,7,51,0
0,1,2,4,5,919,10,1,6,2,2,36,0,29,41,64,4,2025,2,3,46,28,22,1
1,0,3,8,5,317,5,1,40,1,5,21,0,38,23,31,5,2020,1,1,26,9,39,0
0,2,6,3,1,316,11,1,24,1,0,102,3,64,79,11,3,2016,1,3,36,6,29,1
0,1,4,6,2,746,3,1,51,2,6,4,1,15,14,10,2,2017,2,5,13,26,52,1
1,1,2,8,5,257,10,0,27,1,2,20,0,66,41,62,5,2016,1,1,46,14,30,0
1,3,1,8,5,304,10,0,27,1,1,51,0,14,41,54,5,2023,1,3,46,9,30,0
1,1,1,6,4,358,8,1,16,1,0,30,0,77,9,75,4,2023,1,2,8,12,41,0
0,1,1,4,5,1061,5,1,20,3,0,79,0,5,20,6,5,2017,0,3,25,9,21,0
0,2,4,7,5,390,8,0,46,1,0,86,2,45,41,40,7,2017,1,1,46,31,48,0
3,3,4,1,5,778,1,1,17,1,1,31,1,36,55,79,5,2018,1,4,54,4,19,1
3,2,3,2,5,827,12,1,17,1,1,41,0,65,41,61,5,2019,1,2,46,31,19,1
3,0,2,1,5,1429,1,1,13,2,3,28,0,80,41,77,5,2021,2,1,46,30,16,1
1,1,2,8,5,280,12,1,4,1,0,3,0,17,41,39,8,2016,1,2,46,31,5,0
2,1,4,5,5,160,7,1,13,2,6,55,2,40,41,35,5,2019,2,5,46,31,16,0
1,1,6,8,5,513,4,1,45,2,3,35,1,58,35,53,5,2018,2,4,40,28,42,0
1,3,3,6,5,343,4,1,45,2,4,52,1,28,41,80,5,2019,2,1,46,8,42,1
0,1,3,4,5,1165,3,1,47,3,2,4,2,39,23,32,4,2017,0,1,26,9,49,0
0,3,6,4,5,417,8,1,7,1,5,8,1,53,41,48,4,2022,1,3,46,13,10,0
0,3,4,7,5,306,11,1,20,1,4,17,2,32,41,26,5,2017,1,5,46,15,21,0
0,0,1,4,5,813,5,1,29,2,1,24,0,8,41,9,4,2023,2,3,46,17,47,1
1,1,3,8,5,871,4,1,20,3,3,24,0,14,47,54,5,2019,0,0,7,34,21,1
1,1,1,8,5,271,8,1,20,1,2,46,0,20,20,19,5,2024,1,2,25,31,21,0
3,3,1,2,5,1749,2,0,27,2,5,53,0,1,41,2,5,2020,2,2,46,28,30,0
1,1,3,8,5,597,1,1,20,2,0,34,1,22,41,22,5,2018,2,2,46,30,21,0
2,3,3,5,5,128,7,1,54,1,5,27,1,7,24,47,5,2025,1,1,27,22,34,0
1,1,2,8,5,223,6,0,49,1,5,29,0,24,41,58,8,2025,1,0,46,34,53,1
3,1,6,1,5,1263,9,1,27,2,1,14,2,41,41,59,5,2024,2,0,46,9,30,1
0,3,2,8,6,909,2,1,30,2,4,10,0,12,12,13,6,2024,2,1,9,14,33,0
0,1,2,8,4,596,9,1,4,1,3,1,0,43,25,37,8,2019,1,2,30,3,5,0
0,1,3,4,1,607,7,1,40,2,4,26,0,53,18,48,5,2017,0,3,63,4,39,1
0,2,3,4,5,414,8,0,28,1,6,43,1,59,41,52,4,2021,1,5,46,28,31,1
3,1,4,2,5,1725,1,1,27,3,4,69,1,56,41,51,5,2025,0,3,46,2,30,0
0,1,4,4,5,794,1,1,53,2,2,70,0,59,41,52,4,2021,2,1,46,33,54,0
1,1,5,6,5,332,1,1,55,2,2,36,1,10,35,7,5,2025,2,1,40,19,55,1
1,0,4,6,5,285,10,1,32,2,5,8,0,15,41,10,6,2022,2,3,46,19,15,0
0,1,3,5,0,450,8,1,20,1,6,19,1,7,3,47,5,2018,1,1,2,32,21,1
1,1,3,8,5,211,7,1,13,1,2,82,0,35,41,30,5,2018,1,5,46,25,16,0
2,1,6,5,5,160,5,1,13,2,0,32,2,26,41,23,5,2019,2,3,46,28,16,1
2,1,1,5,5,114,7,1,55,1,0,23,0,25,41,20,5,2020,1,3,46,30,55,0
1,1,2,8,5,316,4,1,0,1,3,18,0,24,41,58,8,2022,1,0,46,31,24,0
0,3,5,4,5,773,2,1,45,2,5,81,1,29,41,64,5,2022,2,0,46,9,42,1
0,3,2,7,5,656,6,1,13,2,2,57,0,45,41,40,5,2021,2,0,46,2,16,1
0,0,1,6,3,839,6,1,11,2,1,76,1,28,11,80,3,2023,0,3,64,21,11,0
0,1,2,4,5,868,4,0,29,2,2,25,0,81,41,81,4,2023,2,1,46,28,47,0
1,1,3,8,5,443,10,1,45,2,3,29,0,48,63,43,5,2017,0,4,68,25,42,1
0,1,3,4,5,875,5,1,29,2,2,51,0,69,41,33,4,2018,2,1,46,2,47,0
3,3,5,1,5,1588,9,1,2,2,5,89,2,36,41,79,1,2017,2,0,46,9,2,1
1,1,6,6,5,420,11,1,27,2,0,29,1,3,41,4,5,2018,2,3,46,19,30,0
1,1,1,8,5,290,1,1,50,1,4,20,0,48,41,43,8,2019,1,3,46,9,46,1
1,1,6,8,5,460,3,1,27,2,5,66,0,43,41,37,5,2017,2,1,46,25,30,1
0,1,2,3,6,555,12,1,21,2,0,31,0,78,15,73,6,2025,2,0,16,19,25,0
0,1,1,6,0,320,1,0,32,1,6,21,0,34,3,29,6,2025,1,3,2,19,15,1
0,1,1,0,5,875,8,1,20,2,4,2,0,2,0,3,5,2024,2,3,6,28,21,0
0,1,2,3,4,425,4,1,16,1,5,3,1,33,9,28,4,2022,1,1,8,12,41,0
1,1,1,8,5,669,9,1,43,2,1,18,0,14,41,54,8,2023,0,1,46,29,45,0
0,0,5,4,5,403,4,0,16,1,2,68,1,8,41,9,4,2017,1,1,46,31,41,0
0,1,2,7,5,674,2,1,5,2,6,20,0,45,55,40,7,2022,2,2,54,11,6,0
1,0,1,5,8,434,2,0,13,2,6,16,0,68,53,63,5,2016,2,1,58,22,16,0
2,1,3,2,2,391,3,1,23,2,5,70,0,65,2,61,2,2016,2,1,1,1,26,1
3,1,1,2,5,1291,8,0,39,2,1,78,0,65,41,61,2,2022,0,1,46,30,38,0
2,0,1,5,5,829,4,1,17,3,2,32,0,27,41,24,5,2024,0,5,46,9,19,0
1,2,4,8,5,570,6,1,45,2,6,81,1,17,20,39,5,2025,2,3,25,2,42,0
0,3,1,4,3,707,6,1,29,2,0,56,1,49,28,44,4,2023,2,3,33,7,47,0
1,1,2,8,5,221,11,0,37,1,4,39,2,20,23,19,8,2021,1,1,26,29,35,0
0,1,2,4,5,874,1,1,53,2,1,28,0,53,41,48,4,2018,2,1,46,31,54,0
0,1,4,1,6,759,8,1,21,2,0,17,0,31,80,65,6,2021,2,0,28,4,25,0
1,1,2,8,5,313,2,1,13,1,6,27,0,38,47,31,5,2018,1,5,7,34,16,0
0,0,3,7,5,334,3,1,18,1,5,17,0,19,41,34,5,2025,1,3,46,9,1,0
0,0,2,4,5,489,12,1,27,1,4,22,1,18,41,60,5,2018,1,3,46,2,30,0
1,1,3,6,5,237,7,1,27,2,2,25,1,3,41,4,5,2017,2,4,46,9,30,0
1,1,3,8,5,556,5,0,43,2,4,35,0,20,41,19,8,2022,2,2,46,34,45,1
0,2,6,6,0,419,8,1,54,1,6,18,4,9,21,12,5,2019,1,5,23,20,34,1
1,1,2,6,5,845,10,1,27,3,0,15,2,34,41,29,5,2023,0,4,46,31,30,1
0,3,2,4,5,1460,3,0,27,3,1,45,1,39,41,32,5,2021,0,1,46,5,30,1
2,1,2,5,5,837,2,1,54,2,4,17,1,54,23,55,5,2017,0,4,26,9,34,0
1,0,2,4,6,501,6,1,32,2,1,83,0,18,29,60,6,2019,2,5,34,35,15,0
2,1,1,5,5,149,3,1,27,2,1,64,1,71,41,68,5,2024,2,4,46,22,30,0
1,0,4,8,5,533,12,1,15,2,6,6,1,73,41,70,5,2023,0,3,46,34,18,0
1,1,2,6,5,181,3,1,30,1,1,40,1,9,41,12,6,2025,1,0,46,2,33,1
0,1,1,7,5,734,7,1,27,2,5,24,0,11,41,8,5,2024,2,2,46,22,30,0
0,2,5,7,5,636,2,0,27,2,4,64,2,57,41,49,5,2019,2,5,46,36,30,0
0,1,6,4,5,785,5,1,20,2,0,68,2,29,20,64,5,2024,2,2,25,9,21,1
0,1,5,7,7,840,8,1,52,2,4,57,1,45,49,40,7,2020,2,5,57,15,51,1
3,1,2,2,5,1130,4,1,27,2,1,93,0,75,41,72,5,2024,0,2,46,31,30,0
1,3,1,6,5,313,2,1,27,2,3,91,1,77,41,75,5,2016,2,3,46,19,30,0
1,1,4,8,5,419,1,1,4,2,6,16,1,24,41,58,8,2023,2,5,46,3,5,1
1,0,3,6,5,359,2,1,17,2,5,5,2,77,35,75,5,2025,2,3,40,28,19,1
1,3,6,8,5,276,7,1,50,1,2,19,1,20,41,19,8,2021,1,1,46,28,46,0
3,3,1,3,5,561,12,1,27,1,1,44,1,64,41,11,5,2024,1,1,46,9,30,0
3,3,1,1,5,746,7,1,20,1,6,56,1,41,63,59,5,2023,1,1,68,28,21,1
1,0,3,8,5,490,11,1,27,2,2,84,0,43,41,37,5,2021,2,3,46,3,30,0
0,3,1,7,6,769,1,1,41,2,6,22,0,57,74,49,6,2024,2,1,76,11,40,0
1,1,5,8,5,315,1,1,27,1,0,100,0,73,41,70,5,2020,1,3,46,14,30,0
1,1,1,8,5,526,12,1,8,2,1,10,0,38,41,31,8,2025,2,5,46,22,9,1
0,1,1,4,5,813,4,1,27,2,2,46,0,39,41,32,5,2025,2,1,46,9,30,1
0,0,4,7,5,417,1,0,18,1,0,52,2,11,41,8,5,2017,1,1,46,36,1,1
0,1,1,4,5,382,8,1,16,1,2,10,1,49,41,44,4,2023,1,5,46,30,41,0
0,1,5,7,4,1459,12,1,27,3,3,105,1,45,25,40,5,2025,0,1,30,5,30,1
1,1,1,6,5,320,3,1,13,2,3,22,0,61,41,57,5,2022,2,3,46,35,16,0
0,0,3,0,0,1005,7,1,42,3,0,13,0,42,38,36,0,2022,0,0,44,27,44,0
1,1,3,5,6,298,4,1,36,2,5,12,1,26,4,23,6,2025,2,3,3,2,36,0
0,1,1,0,5,807,4,1,55,2,3,4,0,0,41,1,5,2025,2,0,46,31,55,1
2,0,6,5,5,1514,6,1,27,3,0,29,2,68,41,63,5,2018,0,1,46,9,30,1
0,1,5,7,5,682,11,1,52,2,3,21,3,70,41,27,7,2018,2,1,46,9,51,1
0,1,2,7,5,805,7,0,27,2,3,64,1,70,41,27,5,2022,2,5,46,31,30,0
1,1,1,5,6,172,9,1,54,1,0,1,1,55,80,50,5,2017,1,0,28,19,34,1
1,1,2,8,5,506,12,1,40,2,0,28,0,66,23,62,5,2022,2,2,26,30,39,1
2,1,2,5,5,105,10,1,17,1,2,110,1,27,41,24,5,2023,1,2,46,22,19,1
1,1,4,6,5,119,4,0,15,1,3,34,2,3,41,4,5,2022,1,4,46,19,18,0
0,3,5,6,8,727,7,1,49,2,6,25,1,15,54,10,8,2024,2,3,14,25,53,0
2,0,3,4,4,142,10,0,47,1,4,58,2,29,33,64,4,2024,1,3,69,17,49,0
3,1,3,3,5,1046,7,1,13,2,6,83,0,37,41,66,5,2016,2,3,46,2,16,0
0,3,4,5,0,365,1,1,17,1,3,2,1,54,16,55,5,2018,1,3,21,20,19,1
0,1,2,4,5,780,8,1,54,2,1,37,1,8,41,9,5,2020,2,3,46,31,34,1
0,1,2,4,5,453,1,1,18,1,0,34,0,59,41,52,5,2019,1,1,46,5,1,1
0,1,4,4,5,802,4,1,6,2,4,89,2,59,41,52,4,2024,2,3,46,33,22,1
0,1,1,4,5,831,3,1,25,2,1,40,1,39,50,32,4,2022,2,5,55,13,27,0
0,1,5,4,5,761,1,1,27,2,3,57,2,5,41,6,5,2019,2,1,46,30,30,0
2,1,4,5,5,238,6,0,27,2,5,55,2,27,41,24,5,2024,2,3,46,30,30,1
1,3,5,8,5,306,7,1,40,1,0,54,1,22,20,22,5,2025,1,4,25,28,39,0
0,2,3,4,5,806,4,1,27,2,0,94,2,29,41,64,5,2020,2,2,46,13,30,0
3,1,1,3,5,1026,3,1,27,2,5,33,0,78,41,73,5,2019,2,2,46,22,30,1
3,3,4,3,5,992,5,1,15,2,0,56,1,33,41,28,5,2017,2,5,46,22,18,1
1,1,3,8,5,292,2,0,27,1,6,84,1,48,50,43,5,2022,1,5,55,9,30,1
1,1,5,8,5,483,12,0,37,2,6,85,2,43,41,37,8,2019,2,0,46,9,35,0
0,1,4,6,2,368,1,0,23,1,0,71,0,16,14,15,2,2021,1,1,13,16,26,0
3,1,2,3,5,511,12,1,13,1,0,51,1,78,41,73,5,2020,1,2,46,30,16,0
1,3,2,8,5,477,11,1,27,2,2,17,0,24,41,58,5,2016,2,3,46,3,30,1
1,2,4,6,5,392,1,0,55,2,0,31,1,10,41,7,5,2019,0,5,46,9,55,0
0,1,5,4,5,931,7,1,27,2,4,17,4,81,41,81,5,2025,2,1,46,9,30,0
0,3,4,7,5,348,1,1,40,1,6,70,1,32,41,26,5,2024,1,3,46,22,39,0
0,1,4,4,5,816,8,1,27,2,2,94,2,79,41,78,5,2019,2,2,46,31,30,0
1,1,3,8,5,444,2,1,27,2,1,78,1,48,41,43,5,2023,2,0,46,3,30,1
0,1,2,7,5,780,2,0,40,2,0,108,0,45,41,40,5,2019,2,1,46,24,39,1
0,3,2,4,5,371,6,1,27,1,5,75,0,52,41,46,5,2025,1,3,46,33,30,1
0,1,6,0,5,484,7,1,26,1,6,77,0,23,41,21,0,2019,1,3,46,2,28,1
1,1,3,8,5,216,8,1,15,1,6,78,1,14,41,54,5,2018,1,2,46,34,18,1
0,0,1,3,0,260,6,0,26,1,2,46,0,37,42,66,0,2019,1,0,50,20,28,1
1,2,2,8,5,557,11,0,43,2,4,53,1,73,41,70,8,2025,2,0,46,2,45,1
0,1,2,8,4,1095,7,1,49,2,6,52,0,24,78,58,8,2016,2,0,79,12,53,1
2,0,4,5,5,96,2,0,13,1,2,34,0,54,63,55,5,2019,1,2,68,30,16,1
0,1,1,7,5,638,6,1,45,2,1,8,0,70,50,27,5,2018,2,0,55,30,42,1
1,1,4,8,5,485,9,1,0,2,6,4,1,12,24,13,8,2024,2,0,27,34,24,0
1,0,6,8,5,454,8,0,49,2,0,38,1,12,41,13,8,2017,2,3,46,28,53,1
0,1,3,8,4,1054,9,1,16,2,3,57,0,24,9,58,4,2015,2,3,8,34,41,1
1,3,1,8,5,509,1,1,27,2,2,96,0,73,50,70,5,2024,2,0,55,22,30,0
3,1,5,5,3,1661,4,1,11,3,5,96,0,40,76,35,3,2024,0,1,62,2,11,1
2,1,5,5,5,97,10,1,20,1,2,66,3,7,41,47,5,2021,1,3,46,28,21,1
1,1,3,6,5,325,11,1,27,2,4,38,0,61,47,57,5,2018,2,2,7,9,30,1
0,2,2,7,5,765,12,1,27,2,6,42,0,57,41,49,5,2024,2,3,46,36,30,0
1,0,2,8,5,285,2,1,0,1,4,70,0,17,0,39,8,2015,1,3,6,3,24,1
0,1,2,4,1,314,3,1,12,1,1,82,1,8,59,9,1,2022,1,3,41,12,13,1
1,2,6,8,5,280,4,0,40,1,5,31,1,24,23,58,5,2024,1,0,26,28,39,1
0,3,1,5,4,447,3,1,18,1,6,27,1,6,33,0,5,2022,1,2,69,13,1,0
1,1,2,8,5,504,4,1,45,2,2,26,1,20,35,19,5,2019,2,3,40,3,42,0
1,1,1,6,5,192,3,0,15,1,5,52,0,28,41,80,5,2021,1,3,46,22,18,0
0,0,1,7,0,792,9,1,26,2,2,40,0,57,16,49,0,2017,2,1,21,36,28,0
0,0,2,7,5,1133,11,1,54,3,0,24,0,32,41,26,5,2023,0,1,46,11,34,1
0,0,2,4,5,410,6,0,40,1,1,24,1,53,0,48,5,2016,1,0,6,28,39,1
0,1,1,0,5,721,2,0,13,2,4,21,0,42,41,36,5,2024,2,2,46,27,16,1
1,3,3,8,5,527,2,1,49,2,4,31,1,35,41,30,8,2023,2,4,46,29,53,1
0,1,1,0,5,471,8,1,40,1,6,87,0,21,20,16,5,2016,1,4,25,32,39,1
0,1,3,0,5,771,6,0,27,2,3,58,0,21,41,16,5,2018,2,1,46,20,30,1
1,3,2,8,5,195,8,0,27,1,2,25,1,66,41,62,5,2025,1,5,46,29,30,1
0,3,4,3,7,658,12,0,13,2,3,53,0,33,26,28,5,2022,2,3,32,24,16,1
1,0,2,8,5,253,4,0,27,1,1,66,1,73,41,70,5,2023,1,3,46,2,30,1
3,1,3,1,5,1625,10,1,1,3,1,88,1,31,35,65,1,2023,0,4,40,22,7,0
1,1,5,6,5,214,2,1,17,1,3,22,1,10,68,7,5,2018,1,5,71,30,19,0
1,1,2,8,5,259,6,1,17,1,4,54,0,20,41,19,5,2024,1,5,46,22,19,1
1,0,2,6,5,348,3,1,18,2,6,6,1,76,55,74,5,2018,2,3,54,22,1,1
1,3,5,8,5,822,2,1,40,3,3,38,1,20,0,19,5,2020,0,0,6,25,39,0
0,0,1,7,7,793,11,1,19,2,5,54,0,32,49,26,7,2021,2,5,57,24,20,0
0,0,2,7,5,751,3,0,19,2,4,30,0,19,41,34,7,2017,2,3,46,31,20,0
0,0,3,4,5,780,6,1,20,2,1,46,0,5,0,6,5,2025,2,3,6,9,21,0
0,1,3,7,7,487,10,1,46,1,3,16,0,11,71,8,7,2025,1,3,72,36,48,1
1,1,2,8,5,513,4,1,4,2,2,75,1,35,41,30,8,2017,2,5,46,25,5,0
2,1,6,5,5,121,4,1,27,2,6,21,2,46,23,41,5,2018,2,5,26,22,30,1
1,0,1,6,5,377,12,1,32,2,6,52,0,74,41,69,6,2021,2,3,46,16,15,0
3,3,2,1,5,1521,12,1,45,2,6,27,1,47,41,45,5,2024,2,5,46,28,42,1
0,0,2,4,5,427,10,1,27,1,4,35,1,8,41,9,5,2025,1,3,46,2,30,0
0,3,2,6,6,258,6,0,21,1,6,19,0,61,75,57,6,2017,1,1,77,19,25,0
0,1,1,7,3,763,6,1,33,2,3,5,0,45,67,40,3,2017,2,1,67,36,12,1
0,1,3,7,8,716,7,0,18,2,1,33,0,72,31,71,5,2024,2,3,38,34,1,0
0,1,4,8,4,969,1,0,22,2,4,52,0,22,9,22,4,2020,0,3,8,17,23,1
0,0,4,5,7,758,5,0,52,2,2,106,0,6,27,0,7,2024,2,1,70,24,51,1
1,1,1,6,5,427,6,0,13,2,5,57,1,77,41,75,5,2017,2,1,46,28,16,1
3,1,1,2,5,1778,11,0,15,2,3,45,0,75,41,72,5,2025,2,2,46,31,18,1
0,1,6,7,4,734,3,1,52,2,2,11,3,70,25,27,7,2019,2,4,30,13,51,1
1,1,1,8,5,500,7,0,49,2,2,94,0,20,20,19,8,2025,2,3,25,31,53,0
0,1,3,2,1,734,4,1,51,2,6,94,0,75,79,72,2,2017,2,1,36,6,52,0
0,3,1,0,5,327,12,1,15,1,5,25,1,44,0,38,5,2025,1,5,6,28,18,0
0,1,3,4,5,309,6,0,25,1,6,56,1,52,41,46,4,2024,1,2,46,2,27,0
1,1,1,8,5,589,2,1,27,2,2,40,0,24,41,58,5,2020,0,1,46,34,30,1
0,3,3,7,0,308,3,1,52,1,3,25,1,32,42,26,7,2015,1,1,50,24,51,0
1,0,2,8,5,497,11,0,45,2,6,23,1,43,20,37,5,2021,2,5,25,30,42,1
0,1,4,7,5,793,7,1,27,2,3,31,0,45,41,40,5,2022,2,2,46,11,30,1
0,1,3,0,2,716,1,1,42,2,3,61,0,0,61,1,0,2019,2,4,65,20,44,1
2,1,3,5,5,70,8,1,13,1,5,38,0,27,41,24,5,2023,1,1,46,30,16,0
1,1,3,8,5,417,2,0,45,2,5,47,1,17,63,39,5,2024,2,2,68,28,42,1
0,3,1,4,5,786,7,1,25,2,2,26,0,4,41,5,4,2024,2,1,46,17,27,0
0,0,2,4,5,703,10,1,45,2,0,43,1,4,41,5,5,2016,2,1,46,22,42,0
0,1,2,4,5,912,11,1,28,2,1,174,0,8,41,9,4,2025,2,2,46,2,31,0
3,1,3,1,5,800,4,1,13,1,5,73,2,31,41,65,5,2023,1,2,46,22,16,1
1,1,1,6,5,243,1,1,40,1,1,37,0,16,41,15,5,2024,1,1,46,28,39,0
0,0,3,4,5,300,4,1,20,1,0,96,0,49,41,44,5,2022,1,0,46,28,21,1
0,1,6,8,2,430,2,1,50,1,0,57,1,20,61,19,8,2022,1,3,65,1,46,0
3,0,4,3,5,1017,12,1,55,2,3,53,1,62,41,76,5,2024,2,5,46,2,55,1
0,1,4,4,5,791,10,1,17,2,1,66,2,30,41,25,5,2025,2,1,46,30,19,0
0,1,3,4,5,798,10,1,29,2,3,57,1,8,24,9,4,2021,2,2,27,22,47,0
1,0,2,6,5,330,5,0,27,2,6,15,0,3,23,4,5,2024,2,2,26,28,30,1
3,0,3,2,5,1824,9,1,27,2,5,16,1,75,41,72,5,2019,2,5,46,31,30,1
1,0,2,8,5,519,6,0,4,2,1,20,0,12,41,13,8,2016,2,4,46,28,5,0
2,0,2,5,5,216,8,0,20,2,2,37,2,7,68,47,5,2023,2,0,71,28,21,1
1,1,1,8,5,549,10,1,27,2,2,28,1,24,41,58,5,2015,2,3,46,29,30,0
0,0,1,4,5,801,12,1,35,2,5,4,0,81,41,81,4,2025,2,1,46,22,8,1
2,2,2,5,5,75,2,1,55,1,4,56,0,46,63,41,5,2024,1,4,68,28,55,0
1,1,1,8,5,543,5,1,20,2,5,67,0,24,41,58,5,2020,2,5,46,9,21,0
3,1,1,3,5,1502,12,1,11,3,5,3,0,62,41,76,3,2018,0,1,46,18,11,0
0,3,2,7,5,749,5,0,13,2,2,14,2,70,41,27,5,2023,2,1,46,36,16,1
3,1,1,1,5,1515,3,1,27,2,4,19,0,63,41,18,5,2024,2,2,46,31,30,1
0,3,4,1,6,300,4,0,21,1,2,63,1,41,10,59,6,2023,1,2,15,16,25,1
1,3,5,8,5,188,8,1,37,1,1,57,1,43,41,37,8,2019,1,1,46,30,35,0
0,1,2,4,5,349,5,0,54,1,2,58,1,52,68,46,5,2023,1,3,71,30,34,1
0,1,2,4,5,672,1,0,20,2,0,27,1,59,41,52,5,2024,2,1,46,9,21,1
1,3,4,8,5,190,6,1,37,1,2,82,0,20,41,19,8,2025,1,5,46,31,35,1
3,1,1,3,5,465,8,0,27,1,5,24,0,62,41,76,5,2023,1,2,46,30,30,1
3,1,3,3,5,937,7,1,33,2,1,29,2,67,24,67,3,2019,0,1,27,9,12,0
0,3,5,0,0,364,8,1,14,1,5,68,1,60,1,56,0,2022,1,0,0,10,17,1
0,1,1,4,5,720,7,1,47,2,6,35,1,39,41,32,4,2024,2,5,46,22,49,1
0,2,2,1,8,309,6,1,12,1,2,39,1,36,31,79,1,2023,1,2,38,3,13,1
1,1,2,8,5,196,5,1,27,1,4,56,0,48,41,43,5,2018,1,3,46,25,30,0
0,1,2,0,5,449,11,0,45,1,1,56,0,23,63,21,5,2018,1,3,68,22,42,0
0,1,2,4,5,863,11,1,40,2,4,64,0,5,41,6,5,2016,2,5,46,28,39,0
1,3,2,4,6,593,1,1,41,2,0,22,2,30,69,25,6,2016,2,3,74,35,40,0
1,1,3,6,5,191,2,1,17,1,3,42,0,16,41,15,5,2023,1,1,46,8,19,1
0,1,5,4,5,871,1,1,27,2,1,41,2,53,41,48,5,2023,2,1,46,5,30,0
0,1,3,7,5,717,6,1,19,2,5,46,0,19,41,34,7,2022,2,5,46,22,20,1
1,0,1,8,5,948,1,1,54,3,3,83,0,58,41,53,5,2020,0,3,46,28,34,0
1,1,2,8,5,885,8,1,55,3,6,24,1,17,41,39,5,2019,0,1,46,28,55,1
3,0,2,2,5,1519,9,0,45,2,4,90,0,56,41,51,5,2021,2,3,46,9,42,1
0,1,2,7,5,417,7,0,27,1,1,56,0,19,41,34,5,2018,1,3,46,22,30,0
0,1,5,4,3,856,5,1,55,2,0,25,2,81,11,81,5,2019,0,1,64,18,55,1
1,1,2,8,5,536,1,1,37,2,6,41,0,66,35,62,8,2015,2,3,40,9,35,1
0,1,1,0,5,797,10,1,13,2,5,97,1,0,41,1,5,2024,2,3,46,28,16,0
1,1,2,6,5,1034,4,1,30,3,4,4,1,61,41,57,6,2024,0,0,46,8,33,0
1,1,5,8,5,442,7,1,40,2,6,41,2,58,41,53,5,2022,2,1,46,9,39,0
0,0,5,4,5,667,10,0,55,2,2,63,0,53,41,48,5,2021,0,5,46,5,55,0
3,1,2,3,5,1057,3,0,9,2,2,23,2,33,41,28,3,2018,2,5,46,7,14,1
0,1,3,4,5,869,11,1,22,2,2,49,1,8,41,9,4,2025,2,1,46,33,23,1
1,1,3,8,5,302,11,0,4,1,1,69,1,12,41,13,8,2017,1,3,46,30,5,1
0,0,3,0,5,879,6,0,55,2,5,12,1,23,20,21,5,2017,2,2,25,9,55,1
1,3,1,6,5,227,10,1,13,1,4,66,0,77,41,75,5,2024,1,2,46,16,16,0
1,1,1,8,5,405,4,1,4,2,5,59,0,12,47,13,8,2016,2,2,7,9,5,1
0,0,2,7,5,733,2,1,15,2,4,95,1,72,41,71,5,2019,2,1,46,9,18,0
2,3,2,5,5,107,12,1,18,1,0,111,0,55,41,50,5,2022,1,0,46,22,1,1
0,1,1,4,7,276,2,0,52,1,3,111,1,29,27,64,7,2023,1,3,70,11,51,0
1,0,2,5,6,223,11,1,13,1,4,80,0,40,80,35,5,2025,1,0,28,8,16,0
1,1,5,6,5,209,6,1,15,1,2,51,1,9,0,12,5,2024,1,5,6,31,18,0
2,0,2,8,8,199,6,1,43,1,6,37,1,66,53,62,8,2022,1,1,58,25,45,0
0,2,1,8,4,1156,2,1,35,2,0,94,0,66,48,62,4,2018,2,3,53,13,8,1
0,1,1,4,5,721,4,0,22,2,1,89,0,30,20,25,4,2022,2,5,25,9,23,0
2,1,4,5,5,178,12,1,45,2,1,12,1,40,41,35,5,2024,2,1,46,31,42,0
0,3,3,3,0,521,7,1,24,2,4,10,1,62,21,76,3,2016,2,2,23,21,29,0
0,0,2,7,5,430,6,0,38,1,6,20,1,70,41,27,7,2023,1,3,46,22,37,1
1,1,5,8,5,611,4,1,4,2,2,29,0,35,41,30,8,2025,2,3,46,25,5,1
0,3,4,4,5,434,6,1,3,1,6,10,1,5,41,6,4,2025,1,1,46,31,4,0
0,0,2,7,5,734,3,1,17,2,0,13,1,70,35,27,5,2023,2,2,40,9,19,1
1,2,2,8,5,426,10,1,15,2,4,114,1,43,41,37,5,2025,2,2,46,30,18,1
1,1,4,8,5,377,7,0,49,2,4,22,3,35,41,30,8,2025,2,3,46,30,53,0
0,0,1,2,3,475,9,0,33,1,2,70,0,56,67,51,3,2023,1,3,67,7,12,1
0,1,3,4,5,733,4,1,27,2,6,31,1,30,41,25,5,2025,2,4,46,9,30,1
2,1,3,5,5,94,2,0,13,1,1,13,0,27,41,24,5,2025,1,1,46,22,16,1
0,0,1,4,5,1417,6,1,15,3,5,7,0,5,41,6,5,2017,0,1,46,12,18,1
0,0,2,4,5,1732,5,0,55,3,4,34,1,49,41,44,5,2016,0,1,46,37,55,0
1,3,3,8,5,507,5,1,49,2,2,17,0,24,41,58,8,2019,0,3,46,29,53,0
0,1,2,4,5,499,11,0,16,2,4,18,0,8,41,9,4,2018,0,3,46,28,41,0
3,3,1,3,5,990,1,0,34,2,6,101,1,62,41,76,3,2024,2,1,46,28,0,0
0,0,4,4,5,1284,4,1,13,3,6,47,1,39,24,32,5,2025,0,3,27,9,16,0
1,1,4,5,6,178,2,1,32,1,4,20,2,46,69,41,6,2023,1,3,74,30,15,0
1,1,2,8,5,425,9,1,27,2,2,37,1,22,41,22,5,2022,2,2,46,22,30,0
1,1,2,8,5,535,5,0,27,2,5,10,0,73,41,70,5,2024,2,1,46,31,30,0
1,0,1,8,5,542,11,1,55,2,0,19,1,35,63,30,5,2019,2,4,68,29,55,1
2,0,5,5,5,225,3,0,27,2,1,9,1,40,41,35,5,2025,2,1,46,31,30,1
0,0,1,0,4,254,11,0,53,1,6,33,0,42,81,36,4,2017,1,1,81,5,54,1
1,0,2,6,5,274,8,1,17,2,2,106,0,61,63,57,5,2024,2,1,68,22,19,0
0,1,5,4,5,436,9,1,27,1,2,48,2,18,41,60,5,2016,1,3,46,13,30,1
0,1,3,6,7,354,1,1,19,1,3,72,3,76,34,74,7,2017,1,3,19,15,20,1
1,1,4,8,5,310,10,1,43,1,4,40,0,43,41,37,8,2023,1,5,46,9,45,0
0,1,2,2,8,868,8,0,54,2,4,165,0,1,22,2,5,2024,2,1,22,34,34,1
3,1,2,3,5,890,10,0,45,2,2,13,1,78,41,73,5,2021,2,3,46,28,42,0
1,1,2,6,5,202,12,1,45,1,4,97,1,28,41,80,5,2024,1,3,46,30,42,1
1,1,1,6,5,324,5,1,17,2,1,83,0,34,41,29,5,2022,2,5,46,19,19,0
0,1,3,8,4,1061,10,0,45,2,4,38,1,43,52,37,5,2025,2,3,59,29,42,1
0,1,1,7,5,739,10,1,20,2,5,28,0,45,35,40,5,2018,2,3,40,31,21,0
1,1,2,8,5,535,11,1,13,2,4,26,1,58,24,53,5,2018,2,5,27,34,16,1
1,1,1,5,8,493,2,1,20,2,3,3,1,55,43,50,5,2017,2,1,48,25,21,1
2,1,2,8,8,200,1,1,0,2,0,48,0,35,58,30,8,2025,2,1,24,34,24,0
1,1,2,8,5,480,6,1,17,2,2,37,1,51,41,17,5,2022,2,5,46,25,19,1
1,3,2,8,5,189,3,0,45,1,6,77,1,73,35,70,5,2019,1,2,40,3,42,1
1,0,4,8,5,552,12,1,27,2,0,36,0,73,41,70,5,2025,2,3,46,22,30,1
0,1,2,0,5,392,10,1,17,1,0,9,1,42,41,36,5,2017,1,5,46,9,19,1
3,1,2,2,5,857,3,1,45,1,4,88,0,13,41,14,5,2025,1,3,46,22,42,0
1,1,4,8,5,397,1,1,4,2,1,96,0,38,41,31,8,2020,2,4,46,28,5,0
1,1,3,6,5,255,7,1,41,2,3,31,1,16,41,15,6,2019,2,3,46,22,40,1
0,1,6,3,7,317,8,1,33,1,2,112,0,67,40,67,3,2022,1,1,45,21,12,0
3,3,3,1,5,1500,8,1,40,2,3,83,1,41,41,59,5,2022,2,3,46,9,39,1
0,1,2,0,5,848,1,0,15,2,2,79,0,60,41,56,5,2024,2,1,46,30,18,1
1,2,3,8,5,278,5,1,18,1,1,21,0,20,0,19,5,2024,1,1,6,14,1,1
2,2,2,5,5,166,5,0,18,2,5,62,1,27,68,24,5,2021,2,3,71,2,1,1
1,3,2,8,5,286,12,0,8,1,5,69,1,22,41,22,8,2018,1,4,46,25,9,0
1,1,5,8,5,441,10,0,4,2,4,8,2,14,41,54,8,2024,2,1,46,2,5,0
0,1,2,3,8,852,10,1,11,2,3,36,1,78,53,73,3,2016,2,4,58,18,11,0
0,1,2,4,5,346,3,1,13,1,0,15,0,39,23,32,5,2023,1,1,26,30,16,0
1,1,4,5,6,234,12,0,17,1,4,14,2,40,7,35,5,2025,1,1,10,8,19,0
1,1,2,8,5,1073,2,0,17,3,1,74,0,22,41,22,5,2022,0,5,46,3,19,1
1,1,5,6,5,335,2,1,21,2,1,79,1,15,41,10,6,2023,2,3,46,22,25,1
0,1,2,4,5,813,2,1,7,2,4,15,1,69,41,33,4,2023,2,0,46,31,10,1
0,0,6,7,5,733,7,1,19,2,3,39,2,19,50,34,7,2020,2,3,55,30,20,0
2,1,2,5,5,118,11,1,27,1,3,47,0,40,41,35,5,2015,1,1,46,2,30,1
0,1,2,7,5,331,12,1,38,1,5,8,1,72,41,71,7,2019,1,4,46,24,37,0
3,3,4,3,5,1009,9,1,34,2,6,52,1,62,41,76,3,2015,2,1,46,18,0,1
3,1,2,1,5,1681,3,1,27,2,1,8,0,36,41,79,5,2025,2,1,46,22,30,0
0,0,4,0,5,367,2,1,55,1,1,26,1,2,35,3,5,2025,1,1,40,30,55,1
1,0,3,8,5,515,6,0,27,2,3,1,0,58,41,53,5,2021,2,1,46,28,30,1
1,0,3,8,5,221,8,1,40,1,2,65,0,43,41,37,5,2017,1,1,46,31,39,0
0,1,4,7,5,663,11,1,27,2,0,96,0,45,41,40,5,2021,2,3,46,9,30,1
2,0,1,8,8,189,7,1,37,1,0,33,0,43,22,37,8,2015,1,1,22,29,35,1
1,1,3,6,5,311,4,0,27,2,3,52,0,16,41,15,5,2015,2,3,46,22,30,0
3,0,3,3,5,1076,11,1,10,2,3,98,0,64,68,11,3,2025,2,3,71,18,3,1
2,0,2,5,5,85,2,0,45,1,3,53,0,40,41,35,5,2024,1,3,46,28,42,1
0,3,2,8,4,923,9,1,47,2,6,43,0,43,60,37,4,2021,2,3,18,34,49,0
2,0,4,5,5,635,2,1,45,2,2,50,1,40,41,35,5,2016,0,0,46,2,42,1
0,1,1,4,5,700,11,0,27,2,6,20,1,29,41,64,5,2019,2,1,46,22,30,1
3,1,5,2,5,808,7,1,54,1,0,85,4,13,41,14,5,2024,1,3,46,26,34,0
1,1,3,8,5,310,8,1,37,1,0,3,2,58,41,53,8,2025,1,2,46,3,35,1
1,0,4,8,5,732,10,1,0,2,1,12,0,14,41,54,8,2024,0,1,46,31,24,1
1,1,6,8,5,458,12,1,27,2,2,108,2,12,41,13,5,2023,2,5,46,14,30,1
0,0,1,1,6,810,8,1,32,2,6,26,0,41,15,59,6,2022,2,3,16,19,15,1
1,1,6,8,5,437,9,0,17,2,2,26,1,20,41,19,5,2017,2,5,46,31,19,0
0,1,3,4,5,947,8,1,55,2,6,31,0,52,41,46,5,2021,2,1,46,9,55,0
0,1,1,7,4,760,5,1,28,2,1,49,0,19,32,34,4,2023,2,0,39,5,31,0
0,1,3,7,5,370,9,1,31,1,3,47,2,19,63,34,7,2023,1,5,68,2,32,0
0,3,1,7,5,792,2,1,45,2,6,7,0,32,68,26,5,2022,2,0,71,2,42,0
3,3,1,2,5,832,6,1,55,1,1,41,1,13,20,14,5,2023,1,3,25,2,55,0
0,1,6,4,5,336,4,1,7,1,6,6,1,49,41,44,4,2019,1,3,46,33,10,1
0,0,2,7,5,417,9,1,18,1,0,10,1,19,41,34,5,2025,1,3,46,2,1,0
1,1,4,8,5,260,8,0,18,1,5,11,3,35,68,30,5,2024,1,5,71,3,1,0
2,0,3,5,5,852,4,1,27,2,3,97,1,68,41,63,5,2024,0,1,46,9,30,1
0,1,2,4,5,831,10,0,53,2,4,12,0,49,41,44,4,2019,2,1,46,13,54,1
0,3,2,8,0,461,4,1,43,1,2,100,0,22,38,22,8,2018,1,3,44,27,45,1
1,1,1,8,5,436,10,1,27,2,4,41,1,20,41,19,5,2025,2,4,46,14,30,1
0,1,1,7,3,945,9,0,34,2,0,46,0,19,76,34,3,2022,2,3,62,18,0,0
1,1,3,8,5,302,4,1,40,1,6,77,0,22,41,22,5,2017,1,5,46,14,39,1
0,2,2,8,4,498,10,1,47,1,3,75,1,35,33,30,4,2025,1,0,69,17,49,0
3,1,6,2,5,1494,5,0,23,2,4,62,2,56,50,51,2,2022,2,3,55,22,26,1
1,1,1,8,5,627,11,1,27,2,2,39,0,35,41,30,5,2019,2,1,46,31,30,1
0,3,3,1,4,335,2,1,48,1,3,24,0,36,52,79,1,2019,1,2,59,37,50,1
0,0,3,4,8,505,7,1,7,1,3,63,1,49,62,44,4,2016,1,1,66,17,10,0
0,1,2,7,5,325,10,1,40,1,1,12,1,45,41,40,5,2024,1,1,46,22,39,1
2,1,3,5,5,1274,7,0,13,3,0,29,0,25,41,20,5,2018,0,3,46,9,16,1
0,1,3,8,4,1087,10,0,4,2,6,57,2,24,64,58,8,2018,2,5,29,34,5,1
1,0,1,5,6,268,2,0,30,2,2,32,1,25,74,20,6,2023,2,3,76,35,33,0
1,0,2,8,5,446,1,0,45,2,6,23,0,73,41,70,5,2018,2,1,46,9,42,0
1,0,1,8,5,441,1,1,27,2,6,40,0,20,41,19,5,2019,2,0,46,9,30,1
0,2,3,6,2,487,11,1,39,1,1,28,3,16,72,15,2,2022,1,0,75,19,38,0
3,0,3,5,3,1048,9,1,18,2,5,21,1,71,66,68,5,2017,2,0,37,18,1,1
0,1,2,6,0,904,4,0,40,3,3,55,0,15,3,10,5,2022,0,2,2,19,39,0
1,0,3,8,5,207,12,1,55,1,5,16,1,48,41,43,5,2023,1,1,46,9,55,0
0,0,3,6,1,265,1,1,30,1,4,26,1,77,45,75,6,2025,1,1,47,6,33,1
2,1,2,5,5,170,5,1,27,2,5,27,1,7,41,47,5,2024,2,4,46,22,30,1
0,1,4,1,3,774,8,1,11,2,5,85,2,63,67,18,3,2024,2,3,67,6,11,0
2,0,3,5,5,242,9,0,54,2,6,33,1,26,41,23,5,2025,2,1,46,2,34,1
0,0,4,4,8,1084,4,1,22,2,5,32,2,52,30,46,4,2025,2,3,35,5,23,1
1,3,2,8,5,687,11,1,27,2,4,32,1,17,41,39,5,2016,0,1,46,9,30,1
3,0,5,2,5,891,6,1,39,1,5,76,1,75,68,72,2,2025,1,1,71,9,38,1
2,1,2,5,5,120,2,1,45,1,1,70,0,6,41,0,5,2016,1,1,46,22,42,1
3,1,2,3,5,1075,11,1,27,2,0,51,2,64,41,11,5,2025,2,3,46,2,30,0
1,1,2,6,5,423,12,1,21,2,6,35,1,10,41,7,6,2023,2,4,46,9,25,0
3,3,2,1,5,875,1,1,13,1,3,81,1,36,41,79,5,2025,1,1,46,9,16,0
1,1,1,8,5,194,6,1,43,1,2,49,1,35,41,30,8,2024,1,4,46,2,45,0
0,1,2,7,5,443,3,1,27,1,2,13,0,57,41,49,5,2019,1,1,46,31,30,1
1,1,2,6,5,472,11,1,27,2,2,12,1,3,41,4,5,2022,2,5,46,9,30,0
3,0,4,3,5,470,12,1,20,1,2,17,1,62,41,76,5,2017,1,5,46,9,21,0
1,1,1,6,5,231,7,1,13,1,0,87,0,16,41,15,5,2016,1,1,46,23,16,1
1,1,4,8,5,511,12,1,55,2,2,10,0,51,55,17,5,2018,2,1,54,22,55,0
1,1,3,8,5,301,12,1,18,1,2,37,1,17,68,39,5,2015,1,3,71,28,1,1
0,0,3,4,5,955,12,0,27,2,1,23,1,81,41,81,5,2022,2,5,46,22,30,0
0,1,2,7,5,782,6,1,19,2,3,37,1,45,41,40,7,2023,2,4,46,31,20,1
0,3,4,4,5,434,1,0,53,1,6,3,0,4,20,5,4,2017,1,0,25,22,54,1
1,0,2,8,5,480,1,1,49,2,2,34,1,51,41,17,8,2019,2,1,46,29,53,1
1,1,4,8,5,704,6,1,20,2,0,69,1,43,41,37,5,2023,0,2,46,14,21,1
0,1,2,4,5,782,6,1,27,2,5,90,0,5,41,6,5,2022,2,1,46,30,30,0
1,1,1,8,5,573,4,1,0,2,1,89,1,14,41,54,8,2020,2,1,46,9,24,0
2,1,1,5,5,107,12,0,15,1,0,78,0,6,41,0,5,2024,1,5,46,31,18,0
0,0,1,7,5,679,6,0,20,2,0,34,0,72,24,71,5,2016,2,5,27,2,21,0
0,1,3,4,5,760,2,1,45,2,5,59,0,39,41,32,5,2022,2,4,46,2,42,1
1,3,1,8,5,205,10,1,37,1,4,77,0,14,41,54,8,2021,1,2,46,30,35,1
1,3,6,6,5,356,3,1,13,2,3,20,0,61,41,57,5,2017,2,2,46,9,16,1
1,1,1,6,5,134,7,1,32,1,6,33,0,34,47,29,6,2019,1,2,7,30,15,0
0,0,2,7,5,650,5,1,5,2,5,34,0,70,41,27,7,2017,2,3,46,28,6,0
3,1,2,2,5,1644,8,0,23,2,5,31,0,75,50,72,2,2020,2,3,55,9,26,0
0,1,1,4,5,470,1,1,27,1,0,9,1,39,41,32,5,2018,1,5,46,30,30,1
3,0,1,3,5,978,4,0,40,2,1,49,0,67,41,67,5,2024,2,5,46,31,39,1
1,1,4,6,5,165,10,1,27,1,2,58,2,61,41,57,5,2022,1,2,46,31,30,1
2,3,3,4,4,277,9,1,16,2,5,50,2,49,78,44,4,2021,2,1,79,5,41,1
0,1,1,4,5,367,2,1,55,1,5,81,0,59,41,52,5,2025,1,1,46,28,55,1
1,1,1,5,6,173,1,1,15,1,0,30,0,6,7,0,5,2019,1,1,10,30,18,0
1,3,3,8,5,434,5,0,17,2,0,22,0,73,41,70,5,2016,2,0,46,2,19,1
1,0,4,8,5,515,9,1,37,2,3,79,1,58,41,53,8,2025,2,3,46,31,35,0
1,1,3,8,5,448,12,0,27,2,4,50,1,12,41,13,5,2025,2,4,46,22,30,0
1,1,1,6,5,146,11,0,17,1,3,21,1,10,41,7,5,2017,1,3,46,2,19,0
1,1,5,8,5,965,1,1,43,3,5,65,1,14,41,54,8,2018,0,5,46,31,45,0
0,1,2,1,6,802,5,1,1,2,5,103,0,36,80,79,1,2019,0,2,28,19,7,1
3,3,3,3,5,1237,9,0,55,3,2,49,0,62,41,76,5,2019,0,2,46,2,55,1
0,1,2,7,5,308,6,1,45,1,3,53,0,11,35,8,5,2023,1,2,40,24,42,0
1,1,1,8,5,235,10,1,20,1,4,40,1,24,41,58,5,2025,1,3,46,2,21,0
1,1,2,8,5,275,6,1,4,1,3,26,0,35,41,30,8,2022,1,5,46,9,5,1
0,0,2,8,6,330,6,1,4,1,1,71,0,24,74,58,8,2025,1,3,76,16,5,0
1,1,1,8,5,451,5,0,50,2,1,1,0,66,41,62,8,2024,2,5,46,2,46,1
0,1,1,4,5,859,3,1,54,2,5,5,1,79,41,78,5,2022,2,0,46,28,34,0
1,0,2,8,5,278,8,1,27,1,0,1,0,66,41,62,5,2017,1,1,46,30,30,0
0,0,3,4,5,417,4,0,7,1,0,77,2,49,41,44,4,2016,1,3,46,12,10,1
0,1,1,0,6,603,7,1,32,2,3,62,0,2,12,3,6,2024,2,2,9,8,15,0
0,3,5,3,7,281,7,1,40,1,5,48,0,67,27,67,5,2019,1,1,70,24,39,0
1,0,5,8,5,228,9,1,4,1,0,73,1,14,41,54,8,2021,1,3,46,34,5,1
1,1,1,8,5,560,5,1,17,2,4,39,0,12,23,13,5,2021,2,1,26,34,19,1
0,3,1,0,3,287,7,0,9,1,1,2,0,42,73,36,3,2025,1,4,78,21,14,1
1,0,1,6,5,1487,5,1,40,3,2,15,0,34,41,29,5,2017,0,1,46,31,39,0
1,1,6,8,5,269,1,1,27,1,2,79,3,12,41,13,5,2019,1,3,46,3,30,1
1,3,3,8,5,425,2,1,0,2,4,48,0,14,41,54,8,2024,2,2,46,28,24,1
0,2,2,0,5,472,12,1,42,1,3,60,1,42,63,36,0,2018,1,4,68,22,44,0
0,1,4,4,5,851,4,1,18,2,2,69,2,81,41,81,5,2024,2,1,46,22,1,1
0,1,1,4,5,459,4,1,27,1,3,28,1,5,41,6,5,2023,1,1,46,31,30,1
1,1,4,8,5,482,10,1,50,2,1,97,1,14,41,54,8,2019,2,1,46,9,46,1
0,1,4,7,5,751,8,0,31,2,3,113,0,72,20,71,7,2016,2,5,25,24,32,1
0,1,2,7,5,970,1,1,55,3,3,9,1,11,23,8,5,2023,0,3,26,22,55,0
0,0,3,4,5,443,9,1,15,1,2,2,0,49,41,44,5,2015,1,0,46,28,18,0
0,1,3,0,5,784,11,1,17,2,1,70,0,21,47,16,5,2022,2,5,7,30,19,0
3,0,4,1,5,1547,4,1,13,2,4,76,1,80,23,77,5,2025,2,0,26,2,16,1
0,2,1,7,5,764,6,1,27,2,2,98,0,70,41,27,5,2020,2,5,46,36,30,0
1,0,2,8,5,215,1,1,40,1,3,149,0,73,41,70,5,2025,1,1,46,28,39,1
3,1,1,3,5,426,3,0,34,1,1,12,0,64,47,11,3,2018,1,1,7,22,0,1
1,3,3,8,5,527,2,1,27,2,5,58,0,20,41,19,5,2023,2,0,46,3,30,1
3,1,2,2,5,1727,4,1,39,2,5,18,0,75,41,72,2,2025,2,3,46,1,38,0
0,1,4,4,5,697,7,1,20,2,2,90,1,39,41,32,5,2017,0,3,46,13,21,0
0,1,2,4,5,318,11,1,27,1,2,44,1,29,41,64,5,2023,1,5,46,13,30,0
1,0,1,8,5,568,7,1,15,2,1,23,1,35,23,30,5,2025,2,0,26,2,18,1
1,1,4,8,5,541,7,1,43,2,6,56,0,24,50,58,8,2018,2,2,55,28,45,0
0,1,4,7,5,851,12,1,54,2,0,77,0,19,41,34,5,2022,2,3,46,9,34,1
1,1,1,8,5,266,1,1,15,1,4,6,1,22,41,22,5,2022,1,3,46,30,18,1
0,0,2,4,5,455,7,0,45,1,4,94,0,81,63,81,5,2017,1,2,68,28,42,1
2,2,3,5,5,109,5,1,40,1,5,31,0,26,41,23,5,2017,1,2,46,22,39,0
3,1,1,2,5,1658,4,0,55,2,6,68,0,1,41,2,5,2025,2,2,46,28,55,1
2,1,2,5,5,104,10,1,27,1,0,30,1,26,41,23,5,2024,1,5,46,2,30,1
2,1,1,5,5,112,7,1,13,1,2,103,0,7,41,47,5,2025,1,3,46,30,16,1
2,0,1,5,5,251,6,1,17,2,5,94,1,26,35,23,5,2015,0,5,40,2,19,0
1,3,6,8,5,427,6,0,27,2,5,46,0,43,41,37,5,2015,2,3,46,9,30,0
1,1,1,8,5,681,5,1,27,2,3,17,1,58,41,53,5,2025,0,1,46,2,30,0
1,0,2,8,5,495,3,1,55,2,1,34,1,22,63,22,5,2023,2,2,68,3,55,1
1,1,2,6,5,212,5,1,27,1,6,70,0,10,41,7,5,2020,1,3,46,22,30,1
1,0,3,8,5,538,9,1,54,2,3,91,3,51,41,17,5,2021,2,2,46,9,34,1
1,1,2,8,5,461,7,1,27,2,6,7,1,20,41,19,5,2016,2,0,46,30,30,0
2,0,3,5,5,105,6,1,27,1,0,93,1,25,41,20,5,2017,1,1,46,30,30,0
1,3,2,8,5,543,6,0,8,2,3,1,1,43,41,37,8,2023,2,1,46,9,9,1
0,0,3,4,0,553,4,1,22,2,6,14,1,52,36,46,4,2016,2,4,42,20,23,1
3,0,1,1,5,818,4,0,2,1,1,99,0,80,41,77,1,2024,1,3,46,22,2,0
1,1,3,8,5,554,6,1,27,2,4,23,0,51,0,17,5,2021,2,0,6,3,30,1
1,2,3,6,5,366,2,1,55,2,6,53,0,9,41,12,5,2022,2,1,46,22,55,0
0,0,2,7,0,677,11,0,5,2,0,52,0,45,16,40,7,2020,2,1,21,32,6,0
1,1,1,6,5,425,2,1,15,2,1,92,1,34,41,29,5,2020,2,3,46,2,18,0
3,0,3,1,5,779,5,1,45,1,5,32,0,47,41,45,5,2022,1,1,46,2,42,1
2,1,3,4,4,381,4,1,6,2,3,39,2,18,25,60,4,2025,2,4,30,37,22,0
1,0,1,8,5,516,6,1,17,2,2,1,1,58,41,53,5,2021,2,3,46,30,19,1
1,0,3,8,5,594,11,1,17,2,3,70,1,35,41,30,5,2015,0,3,46,31,19,1
0,3,1,4,8,971,8,1,3,2,4,55,0,69,39,33,4,2017,2,3,17,25,4,1
0,1,6,7,5,771,7,1,20,2,6,108,1,19,41,34,5,2025,2,3,46,31,21,0
0,1,3,4,5,916,4,1,54,2,3,34,0,8,41,9,5,2017,2,1,46,5,34,1
0,1,2,4,5,795,11,1,17,2,0,35,0,52,41,46,5,2024,2,2,46,22,19,0
0,1,5,8,4,988,3,0,22,2,2,57,1,38,9,31,4,2019,2,0,8,25,23,1
1,3,5,6,5,236,2,1,18,1,6,33,3,77,41,75,5,2023,1,4,46,28,1,0
2,3,2,5,5,183,4,1,15,2,3,36,0,54,41,55,5,2019,2,3,46,30,18,0
2,0,3,5,5,165,1,0,27,2,5,77,0,54,41,55,5,2024,2,1,46,22,30,1
2,3,2,5,5,161,1,1,27,2,5,17,0,40,41,35,5,2023,2,1,46,30,30,0
1,1,6,8,5,481,4,1,49,2,6,41,1,12,41,13,8,2025,2,3,46,31,53,0
1,1,3,8,5,592,11,1,4,2,4,12,1,58,41,53,8,2025,2,2,46,2,5,0
0,0,4,2,3,415,2,1,23,1,4,15,0,1,67,2,2,2018,1,3,67,1,26,1
0,0,5,7,5,685,2,1,45,2,2,48,3,72,41,71,5,2025,2,1,46,31,42,0
0,1,2,0,5,360,12,0,54,1,2,66,1,44,35,38,5,2017,1,5,40,20,34,1
2,0,4,5,5,215,11,0,27,2,6,91,1,71,41,68,5,2019,2,4,46,30,30,0
1,0,2,6,5,264,7,1,13,2,2,35,0,3,41,4,5,2022,2,5,46,2,16,1
0,1,3,3,7,371,1,0,19,1,2,44,0,64,34,11,7,2024,1,5,19,7,20,0
1,1,1,8,5,266,11,1,27,1,5,56,0,20,41,19,5,2016,1,5,46,28,30,0
0,1,3,7,5,692,6,1,54,2,5,50,1,57,41,49,5,2024,2,4,46,22,34,0
1,1,3,5,6,400,11,0,21,2,3,63,0,55,10,50,6,2019,2,3,15,16,25,1
0,1,2,4,5,484,10,1,27,1,2,62,0,30,41,25,5,2016,1,1,46,17,30,1
1,1,5,6,5,240,3,1,32,1,5,55,1,16,41,15,6,2024,1,3,46,2,15,1
0,1,1,7,2,360,4,1,46,1,1,17,0,70,2,27,7,2024,1,3,1,36,48,1
1,1,3,8,5,547,8,1,15,2,4,1,0,12,41,13,5,2024,0,1,46,3,18,1
0,1,1,4,0,325,3,1,55,1,4,56,1,79,3,78,5,2022,1,5,2,32,55,1
2,1,4,5,5,739,2,1,13,3,4,34,2,6,41,0,5,2024,0,5,46,9,16,1
3,1,2,1,5,722,1,1,48,1,3,45,1,31,20,65,1,2025,1,0,25,28,50,1
0,2,3,7,5,858,2,1,27,2,3,6,0,70,41,27,5,2018,2,0,46,11,30,0
0,1,2,7,5,730,10,1,31,2,0,14,0,11,41,8,7,2025,2,1,46,31,32,0
1,1,3,8,5,286,3,1,13,1,4,53,0,14,41,54,5,2025,1,5,46,28,16,1
0,1,1,6,8,624,2,0,43,2,6,39,0,76,58,74,8,2022,2,2,24,3,45,0
0,0,5,7,5,754,1,1,13,2,2,70,2,72,41,71,5,2023,0,3,46,9,16,0
0,1,5,8,4,1068,7,1,47,3,1,43,2,38,46,31,4,2018,0,1,52,33,49,0
0,1,5,4,5,660,7,1,47,2,4,5,2,69,41,33,4,2024,0,4,46,17,49,1
0,1,1,0,6,774,5,1,55,2,0,16,1,0,74,1,5,2022,2,1,76,8,55,0
1,3,1,8,5,411,4,0,20,2,1,43,0,43,41,37,5,2019,2,5,46,2,21,0
0,1,5,4,7,451,4,1,52,1,4,48,3,49,71,44,7,2024,1,4,72,37,51,0
1,1,4,6,5,379,10,1,54,2,4,84,1,15,41,10,5,2021,2,3,46,19,34,0
0,1,3,7,5,371,4,1,15,1,5,60,1,57,55,49,5,2022,1,5,54,22,18,1
1,3,6,6,5,150,12,0,27,1,0,24,2,16,41,15,5,2025,1,4,46,30,30,0
0,1,1,4,0,257,4,1,53,1,3,2,0,81,21,81,4,2024,1,5,23,27,54,0
0,1,5,4,5,899,9,1,27,2,2,75,1,5,41,6,5,2025,2,3,46,31,30,0
1,1,5,8,5,509,1,1,18,2,6,48,1,20,41,19,5,2024,2,3,46,34,1,0
1,1,4,4,6,666,5,1,40,2,3,35,2,81,75,81,5,2019,2,4,77,37,39,1
1,3,2,6,5,222,10,1,27,1,0,26,0,15,41,10,5,2017,1,3,46,22,30,0
1,1,1,8,5,400,7,0,15,2,4,9,0,66,41,62,5,2016,2,1,46,2,18,1
0,2,2,4,8,523,9,1,8,1,1,35,1,53,37,48,8,2024,1,5,43,13,9,1
0,1,2,4,5,835,7,1,27,2,2,4,1,49,41,44,5,2022,2,0,46,22,30,1
1,1,2,8,5,233,10,1,27,1,2,21,0,38,41,31,5,2022,1,4,46,9,30,1
0,3,5,5,4,1018,6,1,22,3,4,64,0,6,5,0,4,2024,0,0,4,9,23,1
0,0,2,4,8,1025,2,1,43,2,4,52,1,39,31,32,8,2019,2,3,38,3,45,1
2,1,1,5,5,190,3,1,27,2,5,5,0,54,41,55,5,2021,2,3,46,31,30,1
0,3,4,8,3,723,10,1,33,2,3,63,2,43,67,37,3,2022,2,2,67,18,12,0
1,1,3,4,6,396,5,1,25,1,5,104,0,4,75,5,4,2017,1,1,77,33,27,0
0,1,2,1,8,295,11,0,1,1,1,58,0,41,13,59,1,2025,1,1,12,29,7,1
1,1,1,8,5,243,5,1,27,1,3,22,0,66,41,62,5,2015,1,4,46,30,30,1
1,1,1,8,5,315,12,1,50,1,2,22,1,20,41,19,8,2024,1,3,46,34,46,1
1,1,5,8,5,215,7,1,8,1,6,25,2,35,24,30,8,2024,1,4,27,34,9,0
1,2,1,8,5,540,10,0,4,2,3,79,0,14,41,54,8,2020,2,4,46,34,5,1
0,0,6,7,5,851,7,1,15,2,0,51,1,11,68,8,5,2024,2,4,71,28,18,1
1,3,1,6,5,136,11,1,20,1,0,52,0,74,41,69,5,2023,1,3,46,22,21,0
0,1,3,0,5,947,6,1,20,2,0,68,0,21,41,16,5,2024,2,5,46,31,21,0
1,1,3,8,5,305,5,1,43,1,3,15,1,51,41,17,8,2021,1,5,46,31,45,1
0,1,1,3,2,755,6,1,34,2,3,59,0,62,2,76,3,2023,2,1,1,1,0,0
0,1,2,4,0,664,7,1,26,2,1,54,0,5,56,6,0,2025,2,2,60,12,28,1
0,1,3,1,8,663,9,0,43,2,4,21,0,41,22,59,8,2022,2,3,22,0,45,1
0,1,1,4,5,891,9,1,27,2,5,17,0,5,41,6,5,2015,2,0,46,33,30,1
1,1,3,8,5,529,10,1,27,2,6,86,0,38,41,31,5,2021,2,4,46,28,30,1
0,1,1,7,5,357,1,0,38,1,5,34,0,19,41,34,7,2015,1,1,46,31,37,1
1,2,2,6,5,191,9,1,27,1,4,5,1,77,41,75,5,2021,1,3,46,2,30,1
1,0,1,8,5,539,4,1,49,2,6,31,1,12,50,13,8,2019,2,1,55,30,53,0
0,1,1,0,0,670,7,1,26,2,6,41,0,2,38,3,0,2022,2,1,44,27,28,1
1,1,4,8,5,219,2,1,4,1,4,39,1,17,50,39,8,2024,1,4,55,28,5,0
0,1,2,7,5,350,2,1,27,1,1,11,0,32,41,26,5,2023,1,4,46,36,30,1
0,0,3,4,5,846,11,1,27,2,0,74,0,4,41,5,5,2024,2,2,46,5,30,1
3,1,1,5,1,1522,5,0,48,2,0,98,0,71,18,68,1,2025,2,5,63,9,50,0
1,1,5,8,5,420,10,1,37,2,4,24,3,58,55,53,8,2024,2,1,54,34,35,0
1,3,4,8,5,427,11,1,54,2,4,50,1,51,41,17,5,2023,0,0,46,22,34,0
1,3,1,6,5,393,4,0,54,2,1,59,1,61,41,57,5,2017,0,4,46,2,34,1
0,1,2,4,5,410,8,1,54,1,1,31,0,59,41,52,5,2024,1,3,46,2,34,1
2,1,3,5,5,104,1,1,27,1,3,43,1,25,41,20,5,2022,1,5,46,28,30,0
0,1,6,4,5,1356,9,0,27,3,5,75,3,4,68,5,5,2024,0,3,71,2,30,1
0,1,3,4,5,455,6,1,54,1,6,68,1,52,41,46,5,2018,1,2,46,28,34,1
3,3,2,2,5,1854,4,1,15,3,3,16,0,1,41,2,5,2016,0,0,46,28,18,1
0,3,1,4,5,731,4,0,17,2,1,74,0,79,55,78,5,2023,0,1,54,17,19,0
1,3,3,6,5,359,4,0,27,2,5,7,0,9,41,12,5,2025,2,1,46,19,30,1
0,1,6,4,5,754,9,1,27,2,5,23,2,39,41,32,5,2019,2,3,46,9,30,1
1,1,2,8,5,525,10,1,27,2,5,6,2,48,41,43,5,2023,2,0,46,2,30,1
1,1,1,4,6,255,5,1,21,1,3,31,0,59,7,52,6,2019,1,0,10,33,25,1
1,0,1,8,5,467,6,1,37,2,6,28,0,38,0,31,8,2021,2,3,6,30,35,0
3,0,5,5,3,552,9,1,13,1,6,81,0,27,11,24,5,2025,1,0,64,18,16,1
3,1,4,3,5,488,8,1,34,1,6,64,2,62,35,76,3,2025,1,5,40,31,0,0
0,3,2,4,5,1166,5,1,47,3,6,159,0,18,41,60,4,2021,0,5,46,17,49,0
0,3,2,4,5,907,11,0,35,2,4,67,0,18,20,60,4,2024,2,5,25,33,8,1
1,0,6,8,5,439,11,1,15,2,6,8,1,73,63,70,5,2022,2,1,68,22,18,0
2,3,2,5,5,525,2,1,17,2,4,32,0,27,41,24,5,2023,0,3,46,9,19,1
0,3,1,4,5,384,9,1,15,1,4,19,0,59,41,52,5,2025,1,4,46,30,18,0
1,1,6,8,5,436,2,1,27,2,6,20,1,51,41,17,5,2015,2,0,46,31,30,1
0,0,3,4,5,327,8,1,15,1,2,25,1,4,41,5,5,2024,1,1,46,33,18,0
0,1,3,0,8,828,8,0,0,2,2,16,0,21,39,16,8,2020,2,1,17,20,24,1
0,1,2,7,5,614,2,0,45,2,5,43,1,57,35,49,5,2025,2,3,40,22,42,1
0,1,2,4,5,824,11,1,3,2,2,41,0,8,41,9,4,2021,2,5,46,22,4,0
0,1,1,8,0,469,5,1,14,1,6,76,1,66,1,62,0,2015,1,4,0,20,17,1
0,1,2,2,8,605,6,0,37,2,2,61,1,75,37,72,8,2016,2,0,43,25,35,0
0,1,5,4,5,403,3,1,16,1,4,29,0,53,68,48,4,2025,1,4,71,2,41,1
3,1,2,2,5,1549,10,1,39,2,1,19,0,56,41,51,2,2023,2,3,46,28,38,1
0,0,1,4,2,282,5,1,7,1,4,74,1,53,72,48,4,2025,1,1,75,26,10,1
0,1,4,7,5,375,9,1,5,1,6,2,2,57,41,49,7,2023,1,4,46,36,6,0
1,1,2,8,5,532,1,1,17,2,2,16,1,22,55,22,5,2025,2,1,54,2,19,0
0,1,3,4,5,400,4,1,16,1,0,59,1,53,41,48,4,2017,1,1,46,31,41,1
0,1,1,4,5,894,12,1,27,2,5,32,1,81,41,81,5,2017,2,3,46,31,30,0
3,3,1,3,5,927,11,1,55,2,0,15,0,37,63,66,5,2015,2,5,68,31,55,0
3,2,3,3,5,1157,8,0,54,2,6,84,1,37,35,66,5,2025,2,3,40,28,34,0
2,1,1,5,5,100,8,1,18,1,4,7,0,54,68,55,5,2024,1,1,71,31,1,1
0,0,5,4,5,397,3,1,27,1,0,83,1,52,41,46,5,2019,1,3,46,22,30,0
2,1,2,8,8,306,4,1,0,2,2,48,0,66,13,62,8,2022,2,2,12,34,24,0
1,1,2,8,5,1105,6,1,0,3,1,38,0,35,41,30,8,2019,0,5,46,31,24,0
2,1,2,5,5,89,7,1,17,1,3,24,1,40,41,35,5,2015,1,3,46,2,19,1
1,0,1,8,5,1183,3,1,27,3,0,8,0,17,41,39,5,2019,0,4,46,28,30,1
0,1,4,7,5,334,2,1,45,1,0,44,2,11,41,8,5,2018,1,1,46,22,42,0
0,1,3,4,1,839,10,1,35,2,2,18,1,79,18,78,4,2017,2,5,63,5,8,0
1,1,4,5,8,604,12,1,50,2,6,15,2,54,30,55,8,2019,2,4,35,25,46,1
1,0,4,8,5,247,1,1,27,1,3,46,0,17,41,39,5,2024,1,0,46,22,30,0
1,0,4,8,5,638,5,1,20,2,3,39,1,17,41,39,5,2025,2,3,46,2,21,0
0,0,2,7,4,377,6,1,6,1,4,12,1,57,52,49,4,2018,1,4,59,33,22,0
1,1,3,8,5,303,8,0,18,1,3,21,1,43,68,37,5,2023,1,4,71,31,1,0
0,1,5,4,5,892,11,1,15,2,4,142,1,30,41,25,5,2025,2,0,46,12,18,0
2,3,2,5,5,108,8,1,54,1,2,26,1,54,41,55,5,2017,1,1,46,31,34,0
2,1,1,5,5,116,6,1,17,1,0,16,1,27,41,24,5,2020,1,5,46,22,19,1
0,0,2,7,5,788,12,0,20,2,5,10,0,70,41,27,5,2023,2,2,46,28,21,1
1,1,2,8,5,308,3,0,45,1,0,72,1,22,50,22,5,2020,1,0,55,25,42,0
0,1,2,3,0,322,1,0,26,1,6,25,0,67,1,67,0,2021,1,0,0,10,28,1
1,0,1,6,5,181,6,0,32,1,0,41,0,16,41,15,6,2023,1,0,46,22,15,1
0,1,4,7,5,682,4,0,27,2,1,24,0,45,41,40,5,2024,2,1,46,9,30,1
0,1,3,4,5,726,9,1,25,3,5,43,1,81,41,81,4,2025,0,5,46,31,27,1
1,0,1,8,5,261,1,1,45,1,3,32,1,43,35,37,5,2022,1,1,40,25,42,1
0,1,2,7,5,769,9,1,46,2,4,35,1,11,41,8,7,2025,2,5,46,31,48,0
1,1,6,6,5,210,1,1,32,1,5,30,3,74,41,69,6,2018,1,5,46,22,15,0
0,3,6,4,5,374,11,1,7,1,5,14,2,53,41,48,4,2022,1,3,46,22,10,0
2,1,2,5,5,211,8,0,17,2,5,36,0,71,41,68,5,2017,2,1,46,30,19,1
1,1,6,8,5,521,2,0,13,2,6,60,2,58,41,53,5,2021,2,3,46,29,16,0
1,3,1,6,5,329,10,1,27,2,2,7,0,16,41,15,5,2018,2,3,46,16,30,1
1,1,2,6,5,994,2,1,27,3,1,47,1,34,41,29,5,2017,0,0,46,9,30,1
1,1,3,5,8,315,11,1,40,1,1,92,1,25,53,20,5,2022,1,0,58,31,39,0
0,1,2,5,4,383,4,1,15,1,4,91,1,54,81,55,5,2019,1,2,81,31,18,1
0,1,2,4,5,464,9,1,20,1,3,3,0,4,41,5,5,2024,1,1,46,30,21,1
0,1,1,4,5,892,2,1,20,2,2,82,0,81,41,81,5,2022,2,5,46,2,21,1
0,1,2,4,5,417,4,1,54,1,0,78,0,39,41,32,5,2019,1,1,46,37,34,0
0,1,5,1,1,306,9,1,12,1,0,34,0,41,77,59,1,2016,1,1,80,4,13,0
0,1,5,7,5,760,6,0,27,2,1,43,1,32,41,26,5,2019,2,1,46,31,30,1
0,1,4,4,5,870,12,1,54,2,2,12,2,4,41,5,5,2024,2,3,46,31,34,0
3,1,1,2,5,1815,1,1,45,2,3,20,1,56,20,51,5,2018,2,1,25,1,42,0
1,0,3,8,5,614,4,1,0,2,6,16,0,12,41,13,8,2024,2,3,46,22,24,0
1,1,1,6,5,228,6,0,27,1,1,60,0,16,41,15,5,2019,1,3,46,22,30,1
3,0,1,2,5,1625,12,1,27,2,4,7,0,13,41,14,5,2024,2,1,46,22,30,1
0,1,3,4,5,1200,7,1,25,3,6,1,1,52,41,46,4,2016,0,5,46,2,27,0
0,1,3,0,5,875,3,1,15,2,1,36,1,44,41,38,5,2025,2,3,46,31,18,1
0,1,1,2,1,847,7,0,2,2,6,107,0,75,79,72,1,2024,2,2,36,0,2,1
0,1,1,4,5,350,12,0,54,1,6,32,0,39,41,32,5,2019,1,0,46,22,34,1
0,0,5,4,5,665,1,1,20,2,3,28,0,39,41,32,5,2022,2,1,46,2,21,1
0,1,1,4,5,721,4,0,17,2,3,4,0,69,50,33,5,2023,2,0,55,30,19,0
2,1,2,5,5,204,1,0,27,2,2,33,1,55,41,50,5,2025,2,1,46,2,30,0
3,1,3,3,5,459,7,0,54,1,3,35,1,64,41,11,5,2025,1,1,46,30,34,1
0,1,2,4,5,455,8,1,55,1,3,71,0,69,41,33,5,2024,1,1,46,30,55,1
3,0,3,2,5,865,3,1,20,1,2,81,0,56,41,51,5,2019,1,3,46,28,21,0
1,1,1,8,5,485,8,1,37,2,5,68,0,43,41,37,8,2025,2,2,46,28,35,1
2,1,2,5,5,128,4,1,27,1,5,9,0,6,41,0,5,2024,1,0,46,30,30,1
0,1,1,4,5,838,4,0,18,2,3,27,0,30,41,25,5,2022,2,1,46,28,1,1
0,1,2,8,0,835,10,1,26,2,5,85,1,38,21,31,0,2023,2,4,23,34,28,1
0,1,2,6,7,345,3,1,46,1,3,20,0,76,26,74,7,2025,1,3,32,15,48,1
0,1,3,2,6,353,3,1,30,1,0,71,0,75,15,72,6,2023,1,3,16,16,33,0
2,1,2,2,2,531,6,1,54,2,6,62,1,13,2,14,5,2025,2,5,1,26,34,0
0,1,2,8,4,456,5,1,22,1,4,1,0,73,9,70,4,2018,1,3,8,12,23,0
1,0,3,6,5,378,4,1,15,2,6,14,1,34,41,29,5,2025,2,3,46,30,18,0
0,2,4,4,5,875,10,1,27,2,3,28,2,79,41,78,5,2018,2,3,46,37,30,0
0,3,2,7,5,706,8,0,27,2,6,78,0,45,41,40,5,2023,2,1,46,2,30,1
1,2,3,4,6,1373,10,0,30,3,4,120,1,5,10,6,6,2018,0,2,15,13,33,1
0,3,3,8,6,262,1,1,0,1,5,92,0,66,74,62,8,2019,1,4,76,16,24,0
0,0,2,4,5,438,7,1,27,1,5,40,1,8,41,9,5,2021,1,3,46,28,30,1
1,1,3,6,5,365,3,1,18,2,1,3,0,61,68,57,5,2019,2,3,71,35,1,1
0,1,1,7,5,682,6,1,54,2,1,35,0,11,41,8,5,2018,2,3,46,15,34,1
1,1,3,8,5,310,5,1,18,1,5,15,1,35,41,30,5,2025,1,5,46,9,1,0
0,1,4,7,5,345,12,1,40,1,6,16,1,57,41,49,5,2021,1,1,46,22,39,0
3,1,3,1,5,731,1,1,54,1,6,5,0,36,55,79,5,2024,1,2,54,31,34,0
0,1,4,6,6,902,4,0,32,2,6,24,1,61,29,57,6,2021,0,5,34,35,15,1
1,1,1,6,5,318,9,1,55,2,0,9,1,3,41,4,5,2024,2,1,46,30,55,1
1,1,1,8,5,187,10,0,27,1,1,75,0,22,41,22,5,2025,1,4,46,3,30,0
3,2,3,1,5,1378,6,1,27,2,6,39,1,80,41,77,5,2021,2,4,46,2,30,1
0,0,3,4,5,387,3,0,54,1,0,4,0,8,41,9,5,2024,1,5,46,33,34,0
0,3,2,4,5,835,11,1,27,2,5,36,0,5,41,6,5,2016,2,0,46,22,30,1
0,1,5,4,5,931,9,1,18,2,5,11,1,30,41,25,5,2025,2,3,46,28,1,0
1,0,6,8,5,317,6,1,13,1,5,74,1,73,24,70,5,2023,1,0,27,34,16,0
0,1,2,7,5,765,11,1,40,2,0,4,0,11,41,8,5,2022,2,1,46,31,39,0
0,1,5,7,5,313,10,1,44,1,0,27,3,45,24,40,7,2018,1,1,27,31,43,1
0,0,2,4,5,844,4,0,47,2,6,35,0,79,47,78,4,2025,0,3,7,9,49,1
1,1,3,8,5,282,12,1,18,1,5,13,1,58,23,53,5,2025,1,1,26,34,1,0
0,1,2,7,5,743,3,1,20,2,5,17,0,72,41,71,5,2024,2,5,46,15,21,1
1,1,4,6,5,462,3,1,32,2,4,18,1,28,41,80,6,2021,2,3,46,16,15,1
0,3,1,4,5,393,10,1,54,1,6,50,1,69,68,33,5,2025,1,2,71,12,34,1
0,1,2,7,5,403,7,1,20,1,1,31,0,45,41,40,5,2024,1,1,46,9,21,1
2,1,4,5,5,151,7,1,27,2,4,28,1,40,41,35,5,2019,2,3,46,2,30,1
0,0,4,7,5,648,11,1,17,2,1,32,0,11,41,8,5,2023,2,4,46,31,19,0
1,3,4,8,5,224,8,1,27,1,1,34,2,20,41,19,5,2024,1,2,46,2,30,0
1,1,3,6,5,248,8,0,15,1,0,99,1,74,41,69,5,2023,1,3,46,22,18,1
3,3,2,2,5,824,4,1,40,1,4,77,0,65,68,61,5,2016,1,1,71,28,39,0
3,1,3,1,5,667,12,1,15,1,0,49,1,47,41,45,5,2021,1,1,46,30,18,0
2,1,5,4,4,198,1,0,7,2,2,6,2,79,33,78,4,2022,2,1,69,33,10,0
1,3,6,6,5,223,1,1,40,1,5,67,3,74,41,69,5,2024,1,2,46,8,39,0
1,2,3,6,5,380,1,0,18,2,5,106,1,61,41,57,5,2020,2,4,46,28,1,1
0,0,3,4,5,771,5,1,45,2,0,86,2,49,20,44,5,2019,2,0,25,12,42,1
1,1,3,8,5,541,6,1,27,2,0,84,1,22,41,22,5,2017,2,1,46,31,30,1
2,1,6,8,8,317,1,1,37,2,6,31,0,14,70,54,8,2025,2,1,73,34,35,0
3,3,3,3,5,563,10,1,40,1,1,90,0,64,41,11,5,2023,1,4,46,30,39,1
2,3,2,5,5,193,6,1,13,2,0,34,1,68,50,63,5,2020,2,1,55,9,16,1
1,3,2,6,5,261,2,0,20,2,6,43,1,9,41,12,5,2024,2,3,46,2,21,0
1,1,2,6,5,136,2,1,13,1,1,80,0,74,41,69,5,2023,1,3,46,2,16,1
0,1,1,0,5,782,11,1,27,2,1,18,1,0,41,1,5,2015,2,1,46,28,30,1
0,1,3,4,5,326,3,1,47,1,0,37,2,69,55,33,4,2024,1,3,54,31,49,0
1,1,3,8,5,411,2,0,27,2,5,16,0,14,41,54,5,2022,2,3,46,25,30,1
2,1,1,5,5,383,1,1,20,2,4,70,0,25,41,20,5,2021,0,5,46,2,21,0
1,1,2,8,5,629,3,1,37,2,5,112,1,43,41,37,8,2025,2,2,46,22,35,1
1,1,3,8,5,477,6,0,49,2,3,86,0,14,63,54,8,2021,2,3,68,2,53,1
0,0,2,1,4,715,6,1,12,2,4,5,1,41,52,59,1,2023,2,2,59,13,13,1
3,1,2,3,5,967,11,0,54,2,2,56,1,78,41,73,5,2022,2,3,46,30,34,1
3,0,5,2,5,1564,9,1,54,2,1,99,1,56,41,51,5,2023,2,3,46,31,34,0
0,1,1,4,5,478,2,1,45,1,1,41,0,59,41,52,5,2021,1,5,46,28,42,0
1,3,2,8,5,521,7,1,20,2,0,21,1,48,41,43,5,2025,2,2,46,3,21,0
1,1,3,6,5,379,9,1,41,2,3,24,1,3,41,4,6,2021,2,5,46,9,40,1
0,3,1,6,8,385,10,1,8,1,0,25,0,28,37,80,8,2025,1,2,43,14,9,1
0,0,4,4,5,456,8,1,15,2,1,22,0,69,47,33,5,2024,0,4,7,30,18,1
0,1,6,4,5,360,10,0,27,1,6,84,2,52,41,46,5,2023,1,2,46,37,30,1
2,1,2,4,4,376,6,1,29,2,4,51,1,49,78,44,4,2017,2,2,79,17,47,1
0,1,2,0,5,961,9,1,27,2,2,117,0,44,41,38,5,2015,0,4,46,30,30,1
1,1,1,8,5,212,2,0,27,1,6,49,1,51,41,17,5,2022,1,3,46,9,30,1
3,1,5,5,3,1118,8,1,10,2,0,72,2,40,73,35,3,2021,2,5,78,21,3,0
1,1,1,8,5,306,2,1,27,1,2,50,1,38,41,31,5,2024,1,1,46,9,30,1
0,1,4,4,5,774,9,1,15,2,2,99,0,5,41,6,5,2023,2,1,46,33,18,0
0,0,3,4,5,817,10,1,55,2,3,48,2,30,41,25,5,2025,0,0,46,30,55,0
1,1,3,6,5,322,2,0,13,2,1,57,1,28,41,80,5,2018,2,3,46,2,16,1
1,1,2,8,5,274,9,0,27,1,4,52,0,20,41,19,5,2022,1,3,46,9,30,1
2,3,2,5,5,227,7,1,27,2,5,20,0,25,41,20,5,2016,2,5,46,28,30,1
1,1,1,6,5,379,6,1,15,2,0,63,0,9,47,12,5,2025,2,3,7,9,18,1
2,3,1,5,5,115,4,1,55,1,5,65,0,68,41,63,5,2021,1,4,46,9,55,1
0,0,3,4,5,370,7,1,55,1,0,6,0,4,41,5,5,2016,1,2,46,30,55,1
1,2,1,8,5,261,4,1,50,1,4,98,1,20,41,19,8,2023,1,4,46,9,46,0
0,1,4,7,5,355,7,1,27,1,6,7,1,45,41,40,5,2022,1,1,46,28,30,0
2,1,1,8,8,137,6,1,8,1,3,83,0,17,54,39,8,2019,1,5,14,34,9,0
1,1,1,6,5,343,8,1,27,2,1,20,0,76,41,74,5,2025,2,3,46,31,30,1
0,3,1,5,7,620,7,1,54,2,3,92,0,55,34,50,5,2021,2,2,19,36,34,1
1,1,4,8,5,302,7,1,8,1,6,27,0,22,41,22,8,2025,1,4,46,31,9,1
3,1,6,2,5,1768,4,1,23,2,2,58,2,13,35,14,2,2016,2,3,40,9,26,0
0,1,4,4,5,407,9,1,13,1,3,43,2,52,41,46,5,2024,1,1,46,9,16,1
0,1,2,8,6,878,7,1,37,2,5,34,0,66,80,62,8,2016,2,1,28,8,35,1
0,1,3,4,8,459,3,1,15,1,6,12,1,52,58,46,5,2019,1,3,24,25,18,1
1,1,1,8,5,266,10,1,45,1,2,86,0,58,63,53,5,2025,1,4,68,29,42,1
1,1,3,8,5,216,5,1,18,1,1,26,1,20,41,19,5,2016,1,3,46,30,1,0
0,1,2,7,5,418,9,0,40,1,5,6,1,11,41,8,5,2020,1,2,46,9,39,0
1,1,6,8,5,305,11,1,4,1,0,83,0,35,41,30,8,2018,1,1,46,2,5,1
1,1,2,6,5,183,8,0,55,1,1,4,1,9,47,12,5,2024,1,3,7,22,55,1
0,1,6,7,5,411,11,1,55,1,2,110,2,32,63,26,5,2019,1,3,68,11,55,1
0,1,2,0,3,468,8,0,11,1,5,90,0,23,66,21,3,2022,1,1,37,20,11,1
1,3,1,8,5,484,9,1,27,2,2,26,1,20,41,19,5,2019,2,3,46,25,30,0
0,0,4,7,5,753,3,1,15,2,2,69,1,57,0,49,5,2021,2,1,6,15,18,1
0,1,4,4,5,340,11,1,17,1,0,14,1,53,41,48,5,2024,1,3,46,13,19,1
1,3,6,8,5,421,6,0,27,2,3,24,1,12,41,13,5,2022,2,2,46,28,30,1
0,1,1,0,0,662,1,0,42,2,6,77,0,23,42,21,0,2019,2,2,50,27,44,0
0,0,1,7,7,702,8,1,19,2,1,42,0,72,26,71,7,2015,2,3,32,24,20,0
1,1,2,8,5,443,9,0,55,2,0,16,1,22,23,22,5,2023,2,3,26,9,55,1
1,2,1,8,5,504,12,1,27,2,0,23,0,12,41,13,5,2025,2,3,46,30,30,0
0,1,3,4,3,465,11,1,47,1,4,54,1,39,66,32,4,2019,1,0,37,17,49,1
2,0,4,5,5,81,1,1,27,1,3,41,1,54,41,55,5,2019,1,2,46,2,30,0
1,1,3,8,5,237,8,0,17,1,2,48,0,51,41,17,5,2024,1,2,46,9,19,1
2,1,3,5,5,80,3,1,55,1,2,64,1,40,23,35,5,2019,1,2,26,28,55,0
0,1,1,7,5,712,7,0,44,2,4,63,0,70,41,27,7,2015,2,5,46,28,43,0
1,0,2,8,5,293,7,1,18,1,4,42,0,58,41,53,5,2025,1,0,46,31,1,1
0,1,2,3,0,437,1,1,24,1,5,36,0,78,38,73,3,2021,1,3,44,18,29,1
0,0,3,7,4,464,11,1,35,1,0,26,1,32,48,26,4,2019,1,3,53,5,8,1
1,1,3,8,5,205,6,1,27,1,2,2,1,66,41,62,5,2022,1,1,46,28,30,0
1,1,1,8,5,999,10,1,27,3,6,41,1,66,41,62,5,2018,0,1,46,30,30,1
1,1,2,8,5,462,10,1,43,2,3,66,0,51,41,17,8,2020,2,3,46,9,45,1
1,1,1,6,4,392,8,1,32,1,4,18,1,77,48,75,6,2021,1,4,53,5,15,0
3,1,6,1,5,898,4,1,40,1,4,25,2,47,41,45,5,2024,1,3,46,2,39,0
0,0,4,1,0,897,11,1,42,2,2,48,0,36,36,79,0,2025,2,4,42,10,44,1
0,0,1,7,5,729,7,1,52,2,6,19,0,32,23,26,7,2024,2,4,26,24,51,1
0,1,5,1,6,368,7,1,32,1,2,41,3,80,57,77,6,2017,1,1,61,35,15,1
1,0,2,8,5,236,1,0,27,1,6,51,0,12,41,13,5,2023,1,3,46,2,30,0
1,0,3,6,5,286,2,1,27,2,5,35,2,34,41,29,5,2017,2,1,46,30,30,1
3,1,4,3,5,961,8,0,27,2,3,24,1,37,41,66,5,2015,2,2,46,31,30,0
0,1,4,7,5,408,5,1,38,1,5,35,1,70,41,27,7,2024,1,0,46,15,37,1
0,1,1,8,4,1003,5,1,16,2,5,3,0,73,6,70,4,2017,2,3,5,37,41,0
1,1,1,8,5,283,9,1,49,1,5,73,1,35,41,30,8,2024,1,1,46,31,53,1
0,3,2,4,8,1075,9,0,37,2,0,84,2,39,43,32,8,2025,2,2,48,34,35,1
1,1,3,8,5,493,12,1,27,2,0,5,0,17,41,39,5,2023,2,3,46,28,30,1
1,1,2,6,4,321,10,0,7,1,6,44,0,34,46,29,4,2025,1,1,52,12,10,1
0,3,3,4,5,831,5,1,6,2,5,55,0,59,41,52,4,2015,2,4,46,31,22,1
3,1,1,3,5,573,1,1,33,1,3,2,0,62,41,76,3,2024,1,5,46,31,12,0
1,1,2,5,8,414,7,1,49,2,3,17,0,26,39,23,8,2022,2,3,17,31,53,1
0,1,2,5,0,348,11,1,20,1,1,66,1,40,38,35,5,2018,1,1,44,32,21,1
3,1,1,3,5,982,6,1,27,2,0,91,1,78,41,73,5,2020,2,1,46,2,30,1
1,1,3,5,8,260,4,1,55,1,1,22,0,68,58,63,5,2025,1,4,24,3,55,0
1,1,5,8,5,676,3,1,8,2,1,2,1,24,41,58,8,2022,0,4,46,28,9,0
1,0,2,6,5,421,12,0,27,2,6,19,1,76,41,74,5,2018,2,2,46,30,30,1
0,1,2,4,5,699,10,1,27,2,2,103,1,30,41,25,5,2022,2,0,46,9,30,1
0,1,1,4,5,350,7,1,47,1,6,21,1,39,63,32,4,2023,1,3,68,22,49,1
2,1,2,8,8,226,11,1,8,2,2,19,0,24,22,58,8,2024,2,2,22,3,9,0
0,2,4,7,3,725,11,0,33,2,5,18,0,70,28,27,3,2024,2,5,33,11,12,1
0,1,1,4,5,681,3,1,15,2,3,47,1,59,41,52,5,2016,2,4,46,31,18,1
0,0,4,7,5,1180,9,1,20,3,1,60,2,32,47,26,5,2025,0,3,7,30,21,1
2,1,1,4,4,244,6,1,7,2,6,15,1,39,48,32,4,2023,2,0,53,5,10,1
1,1,3,8,5,189,8,1,27,1,2,60,1,38,41,31,5,2018,1,0,46,31,30,0
2,1,4,5,5,77,6,0,15,1,3,11,2,6,68,0,5,2021,1,1,71,31,18,1
1,0,4,8,5,485,2,1,8,2,5,75,2,14,41,54,8,2017,2,0,46,22,9,0
1,1,1,6,5,179,12,0,13,1,6,24,1,16,41,15,5,2023,1,5,46,22,16,1
1,1,3,8,5,941,1,1,18,3,5,19,0,24,41,58,5,2018,0,3,46,31,1,1
3,0,5,1,5,1685,6,1,12,3,4,44,1,63,20,18,1,2018,0,3,25,28,13,0
1,2,2,8,5,312,10,0,49,1,2,32,1,24,41,58,8,2023,1,5,46,28,53,0
0,3,3,5,0,717,1,1,45,2,5,8,1,55,38,50,5,2015,0,5,44,27,42,1
1,1,2,8,5,458,1,1,37,2,2,82,0,22,41,22,8,2024,2,3,46,9,35,1
0,0,5,4,8,433,10,0,49,1,5,89,2,81,17,81,8,2024,1,3,51,17,53,1
0,1,2,4,5,1049,7,1,20,3,2,8,0,29,41,64,5,2025,0,1,46,31,21,0
3,1,1,1,5,677,10,0,2,1,6,46,0,31,41,65,1,2019,1,1,46,28,2,0
3,2,2,3,5,495,12,1,20,1,5,32,2,64,41,11,5,2024,1,5,46,30,21,1
0,3,5,4,5,1259,11,1,27,3,2,18,0,8,41,9,5,2022,0,1,46,22,30,1
0,1,3,8,4,571,10,1,49,1,0,80,0,14,52,54,8,2021,1,3,59,3,53,1
1,0,4,8,5,1045,10,1,37,3,3,38,0,66,41,62,8,2022,0,3,46,14,35,1
1,1,3,8,5,273,12,1,20,1,6,93,0,22,41,22,5,2021,1,3,46,9,21,1
1,3,3,8,5,440,2,0,27,2,3,7,0,66,41,62,5,2022,2,2,46,22,30,0
1,1,2,8,5,470,6,1,45,2,5,7,1,35,41,30,5,2018,2,3,46,30,42,1
0,1,6,8,4,1149,7,0,43,2,0,101,2,35,25,30,8,2022,2,2,30,13,45,1
0,1,2,4,5,866,4,0,47,2,1,52,1,39,0,32,4,2022,2,1,6,22,49,0
1,1,2,8,5,447,9,1,4,2,4,42,1,43,41,37,8,2024,2,1,46,29,5,1
2,1,1,5,5,73,7,1,40,1,2,44,1,26,41,23,5,2020,1,4,46,31,39,1
1,1,2,5,6,437,6,0,45,2,1,52,1,25,57,20,5,2018,2,2,61,19,42,1
0,1,2,4,5,384,1,0,3,1,4,18,1,18,41,60,4,2023,1,1,46,9,4,0
1,1,1,6,5,373,3,0,41,2,2,7,0,76,41,74,6,2025,2,1,46,2,40,1
2,1,2,4,4,375,3,0,28,2,1,32,0,30,9,25,4,2022,2,3,8,17,31,0
0,1,1,0,5,352,9,1,27,1,6,31,0,50,41,42,5,2023,1,0,46,22,30,0
0,0,2,7,5,657,5,1,13,2,2,45,0,70,41,27,5,2018,0,3,46,2,16,0
1,1,5,8,5,531,3,1,27,2,0,107,0,48,41,43,5,2018,2,0,46,22,30,0
1,1,2,6,5,361,3,0,32,2,2,87,0,34,50,29,6,2020,2,1,55,28,15,0
0,0,2,5,4,489,1,1,29,1,2,51,0,46,81,41,4,2022,1,0,81,17,47,1
1,0,1,8,5,494,9,1,17,2,3,95,1,73,41,70,5,2021,2,2,46,30,19,1
2,3,5,5,5,182,9,1,17,2,2,55,2,55,24,50,5,2025,2,3,27,22,19,1
0,1,2,7,0,305,9,1,14,1,3,50,0,19,1,34,0,2025,1,3,0,10,17,0
0,1,2,4,5,328,5,1,27,1,4,19,0,29,41,64,5,2022,1,3,46,2,30,1
0,0,3,4,5,645,12,0,27,2,3,42,0,79,41,78,5,2025,2,1,46,22,30,1
0,1,3,4,5,1058,1,1,55,3,4,59,2,29,41,64,5,2024,0,2,46,17,55,0
2,1,1,5,5,198,10,1,27,2,4,40,0,55,41,50,5,2023,2,5,46,28,30,0
3,1,2,3,5,1183,10,1,10,2,1,37,0,62,41,76,3,2023,2,1,46,31,3,1
1,1,2,8,5,229,12,1,45,1,5,20,0,17,50,39,5,2024,1,0,55,2,42,0
1,1,5,8,5,911,1,0,13,3,5,33,1,58,41,53,5,2019,0,5,46,28,16,1
2,1,4,5,5,224,3,1,18,2,2,91,0,6,41,0,5,2025,2,3,46,2,1,1
1,3,3,8,5,417,3,1,54,2,0,26,0,14,41,54,5,2023,2,1,46,9,34,0
0,3,1,4,5,821,3,0,27,2,5,70,0,5,35,6,5,2024,2,4,40,30,30,1
0,1,1,4,2,840,1,1,39,2,6,26,0,52,72,46,2,2025,2,4,75,1,38,1
1,1,3,8,5,458,7,1,40,2,5,45,0,73,41,70,5,2025,2,5,46,9,39,1
0,0,3,7,5,408,4,1,52,1,3,84,2,70,41,27,7,2023,1,1,46,36,51,1
0,0,2,0,5,785,12,0,55,2,2,31,1,0,0,1,5,2017,2,3,6,27,55,1
1,0,4,8,5,489,3,1,27,2,2,48,0,66,41,62,5,2022,2,5,46,2,30,0
0,3,2,7,5,736,1,1,20,2,6,40,0,57,47,49,5,2018,2,3,7,9,21,0
0,1,3,4,5,447,12,0,18,1,5,103,2,39,0,32,5,2023,1,0,6,30,1,0
0,1,3,7,5,738,11,1,17,2,6,31,1,70,24,27,5,2021,2,4,27,2,19,0
1,3,4,8,5,514,8,0,13,2,4,99,1,24,41,58,5,2017,2,3,46,28,16,1
0,1,4,4,5,927,9,1,29,2,3,16,0,29,41,64,4,2018,2,0,46,31,47,1
0,1,1,8,6,1017,7,1,41,2,2,10,1,66,4,62,6,2023,0,1,3,8,40,1
1,0,6,8,5,473,1,0,18,2,2,54,1,58,41,53,5,2024,2,2,46,34,1,1
0,1,4,4,5,351,9,1,3,1,1,2,1,18,41,60,4,2022,1,4,46,37,4,1
0,1,3,3,4,291,1,0,10,1,3,20,0,64,44,11,3,2023,1,5,49,12,3,0
1,3,3,8,5,543,1,1,27,2,2,94,1,51,41,17,5,2022,0,2,46,25,30,0
0,1,1,7,5,733,1,1,54,2,5,16,1,32,41,26,5,2019,2,2,46,22,34,0
1,1,2,8,5,530,7,1,18,2,2,55,0,58,41,53,5,2024,2,1,46,22,1,1
0,1,1,0,5,777,6,0,27,2,3,71,0,21,41,16,5,2023,2,1,46,2,30,0
1,1,1,8,5,554,2,1,8,2,1,8,0,22,20,22,8,2023,2,1,25,2,9,0
0,1,1,4,5,458,10,0,54,1,2,44,0,79,41,78,5,2021,1,5,46,2,34,0
3,1,2,1,5,1393,9,0,27,2,3,40,0,80,41,77,5,2024,2,3,46,9,30,0
1,0,5,8,5,299,8,0,15,1,3,36,1,24,41,58,5,2024,1,5,46,25,18,0
3,0,2,2,5,1752,9,0,23,2,3,12,1,13,0,14,2,2019,2,5,6,28,26,0
1,1,1,8,5,554,4,1,55,2,3,145,0,66,41,62,5,2016,2,2,46,31,55,0
0,0,1,0,5,755,9,1,27,2,4,96,0,2,41,3,5,2022,2,5,46,20,30,1
1,1,1,8,5,445,7,1,50,2,4,54,0,22,41,22,8,2024,2,3,46,28,46,0
0,1,3,4,5,647,8,1,40,2,6,31,2,49,47,44,5,2019,2,2,7,9,39,0
1,1,2,8,5,1092,12,0,15,3,6,94,1,38,68,31,5,2024,0,2,71,14,18,1
0,1,3,0,5,484,3,1,17,1,0,51,2,23,41,21,5,2016,1,1,46,28,19,0
1,3,4,8,5,227,12,1,54,1,3,28,1,48,41,43,5,2018,1,3,46,31,34,0
0,1,1,7,5,381,12,1,40,1,0,3,0,32,41,26,5,2025,1,1,46,28,39,0
0,2,4,7,5,326,8,1,55,1,5,12,2,45,47,40,5,2023,1,3,7,22,55,0
3,0,1,2,5,783,1,1,55,1,3,68,1,1,0,2,5,2022,1,4,6,31,55,1
3,0,2,3,5,1117,7,1,45,2,5,36,1,78,41,73,5,2022,2,1,46,28,42,1
0,0,3,7,2,737,4,1,15,2,6,95,0,57,61,49,5,2018,2,4,65,1,18,1
1,1,1,8,5,188,12,1,4,1,4,32,0,24,47,58,8,2024,1,3,7,25,5,1
3,1,2,1,5,1599,12,1,1,2,3,8,1,63,47,18,1,2020,2,1,7,22,7,0
0,0,4,0,5,1036,5,0,55,3,5,27,1,60,41,56,5,2024,0,5,46,28,55,0
3,1,6,2,5,1853,4,1,20,2,0,31,0,1,41,2,5,2021,2,4,46,26,21,1
3,2,2,3,5,955,10,0,54,2,2,25,1,33,41,28,5,2022,2,4,46,18,34,0
0,1,5,7,0,322,4,1,19,1,1,12,0,19,42,34,7,2025,1,2,50,32,20,1
0,2,2,1,4,685,12,0,2,2,3,46,1,80,46,77,1,2017,2,3,52,12,2,0
0,1,5,4,5,851,10,1,45,2,0,73,1,4,41,5,5,2018,2,0,46,33,42,1
1,0,4,6,5,354,8,1,27,2,5,32,2,15,41,10,5,2019,2,0,46,2,30,1
3,0,5,2,5,1632,7,1,27,2,0,12,1,1,41,2,5,2016,2,2,46,9,30,1
0,1,5,4,5,670,8,1,16,2,0,23,2,69,41,33,4,2025,2,1,46,22,41,0
1,1,2,6,5,346,8,1,55,2,6,44,1,28,55,80,5,2022,2,0,54,22,55,0
0,1,2,4,5,835,12,1,17,2,6,80,1,81,41,81,5,2021,2,3,46,9,19,0
0,0,1,0,5,364,10,1,27,1,0,54,0,50,41,42,5,2020,1,2,46,27,30,1
0,1,4,1,4,423,11,1,48,1,0,91,4,36,32,79,1,2025,1,3,39,13,50,1
1,0,1,6,5,312,4,1,55,2,5,76,0,10,63,7,5,2018,2,5,68,31,55,0
0,1,6,4,8,1014,6,1,0,2,5,90,0,5,43,6,8,2025,2,0,48,3,24,0
0,1,3,6,7,917,11,1,38,2,3,13,0,61,8,57,7,2019,0,4,11,11,37,1
1,3,3,8,5,494,12,1,43,2,0,55,1,14,41,54,8,2016,2,1,46,25,45,1
1,1,1,6,5,116,12,1,27,1,2,58,1,16,41,15,5,2021,1,3,46,28,30,0
3,1,1,2,5,1291,6,0,27,2,0,4,1,56,41,51,5,2018,0,4,46,22,30,0
0,2,2,4,5,756,12,1,18,2,6,46,0,53,41,48,5,2024,2,1,46,28,1,1
1,0,2,8,5,275,5,1,13,1,6,60,0,24,41,58,5,2023,1,3,46,34,16,0
3,1,2,3,5,1111,11,1,45,2,0,32,2,64,35,11,5,2019,2,3,40,9,42,0
0,1,2,4,5,330,4,1,16,1,2,35,0,18,41,60,4,2025,1,5,46,28,41,1
0,0,2,4,5,938,1,1,22,2,6,1,1,8,55,9,4,2022,2,1,54,28,23,0
1,1,2,6,5,242,4,1,27,2,3,76,1,16,41,15,5,2015,2,0,46,23,30,0
2,1,2,5,5,67,5,1,54,1,0,59,0,71,41,68,5,2019,1,1,46,9,34,1
2,0,4,5,5,89,11,1,27,1,3,8,0,25,41,20,5,2020,1,3,46,9,30,0
1,1,2,8,5,214,6,1,27,1,2,173,0,24,41,58,5,2022,1,1,46,29,30,1
1,1,2,6,5,284,2,1,18,2,4,38,0,16,41,15,5,2023,2,0,46,31,1,1
0,1,3,4,8,1031,12,0,0,2,4,29,1,30,39,25,8,2020,2,1,17,34,24,0
0,3,2,4,5,950,10,1,6,2,1,80,1,29,41,64,4,2021,0,1,46,30,22,0
0,1,1,4,5,477,3,0,53,1,1,27,0,81,41,81,4,2015,1,1,46,5,54,0
3,1,2,3,5,546,12,1,33,1,1,2,0,37,23,66,3,2025,1,1,26,30,12,0
3,1,2,3,5,542,10,1,27,1,2,82,0,33,41,28,5,2022,1,2,46,2,30,1
0,1,1,1,8,586,9,1,18,2,4,20,0,80,31,77,5,2015,2,0,38,14,1,1
1,1,2,8,5,1036,7,1,50,3,5,16,0,12,41,13,8,2019,0,3,46,29,46,0
1,1,4,6,5,235,5,1,36,1,6,79,0,74,41,69,6,2024,1,4,46,22,36,1
0,3,2,7,5,776,6,0,18,2,2,52,1,72,41,71,5,2024,2,1,46,30,1,1
1,1,3,8,5,442,7,1,37,2,6,15,1,58,50,53,8,2016,2,4,55,31,35,0
3,1,2,2,5,1605,4,1,23,2,0,6,1,56,41,51,2,2022,2,3,46,22,26,1
1,0,2,8,5,440,6,1,43,2,6,30,0,43,23,37,8,2017,2,1,26,29,45,1
3,1,5,1,5,1614,11,1,45,2,2,12,3,31,50,65,5,2024,2,3,55,0,42,0
1,1,1,4,6,255,4,1,54,1,5,84,0,4,74,5,5,2024,1,4,76,16,34,0
0,1,1,1,4,358,7,0,48,1,5,15,0,63,6,18,1,2023,1,0,5,13,50,0
1,1,1,8,5,316,1,0,55,1,1,71,1,22,0,22,5,2021,1,1,6,29,55,1
1,1,3,8,5,567,8,1,37,2,2,91,1,58,41,53,8,2021,2,2,46,30,35,0
0,1,5,4,7,461,11,1,54,1,4,101,2,30,8,25,5,2019,1,3,11,17,34,0
3,0,2,3,5,1017,4,0,15,2,6,93,1,37,41,66,5,2025,2,2,46,31,18,1
0,3,1,6,1,880,7,1,13,2,3,10,0,3,65,4,5,2016,2,1,31,6,16,1
3,2,3,3,5,587,10,1,18,1,6,70,1,64,63,11,5,2024,1,0,68,7,1,1
1,1,4,8,5,307,6,1,37,1,0,39,1,43,41,37,8,2025,1,2,46,3,35,1
1,1,1,8,5,207,10,1,49,1,1,20,1,12,41,13,8,2018,1,1,46,29,53,0
0,0,4,4,5,733,8,1,13,2,6,60,1,69,41,33,5,2015,2,3,46,12,16,1
1,2,3,6,5,331,9,1,30,2,0,46,2,15,41,10,6,2017,2,3,46,9,33,1
3,2,1,5,3,991,1,1,17,2,1,48,1,7,28,47,5,2021,2,3,33,30,19,0
1,0,4,8,5,1131,3,1,43,3,6,41,1,14,24,54,8,2015,0,4,27,25,45,0
1,1,1,8,5,611,9,1,18,2,4,13,0,38,41,31,5,2021,0,3,46,2,1,0
0,1,2,4,8,982,4,1,49,2,1,34,0,18,13,60,8,2025,2,3,12,34,53,1
1,0,3,8,5,183,2,1,20,1,4,98,0,24,41,58,5,2021,1,3,46,2,21,0
1,1,3,8,5,272,10,1,45,1,6,41,0,73,63,70,5,2015,1,1,68,22,42,1
0,0,2,0,5,465,8,1,27,1,3,3,1,44,41,38,5,2023,1,0,46,30,30,0
0,0,2,3,6,647,1,1,9,2,1,44,1,64,4,11,3,2022,2,2,3,8,14,1
3,1,1,5,1,1648,12,1,48,2,5,36,1,25,18,20,1,2024,2,2,63,31,50,1
0,1,3,7,5,753,3,1,52,2,2,31,0,32,41,26,7,2018,2,3,46,24,51,1
1,1,2,6,5,236,12,0,45,1,2,23,1,28,35,80,5,2025,1,3,40,23,42,1
0,0,5,7,5,697,8,1,38,2,4,46,0,72,41,71,7,2023,2,1,46,28,37,1
2,2,1,5,5,203,8,0,27,2,2,28,0,26,41,23,5,2017,2,1,46,28,30,0
1,3,3,8,5,297,1,1,55,1,1,26,0,43,35,37,5,2017,1,0,40,28,55,1
0,1,4,4,5,752,1,0,40,2,5,52,2,39,41,32,5,2016,2,1,46,31,39,0
1,0,3,8,5,221,2,1,45,1,1,19,1,73,41,70,5,2018,1,1,46,3,42,0
1,1,2,8,5,303,6,1,20,1,1,108,1,51,47,17,5,2016,1,5,7,22,21,1
0,1,2,7,5,812,7,1,20,2,4,50,0,70,63,27,5,2017,2,4,68,15,21,0
1,1,2,8,5,224,7,1,43,1,4,11,0,48,23,43,8,2018,1,3,26,30,45,0
0,1,5,4,5,492,8,1,17,1,2,90,1,29,41,64,5,2025,1,4,46,2,19,1
3,1,3,2,5,1662,6,1,23,2,0,53,1,56,41,51,2,2019,2,2,46,30,26,0
1,0,1,8,5,252,4,1,43,1,5,40,1,38,41,31,8,2017,1,0,46,14,45,0
1,1,1,8,5,227,2,0,18,1,3,90,0,43,68,37,5,2023,1,5,71,29,1,0
0,1,4,8,4,922,2,1,18,2,1,8,2,58,5,53,5,2019,2,3,4,33,1,1
1,1,6,8,5,270,10,1,4,1,2,29,3,14,41,54,8,2025,1,5,46,28,5,0
0,1,1,4,5,903,2,1,16,2,5,21,1,30,41,25,4,2019,2,3,46,12,41,1
3,2,5,3,5,977,7,0,10,2,3,10,2,64,41,11,3,2022,2,1,46,2,3,0
2,1,2,5,5,185,10,1,27,2,3,61,0,27,41,24,5,2024,2,3,46,30,30,1
1,1,1,8,5,587,9,1,8,2,5,62,0,22,41,22,8,2015,2,5,46,34,9,1
1,1,4,8,5,556,12,1,13,2,4,28,2,22,35,22,5,2021,0,1,40,14,16,0
0,1,3,4,5,717,8,1,27,2,4,7,0,79,41,78,5,2022,2,5,46,9,30,0
1,0,2,8,5,1071,5,1,18,3,1,56,1,35,68,30,5,2017,0,1,71,9,1,1
1,3,1,8,5,277,1,0,18,1,3,29,0,38,41,31,5,2024,1,5,46,3,1,0
0,1,1,7,5,703,4,1,15,2,6,5,0,45,41,40,5,2019,2,0,46,2,18,1
3,1,5,1,5,1069,9,0,18,2,5,40,0,36,41,79,5,2025,0,1,46,28,1,0
0,1,2,8,3,579,5,1,0,3,5,48,0,58,11,53,8,2018,0,2,64,18,24,0
1,0,1,8,5,289,11,0,18,1,3,13,0,73,68,70,5,2016,1,4,71,2,1,0
0,1,3,7,5,763,8,0,40,2,4,4,1,19,41,34,5,2019,2,3,46,28,39,1
0,0,1,4,5,370,5,0,27,1,0,4,1,49,41,44,5,2025,1,0,46,30,30,1
3,1,1,2,5,1592,5,0,39,2,6,57,1,1,41,2,2,2024,2,0,46,22,38,1
0,1,4,4,3,570,12,1,10,2,0,58,0,53,66,48,3,2017,2,0,37,21,3,1
2,1,2,5,5,119,8,1,45,1,6,4,2,27,55,24,5,2024,1,0,54,28,42,0
1,1,2,8,5,425,7,1,49,2,6,57,0,38,0,31,8,2015,2,2,6,3,53,1
0,3,2,7,5,786,1,1,18,2,6,15,0,70,41,27,5,2025,2,5,46,28,1,1
0,1,1,4,5,383,3,1,40,1,3,12,0,59,41,52,5,2022,1,0,46,13,39,0
3,1,2,1,5,1297,6,0,2,2,6,49,0,80,41,77,1,2022,2,3,46,2,2,0
0,1,2,4,5,872,1,1,16,2,0,7,0,30,41,25,4,2024,2,2,46,13,41,1
0,1,1,4,5,340,4,1,45,1,4,2,0,79,41,78,5,2015,1,4,46,17,42,1
1,1,3,6,5,379,6,0,40,2,2,5,1,61,41,57,5,2024,2,4,46,28,39,1
1,1,2,6,5,284,4,1,18,2,0,62,1,74,0,69,5,2025,2,1,6,23,1,1
0,1,1,0,5,695,10,0,27,2,6,18,0,2,41,3,5,2024,2,1,46,30,30,0
1,1,2,8,5,521,2,0,49,2,2,12,0,14,41,54,8,2025,2,3,46,14,53,1
3,1,3,3,5,457,1,0,15,1,1,4,2,37,41,66,5,2024,1,0,46,31,18,1
0,1,2,4,0,612,7,1,6,2,3,35,0,29,3,64,4,2019,2,3,2,12,22,0
3,0,3,2,5,1756,5,1,23,2,2,29,1,56,41,51,2,2017,2,2,46,22,26,0
1,0,5,6,5,173,9,1,18,1,2,30,1,28,41,80,5,2025,1,4,46,8,1,1
0,1,3,4,5,477,2,0,27,1,3,64,1,69,41,33,5,2015,1,5,46,37,30,0
3,1,2,3,5,900,4,1,34,2,6,6,0,78,41,73,3,2016,2,1,46,7,0,1
2,1,5,5,5,85,1,1,27,1,2,43,2,27,41,24,5,2022,1,2,46,30,30,0
1,1,5,6,5,360,4,1,55,2,2,49,3,76,41,74,5,2022,2,1,46,19,55,1
1,2,1,8,5,592,11,0,17,2,0,35,1,17,24,39,5,2019,2,5,27,31,19,0
1,1,4,8,5,479,12,1,8,2,5,20,1,48,41,43,8,2023,2,1,46,34,9,1
3,3,2,1,5,1416,12,1,12,2,6,107,2,47,41,45,1,2022,2,4,46,6,13,1
2,1,2,5,5,245,3,1,13,2,5,38,0,55,41,50,5,2019,2,3,46,30,16,0
1,1,1,8,5,577,7,1,37,2,4,80,0,43,41,37,8,2025,0,2,46,2,35,0
1,0,1,6,5,151,8,1,27,1,2,29,1,9,41,12,5,2017,1,4,46,30,30,1
1,3,4,8,5,471,3,1,27,2,4,44,0,66,41,62,5,2018,2,2,46,22,30,0
1,1,1,8,5,429,11,1,45,2,0,26,0,58,50,53,5,2022,2,1,55,31,42,0
0,1,4,7,5,420,5,0,5,1,3,3,2,45,41,40,7,2018,1,3,46,24,6,1
0,1,1,4,5,847,12,0,27,2,6,22,1,49,41,44,5,2019,2,5,46,31,30,0
1,1,4,6,5,606,6,1,27,3,3,31,0,16,41,15,5,2016,0,1,46,16,30,0
0,1,3,8,4,901,7,1,4,2,0,16,0,17,32,39,8,2022,2,2,39,13,5,1
0,3,1,8,4,552,6,1,40,1,4,18,0,14,78,54,5,2023,1,1,79,29,39,1
3,0,2,3,5,484,11,1,45,1,5,65,0,33,23,28,5,2018,1,4,26,30,42,0
1,2,5,8,5,442,7,1,45,2,5,3,0,58,35,53,5,2023,2,3,40,29,42,0
0,1,5,0,5,442,12,1,17,1,6,72,1,21,20,16,5,2018,1,3,25,9,19,1
0,1,3,8,7,399,3,1,5,1,4,5,0,35,49,30,7,2024,1,1,57,25,6,0
3,1,3,3,5,968,2,0,45,2,5,25,0,78,20,73,5,2023,2,3,25,31,42,0
3,1,2,1,5,816,5,1,2,1,0,52,1,80,41,77,1,2022,1,2,46,31,2,0
0,1,6,0,5,413,11,1,17,1,6,1,3,50,41,42,5,2020,1,1,46,10,19,0
3,0,5,1,5,1510,12,1,18,2,2,20,3,36,41,79,5,2015,2,0,46,30,1,1
2,1,1,5,5,110,9,1,55,1,3,24,1,68,41,63,5,2023,1,1,46,9,55,1
1,1,1,8,5,537,6,1,4,2,6,67,0,51,41,17,8,2024,2,0,46,25,5,0
3,0,3,5,2,754,8,1,18,1,1,15,2,68,51,63,5,2017,1,3,56,9,1,0
1,0,1,6,5,439,11,1,32,2,4,23,0,34,41,29,6,2025,2,1,46,31,15,1
0,1,6,4,7,775,5,1,46,2,0,23,3,39,8,32,7,2025,2,3,11,24,48,0
3,2,2,3,5,1075,12,1,10,2,6,44,1,64,41,11,3,2023,2,3,46,21,3,1
2,2,3,5,5,150,10,0,17,2,4,77,0,27,41,24,5,2025,2,1,46,9,19,1
2,1,2,5,5,118,10,1,18,1,4,48,2,71,41,68,5,2019,1,5,46,2,1,1
0,1,1,2,4,1209,9,0,29,3,1,41,1,1,60,2,4,2022,0,1,18,13,47,0
1,1,5,8,5,509,12,0,27,2,0,54,1,43,41,37,5,2023,2,5,46,28,30,1
2,1,3,5,5,127,5,0,18,1,4,38,0,71,41,68,5,2025,1,5,46,2,1,0
1,1,3,6,5,420,9,0,27,2,2,70,1,10,41,7,5,2023,2,2,46,30,30,1
1,1,1,8,5,447,5,1,54,2,5,29,0,20,41,19,5,2024,2,3,46,14,34,0
1,1,6,6,4,703,1,1,47,2,3,23,1,9,33,12,4,2025,0,3,69,13,49,1
2,1,2,4,4,176,3,0,6,1,2,88,1,29,9,64,4,2025,1,5,8,17,22,0
0,1,3,7,5,332,3,0,46,1,3,31,1,32,41,26,7,2024,1,2,46,2,48,0
0,1,1,7,5,425,12,1,45,1,0,75,0,57,41,49,5,2023,1,0,46,28,42,1
1,1,3,6,5,291,12,0,27,2,2,173,0,3,41,4,5,2017,2,0,46,31,30,1
1,1,4,6,5,100,3,0,27,1,2,71,1,76,41,74,5,2018,1,4,46,35,30,1
0,1,4,0,5,794,10,1,15,2,4,48,0,42,0,36,5,2024,2,0,6,20,18,1
1,2,2,8,5,499,2,0,27,2,1,8,2,51,23,17,5,2017,2,5,26,29,30,1
2,0,2,5,5,146,7,0,15,2,0,16,1,68,0,63,5,2024,2,4,6,31,18,1
3,3,1,1,5,1457,4,1,45,2,4,71,0,36,50,79,5,2023,2,0,55,28,42,1
0,3,2,0,5,913,3,0,17,2,3,3,0,42,24,36,5,2023,2,3,27,10,19,0
1,1,4,8,5,569,9,1,45,2,2,31,2,48,41,43,5,2022,2,4,46,30,42,1
1,3,3,6,5,349,6,1,17,2,2,37,1,77,41,75,5,2022,2,1,46,8,19,0
1,0,6,8,5,212,6,1,37,1,4,6,1,66,41,62,8,2025,1,4,46,2,35,0
0,3,1,4,5,487,11,0,27,1,0,18,0,53,41,48,5,2023,1,1,46,12,30,1
1,1,6,6,5,147,1,1,21,1,4,26,3,10,41,7,6,2023,1,5,46,16,25,0
3,1,2,2,5,958,8,1,40,1,2,69,0,65,24,61,5,2019,1,0,27,9,39,0
2,1,3,5,5,167,8,1,40,2,3,89,0,26,41,23,5,2019,2,3,46,9,39,1
0,1,2,4,5,771,3,1,28,2,3,22,1,30,41,25,4,2023,2,1,46,17,31,0
2,1,4,5,5,124,5,1,27,1,4,62,2,25,41,20,5,2019,1,1,46,30,30,1
0,0,1,4,0,400,8,0,14,1,5,38,0,5,1,6,0,2022,1,3,0,13,17,0
1,0,3,8,5,274,10,0,27,1,6,84,0,73,41,70,5,2023,1,5,46,31,30,1
0,1,5,0,5,397,3,1,27,1,4,56,2,42,41,36,5,2024,1,3,46,9,30,0
1,1,2,8,5,497,11,0,8,2,6,4,2,14,41,54,8,2023,2,3,46,14,9,0
0,3,3,4,5,1317,4,0,40,3,3,66,1,30,23,25,5,2022,0,1,26,33,39,1
0,0,3,4,5,424,5,1,53,1,3,36,0,8,50,9,4,2024,1,4,55,2,54,1
1,0,3,8,5,268,1,0,20,1,0,48,0,73,41,70,5,2019,1,4,46,31,21,1
3,1,1,2,5,1590,4,0,51,2,4,58,1,56,41,51,2,2015,2,4,46,30,52,1
0,1,2,4,5,493,9,1,55,1,0,52,1,5,35,6,5,2023,1,3,40,2,55,0
1,1,2,6,5,409,6,1,55,2,0,88,0,15,24,10,5,2017,2,2,27,22,55,1
3,2,2,3,5,577,6,1,10,1,1,41,0,64,41,11,3,2020,1,2,46,28,3,1
1,0,6,8,5,265,3,1,45,1,2,16,0,73,41,70,5,2025,1,3,46,2,42,1
2,1,1,5,5,91,9,0,17,1,0,47,1,25,24,20,5,2025,1,3,27,30,19,1
0,0,1,4,5,901,2,1,20,2,4,8,1,59,41,52,5,2023,2,3,46,31,21,0
1,1,3,8,5,1226,5,1,20,3,5,26,0,35,41,30,5,2025,0,3,46,28,21,1
1,0,6,8,5,195,8,1,50,1,5,2,2,17,41,39,8,2023,1,1,46,3,46,0
1,2,3,8,5,499,12,1,45,2,0,1,1,17,41,39,5,2018,2,3,46,30,42,1
2,1,1,5,5,195,7,1,15,2,5,2,0,40,41,35,5,2023,2,1,46,28,18,0
0,1,5,4,5,447,1,1,55,1,0,38,3,59,41,52,5,2023,1,3,46,28,55,0
0,2,2,0,8,753,9,1,49,2,4,42,0,23,22,21,8,2019,2,3,22,27,53,1
1,1,3,8,5,829,4,1,54,3,3,51,0,22,41,22,5,2015,0,5,46,2,34,0
1,1,3,8,5,262,11,1,37,1,1,1,1,73,41,70,8,2025,1,5,46,9,35,0
0,2,6,7,5,307,8,1,46,1,6,76,2,19,41,34,7,2023,1,5,46,22,48,1
2,1,3,8,8,257,2,1,43,2,3,57,1,20,53,19,8,2025,2,3,58,3,45,1
0,0,3,0,4,1170,5,1,53,3,6,25,1,21,78,16,4,2015,0,0,79,5,54,0
0,0,4,4,8,500,3,1,6,1,2,43,2,29,19,64,4,2016,1,3,20,34,22,0
1,0,4,8,5,556,10,1,45,2,0,71,1,12,41,13,5,2017,2,1,46,31,42,0
0,0,2,7,5,775,8,1,40,2,6,93,2,57,41,49,5,2015,2,3,46,2,39,1
0,1,2,0,5,675,7,1,27,2,0,70,1,60,41,56,5,2025,2,3,46,20,30,1
1,1,3,8,5,182,5,1,27,1,5,62,1,73,41,70,5,2023,1,3,46,2,30,1
0,3,6,1,2,841,6,0,12,2,4,55,2,47,14,45,1,2023,2,0,13,0,13,0
0,0,2,7,5,835,9,0,54,2,2,70,0,45,41,40,5,2018,2,3,46,2,34,1
1,1,3,8,5,504,2,1,4,2,0,13,2,48,41,43,8,2023,2,3,46,28,5,1
1,1,1,5,6,366,5,1,45,2,1,40,0,55,7,50,5,2023,2,1,10,2,42,0
1,1,1,8,5,517,2,1,8,2,4,17,0,22,41,22,8,2015,2,2,46,14,9,1
1,0,2,8,5,305,8,1,45,1,1,99,0,48,41,43,5,2016,1,1,46,9,42,1
3,1,1,3,5,1049,4,1,24,2,3,86,1,78,41,73,3,2025,2,1,46,7,29,1
1,1,3,6,5,344,7,1,15,2,3,41,0,74,35,69,5,2022,2,3,40,9,18,1
3,0,2,3,5,513,4,0,40,1,3,4,0,37,41,66,5,2018,1,1,46,18,39,0
0,1,2,0,5,1249,9,1,27,3,3,70,0,21,41,16,5,2024,0,1,46,9,30,0
1,1,2,6,5,250,1,1,21,2,5,28,1,10,41,7,6,2016,2,2,46,16,25,0
1,1,2,8,5,530,11,1,50,2,6,24,0,17,20,39,8,2022,2,4,25,2,46,0
1,1,1,8,5,299,9,1,43,1,1,85,0,51,41,17,8,2019,1,4,46,29,45,0
0,2,5,4,5,676,9,1,27,2,5,30,0,4,41,5,5,2017,0,5,46,28,30,1
0,1,5,7,5,759,11,1,46,2,4,26,3,57,41,49,7,2022,2,3,46,2,48,0
1,1,1,8,5,398,9,0,43,2,5,10,0,51,41,17,8,2025,2,4,46,28,45,1
1,2,4,8,5,487,12,1,49,2,5,67,1,12,41,13,8,2021,2,5,46,31,53,0
2,0,3,5,5,177,10,0,27,2,1,73,0,71,41,68,5,2022,2,1,46,28,30,1
0,1,5,4,8,889,10,0,0,2,1,90,2,53,58,48,8,2016,2,3,24,37,24,1
0,1,1,5,0,1231,10,1,27,2,4,61,1,46,1,41,5,2018,0,3,0,20,30,0
1,3,5,8,5,457,4,1,4,2,2,15,1,14,41,54,8,2025,2,3,46,30,5,1
2,1,5,5,5,182,9,1,17,2,3,76,1,25,41,20,5,2019,2,1,46,31,19,0
0,0,1,8,6,434,10,0,41,1,3,9,1,58,10,53,6,2024,1,3,15,23,40,1
1,1,1,8,5,545,9,0,4,2,2,11,0,73,41,70,8,2019,2,0,46,22,5,1
1,0,1,8,5,236,6,1,18,1,0,31,1,17,41,39,5,2023,1,3,46,2,1,0
0,1,1,1,0,774,5,1,48,2,0,18,0,31,38,65,1,2018,2,5,44,20,50,1
0,0,3,0,5,376,1,1,45,1,3,54,1,42,50,36,5,2015,1,2,55,2,42,0
0,1,4,4,8,1099,10,0,37,2,1,26,2,49,70,44,8,2022,2,2,73,29,35,0
0,1,1,7,5,421,4,1,20,1,3,28,0,72,41,71,5,2018,1,0,46,9,21,0
1,0,1,6,5,206,8,1,21,1,6,36,0,15,41,10,6,2023,1,2,46,22,25,1
0,1,3,4,3,387,11,0,22,1,5,15,1,52,11,46,4,2019,1,0,64,18,23,0
1,1,3,8,5,582,3,1,37,2,3,99,2,48,41,43,8,2015,2,3,46,30,35,0
0,1,1,4,5,825,8,1,47,2,0,112,0,8,41,9,4,2025,2,5,46,2,49,0
2,1,1,5,5,81,3,1,27,1,3,48,1,68,41,63,5,2025,1,3,46,9,30,0
0,0,4,4,5,737,11,1,47,2,2,17,2,69,41,33,4,2019,2,2,46,28,49,1
0,1,4,4,5,893,11,1,15,2,4,79,3,5,35,6,5,2016,2,2,40,22,18,1
0,0,1,4,5,676,12,0,27,2,1,53,0,29,41,64,5,2015,2,5,46,9,30,0
0,1,3,4,5,390,12,1,54,1,4,31,0,52,41,46,5,2019,1,3,46,33,34,1
2,3,3,5,5,132,5,1,17,2,5,28,2,27,41,24,5,2023,2,2,46,31,19,1
0,3,1,7,5,835,4,0,52,2,5,11,1,70,41,27,7,2023,2,3,46,31,51,0
0,3,4,4,5,752,9,1,16,2,6,46,2,29,24,64,4,2018,2,5,27,37,41,1
1,1,3,6,5,349,10,1,32,2,2,32,1,74,41,69,6,2020,2,3,46,19,15,1
0,1,1,4,5,814,1,0,27,2,1,72,0,49,41,44,5,2016,2,3,46,33,30,0
1,1,2,8,5,575,12,0,4,2,0,23,1,38,55,31,8,2016,2,3,54,2,5,1
0,3,1,4,5,623,12,1,53,2,5,61,1,53,41,48,4,2024,2,1,46,9,54,0
0,1,1,4,5,776,2,0,7,2,6,34,1,4,41,5,4,2019,2,1,46,22,10,0
2,0,2,5,5,135,12,1,45,2,4,63,1,25,0,20,5,2025,2,3,6,30,42,1
1,1,2,8,5,203,10,1,17,1,6,43,2,51,41,17,5,2015,1,2,46,29,19,0
1,3,3,6,5,364,8,1,18,2,5,81,0,34,68,29,5,2025,2,3,71,19,1,0
1,3,4,8,5,274,12,1,50,1,4,37,1,20,41,19,8,2018,1,2,46,28,46,1
1,3,4,8,5,215,4,1,40,1,3,9,0,58,0,53,5,2016,1,3,6,29,39,1
2,1,2,5,5,178,10,1,27,2,6,10,2,54,41,55,5,2019,2,2,46,9,30,1
1,1,2,8,5,568,1,1,45,2,4,77,0,66,41,62,5,2023,2,1,46,2,42,1
0,1,2,8,6,747,12,0,55,2,4,51,0,20,10,19,5,2015,0,3,15,29,55,1
1,1,2,8,5,287,9,1,17,2,5,38,1,73,41,70,5,2024,0,3,46,9,19,1
2,1,1,5,5,114,5,1,27,1,2,10,0,40,41,35,5,2023,1,0,46,30,30,1
0,3,4,4,5,784,11,1,27,2,3,39,0,29,41,64,5,2023,2,5,46,5,30,1
1,1,1,8,5,293,9,0,55,1,2,74,1,73,41,70,5,2018,1,1,46,31,55,1
1,1,2,8,5,221,3,1,37,1,3,19,1,48,50,43,8,2022,1,2,55,2,35,1
2,1,2,5,5,82,3,1,27,1,5,31,1,26,41,23,5,2024,1,1,46,22,30,0
0,0,2,8,0,707,3,0,4,2,0,24,1,58,38,53,8,2024,2,5,44,3,5,1
0,3,4,4,5,326,12,1,27,1,0,81,0,30,41,25,5,2022,1,2,46,28,30,0
3,1,3,3,5,432,11,1,11,1,5,63,0,37,41,66,3,2025,1,5,46,9,11,1
0,0,2,4,5,309,8,1,55,1,1,66,1,30,41,25,5,2025,1,3,46,22,55,0
0,1,1,4,8,1071,5,1,35,2,6,39,1,69,22,33,4,2019,2,3,22,37,8,0
2,1,4,5,5,242,1,1,45,2,1,59,1,6,41,0,5,2025,2,0,46,22,42,0
0,1,1,4,5,494,4,0,16,1,3,86,0,52,41,46,4,2015,1,4,46,28,41,0
0,1,4,7,5,826,10,1,15,2,4,8,0,19,20,34,5,2025,2,4,25,28,18,0
0,1,4,4,8,808,1,1,43,2,6,41,2,59,31,52,8,2023,2,4,38,25,45,1
2,1,1,5,5,217,9,0,55,2,3,37,0,40,50,35,5,2025,2,5,55,30,55,1
1,1,3,8,5,539,8,1,45,2,0,63,0,20,41,19,5,2016,2,4,46,9,42,1
0,3,2,0,5,459,5,0,45,1,4,16,0,23,41,21,5,2022,1,2,46,30,42,1
0,3,6,4,7,687,7,0,16,2,6,29,2,8,71,9,4,2019,2,1,72,15,41,0
0,1,3,5,0,469,10,1,40,1,2,64,0,26,56,23,5,2021,1,1,60,32,39,1
1,1,1,8,5,257,7,0,13,1,4,46,0,66,41,62,5,2017,1,1,46,29,16,0
1,3,2,8,5,568,7,1,40,2,4,32,1,24,0,58,5,2015,2,2,6,14,39,1
0,1,3,7,0,386,6,1,26,1,3,46,1,70,42,27,0,2015,1,5,50,20,28,0
0,1,3,4,5,983,2,1,22,3,2,19,0,8,41,9,4,2023,0,5,46,12,23,0
1,0,3,5,8,284,6,0,18,1,2,54,1,6,70,0,5,2021,1,1,73,3,1,1
1,0,3,8,5,276,3,1,18,1,2,89,1,17,41,39,5,2024,1,1,46,3,1,0
0,1,5,7,5,449,9,1,55,1,3,63,0,19,41,34,5,2019,1,2,46,28,55,1
2,1,2,5,5,85,12,1,18,1,3,38,2,6,50,0,5,2017,1,2,55,22,1,1
0,0,4,4,5,496,10,1,18,1,5,28,1,52,41,46,5,2025,1,4,46,5,1,1
0,1,1,4,5,460,11,1,3,1,4,58,0,69,41,33,4,2020,1,1,46,13,4,0
0,0,1,8,2,786,10,1,45,2,0,41,1,22,51,22,5,2019,2,4,56,1,42,0
3,1,4,1,5,711,5,1,45,1,1,103,2,47,41,45,5,2022,1,5,46,31,42,1
0,1,1,4,5,729,3,0,27,2,6,63,1,69,41,33,5,2023,2,3,46,2,30,0
0,1,1,4,5,429,7,1,16,1,6,40,1,5,41,6,4,2023,1,3,46,31,41,1
0,3,1,4,5,844,3,0,29,2,2,57,0,59,41,52,4,2015,2,1,46,13,47,1
0,1,2,4,2,379,12,0,53,1,5,39,1,49,61,44,4,2023,1,3,65,26,54,0
0,2,5,4,5,696,3,1,55,2,2,36,2,8,41,9,5,2015,2,1,46,5,55,1
0,1,5,4,5,386,12,1,55,1,1,80,1,69,63,33,5,2022,1,1,68,33,55,0
0,1,3,8,6,754,3,1,32,2,5,50,0,22,74,22,6,2015,2,1,76,23,15,1
0,1,2,4,5,1138,7,1,27,3,3,81,1,5,41,6,5,2018,0,3,46,9,30,0
1,1,6,6,5,246,3,1,17,2,4,81,1,28,68,80,5,2022,2,4,71,23,19,1
2,1,1,5,5,114,3,1,27,1,6,39,0,55,41,50,5,2015,1,0,46,2,30,0
0,3,1,4,5,736,11,1,27,2,3,9,0,79,41,78,5,2025,2,5,46,9,30,1
2,1,4,5,5,78,9,1,55,1,5,23,0,40,41,35,5,2023,1,1,46,22,55,1
1,3,1,6,4,567,3,1,16,2,2,55,0,28,44,80,4,2024,0,0,49,5,41,1
2,3,1,5,5,223,6,0,20,2,2,23,0,7,41,47,5,2015,2,3,46,9,21,0
3,3,5,3,5,533,1,1,54,1,0,12,1,78,41,73,5,2018,1,3,46,9,34,1
0,1,3,7,5,702,2,0,18,2,5,19,2,70,41,27,5,2019,2,3,46,24,1,0
2,1,3,5,5,87,4,1,45,1,1,69,0,68,41,63,5,2018,1,3,46,31,42,0
0,0,5,7,5,396,12,1,31,1,1,95,1,72,41,71,7,2025,1,1,46,36,32,1
0,1,2,4,5,807,7,0,40,2,1,33,1,30,41,25,5,2022,2,2,46,37,39,1
1,1,2,8,5,497,11,1,37,2,3,59,0,38,41,31,8,2024,2,3,46,34,35,0
1,1,1,6,5,350,8,1,17,2,6,28,1,76,41,74,5,2021,2,5,46,30,19,1
1,1,2,6,5,283,3,0,18,2,3,67,1,10,41,7,5,2023,2,0,46,8,1,1
0,1,1,4,2,737,9,1,16,2,3,8,1,49,51,44,4,2017,0,5,56,13,41,1
0,1,2,4,5,938,7,1,25,3,0,10,1,4,50,5,4,2023,0,3,55,28,27,1
3,0,1,2,5,1655,12,0,51,2,3,75,0,13,41,14,2,2017,2,3,46,22,52,0
0,1,3,6,8,610,1,1,8,2,1,54,1,10,19,7,8,2023,2,2,20,3,9,0
1,0,2,6,5,152,6,1,20,1,5,17,1,10,41,7,5,2025,1,5,46,30,21,1
0,1,2,4,5,500,10,1,35,1,0,58,0,79,23,78,4,2021,1,4,26,31,8,0
0,2,3,4,8,429,8,1,43,1,5,65,1,4,17,5,8,2025,1,3,51,3,45,1
1,0,1,6,5,189,9,1,27,1,6,11,0,10,41,7,5,2022,1,3,46,23,30,0
1,3,2,8,5,472,9,0,4,2,1,64,0,51,41,17,8,2016,2,1,46,30,5,1
0,0,5,1,4,765,1,1,12,2,3,77,2,47,52,45,1,2024,2,3,59,37,13,1
1,1,3,8,5,563,12,1,20,2,4,6,2,14,0,54,5,2022,2,2,6,29,21,1
0,1,5,4,5,445,3,0,27,1,0,43,1,29,41,64,5,2024,1,4,46,9,30,0
0,1,1,7,6,891,11,1,30,2,2,25,1,19,69,34,6,2015,2,1,74,19,33,0
3,1,1,3,5,1151,6,1,20,3,3,10,1,37,41,66,5,2024,0,1,46,30,21,0
1,1,5,6,5,219,6,1,27,1,2,45,1,10,41,7,5,2022,1,2,46,30,30,0
2,1,2,5,5,171,2,0,27,2,4,26,0,68,41,63,5,2025,2,3,46,30,30,0
1,3,3,6,4,300,7,1,3,1,2,35,2,28,60,80,4,2021,1,4,18,33,4,0
0,1,2,1,6,579,12,1,32,2,2,80,0,36,10,79,6,2021,2,4,15,23,15,0
3,0,3,2,5,812,7,0,20,1,0,19,1,65,41,61,5,2020,1,1,46,2,21,1
0,2,1,4,0,714,3,1,25,2,2,7,0,5,1,6,4,2025,2,3,0,17,27,0
0,1,2,7,0,875,8,1,19,2,0,59,1,19,38,34,7,2019,2,5,44,32,20,0
0,1,4,4,5,346,1,0,6,1,0,29,0,49,41,44,4,2021,1,1,46,30,22,0
0,1,3,7,5,718,5,1,20,2,3,41,0,70,41,27,5,2025,2,4,46,31,21,1
2,1,1,5,5,158,11,0,55,2,1,31,0,25,41,20,5,2025,2,4,46,9,55,1
1,1,5,6,5,315,6,1,27,2,3,14,1,76,41,74,5,2023,2,2,46,16,30,1
2,0,2,5,5,236,2,0,18,2,6,6,0,25,41,20,5,2023,2,5,46,30,1,0
1,1,2,6,5,298,11,1,17,2,3,110,0,61,24,57,5,2025,2,3,27,2,19,1
2,0,1,8,8,249,4,1,27,2,6,106,1,17,62,39,5,2019,2,3,66,3,30,0
0,1,1,4,5,828,11,1,27,2,0,57,0,5,41,6,5,2021,2,3,46,22,30,0
0,1,2,6,0,704,9,1,55,2,2,58,1,9,36,12,5,2019,2,2,42,8,55,1
0,1,4,7,5,833,4,1,31,2,4,70,2,45,41,40,7,2020,0,1,46,2,32,0
3,0,2,1,5,860,6,1,27,1,3,53,1,63,41,18,5,2023,1,3,46,2,30,1
0,1,3,7,5,428,7,1,45,1,6,12,0,19,63,34,5,2016,1,2,68,22,42,1
0,0,2,7,5,358,4,1,17,1,4,75,0,32,41,26,5,2024,1,5,46,31,19,0
0,1,4,4,5,378,6,0,3,1,2,48,0,4,41,5,4,2025,1,3,46,31,4,0
1,0,2,6,5,185,1,0,18,1,5,21,0,10,41,7,5,2016,1,1,46,30,1,0
0,1,3,3,4,1070,12,1,47,3,4,22,2,78,81,73,4,2019,0,1,81,13,49,1
1,1,2,8,5,548,1,1,45,2,6,24,0,22,41,22,5,2021,2,3,46,22,42,0
1,1,4,8,5,391,8,1,27,2,1,22,0,24,41,58,5,2015,2,2,46,14,30,0
1,3,3,8,5,441,5,1,43,2,6,162,1,24,68,58,8,2019,2,3,71,25,45,0
0,1,3,7,8,742,12,1,0,2,3,17,0,57,13,49,8,2023,2,1,12,24,24,1
1,3,5,8,5,197,4,1,17,1,5,37,2,35,41,30,5,2016,1,3,46,14,19,0
0,1,3,4,5,470,2,0,27,1,4,14,0,79,41,78,5,2021,1,1,46,30,30,1
0,3,1,4,5,925,6,1,27,2,2,26,0,29,41,64,5,2021,2,5,46,28,30,0
3,1,5,1,5,715,3,0,40,1,4,16,2,63,41,18,5,2015,1,0,46,22,39,1
1,1,3,6,5,224,1,1,45,1,3,7,1,74,41,69,5,2017,1,1,46,22,42,0
0,0,1,8,6,429,3,1,15,1,2,2,1,12,75,13,5,2015,1,4,77,35,18,1
3,1,1,3,5,1143,3,1,24,2,4,36,0,33,41,28,3,2017,2,0,46,22,29,1
0,3,4,7,5,400,9,0,31,1,0,55,0,19,41,34,7,2017,1,4,46,31,32,1
0,0,1,6,1,725,12,1,1,2,3,85,0,9,45,12,1,2023,2,4,47,16,7,0
2,2,1,5,5,74,12,1,20,1,6,25,1,71,41,68,5,2023,1,3,46,30,21,0
1,1,2,8,5,227,7,1,27,1,6,59,1,14,41,54,5,2025,1,1,46,9,30,1
1,0,2,8,5,307,3,1,4,1,5,10,0,14,41,54,8,2023,1,4,46,9,5,0
1,1,3,8,5,555,6,0,37,2,6,65,0,66,41,62,8,2025,2,5,46,2,35,1
0,1,5,4,1,390,5,1,3,1,1,24,0,69,79,33,4,2015,1,1,36,6,4,1
2,0,1,5,5,149,12,0,54,2,4,12,0,54,41,55,5,2015,2,1,46,2,34,0
1,1,3,6,5,373,9,1,27,2,2,32,1,28,41,80,5,2022,2,5,46,2,30,1
1,1,4,6,4,277,4,1,35,1,2,6,2,9,78,12,4,2018,1,2,79,37,8,1
0,1,2,7,5,388,3,1,27,1,0,86,1,19,41,34,5,2020,1,0,46,31,30,1
2,1,2,5,5,120,10,1,15,1,6,101,2,71,41,68,5,2016,1,0,46,28,18,0
2,3,3,5,5,173,7,0,18,2,4,50,1,71,41,68,5,2025,2,5,46,9,1,0
0,0,2,4,8,484,8,1,4,1,1,106,1,53,30,48,8,2019,1,0,35,25,5,1
0,1,3,8,0,750,5,1,0,2,6,61,2,24,42,58,8,2024,2,5,50,32,24,0
1,0,6,8,5,259,9,1,27,1,2,21,2,22,41,22,5,2018,1,3,46,31,30,0
0,1,2,7,0,252,8,0,44,1,3,102,0,19,38,34,7,2025,1,5,44,15,43,0
0,3,2,6,0,751,8,1,26,2,4,39,1,10,56,7,0,2020,2,0,60,16,28,1
1,1,4,8,5,270,6,1,27,1,4,76,2,58,41,53,5,2023,1,1,46,30,30,0
0,1,2,7,5,364,5,1,27,1,5,63,1,32,41,26,5,2015,1,5,46,11,30,0
0,0,1,7,5,412,3,1,46,1,1,84,0,11,50,8,7,2021,1,1,55,31,48,0
1,1,1,8,5,581,5,0,55,2,4,85,0,51,41,17,5,2025,2,5,46,31,55,1
0,1,2,5,4,919,4,0,18,2,0,40,1,25,64,20,5,2016,2,4,29,2,1,0
3,1,2,3,5,979,11,1,40,2,4,22,2,67,41,67,5,2017,2,1,46,9,39,1
1,2,3,8,5,306,3,1,0,1,5,47,0,12,35,13,8,2019,1,0,40,9,24,0
0,3,5,4,5,334,1,0,27,1,0,29,1,39,41,32,5,2025,1,1,46,22,30,0
0,1,2,4,5,923,11,1,27,2,0,118,0,79,41,78,5,2023,2,3,46,13,30,1
0,0,1,1,7,438,6,1,1,1,2,16,0,63,49,18,1,2024,1,5,57,36,7,1
3,1,1,5,3,497,4,0,34,1,5,44,1,71,66,68,3,2019,1,4,37,18,0,0
1,0,2,8,5,502,7,1,50,2,3,60,0,14,47,54,8,2025,2,1,7,2,46,1
0,1,3,5,0,903,4,0,40,2,1,41,2,26,36,23,5,2018,2,1,42,32,39,0
0,1,2,4,5,386,5,0,6,1,2,68,2,29,41,64,4,2021,1,5,46,5,22,1
3,3,1,1,5,814,4,1,15,1,6,32,0,31,0,65,5,2019,1,1,6,4,18,0
0,0,3,0,5,892,3,1,45,2,1,56,2,44,55,38,5,2017,2,4,54,20,42,0
1,1,1,8,5,648,5,0,17,2,4,8,1,20,41,19,5,2022,0,1,46,31,19,0
1,0,3,6,5,416,2,1,54,2,4,67,1,61,41,57,5,2022,2,2,46,2,34,1
1,2,5,5,6,233,12,1,55,1,5,50,0,68,74,63,5,2017,1,3,76,19,55,0
1,3,2,6,5,302,3,1,40,2,6,35,0,15,0,10,5,2015,2,1,6,31,39,0
0,1,5,4,5,478,10,1,27,1,4,38,2,39,41,32,5,2024,1,4,46,22,30,1
0,1,6,0,5,872,4,1,18,2,2,13,1,42,41,36,5,2025,2,1,46,9,1,0
3,1,4,1,5,1659,6,1,20,2,5,3,2,63,23,18,5,2016,2,3,26,0,21,1
1,1,2,8,5,403,5,0,27,2,5,20,1,24,41,58,5,2019,2,3,46,30,30,1
0,1,3,4,5,732,8,0,54,2,1,15,1,52,23,46,5,2025,2,1,26,28,34,0
1,1,3,8,5,281,8,1,0,1,3,104,0,48,41,43,8,2019,1,0,46,14,24,0
0,0,2,4,5,497,8,1,55,1,3,66,0,49,47,44,5,2025,1,0,7,22,55,1
0,0,4,7,5,450,5,1,46,1,1,32,1,57,50,49,7,2019,1,1,55,11,48,0
3,1,2,1,5,1258,11,1,27,2,6,61,1,41,41,59,5,2022,2,2,46,2,30,1
0,1,3,1,0,297,2,1,14,1,0,57,1,41,1,59,0,2021,1,5,0,20,17,1
1,1,5,6,5,310,12,0,27,2,4,14,2,10,41,7,5,2019,2,1,46,31,30,0
0,2,3,3,4,721,5,0,28,2,4,30,0,37,25,66,4,2023,2,4,30,13,31,0
1,1,6,8,5,487,5,1,17,2,1,40,1,58,41,53,5,2025,2,1,46,2,19,1
0,0,2,4,5,472,9,1,27,1,4,13,0,39,41,32,5,2022,1,1,46,2,30,1
1,1,1,6,5,359,7,0,20,2,1,109,1,16,41,15,5,2023,2,2,46,35,21,1
1,1,2,8,5,514,3,1,37,2,2,30,0,38,41,31,8,2023,2,4,46,31,35,0
1,1,1,8,5,217,3,1,27,1,1,36,0,51,41,17,5,2025,1,3,46,9,30,0
0,1,4,4,5,800,8,0,16,2,6,28,0,8,41,9,4,2015,2,2,46,5,41,0
2,1,1,5,5,83,5,1,13,1,5,71,1,27,41,24,5,2025,1,3,46,28,16,0
3,1,1,3,5,572,11,1,27,1,0,53,0,64,41,11,5,2025,1,1,46,22,30,0
0,1,2,7,5,379,11,1,27,1,6,65,0,19,41,34,5,2018,1,1,46,24,30,1
0,3,1,4,5,770,7,1,54,2,4,27,1,81,23,81,5,2024,0,3,26,22,34,0
1,1,1,8,5,506,5,1,27,2,2,88,0,51,41,17,5,2025,2,2,46,29,30,1
1,1,1,8,5,505,11,1,43,2,6,27,0,14,41,54,8,2023,2,3,46,22,45,0
1,1,2,8,5,253,9,0,13,1,4,107,1,38,41,31,5,2019,1,4,46,22,16,0
1,3,1,8,5,592,9,1,50,2,4,60,0,20,41,19,8,2023,2,3,46,28,46,0
1,1,2,8,5,1017,4,1,55,3,5,20,1,48,63,43,5,2018,0,4,68,14,55,0
0,1,2,1,4,429,11,1,2,1,6,104,0,80,52,77,1,2018,1,5,59,33,2,0
2,1,6,5,5,218,12,1,27,2,2,10,3,71,41,68,5,2017,2,3,46,30,30,0
1,2,3,8,5,538,4,1,27,2,2,76,0,12,41,13,5,2022,2,3,46,30,30,0
3,0,4,2,5,1873,2,1,40,2,4,65,1,56,41,51,5,2023,2,3,46,30,39,0
0,1,3,4,5,766,3,0,15,2,0,3,0,18,41,60,5,2024,2,1,46,13,18,0
1,1,6,8,5,649,5,1,0,3,5,23,4,66,41,62,8,2017,0,5,46,31,24,1
3,1,4,2,5,1479,3,1,13,3,3,27,2,1,41,2,5,2025,0,4,46,28,16,1
0,0,1,4,5,741,2,1,27,2,3,13,1,81,41,81,5,2025,2,3,46,9,30,1
1,1,2,8,5,928,3,1,4,3,1,46,0,24,41,58,8,2025,0,3,46,14,5,1
1,1,2,6,5,212,7,1,54,2,1,14,0,77,41,75,5,2018,2,1,46,28,34,1
0,2,3,4,5,496,7,1,27,1,3,57,0,18,41,60,5,2022,1,3,46,33,30,1
0,1,2,4,5,766,6,1,40,2,5,45,0,29,23,64,5,2022,2,0,26,12,39,1
0,1,5,7,5,407,5,1,54,1,3,48,2,32,41,26,5,2019,1,1,46,11,34,1
1,1,3,8,5,206,2,1,27,1,0,56,0,20,41,19,5,2025,1,4,46,14,30,1
1,1,2,6,5,196,7,1,20,1,5,19,0,3,41,4,5,2021,1,3,46,8,21,1
0,1,3,4,5,439,11,1,35,1,5,71,0,49,41,44,4,2016,1,1,46,22,8,1
1,1,2,8,5,464,7,1,45,2,5,21,0,35,63,30,5,2024,0,5,68,31,42,0
1,2,1,8,5,309,5,1,40,1,3,41,0,48,41,43,5,2018,1,5,46,2,39,0
1,0,2,8,5,499,2,1,40,2,4,89,0,66,23,62,5,2024,2,2,26,31,39,1
1,0,2,8,5,213,5,0,45,1,3,36,1,58,41,53,5,2024,1,3,46,2,42,1
1,0,1,6,5,348,1,0,45,2,5,69,0,15,41,10,5,2024,2,5,46,19,42,1
2,1,2,5,5,197,8,1,20,2,1,77,1,40,41,35,5,2018,2,5,46,2,21,0
1,0,1,8,5,477,6,1,54,2,0,63,0,24,50,58,5,2025,2,3,55,22,34,1
1,1,2,8,5,443,3,0,27,2,2,19,0,43,41,37,5,2025,2,0,46,22,30,0
1,1,2,8,5,497,11,1,45,2,2,43,1,38,50,31,5,2023,2,1,55,34,42,1
0,0,1,4,5,625,6,1,17,2,5,68,0,8,41,9,5,2017,2,3,46,28,19,0
1,3,1,6,5,181,3,1,27,1,5,170,0,3,41,4,5,2024,1,4,46,8,30,1
1,1,2,8,5,551,2,1,4,2,3,81,1,48,41,43,8,2022,2,0,46,3,5,0
3,0,2,2,5,840,6,1,54,1,5,21,0,56,41,51,5,2020,1,3,46,1,34,0
2,0,2,5,5,95,12,1,54,1,2,53,2,71,41,68,5,2025,1,3,46,31,34,0
1,3,3,8,5,285,3,1,49,1,5,21,0,66,41,62,8,2025,1,0,46,3,53,0
0,0,1,7,5,800,10,1,52,2,0,48,0,32,41,26,7,2022,2,5,46,11,51,0
0,3,1,4,5,707,4,1,27,2,2,33,1,8,41,9,5,2022,2,0,46,30,30,0
1,1,2,8,5,197,8,0,54,1,0,58,1,20,55,19,5,2025,1,2,54,28,34,1
1,1,3,8,5,586,12,1,17,2,0,49,0,66,68,62,5,2022,2,3,71,2,19,0
1,0,2,8,5,207,8,1,54,1,3,21,1,48,35,43,5,2024,1,5,40,30,34,0
1,1,1,8,5,296,9,1,18,1,2,28,0,66,41,62,5,2017,1,0,46,14,1,1
0,1,2,8,4,946,3,1,54,2,0,10,0,43,48,37,5,2025,2,5,53,25,34,1
1,1,2,6,5,410,6,0,17,2,0,47,1,74,41,69,5,2022,2,1,46,19,19,0
2,1,1,5,5,147,8,1,20,2,0,40,0,54,41,55,5,2022,2,4,46,28,21,1
0,1,1,0,5,785,9,0,42,2,0,166,0,23,41,21,0,2023,2,2,46,22,44,0
1,1,2,8,5,296,3,1,40,1,4,21,0,58,41,53,5,2022,1,4,46,30,39,0
0,1,3,7,5,628,1,0,54,2,0,14,0,11,41,8,5,2025,2,3,46,24,34,1
1,1,1,8,5,224,3,1,18,1,5,37,0,58,41,53,5,2021,1,5,46,9,1,1
0,0,1,7,5,748,9,1,44,2,1,9,0,57,41,49,7,2024,2,3,46,9,43,1
2,3,3,5,5,192,2,1,15,2,5,81,0,68,41,63,5,2025,2,5,46,28,18,1
3,0,5,1,5,1622,7,1,15,2,1,32,2,63,41,18,5,2019,2,3,46,31,18,1
1,2,5,6,5,195,10,0,18,1,4,36,0,28,41,80,5,2023,1,3,46,28,1,1
0,2,1,0,5,776,6,1,42,2,3,41,1,42,41,36,0,2017,2,3,46,2,44,0
3,1,1,5,2,852,11,0,18,1,0,6,1,68,72,63,5,2018,1,3,75,26,1,0
0,0,1,3,4,451,2,1,28,1,5,48,0,64,6,11,4,2019,1,1,5,37,31,1
0,3,3,3,4,848,4,0,10,2,5,57,2,64,5,11,3,2021,2,0,4,5,3,1
2,1,1,5,5,79,6,1,15,1,3,91,0,6,50,0,5,2024,1,0,55,2,18,0
0,1,1,4,5,837,1,1,6,2,6,73,0,29,41,64,4,2018,2,2,46,5,22,0
1,0,1,6,5,157,9,1,27,1,4,34,1,9,41,12,5,2017,1,5,46,22,30,1
1,3,2,8,5,484,7,0,0,2,6,22,1,24,41,58,8,2024,2,5,46,30,24,1
0,0,6,4,5,704,1,1,27,2,0,22,3,18,41,60,5,2025,2,3,46,30,30,1
1,1,2,6,5,104,6,0,21,1,5,39,0,10,41,7,6,2022,1,1,46,22,25,1
2,1,4,4,4,60,3,1,28,1,1,7,0,30,60,25,4,2016,1,3,18,5,31,1
0,1,3,0,5,849,10,0,13,2,2,43,0,0,41,1,5,2022,2,3,46,30,16,0
1,0,2,8,5,274,5,0,55,1,1,9,0,35,23,30,5,2023,1,4,26,14,55,1
3,1,1,2,5,1730,12,1,45,2,0,79,0,56,41,51,5,2022,2,0,46,22,42,1
1,1,2,8,5,485,7,1,0,2,6,61,1,17,24,39,8,2015,2,2,27,31,24,0
3,0,5,2,5,730,8,1,51,1,3,40,1,56,55,51,2,2021,1,1,54,28,52,0
3,1,4,2,5,923,9,1,54,1,6,8,2,1,55,2,5,2020,1,5,54,30,34,1
1,1,4,8,5,198,8,0,17,1,6,80,3,35,41,30,5,2025,1,5,46,14,19,0
0,1,2,0,5,766,12,0,40,2,5,58,0,23,47,21,5,2024,2,0,7,28,39,0
1,1,6,8,5,196,5,1,45,1,0,45,2,22,20,22,5,2024,1,4,25,9,42,1
1,0,2,8,5,215,8,1,54,1,4,105,1,22,23,22,5,2016,1,2,26,30,34,0
0,0,4,7,3,391,7,1,5,1,0,33,0,70,66,27,7,2017,1,0,37,36,6,0
0,1,3,4,8,1362,1,1,49,3,0,74,1,8,43,9,8,2015,0,1,48,34,53,1
1,2,4,4,6,470,7,1,47,2,3,84,1,39,12,32,4,2018,2,3,9,5,49,0
0,1,2,7,5,832,6,0,46,2,0,32,1,45,41,40,7,2017,0,1,46,22,48,1
1,1,3,8,5,277,10,0,49,1,6,34,1,51,63,17,8,2019,1,5,68,9,53,0
3,3,3,3,5,1143,2,1,27,2,2,14,1,78,50,73,5,2025,2,1,55,21,30,0
0,1,2,4,5,374,11,0,27,1,4,12,0,39,41,32,5,2024,1,0,46,2,30,1
1,0,2,8,5,543,5,0,17,2,1,24,0,73,55,70,5,2024,2,4,54,9,19,1
1,3,4,6,5,371,4,0,15,2,6,87,0,3,0,4,5,2023,2,3,6,22,18,1
1,0,5,8,5,367,6,1,27,2,1,118,0,48,68,43,5,2016,0,1,71,30,30,1
1,0,3,8,5,227,5,1,55,1,2,24,1,35,41,30,5,2016,1,1,46,2,55,1
3,1,3,3,5,948,10,1,45,2,2,45,1,62,68,76,5,2023,2,4,71,2,42,1
0,2,2,4,8,1162,4,1,25,2,2,74,1,18,37,60,4,2024,2,0,43,25,27,0
1,3,5,8,5,550,3,1,27,2,0,14,1,51,41,17,5,2022,2,3,46,14,30,1
1,3,6,6,5,118,1,1,30,1,5,80,3,9,50,12,6,2018,1,3,55,30,33,1
3,3,3,5,1,1424,8,1,55,2,4,23,0,40,59,35,5,2018,2,1,41,4,55,1
0,1,1,0,5,810,9,1,27,2,4,24,0,21,41,16,5,2021,2,2,46,31,30,0
1,0,3,6,5,128,4,1,40,1,3,7,1,10,20,7,5,2019,1,1,25,9,39,0
1,0,5,8,5,338,5,0,40,2,4,26,2,48,23,43,5,2024,0,1,26,28,39,1
0,0,6,7,5,343,5,1,52,1,0,71,2,72,23,71,7,2024,1,5,26,36,51,1
0,0,3,5,0,746,9,1,18,2,5,37,1,6,42,0,5,2025,2,3,50,2,1,1
0,2,4,7,5,443,11,1,15,1,4,60,1,57,41,49,5,2021,1,4,46,2,18,1
0,0,4,7,5,751,2,1,54,2,4,51,0,32,41,26,5,2025,2,2,46,24,34,1
1,1,2,8,5,250,5,0,15,1,3,72,0,35,41,30,5,2024,1,3,46,2,18,1
0,0,3,0,5,331,8,1,14,1,6,78,0,60,55,56,0,2019,1,5,54,9,17,0
0,2,1,4,5,342,3,0,54,1,4,81,0,4,55,5,5,2025,1,3,54,30,34,1
2,0,1,4,4,264,3,1,35,2,5,4,1,53,33,48,4,2023,2,0,69,13,8,0
2,1,2,5,5,76,1,1,17,1,2,47,2,54,24,55,5,2024,1,2,27,2,19,0
1,0,2,8,5,259,10,1,55,1,6,73,1,35,41,30,5,2023,1,3,46,29,55,0
1,1,4,8,5,511,4,1,55,2,1,13,1,24,63,58,5,2017,2,0,68,22,55,0
0,3,2,0,8,393,10,1,49,1,1,56,0,44,17,38,8,2025,1,3,51,29,53,0
1,1,3,8,5,180,8,1,27,1,4,29,1,20,41,19,5,2024,1,4,46,22,30,0
1,0,4,8,5,186,6,1,18,1,4,23,3,43,41,37,5,2022,1,1,46,22,1,0
0,1,3,4,5,301,12,0,22,1,1,27,0,39,41,32,4,2025,1,1,46,33,23,1
1,1,3,6,5,987,5,1,40,3,5,39,1,76,41,74,5,2023,0,0,46,2,39,0
1,1,5,6,5,216,9,0,30,2,2,38,1,61,41,57,6,2023,2,3,46,22,33,0
0,2,4,3,6,779,2,0,21,2,2,13,0,33,57,28,6,2016,0,1,61,19,25,0
0,3,1,0,5,843,4,1,40,2,4,3,0,42,41,36,5,2020,2,3,46,31,39,1
0,1,2,5,4,1143,5,1,16,3,3,41,1,40,78,35,4,2015,0,0,79,30,41,1
0,1,1,5,0,909,10,0,45,2,1,17,0,40,56,35,5,2019,0,4,60,10,42,1
0,0,4,6,1,930,12,1,48,2,0,13,1,16,79,15,1,2024,2,0,36,6,50,0
0,1,6,7,5,336,6,1,38,1,5,84,0,57,41,49,7,2025,1,1,46,11,37,0
1,1,3,8,5,518,8,0,13,2,3,74,0,24,41,58,5,2025,2,1,46,30,16,1
2,1,2,5,5,466,9,1,45,2,2,54,1,55,41,50,5,2024,0,5,46,9,42,1
1,1,1,6,4,430,9,1,25,2,3,82,0,10,5,7,4,2018,2,1,4,37,27,0
0,1,1,0,7,383,7,0,52,1,0,54,1,0,71,1,7,2022,1,3,72,10,51,0
0,1,2,7,6,386,4,0,38,1,0,76,0,45,74,40,7,2024,1,1,76,23,37,1
2,0,6,5,5,86,2,0,40,1,5,46,1,46,23,41,5,2025,1,4,26,22,39,1
2,3,2,2,2,893,12,1,51,3,2,45,1,13,51,14,2,2019,0,5,56,26,52,1
0,0,4,4,5,938,3,1,27,2,4,29,0,52,41,46,5,2019,2,3,46,12,30,1
0,1,1,7,3,846,6,1,10,2,1,2,0,45,66,40,3,2025,2,3,37,15,3,0
1,1,3,8,5,407,7,1,37,2,5,16,3,73,41,70,8,2015,2,1,46,22,35,1
3,1,2,3,5,441,5,1,11,1,5,34,0,64,47,11,3,2017,1,3,7,9,11,0
1,3,5,6,5,323,1,0,40,2,1,28,1,74,41,69,5,2020,2,1,46,35,39,1
0,3,2,4,5,913,3,1,22,2,1,67,1,8,41,9,4,2019,2,1,46,2,23,0
0,0,2,7,8,490,12,1,13,1,2,29,0,11,22,8,5,2017,1,1,22,29,16,1
1,1,1,8,5,266,6,1,54,1,5,10,0,66,41,62,5,2017,1,1,46,22,34,1
1,1,3,8,5,197,8,1,40,1,1,21,1,43,35,37,5,2019,1,2,40,28,39,0
1,3,3,5,8,1271,11,1,40,3,0,28,2,26,13,23,5,2018,0,3,12,29,39,1
0,1,3,6,8,685,3,1,0,2,2,75,0,9,17,12,8,2025,2,5,51,14,24,0
0,1,1,4,5,460,6,0,28,1,3,62,0,59,41,52,4,2022,1,0,46,31,31,1
1,2,1,6,5,858,11,1,27,3,2,98,1,15,41,10,5,2024,0,3,46,31,30,1
0,0,4,7,5,353,2,1,5,1,5,10,0,45,41,40,7,2025,1,5,46,9,6,0
2,3,2,5,5,465,5,1,27,2,0,55,0,25,41,20,5,2025,0,0,46,22,30,1
0,3,4,2,1,429,5,1,48,1,4,62,2,65,65,61,1,2025,1,3,31,0,50,1
0,1,2,3,8,330,12,0,43,1,4,64,1,67,43,67,8,2023,1,3,48,25,45,1
0,1,4,4,5,329,2,1,27,1,1,89,1,18,41,60,5,2018,1,3,46,30,30,0
3,3,2,3,5,1101,6,1,45,2,4,11,1,78,63,73,5,2021,2,3,68,21,42,0
2,0,1,5,5,170,5,1,20,2,4,108,0,55,41,50,5,2023,2,3,46,2,21,0
1,0,2,5,6,195,11,1,45,1,0,12,1,68,10,63,5,2019,1,1,15,2,42,1
1,1,4,8,5,196,9,1,27,1,5,34,2,73,41,70,5,2015,1,1,46,9,30,1
1,3,4,8,5,394,2,1,37,2,4,22,4,38,41,31,8,2022,2,5,46,28,35,0
1,1,5,8,5,233,5,0,45,1,3,16,1,38,50,31,5,2024,1,3,55,30,42,0
0,1,3,4,3,481,10,1,24,1,1,19,2,52,67,46,3,2023,1,5,67,33,29,0
3,0,6,3,5,1032,10,1,17,2,3,18,1,78,41,73,5,2025,2,3,46,30,19,0
2,1,1,5,5,520,7,1,27,2,2,25,0,25,41,20,5,2021,0,1,46,22,30,0
1,3,1,8,5,481,9,1,54,2,2,115,1,24,23,58,5,2018,2,3,26,22,34,0
2,1,1,5,5,84,6,1,20,1,4,39,0,7,41,47,5,2020,1,1,46,31,21,0
3,1,1,1,5,690,11,0,27,1,6,7,1,63,41,18,5,2020,1,1,46,28,30,0
3,1,2,1,5,1579,2,1,40,2,5,89,1,36,41,79,5,2016,2,3,46,22,39,0
0,1,3,0,5,689,8,1,27,2,6,31,0,0,41,1,5,2020,2,3,46,32,30,1
1,1,2,8,5,243,5,1,45,1,1,68,1,17,41,39,5,2018,1,5,46,31,42,0
0,1,3,4,5,925,5,1,27,2,3,33,0,30,41,25,5,2017,2,3,46,28,30,0
2,1,2,5,5,188,10,1,13,2,4,99,1,27,35,24,5,2017,2,3,40,31,16,0
2,1,3,5,5,94,6,1,45,1,5,59,0,25,41,20,5,2022,1,5,46,9,42,1
0,1,6,4,5,381,7,1,3,1,4,22,1,18,41,60,4,2025,1,5,46,2,4,1
3,1,1,1,5,819,7,0,27,1,6,73,0,36,41,79,5,2024,1,1,46,0,30,1
1,1,2,8,5,446,6,1,54,2,2,5,0,73,41,70,5,2018,2,3,46,9,34,1
0,1,4,7,5,431,5,1,55,1,0,27,0,45,41,40,5,2023,1,5,46,31,55,1
0,1,4,4,5,819,8,1,13,2,3,42,1,4,41,5,5,2018,2,1,46,31,16,0
1,1,6,8,5,526,4,1,40,2,1,43,3,35,41,30,5,2017,0,3,46,34,39,0
1,0,3,6,4,543,1,1,21,2,4,52,0,15,25,10,6,2015,2,3,30,12,25,1
0,1,3,4,5,670,4,1,13,2,3,10,0,52,41,46,5,2019,2,0,46,28,16,0
0,1,1,0,5,756,9,1,55,2,0,86,0,44,41,38,5,2021,2,5,46,22,55,1
0,1,2,4,5,343,1,0,45,1,3,53,0,52,41,46,5,2024,1,4,46,30,42,0
0,3,2,4,1,759,7,1,40,2,2,34,0,59,45,52,5,2025,0,2,47,37,39,0
0,0,2,1,2,733,9,1,48,2,6,80,0,36,14,79,1,2025,2,4,13,26,50,0
0,1,3,4,5,800,12,1,7,2,6,32,2,53,41,48,4,2023,2,1,46,31,10,0
0,1,3,1,6,390,8,1,32,1,4,90,2,80,15,77,6,2024,1,1,16,19,15,0
0,1,5,4,5,937,5,1,17,2,1,96,1,5,68,6,5,2025,2,5,71,9,19,0
1,2,5,8,5,494,11,1,27,2,6,84,1,14,41,54,5,2023,2,2,46,22,30,0
3,0,6,5,3,449,3,1,9,1,2,80,2,54,73,55,3,2023,1,3,78,30,14,1
0,1,4,7,0,324,4,0,52,1,6,26,1,32,56,26,7,2017,1,2,60,11,51,1
1,3,2,8,5,238,1,1,40,1,0,38,0,20,41,19,5,2015,1,4,46,28,39,1
1,0,5,8,5,233,2,1,55,1,6,5,1,48,35,43,5,2019,1,1,40,3,55,1
0,1,4,8,2,777,7,1,4,2,5,13,2,35,14,30,8,2018,2,5,13,26,5,0
0,0,2,7,5,327,10,1,52,1,4,17,1,19,68,34,7,2019,1,5,71,15,51,1
1,1,1,8,5,461,3,1,0,2,2,21,0,17,41,39,8,2018,2,1,46,14,24,1
0,1,5,4,5,740,4,1,27,2,4,57,1,8,41,9,5,2019,2,4,46,12,30,0
1,0,2,8,5,216,5,0,13,1,3,74,1,22,41,22,5,2020,1,4,46,9,16,1
1,1,3,8,5,513,8,0,43,2,3,54,0,14,0,54,8,2023,2,1,6,22,45,0
0,1,3,4,5,383,6,1,27,1,1,62,1,49,41,44,5,2025,1,3,46,22,30,0
3,1,1,1,5,826,10,1,27,1,5,28,0,31,41,65,5,2025,1,3,46,31,30,0
0,1,6,4,5,920,2,1,13,2,4,17,4,69,24,33,5,2024,2,4,27,31,16,1
0,2,4,4,5,706,5,0,54,2,5,12,1,53,41,48,5,2025,2,3,46,22,34,1
1,1,1,8,5,192,12,1,0,1,6,8,1,14,55,54,8,2019,1,3,54,9,24,1
2,0,1,5,5,245,4,1,55,2,3,170,1,68,41,63,5,2023,2,4,46,28,55,0
0,3,3,3,8,810,2,1,49,2,4,59,1,64,58,11,8,2024,0,4,24,18,53,1
3,1,2,2,5,852,7,0,27,1,1,2,2,65,41,61,5,2022,1,4,46,2,30,0
1,1,4,8,5,235,10,1,37,1,6,12,1,48,41,43,8,2024,1,1,46,28,35,0
0,2,3,7,1,326,10,1,1,1,2,60,1,45,59,40,1,2025,1,5,41,24,7,0
2,1,1,5,5,162,10,1,54,2,6,27,0,55,20,50,5,2019,2,3,25,30,34,1
3,1,4,1,5,874,5,1,40,1,1,30,1,31,41,65,5,2017,1,1,46,9,39,1
2,1,2,5,5,171,10,0,15,2,5,48,1,6,41,0,5,2023,2,5,46,31,18,0
2,1,1,4,4,268,6,1,29,2,2,13,0,8,60,9,4,2019,2,5,18,17,47,0
1,3,2,6,5,209,10,1,13,1,3,12,0,3,41,4,5,2024,1,2,46,30,16,0
1,3,3,8,5,525,12,0,18,2,6,83,2,38,41,31,5,2022,2,5,46,9,1,0
1,1,3,8,5,453,8,1,15,2,3,6,0,20,24,19,5,2024,2,1,27,25,18,0
1,3,1,5,8,305,1,1,37,1,2,6,0,26,70,23,8,2023,1,0,73,3,35,1
3,0,3,1,5,1416,9,1,48,2,4,54,1,80,41,77,1,2024,2,1,46,22,50,1
0,3,4,7,0,365,3,1,5,1,0,61,0,45,21,40,7,2018,1,4,23,10,6,1
2,3,2,5,5,71,1,1,40,1,0,98,2,26,41,23,5,2024,1,1,46,28,39,0
3,1,3,1,5,883,12,0,55,1,1,9,1,31,41,65,5,2019,1,2,46,31,55,0
0,0,1,7,5,721,10,0,27,2,3,50,1,11,41,8,5,2024,2,2,46,31,30,0
2,1,3,5,5,1560,10,1,27,3,6,66,2,27,41,24,5,2023,0,3,46,28,30,1
3,1,1,3,5,965,2,1,27,2,1,41,1,67,41,67,5,2015,2,4,46,18,30,1
0,1,4,4,5,865,8,1,17,2,0,86,2,69,41,33,5,2022,2,5,46,17,19,1
1,1,1,8,5,610,7,1,50,2,5,60,0,43,41,37,8,2019,2,3,46,22,46,0
1,3,4,8,5,518,10,1,27,2,3,29,0,24,41,58,5,2019,2,1,46,30,30,0
0,1,5,7,1,918,3,1,44,2,3,33,0,72,77,71,7,2024,2,3,80,6,43,0
1,2,1,8,5,202,10,1,43,1,4,25,1,66,55,62,8,2020,1,0,54,22,45,1
1,1,4,8,5,502,8,1,27,2,4,84,0,20,41,19,5,2024,2,1,46,2,30,0
2,3,2,5,5,126,4,0,55,1,6,39,0,55,41,50,5,2023,1,3,46,28,55,0
3,1,1,3,5,1073,6,1,27,2,5,40,1,67,41,67,5,2022,2,5,46,9,30,0
2,1,1,8,8,122,1,1,43,1,2,58,1,48,70,43,8,2025,1,5,73,14,45,0
1,1,1,8,5,533,1,1,49,2,0,16,0,14,41,54,8,2025,2,5,46,2,53,1
2,1,4,5,5,193,4,1,45,2,5,51,2,55,41,50,5,2023,2,1,46,28,42,0
1,0,2,8,5,445,7,1,20,2,5,52,0,58,41,53,5,2025,2,0,46,34,21,1
3,1,2,2,5,1770,8,0,17,2,5,27,1,56,41,51,5,2024,2,2,46,31,19,1
1,3,3,8,5,270,6,1,8,1,1,64,0,22,47,22,8,2025,1,3,7,30,9,0
1,1,3,8,5,513,7,0,49,2,5,69,0,12,41,13,8,2025,0,1,46,25,53,1
0,3,3,6,8,680,2,1,32,2,4,35,0,34,62,29,6,2019,2,3,66,34,15,0
0,0,2,7,5,612,6,1,13,2,6,50,0,57,41,49,5,2025,2,4,46,36,16,0
1,1,4,8,5,451,8,1,49,2,3,56,1,12,41,13,8,2023,2,3,46,30,53,0
1,0,1,8,5,226,11,1,37,1,4,42,1,66,41,62,8,2023,1,1,46,2,35,0
1,1,1,6,5,187,7,0,17,1,3,10,0,74,41,69,5,2024,1,3,46,16,19,1
0,1,1,7,5,917,4,0,20,2,6,14,0,11,47,8,5,2023,0,3,7,31,21,0
1,1,3,8,5,188,10,0,43,1,0,63,0,35,63,30,8,2016,1,5,68,31,45,0
3,0,4,3,5,437,1,1,18,1,4,20,1,67,0,67,5,2019,1,0,6,2,1,1
1,1,2,6,5,343,11,0,18,2,0,97,1,34,47,29,5,2016,2,3,7,9,1,0
1,0,4,6,5,298,8,1,17,2,4,94,0,61,24,57,5,2017,2,1,27,9,19,1
1,1,2,6,5,102,4,1,27,1,2,33,0,34,41,29,5,2016,1,1,46,31,30,0
3,0,5,2,5,863,7,1,20,1,3,59,1,1,41,2,5,2023,1,5,46,2,21,1
0,1,3,7,5,302,6,0,54,1,1,34,0,57,0,49,5,2023,1,2,6,30,34,1
0,0,4,0,5,746,5,0,20,2,4,20,0,23,41,21,5,2024,2,0,46,22,21,1
1,1,5,6,5,133,11,0,55,1,3,86,2,28,41,80,5,2024,1,3,46,28,55,0
0,0,2,4,5,917,11,0,47,2,5,12,0,59,41,52,4,2025,2,5,46,9,49,1
0,1,2,4,5,405,12,0,15,1,3,29,1,30,41,25,5,2020,1,4,46,30,18,1
0,1,1,8,4,1060,5,1,0,2,1,8,0,12,6,13,8,2023,2,3,5,13,24,1
1,3,2,6,4,211,5,1,21,1,1,16,1,34,5,29,6,2017,1,0,4,12,25,0
0,1,4,1,6,339,12,1,36,1,5,4,0,31,12,65,6,2023,1,3,9,19,36,1
1,1,1,8,5,265,3,1,54,1,5,15,0,14,41,54,5,2024,1,2,46,9,34,0
0,1,3,4,5,858,3,1,55,2,4,20,0,52,41,46,5,2024,2,5,46,22,55,0
0,0,1,7,4,764,9,1,6,2,6,27,0,19,32,34,4,2025,2,0,39,24,22,1
0,1,1,7,5,638,4,1,18,2,6,49,1,32,41,26,5,2016,0,3,46,9,1,1
3,2,1,3,5,1036,8,1,54,2,4,34,0,62,20,76,5,2023,2,4,25,7,34,1
3,1,1,3,5,1127,5,1,27,2,5,7,0,64,41,11,5,2025,2,3,46,31,30,1
0,1,2,0,5,677,10,1,42,2,3,64,2,21,41,16,0,2018,2,3,46,27,44,1
0,3,1,4,5,860,6,1,22,2,1,58,0,59,41,52,4,2024,2,1,46,22,23,1
1,3,3,5,8,216,2,1,50,1,0,17,1,7,17,47,8,2024,1,2,51,31,46,0
1,0,5,4,6,602,6,0,47,2,1,19,0,4,57,5,4,2020,2,2,61,35,49,0
0,3,4,4,5,752,2,0,40,2,2,19,1,52,41,46,5,2021,2,0,46,9,39,0
0,1,2,4,5,875,7,0,27,2,0,16,0,8,41,9,5,2015,2,3,46,13,30,1
0,0,3,4,5,351,3,1,18,1,2,36,1,52,41,46,5,2018,1,1,46,22,1,0
1,1,4,8,5,537,2,1,13,2,2,22,1,51,41,17,5,2024,2,1,46,22,16,0
1,1,3,8,5,222,4,0,27,1,3,2,1,73,41,70,5,2024,1,4,46,31,30,1
1,2,2,8,5,1319,2,1,8,3,1,6,1,20,50,19,8,2018,0,3,55,28,9,0
1,1,2,8,5,497,12,1,49,2,0,36,2,73,41,70,8,2019,2,4,46,25,53,0
3,1,1,2,5,893,1,0,54,1,1,74,0,1,41,2,5,2015,1,5,46,2,34,1
1,1,2,4,6,600,4,1,32,2,0,3,0,81,15,81,6,2025,2,5,16,8,15,1
0,1,2,4,5,646,10,1,55,2,5,68,1,49,41,44,5,2018,2,5,46,9,55,1
1,2,1,8,5,846,1,1,20,3,5,92,1,22,41,22,5,2019,0,1,46,22,21,1
1,2,2,8,5,313,11,1,8,1,1,15,1,58,41,53,8,2018,1,3,46,22,9,0
0,1,3,4,5,808,9,1,27,2,2,109,0,30,41,25,5,2018,2,1,46,30,30,0
3,1,3,2,5,1592,7,1,27,2,0,27,1,1,41,2,5,2016,2,5,46,31,30,1
0,1,1,4,5,977,2,0,27,3,1,85,0,8,41,9,5,2022,0,1,46,37,30,1
0,0,3,4,8,1122,10,1,49,2,3,47,1,59,30,52,8,2024,2,2,35,34,53,1
1,0,1,6,5,305,6,1,40,2,1,23,1,61,41,57,5,2017,2,1,46,2,39,1
0,1,2,7,5,315,7,0,45,1,5,19,1,11,41,8,5,2024,1,3,46,30,42,0
3,1,2,1,5,1597,11,1,27,2,3,59,0,41,41,59,5,2025,2,3,46,9,30,1
0,0,1,8,4,646,7,1,0,2,4,85,0,17,33,39,8,2022,0,3,69,33,24,1
0,0,2,4,5,1264,3,0,27,3,1,8,0,5,41,6,5,2019,0,4,46,2,30,1
0,1,5,1,0,699,9,1,14,2,2,27,4,80,1,77,0,2023,2,1,0,32,17,0
0,3,1,4,5,404,5,1,27,1,0,3,1,29,41,64,5,2018,1,4,46,9,30,1
0,0,3,0,5,421,12,1,27,1,1,27,0,21,41,16,5,2016,1,1,46,31,30,0
3,1,4,5,2,887,2,0,51,1,0,21,1,68,72,63,2,2020,1,1,75,31,52,0
1,0,1,8,5,595,3,1,55,2,5,85,1,66,41,62,5,2025,2,2,46,2,55,1
0,1,2,4,5,776,1,0,7,2,6,61,0,8,41,9,4,2019,2,3,46,31,10,0
0,0,2,0,1,595,7,1,2,2,3,11,0,23,65,21,1,2018,2,2,31,4,2,0
1,3,3,8,5,545,1,1,18,2,5,59,0,35,41,30,5,2019,2,1,46,30,1,0
2,0,2,5,5,234,6,1,45,2,4,7,0,26,41,23,5,2018,2,5,46,2,42,0
3,3,3,3,5,594,8,1,27,1,5,28,0,62,41,76,5,2022,1,1,46,9,30,0
1,3,2,6,5,302,10,1,18,2,3,8,1,28,41,80,5,2018,2,3,46,23,1,0
2,3,4,5,5,152,8,0,45,2,2,29,1,25,41,20,5,2019,2,4,46,22,42,1
0,2,6,0,5,835,1,0,27,2,1,82,2,44,41,38,5,2021,2,3,46,9,30,1
0,1,2,4,5,777,5,1,29,2,1,21,1,49,55,44,4,2024,2,3,54,30,47,0
0,3,6,4,5,920,3,1,13,2,5,19,0,69,41,33,5,2021,2,3,46,9,16,0
0,1,3,7,5,624,2,1,27,2,6,28,2,70,41,27,5,2024,0,2,46,31,30,1
2,1,1,5,5,680,8,1,15,3,4,50,0,40,63,35,5,2024,0,2,68,28,18,0
1,1,1,6,5,347,3,1,15,2,4,77,0,28,41,80,5,2022,2,2,46,28,18,0
1,2,4,5,8,259,11,0,0,1,6,39,1,40,53,35,8,2019,1,3,58,28,24,1
1,1,3,8,5,221,5,1,4,1,2,103,0,66,50,62,8,2023,1,1,55,28,5,1
1,1,1,8,5,398,8,1,45,2,2,17,0,38,41,31,5,2023,2,4,46,9,42,0
0,1,1,0,6,825,9,1,30,2,1,103,1,60,75,56,6,2022,2,2,77,23,33,1
0,1,2,7,5,421,8,1,15,1,6,78,0,72,41,71,5,2024,1,3,46,28,18,0
1,1,3,8,5,294,6,1,18,1,3,37,1,20,41,19,5,2020,1,5,46,28,1,1
1,1,1,8,5,229,11,1,37,1,0,73,0,66,41,62,8,2024,1,1,46,3,35,0
2,1,2,5,5,96,10,1,45,1,0,86,0,55,20,50,5,2017,1,2,25,2,42,1
0,0,1,4,5,367,3,1,27,1,1,48,0,49,41,44,5,2023,1,5,46,37,30,1
3,0,2,3,5,1053,1,1,40,2,5,22,1,33,41,28,5,2019,2,4,46,30,39,0
0,1,5,4,5,709,1,1,17,2,0,39,1,79,24,78,5,2025,2,3,27,17,19,1
0,1,3,0,5,877,3,1,40,2,3,62,0,44,24,38,5,2022,2,0,27,28,39,1
1,1,1,8,5,181,10,1,4,1,1,38,1,24,41,58,8,2021,1,1,46,3,5,1
0,1,4,4,5,402,12,0,40,1,4,1,2,52,41,46,5,2019,1,1,46,9,39,1
1,2,3,8,5,365,3,1,50,2,2,79,0,35,41,30,8,2017,2,0,46,22,46,1
3,1,5,3,5,954,8,0,20,2,6,18,2,37,41,66,5,2024,2,1,46,31,21,1
1,0,1,8,5,201,4,1,37,1,3,9,1,73,41,70,8,2024,1,0,46,22,35,1
0,3,1,4,8,407,4,1,25,1,2,74,1,49,39,44,4,2025,1,5,17,13,27,1
0,2,4,7,5,679,3,1,52,2,0,84,0,70,41,27,7,2017,2,3,46,9,51,0
0,1,2,7,5,691,9,1,52,2,5,32,1,70,0,27,7,2019,2,2,6,11,51,1
0,3,3,4,5,782,9,1,55,2,0,83,0,81,41,81,5,2021,2,3,46,22,55,1
1,0,2,6,5,162,2,0,17,1,0,20,0,28,41,80,5,2018,1,0,46,22,19,1
3,1,4,3,5,1011,4,1,54,2,1,12,1,78,50,73,5,2024,2,1,55,22,34,0
1,2,4,6,5,169,12,1,13,1,3,35,1,9,41,12,5,2023,1,1,46,2,16,0
1,2,2,8,5,236,10,1,18,1,1,6,2,73,0,70,5,2025,1,5,6,28,1,0
1,1,2,8,5,521,7,0,37,2,4,26,1,58,63,53,8,2017,2,3,68,25,35,0
1,1,4,8,5,892,10,1,55,3,2,15,1,48,41,43,5,2024,0,2,46,25,55,0
0,2,4,4,5,800,1,1,27,2,6,113,2,30,41,25,5,2025,2,5,46,2,30,1
0,2,1,4,8,900,3,0,6,2,3,13,0,8,58,9,4,2024,0,3,24,34,22,1
1,1,2,8,5,469,4,0,8,2,3,78,0,22,41,22,8,2025,2,3,46,22,9,1
3,1,2,5,3,450,10,1,40,1,2,15,0,26,73,23,5,2016,1,1,78,9,39,1
1,1,2,6,5,286,3,0,20,2,4,41,0,61,41,57,5,2016,2,1,46,22,21,0
1,2,3,6,5,398,2,0,27,2,4,14,1,15,41,10,5,2023,2,5,46,2,30,1
0,3,3,7,5,694,8,1,31,2,6,28,1,45,41,40,7,2023,2,1,46,24,32,0
1,1,3,8,5,585,6,1,54,2,1,27,0,73,41,70,5,2023,2,3,46,9,34,1
1,1,2,8,5,250,12,1,37,1,2,46,1,43,41,37,8,2022,1,3,46,3,35,1
3,1,1,1,5,1604,10,1,54,2,5,16,0,31,55,65,5,2015,2,3,54,28,34,0
1,3,4,8,5,549,2,1,27,2,2,46,1,35,68,30,5,2017,2,3,71,34,30,1
1,1,1,8,5,217,2,1,20,1,3,102,1,22,41,22,5,2023,1,5,46,9,21,0
3,0,2,1,5,762,2,1,27,1,3,77,1,41,41,59,5,2020,1,3,46,9,30,0
0,1,2,4,5,442,4,0,54,1,2,47,0,18,41,60,5,2019,1,3,46,2,34,0
0,1,1,4,5,875,5,1,55,2,0,100,0,29,41,64,5,2017,2,5,46,12,55,1
1,1,3,8,5,523,3,1,54,2,6,22,0,38,41,31,5,2023,2,3,46,28,34,1
0,2,3,4,5,794,10,1,54,2,0,4,0,29,55,64,5,2020,2,1,54,33,34,1
2,3,3,5,5,212,8,1,27,2,6,73,1,40,41,35,5,2022,2,5,46,28,30,0
0,0,2,4,5,827,5,1,18,2,2,56,1,4,41,5,5,2016,2,0,46,9,1,0
0,1,1,4,5,776,3,1,54,2,6,21,0,5,41,6,5,2025,2,1,46,37,34,0
1,0,1,8,5,569,6,1,50,2,0,34,1,58,41,53,8,2025,2,4,46,28,46,1
0,0,1,6,1,302,2,1,48,1,1,22,0,3,79,4,1,2021,1,3,36,19,50,0
1,1,5,6,5,797,1,1,27,3,6,80,2,15,41,10,5,2024,0,4,46,2,30,1
1,1,1,8,5,180,6,1,18,1,4,7,1,58,41,53,5,2022,1,0,46,28,1,0
1,1,2,6,5,349,10,0,36,2,3,11,0,61,41,57,6,2016,2,1,46,22,36,1
0,1,4,8,3,599,2,0,24,2,0,52,0,66,66,62,3,2023,2,3,37,34,29,0
2,3,2,5,5,156,5,1,17,2,0,24,1,27,41,24,5,2023,2,3,46,22,19,1
0,1,1,7,5,400,9,1,54,1,4,20,1,11,41,8,5,2022,1,3,46,9,34,0
1,1,1,6,5,358,6,1,54,2,3,33,1,9,41,12,5,2025,2,3,46,16,34,0
0,3,4,4,5,455,8,1,25,1,2,107,0,8,41,9,4,2018,1,5,46,37,27,1
0,1,1,4,5,699,10,1,13,2,3,7,0,69,41,33,5,2023,2,4,46,37,16,1
0,1,1,7,5,1021,10,1,44,3,2,2,0,11,41,8,7,2016,0,5,46,30,43,1
2,1,1,5,5,101,8,1,27,1,1,37,0,27,41,24,5,2023,1,1,46,2,30,0
1,0,2,6,5,249,11,1,30,1,6,53,0,74,41,69,6,2024,1,5,46,22,33,0
1,1,4,8,5,465,8,1,0,2,1,12,0,17,41,39,8,2022,0,4,46,28,24,1
0,1,1,4,7,755,6,1,47,2,5,12,1,69,8,33,4,2021,2,0,11,5,49,0
0,1,3,4,5,809,2,1,16,2,6,7,0,8,41,9,4,2025,2,1,46,9,41,0
1,1,1,8,5,504,8,1,49,2,4,18,0,43,41,37,8,2019,2,1,46,2,53,1
1,0,3,8,5,205,10,1,37,1,2,53,1,38,41,31,8,2019,1,3,46,2,35,0
1,1,2,8,5,485,7,1,49,2,0,63,1,51,41,17,8,2024,2,5,46,29,53,0
0,0,1,4,5,713,7,1,47,2,6,31,1,69,41,33,4,2017,2,3,46,28,49,1
0,1,2,7,6,359,5,1,32,1,1,98,0,19,29,34,6,2022,1,0,34,8,15,1
1,1,3,6,5,269,6,1,45,2,5,36,2,28,0,80,5,2023,2,5,6,35,42,1
3,0,2,2,5,888,7,1,27,1,5,55,1,56,41,51,5,2024,1,0,46,30,30,1
0,1,3,4,5,742,8,0,27,2,3,24,0,69,41,33,5,2016,2,3,46,30,30,0
2,0,1,5,5,592,12,0,54,2,0,31,1,54,41,55,5,2019,0,0,46,28,34,1
1,1,4,8,5,245,1,0,55,1,5,22,0,17,41,39,5,2017,1,1,46,31,55,1
0,3,1,4,0,894,8,0,35,2,1,39,0,4,56,5,4,2020,2,0,60,20,8,0
0,1,3,4,5,704,10,1,54,2,0,33,1,49,41,44,5,2021,2,3,46,30,34,0
0,1,2,4,5,673,1,1,53,2,0,51,0,69,41,33,4,2024,2,0,46,2,54,0
0,1,1,4,5,421,5,0,6,1,0,91,0,29,41,64,4,2021,1,3,46,30,22,1
1,1,3,8,5,306,7,1,43,1,4,23,0,58,41,53,8,2024,1,1,46,31,45,1
0,1,1,7,4,799,7,1,6,2,3,72,0,57,64,49,4,2022,2,4,29,12,22,1
0,2,1,6,1,603,6,1,48,2,6,52,0,77,77,75,1,2020,2,5,80,8,50,1
0,0,3,4,5,656,2,1,45,2,6,6,0,69,20,33,5,2023,2,0,25,31,42,1
0,0,4,4,5,827,7,0,27,2,2,55,0,4,41,5,5,2024,2,3,46,28,30,0
3,1,2,2,5,1611,3,1,45,2,2,6,0,75,50,72,5,2025,2,2,55,31,42,0
1,1,2,8,5,500,5,1,55,2,1,96,1,35,47,30,5,2019,2,0,7,28,55,0
3,1,3,3,5,1065,5,1,55,2,0,16,0,33,41,28,5,2023,2,1,46,18,55,1
1,1,1,6,5,313,3,1,21,2,4,54,0,61,41,57,6,2024,2,5,46,2,25,0
0,1,1,4,5,425,8,1,7,1,6,69,0,49,41,44,4,2020,1,3,46,12,10,0
1,3,2,5,6,193,4,1,32,1,5,28,0,71,69,68,6,2015,1,3,74,16,15,0
1,0,1,6,5,331,3,1,45,2,4,97,0,10,41,7,5,2025,2,0,46,35,42,0
0,1,2,4,0,1296,4,1,28,3,3,34,0,79,21,78,4,2015,0,1,23,32,31,1
1,1,4,8,5,398,10,1,50,2,2,49,2,24,41,58,8,2016,2,0,46,2,46,0
1,1,5,8,5,561,10,1,49,2,0,2,1,35,41,30,8,2019,2,1,46,29,53,0
3,0,2,2,5,885,1,0,40,1,3,49,1,56,41,51,5,2018,1,2,46,28,39,0
0,1,2,4,2,497,6,0,29,1,3,38,1,30,72,25,4,2024,1,4,75,1,47,1
2,3,3,5,5,129,9,1,27,1,3,6,1,68,41,63,5,2020,1,0,46,28,30,0
2,3,2,5,5,200,2,0,55,2,1,34,0,54,41,55,5,2025,2,5,46,2,55,0
0,1,4,4,5,826,4,1,17,2,3,21,1,18,0,60,5,2021,2,3,6,33,19,0
0,1,4,0,2,358,6,1,39,1,0,43,2,50,72,42,2,2019,1,1,75,26,38,1
3,1,3,1,5,1630,8,1,18,2,6,1,2,41,0,59,5,2024,2,0,6,9,1,1
1,3,5,8,5,606,6,1,0,2,5,46,3,14,41,54,8,2017,2,4,46,31,24,1
1,1,2,6,5,382,10,1,45,2,2,7,0,61,41,57,5,2024,2,3,46,9,42,0
0,3,2,8,4,410,9,0,43,1,4,92,0,24,81,58,8,2017,1,2,81,14,45,1
1,1,1,8,5,476,4,0,20,2,6,65,0,73,41,70,5,2024,2,0,46,9,21,0
0,1,2,0,5,352,4,0,27,1,6,89,0,60,41,56,5,2017,1,0,46,22,30,1
0,1,4,7,5,773,7,1,31,2,6,61,2,45,41,40,7,2024,2,3,46,22,32,1
0,1,2,4,5,771,1,0,45,2,6,10,1,59,50,52,5,2024,2,1,55,31,42,0
0,3,2,7,5,403,7,1,55,1,2,36,0,32,63,26,5,2023,1,3,68,11,55,0
1,1,1,6,5,384,9,1,45,2,5,51,0,15,35,10,5,2017,2,3,40,23,42,0
3,1,6,3,5,1070,10,1,55,2,0,77,2,37,41,66,5,2023,2,0,46,28,55,1
0,1,4,4,5,1127,10,1,6,3,1,70,1,29,41,64,4,2015,0,5,46,9,22,1
0,1,3,4,8,560,12,0,37,1,5,5,1,39,37,32,8,2019,1,5,43,3,35,0
0,1,2,2,4,819,4,1,54,2,2,48,0,75,46,72,5,2022,2,1,52,5,34,1
0,1,1,4,5,762,9,0,20,2,0,32,0,81,23,81,5,2025,2,1,26,13,21,1
1,3,1,6,4,675,2,1,55,2,0,6,0,74,52,69,5,2022,2,4,59,33,55,1
0,1,2,3,1,765,10,1,9,2,1,51,1,37,18,66,3,2022,2,3,63,6,14,1
1,1,2,8,5,301,12,1,27,1,5,36,1,14,41,54,5,2023,1,3,46,9,30,0
1,3,3,6,5,288,10,0,36,2,3,15,0,61,50,57,6,2023,2,3,55,8,36,0
1,1,1,8,5,514,10,0,50,2,2,22,0,24,41,58,8,2024,2,5,46,3,46,1
3,1,6,3,5,513,3,1,33,1,6,16,3,37,41,66,3,2023,1,1,46,22,12,0
1,1,3,5,8,297,11,0,20,2,0,15,0,7,13,47,5,2023,0,2,12,34,21,1
0,1,1,7,5,802,3,1,27,2,4,39,0,19,41,34,5,2024,2,3,46,11,30,0
1,1,4,8,5,722,8,1,17,2,1,12,2,14,41,54,5,2021,0,4,46,25,19,0
1,3,3,4,6,630,8,1,36,2,5,75,1,69,7,33,6,2016,2,3,10,23,36,0
1,0,5,8,5,410,3,0,18,2,1,34,0,20,68,19,5,2023,2,4,71,28,1,1
1,1,3,5,6,309,11,1,27,2,5,45,1,26,10,23,5,2018,2,2,15,35,30,1
1,1,5,8,5,700,9,1,40,2,0,32,0,58,55,53,5,2023,0,3,54,31,39,0
0,1,2,3,3,459,12,0,24,1,6,44,0,37,73,66,3,2016,1,5,78,21,29,1
0,1,2,4,5,399,8,1,18,1,2,101,0,69,41,33,5,2022,1,1,46,31,1,1
0,1,3,7,5,667,1,0,27,2,6,11,1,11,41,8,5,2017,0,4,46,2,30,1
2,1,1,5,5,204,1,0,27,2,6,22,0,26,41,23,5,2021,2,3,46,2,30,0
3,0,2,1,5,1622,1,1,12,3,0,64,1,47,41,45,1,2018,0,4,46,4,13,1
1,1,2,8,5,488,2,1,43,2,6,33,0,43,41,37,8,2019,2,1,46,34,45,1
3,0,4,3,5,925,8,1,17,2,4,101,1,33,23,28,5,2024,2,1,26,9,19,0
3,3,4,3,5,769,5,0,40,2,5,10,2,78,47,73,5,2022,0,1,7,2,39,0
0,1,3,4,5,360,9,1,27,1,1,41,0,5,41,6,5,2018,1,2,46,2,30,1
1,0,5,8,5,265,5,0,43,1,4,48,3,51,41,17,8,2020,1,2,46,22,45,1
1,3,2,8,5,246,7,0,45,1,5,7,0,48,0,43,5,2025,1,1,6,9,42,0
3,1,6,3,5,561,10,1,54,1,3,83,3,67,63,67,5,2019,1,5,68,30,34,1
1,3,1,8,5,539,10,1,8,2,5,55,0,17,41,39,8,2023,2,2,46,3,9,1
1,1,3,8,5,541,1,1,54,2,0,19,3,20,55,19,5,2025,2,5,54,22,34,0
1,1,3,6,5,369,2,0,21,2,6,69,0,34,41,29,6,2018,2,3,46,28,25,0
1,0,1,6,5,163,4,1,45,1,4,18,0,61,41,57,5,2015,1,5,46,9,42,0
1,3,1,8,5,561,8,1,40,2,6,2,0,38,47,31,5,2022,2,1,7,3,39,0
0,0,1,2,3,326,9,1,39,1,3,24,1,75,73,72,2,2022,1,1,78,7,38,0
1,1,2,6,5,353,9,0,41,2,2,61,1,28,41,80,6,2025,2,3,46,9,40,0
1,1,5,8,5,549,8,1,37,2,4,36,2,73,41,70,8,2023,2,2,46,22,35,1
1,1,2,6,5,145,6,1,45,1,3,77,1,16,20,15,5,2019,1,4,25,28,42,0
1,1,5,8,5,602,5,1,37,2,2,19,1,66,41,62,8,2022,2,3,46,9,35,1
0,0,3,4,2,784,4,1,23,2,0,84,2,69,14,33,2,2016,2,1,13,26,26,0
0,2,2,4,8,1026,4,1,0,2,5,16,1,69,13,33,8,2023,2,4,12,37,24,0
0,1,3,2,8,647,7,0,20,2,5,20,2,75,53,72,5,2018,2,0,58,1,21,1
0,1,5,4,5,618,12,1,29,2,4,15,0,81,20,81,4,2025,2,3,25,22,47,0
0,3,5,4,5,472,5,0,27,1,5,42,1,39,41,32,5,2022,1,1,46,9,30,0
1,1,5,8,5,279,1,1,18,1,2,55,1,66,41,62,5,2016,1,5,46,22,1,0
0,0,4,0,5,453,6,1,15,1,3,89,1,23,41,21,5,2025,1,3,46,30,18,0
0,1,2,0,5,395,11,1,15,1,6,25,0,0,41,1,5,2017,1,3,46,28,18,1
0,1,3,4,5,726,6,0,20,2,0,26,1,39,41,32,5,2018,2,3,46,31,21,0
1,0,1,8,5,518,3,1,49,2,1,38,1,24,41,58,8,2019,2,4,46,30,53,0
1,1,3,8,5,488,10,1,0,2,3,68,0,14,0,54,8,2016,2,1,6,28,24,1
3,3,2,1,5,848,2,0,48,1,4,77,0,36,41,79,1,2025,1,4,46,4,50,1
0,1,6,4,5,479,3,1,45,1,1,34,2,53,63,48,5,2018,1,1,68,30,42,1
2,0,2,4,4,385,8,1,29,2,1,22,1,52,81,46,4,2024,2,1,81,5,47,0
0,3,2,1,0,648,9,0,12,2,2,85,0,31,3,65,1,2016,2,3,2,6,13,1
3,2,2,1,5,754,11,1,2,1,5,31,1,36,41,79,1,2024,1,1,46,9,2,0
1,1,2,8,5,487,10,1,55,2,0,60,0,22,41,22,5,2020,2,5,46,9,55,0
1,3,1,8,5,241,1,1,0,1,6,96,0,14,20,54,8,2021,1,5,25,31,24,1
2,2,3,4,4,202,11,1,53,1,6,66,1,79,5,78,4,2020,1,0,4,5,54,0
0,1,2,7,5,756,8,1,27,2,2,34,0,11,41,8,5,2024,2,1,46,30,30,0
1,1,1,8,5,1031,2,0,27,3,5,25,0,73,41,70,5,2021,0,1,46,9,30,0
1,2,2,6,5,120,1,0,20,1,0,48,0,74,41,69,5,2025,1,1,46,9,21,1
2,3,4,2,2,406,5,0,39,2,4,52,3,65,72,61,2,2022,2,1,75,26,38,1
2,3,2,5,5,229,6,0,27,2,6,74,1,46,55,41,5,2024,0,1,54,31,30,1
2,1,3,5,5,194,6,0,45,2,4,39,0,68,41,63,5,2017,2,3,46,9,42,0
1,3,1,8,5,512,9,1,15,2,4,14,0,22,41,22,5,2025,2,4,46,31,18,1
1,1,5,8,5,422,3,1,4,2,6,6,0,35,41,30,8,2020,2,4,46,14,5,1
1,1,2,4,6,353,3,1,32,1,1,96,1,69,29,33,6,2022,1,1,34,5,15,0
0,1,1,1,8,948,3,0,54,2,2,50,0,47,39,45,5,2016,2,3,17,3,34,1
0,2,3,3,6,875,3,0,30,2,0,88,0,67,10,67,6,2016,0,5,15,23,33,1
1,1,3,6,5,150,3,1,45,1,4,56,1,76,50,74,5,2016,1,1,55,22,42,0
1,1,2,8,5,411,7,1,43,2,4,74,1,66,41,62,8,2025,2,1,46,31,45,1
0,1,6,7,5,684,3,1,19,2,6,35,3,11,35,8,7,2023,2,1,40,15,20,1
1,1,3,8,5,241,6,1,0,1,6,47,1,17,41,39,8,2024,1,0,46,30,24,1
0,1,3,4,7,261,10,1,22,1,1,98,2,8,40,9,4,2023,1,1,45,13,23,1
1,1,3,8,5,537,8,1,54,2,4,70,0,35,41,30,5,2021,2,3,46,3,34,1
3,3,3,1,5,740,7,1,1,1,6,97,0,63,68,18,1,2022,1,3,71,9,7,1
3,1,2,3,5,990,12,1,20,2,4,25,2,67,41,67,5,2019,2,4,46,2,21,0
1,0,4,8,5,467,2,0,55,2,2,6,0,22,63,22,5,2025,2,0,68,30,55,1
0,3,4,4,5,839,11,0,15,2,6,10,1,53,41,48,5,2024,0,2,46,2,18,1
3,2,1,2,5,843,5,1,20,1,4,31,1,75,47,72,5,2019,1,3,7,22,21,0
0,1,1,8,4,948,7,0,28,2,0,45,0,43,64,37,4,2015,2,0,29,29,31,1
3,1,3,3,5,563,7,1,13,1,3,55,1,64,41,11,5,2022,1,0,46,31,16,0
1,1,4,8,5,435,2,1,45,2,0,42,1,66,41,62,5,2020,2,4,46,28,42,1
1,3,2,8,5,502,8,1,0,2,1,28,0,20,41,19,8,2022,2,4,46,28,24,0
1,2,4,6,5,391,9,1,45,2,5,65,3,10,41,7,5,2025,2,3,46,2,42,0
1,1,1,8,5,216,11,1,27,1,2,59,1,14,41,54,5,2019,1,1,46,34,30,1
1,1,4,8,5,709,5,1,15,2,6,57,1,24,41,58,5,2023,0,4,46,29,18,1
1,1,1,8,5,594,8,1,18,2,5,15,1,48,41,43,5,2021,2,1,46,34,1,0
1,1,2,8,5,372,5,1,37,2,1,16,1,58,41,53,8,2023,2,2,46,3,35,0
3,1,3,3,5,1105,3,1,54,2,4,14,1,33,41,28,5,2025,2,3,46,21,34,0
3,1,2,3,5,1116,6,1,20,2,3,35,1,62,41,76,5,2019,2,3,46,30,21,1
3,1,4,2,5,1523,12,1,51,2,3,72,2,75,55,72,2,2025,2,1,54,30,52,1
1,0,2,8,5,289,11,1,40,1,0,17,0,38,50,31,5,2022,1,3,55,22,39,0
0,1,1,8,0,313,5,0,37,1,5,66,0,43,42,37,8,2025,1,4,50,32,35,0
0,0,2,4,5,986,5,1,27,2,4,47,0,4,41,5,5,2018,2,5,46,5,30,1
1,1,3,8,5,478,3,1,20,2,6,5,1,43,41,37,5,2025,2,3,46,9,21,1
0,1,1,4,5,912,6,0,29,2,5,8,1,59,24,52,4,2015,2,0,27,31,47,0
3,3,4,5,1,1756,5,1,15,2,6,14,2,55,77,50,5,2019,2,4,80,9,18,1
1,1,3,8,5,287,11,0,13,1,6,3,1,20,41,19,5,2016,1,5,46,30,16,0
3,1,3,2,5,829,7,0,40,1,2,20,0,56,41,51,5,2017,1,3,46,28,39,0
0,0,2,5,0,331,10,1,45,1,6,109,1,55,42,50,5,2019,1,5,50,28,42,1
0,3,3,7,5,760,1,1,40,2,5,28,0,11,41,8,5,2024,2,1,46,30,39,0
0,0,5,7,5,395,6,1,38,1,2,52,4,32,41,26,7,2022,1,5,46,15,37,0
0,1,2,4,5,804,9,1,7,2,0,34,1,79,41,78,4,2024,2,3,46,2,10,1
1,3,2,5,8,300,3,0,4,1,5,35,0,7,17,47,8,2025,1,3,51,22,5,0
0,0,1,4,5,723,10,1,18,2,6,46,1,52,41,46,5,2021,2,5,46,9,1,0
0,1,3,6,0,417,12,0,21,1,3,17,1,15,42,10,6,2018,1,1,50,8,25,0
2,2,2,5,5,170,8,1,45,2,6,111,0,68,0,63,5,2018,2,1,6,31,42,1
1,1,1,8,5,181,7,1,20,1,4,26,1,58,41,53,5,2023,1,3,46,28,21,1
1,1,2,8,5,224,5,1,43,1,0,48,0,35,41,30,8,2022,1,5,46,9,45,0
0,1,5,4,5,327,5,0,53,1,6,84,2,52,41,46,4,2022,1,3,46,31,54,0
1,1,3,8,5,319,10,0,15,1,6,35,1,51,41,17,5,2017,1,1,46,2,18,0
3,1,3,2,5,1798,6,1,15,2,0,64,1,75,55,72,5,2018,2,5,54,2,18,1
1,0,3,8,5,497,2,0,27,2,6,11,2,17,41,39,5,2016,2,0,46,25,30,1
0,1,3,1,8,653,2,1,4,2,4,17,1,80,39,77,8,2024,2,5,17,29,5,0
1,0,1,6,4,700,3,1,25,2,1,26,0,3,6,4,4,2017,0,3,5,16,27,0
3,3,5,2,5,1657,11,1,27,2,5,41,2,1,41,2,5,2019,2,4,46,2,30,0
0,0,4,3,1,695,12,1,24,2,6,14,0,62,45,76,3,2023,0,1,47,4,29,0
0,3,2,4,5,306,12,0,29,1,0,47,0,4,41,5,4,2023,1,3,46,28,47,1
0,1,2,7,5,760,8,1,38,2,4,11,1,32,55,26,7,2021,2,3,54,9,37,0
1,3,3,8,5,404,8,1,54,2,2,32,0,38,55,31,5,2019,2,5,54,25,34,0
1,1,2,8,5,432,7,1,18,2,5,23,0,35,50,30,5,2019,2,3,55,31,1,0
3,3,2,3,5,451,3,1,27,1,2,71,1,33,41,28,5,2022,1,5,46,28,30,0
0,2,1,8,3,305,8,1,8,1,3,11,0,43,66,37,8,2018,1,2,37,21,9,1
1,0,2,8,5,258,9,1,18,1,1,45,0,51,41,17,5,2017,1,5,46,31,1,1
0,1,3,4,5,699,8,0,54,2,3,98,1,29,41,64,5,2022,2,5,46,2,34,1
0,0,2,0,5,765,2,0,14,2,1,1,1,0,41,1,0,2025,2,0,46,10,17,0
0,0,5,4,5,744,11,0,27,2,4,27,1,18,41,60,5,2024,2,3,46,12,30,0
0,0,2,4,5,708,3,1,47,2,3,22,0,8,41,9,4,2017,2,2,46,9,49,1
0,1,2,7,7,861,10,0,13,2,1,46,0,19,40,34,5,2025,2,1,45,36,16,0
1,1,5,8,5,497,5,1,17,2,4,94,0,38,41,31,5,2018,2,1,46,29,19,1
3,3,3,2,5,905,1,1,54,1,0,35,1,13,41,14,5,2019,1,4,46,28,34,1
3,1,6,3,5,892,11,1,18,2,6,60,3,62,41,76,5,2020,0,4,46,9,1,1
1,0,1,8,5,244,5,1,43,1,4,100,1,14,41,54,8,2023,1,0,46,29,45,1
0,0,3,4,5,500,2,1,45,1,5,60,0,29,41,64,5,2022,1,2,46,9,42,1
1,1,1,8,5,519,8,1,8,2,6,57,1,22,41,22,8,2015,0,2,46,2,9,0
0,1,1,4,5,341,9,1,20,1,6,28,1,81,47,81,5,2017,1,3,7,9,21,1
0,0,3,4,5,955,8,1,22,2,6,112,1,8,41,9,4,2016,2,1,46,5,23,0
2,1,4,8,8,239,10,1,4,2,6,55,2,48,17,43,8,2023,2,5,51,3,5,1
3,0,6,3,5,998,7,1,27,2,1,58,2,78,41,73,5,2018,2,3,46,9,30,1
1,1,5,6,5,223,10,1,27,1,3,34,2,9,41,12,5,2021,1,3,46,30,30,1
1,3,4,5,6,108,8,1,32,1,0,47,0,54,69,55,6,2025,1,1,74,8,15,1
1,1,4,8,5,414,4,1,45,2,0,84,1,17,50,39,5,2017,2,3,55,30,42,1
0,1,2,4,5,796,7,0,18,2,3,41,0,5,41,6,5,2020,0,1,46,37,1,1
2,1,5,8,8,328,9,1,13,2,1,92,2,51,31,17,5,2023,2,3,38,14,16,1
3,1,4,2,5,1244,12,0,20,2,3,63,0,13,41,14,5,2015,0,5,46,9,21,1
1,0,2,8,5,264,4,0,55,1,6,73,0,20,41,19,5,2020,1,0,46,30,55,0
0,1,1,6,8,755,12,1,43,2,1,42,1,74,30,69,8,2022,2,3,35,29,45,1
0,2,3,4,5,328,3,0,15,1,5,80,0,39,41,32,5,2022,1,0,46,12,18,0
1,1,1,6,4,557,3,1,53,2,3,21,1,9,5,12,4,2015,2,2,4,16,54,0
0,1,1,4,5,894,5,1,7,2,1,57,0,81,23,81,4,2023,2,5,26,22,10,0
1,1,2,8,5,465,2,0,20,2,6,30,1,58,41,53,5,2023,2,1,46,29,21,1
1,0,1,8,5,510,11,0,45,2,6,15,0,48,41,43,5,2023,2,5,46,14,42,0
1,1,4,5,6,494,11,1,20,2,1,26,2,7,12,47,5,2020,0,3,9,8,21,1
0,1,5,7,5,770,5,1,27,2,5,31,2,11,41,8,5,2024,2,1,46,31,30,0
3,0,6,2,5,1667,8,1,20,2,0,2,3,1,41,2,5,2025,2,5,46,9,21,0
3,0,3,1,5,1675,8,0,55,2,6,86,0,36,35,79,5,2021,2,4,40,31,55,1
1,1,1,8,5,205,6,0,37,1,3,41,1,73,41,70,8,2025,1,4,46,3,35,1
1,3,2,8,5,273,5,0,37,1,6,11,1,20,41,19,8,2023,1,0,46,31,35,0
1,3,1,6,5,173,10,1,27,1,2,16,0,77,41,75,5,2016,1,4,46,9,30,1
0,1,1,4,5,348,2,1,27,1,5,37,1,69,41,33,5,2025,1,1,46,22,30,0
0,2,1,0,7,1241,1,1,55,3,5,8,0,21,71,16,5,2022,0,1,72,10,55,1
0,1,6,4,5,738,7,1,27,2,6,35,4,18,41,60,5,2022,0,1,46,9,30,0
2,0,2,4,4,144,2,1,6,1,2,22,0,81,60,81,4,2025,1,4,18,37,22,1
0,1,1,7,6,915,11,1,55,2,0,43,1,57,69,49,5,2015,2,0,74,15,55,1
0,3,3,4,5,915,2,1,28,2,5,58,0,30,41,25,4,2025,2,3,46,22,31,0
0,1,2,4,5,813,1,1,40,2,0,50,0,29,41,64,5,2021,2,3,46,2,39,0
1,2,4,6,5,402,7,1,27,2,4,86,1,74,41,69,5,2023,2,2,46,31,30,0
3,3,1,1,5,811,7,1,13,1,1,21,0,36,24,79,5,2018,1,3,27,28,16,1
1,1,6,8,5,477,3,1,37,2,6,19,4,66,41,62,8,2022,2,1,46,30,35,1
1,0,4,8,5,475,8,0,43,2,1,60,0,43,41,37,8,2024,2,3,46,9,45,0
1,1,3,8,5,1096,9,0,45,3,6,35,1,43,41,37,5,2018,0,2,46,3,42,1
3,1,5,3,5,484,6,1,27,1,3,53,0,62,41,76,5,2023,1,3,46,2,30,0
1,0,2,8,5,268,2,1,17,1,1,70,0,58,24,53,5,2015,1,5,27,31,19,1
0,3,2,7,5,382,10,1,31,1,2,36,1,45,41,40,7,2016,1,3,46,31,32,0
0,3,1,4,5,340,12,1,20,1,5,30,1,59,41,52,5,2024,1,1,46,12,21,1
0,3,3,4,5,892,12,1,29,2,6,13,1,81,41,81,4,2018,2,1,46,13,47,1
1,0,2,8,5,317,1,1,54,1,6,104,1,38,41,31,5,2016,1,2,46,31,34,0
0,3,3,3,8,959,3,0,9,2,4,20,0,78,22,73,3,2022,0,3,22,18,14,1
2,3,2,5,5,178,9,1,15,2,0,89,1,6,55,0,5,2021,2,4,54,9,18,1
1,1,4,6,5,408,10,1,27,2,5,83,0,61,41,57,5,2024,2,2,46,9,30,1
1,0,4,8,5,430,1,1,20,2,5,101,1,20,41,19,5,2017,2,1,46,9,21,1
0,0,3,4,5,898,2,1,16,2,1,32,2,8,41,9,4,2020,2,5,46,2,41,1
3,3,2,2,5,1707,4,1,40,2,4,41,0,1,23,2,5,2025,2,1,26,22,39,1
1,1,5,5,8,484,8,0,4,2,1,15,1,27,13,24,8,2019,2,3,12,30,5,1
0,1,3,6,7,603,10,0,41,2,5,53,1,15,26,10,6,2019,2,5,32,15,40,1
1,0,2,6,5,988,11,1,27,3,5,3,0,16,41,15,5,2019,0,2,46,30,30,0
1,1,2,6,5,160,11,0,27,1,2,11,0,28,41,80,5,2025,1,0,46,31,30,0
0,1,5,4,5,424,1,1,15,1,1,74,1,52,41,46,5,2023,1,5,46,2,18,0
1,0,4,5,8,278,1,1,4,1,2,72,0,46,17,41,8,2024,1,3,51,22,5,1
3,1,1,2,5,890,4,1,45,1,6,100,0,1,41,2,5,2023,1,1,46,2,42,0
3,1,4,1,5,877,12,1,45,1,2,31,1,80,41,77,5,2019,1,0,46,6,42,1
0,0,2,4,5,759,9,1,17,2,1,38,0,53,24,48,5,2022,2,3,27,30,19,0
0,1,2,4,5,750,8,0,17,2,5,44,1,29,50,64,5,2023,2,0,55,28,19,0
0,0,1,4,5,396,2,1,45,1,3,13,0,30,35,25,5,2018,1,1,40,12,42,1
0,3,3,4,5,774,5,1,18,2,4,78,1,29,41,64,5,2024,2,3,46,31,1,0
1,2,5,4,6,608,8,1,32,2,4,42,2,30,29,25,6,2021,2,5,34,8,15,1
3,1,2,3,5,1026,4,1,27,2,5,72,1,33,41,28,5,2021,2,2,46,22,30,0
1,1,2,5,6,151,9,1,36,1,3,82,0,55,7,50,6,2019,1,5,10,16,36,0
0,0,2,0,5,370,8,0,14,1,3,30,1,23,41,21,0,2018,1,1,46,28,17,0
0,1,3,4,8,509,7,1,37,1,1,19,1,30,53,25,8,2021,1,4,58,17,35,1
1,3,2,8,5,518,7,1,55,2,2,26,0,66,63,62,5,2025,2,0,68,34,55,1
1,1,1,8,5,508,4,1,27,2,4,7,0,43,41,37,5,2020,2,3,46,30,30,0
1,0,1,8,5,489,2,1,20,2,3,46,0,20,41,19,5,2024,2,3,46,9,21,0
0,1,6,4,5,742,10,1,15,2,1,53,3,8,41,9,5,2024,2,3,46,9,18,1
1,1,1,8,5,195,2,0,27,1,2,112,0,58,41,53,5,2018,1,3,46,2,30,0
0,0,4,8,1,767,2,1,12,2,4,31,0,48,45,43,1,2022,2,3,47,29,13,1
3,1,2,3,5,504,5,1,27,1,4,65,1,33,41,28,5,2017,1,2,46,2,30,1
3,1,1,2,5,1592,7,1,15,3,3,66,1,1,41,2,5,2019,0,4,46,30,18,0
1,1,3,8,5,318,2,1,40,1,3,66,1,24,41,58,5,2023,1,4,46,30,39,1
1,0,5,8,5,572,1,1,55,2,0,1,2,48,41,43,5,2018,2,3,46,29,55,1
0,1,1,4,5,892,3,1,27,2,4,71,0,29,41,64,5,2023,2,2,46,28,30,1
0,0,5,7,5,708,6,0,40,2,3,1,1,32,50,26,5,2021,2,3,55,2,39,1
0,1,4,3,7,1111,1,1,52,3,4,32,1,37,40,66,7,2024,0,1,45,18,51,0
0,1,2,4,5,815,6,1,54,2,1,37,2,8,41,9,5,2018,2,1,46,22,34,1
1,0,2,8,5,200,4,1,4,1,4,51,1,58,41,53,8,2023,1,2,46,14,5,0
0,1,1,4,5,338,4,1,17,1,5,42,0,52,41,46,5,2025,1,3,46,30,19,1
0,1,2,4,5,373,1,1,54,1,2,21,1,79,68,78,5,2025,1,1,71,22,34,0
0,1,1,4,5,1208,2,1,45,3,0,81,1,5,50,6,5,2019,0,4,55,31,42,1
0,1,2,7,5,667,10,0,40,2,4,22,0,57,41,49,5,2023,2,2,46,11,39,1
1,3,4,8,5,263,4,1,18,1,5,51,0,66,41,62,5,2022,1,5,46,29,1,0
0,1,1,1,7,811,12,0,48,2,2,11,0,36,34,79,1,2018,2,3,19,15,50,1
0,1,2,5,0,341,9,1,45,1,4,81,0,68,42,63,5,2021,1,5,50,20,42,1
0,1,3,6,0,751,5,0,21,2,0,9,0,74,56,69,6,2020,2,3,60,23,25,0
0,1,5,4,5,465,12,1,54,1,5,3,1,81,55,81,5,2018,1,5,54,31,34,0
1,1,4,6,5,290,3,1,18,2,4,7,1,15,41,10,5,2015,2,4,46,19,1,0
0,0,2,4,5,743,3,1,27,2,0,67,0,39,47,32,5,2016,2,1,7,17,30,0
0,1,3,4,5,729,12,1,55,2,6,20,0,30,41,25,5,2024,2,3,46,9,55,0
0,1,5,5,7,690,1,1,31,2,6,55,1,46,40,41,7,2019,2,3,45,36,32,1
2,3,2,5,5,760,7,0,45,3,2,12,0,7,35,47,5,2024,0,0,40,28,42,0
2,0,2,8,8,800,2,1,43,3,5,47,0,51,58,17,8,2025,0,3,24,34,45,1
0,0,3,4,5,760,3,1,27,2,4,4,2,18,41,60,5,2023,2,1,46,17,30,0
1,3,1,6,5,252,3,0,32,2,5,81,1,10,41,7,6,2023,2,1,46,9,15,0
0,3,1,7,4,416,4,1,7,1,6,67,1,45,52,40,4,2020,1,1,59,17,10,1
0,0,1,5,4,458,11,1,28,1,6,46,0,54,44,55,4,2024,1,5,49,13,31,0
0,3,1,3,1,741,2,0,1,2,6,28,0,37,59,66,1,2017,2,1,41,4,7,0
0,1,2,4,5,355,1,1,3,1,3,17,1,30,41,25,4,2021,1,5,46,22,4,1
0,1,1,8,6,1145,5,0,50,3,0,51,1,58,10,53,8,2023,0,2,15,35,46,1
0,0,2,4,8,1118,2,0,49,2,5,25,1,52,58,46,8,2023,2,5,24,17,53,1
1,1,3,8,5,256,6,1,37,1,3,3,0,35,47,30,8,2023,1,2,7,34,35,0
0,1,2,7,5,803,9,1,27,2,4,20,0,70,41,27,5,2024,2,5,46,11,30,0
1,1,1,8,5,251,3,1,40,1,5,38,1,17,41,39,5,2016,1,3,46,14,39,1
1,1,5,8,5,605,9,1,27,2,6,7,2,48,41,43,5,2025,2,3,46,9,30,0
0,1,6,6,2,347,11,1,23,1,2,114,1,16,2,15,2,2022,1,4,1,8,26,0
0,3,2,0,5,766,1,0,27,2,4,3,0,50,41,42,5,2025,2,1,46,9,30,0
1,1,2,6,4,737,2,1,6,2,0,26,0,15,52,10,4,2024,2,4,59,13,22,1
0,1,4,4,5,1265,1,1,20,3,3,53,2,29,0,64,5,2015,0,3,6,28,21,1
0,1,1,4,5,1182,7,1,25,3,3,32,1,79,41,78,4,2023,0,3,46,5,27,1
0,3,2,0,5,429,11,1,17,1,6,150,0,2,41,3,5,2024,1,1,46,30,19,1
0,1,3,3,6,712,9,1,13,2,6,103,0,67,7,67,5,2021,2,3,10,16,16,1
1,3,2,6,5,255,5,1,55,2,0,6,0,9,41,12,5,2021,2,5,46,30,55,0
3,1,5,2,5,1575,7,1,39,2,0,54,4,1,20,2,2,2018,2,1,25,9,38,1
0,3,5,2,4,444,7,0,7,1,4,12,1,56,32,51,4,2021,1,2,39,5,10,1
3,1,1,3,5,1100,7,1,55,2,4,22,1,37,41,66,5,2022,2,1,46,21,55,0
0,3,3,4,5,795,11,1,13,2,2,31,2,8,41,9,5,2023,2,3,46,9,16,1
1,0,1,6,5,335,6,0,27,2,1,26,1,16,41,15,5,2019,2,5,46,31,30,1
2,1,3,5,5,96,12,1,27,1,1,75,1,25,41,20,5,2015,1,2,46,31,30,0
0,1,1,7,5,844,2,1,27,2,5,14,0,57,41,49,5,2022,0,3,46,28,30,0
0,1,3,7,5,363,4,1,18,1,4,23,0,57,41,49,5,2019,1,5,46,9,1,0
1,1,4,8,5,287,3,1,55,1,2,73,0,22,55,22,5,2019,1,1,54,22,55,0
0,1,1,0,5,439,1,1,18,1,6,20,0,60,41,56,5,2025,1,3,46,32,1,1
0,1,1,4,5,646,5,1,27,2,5,15,1,81,41,81,5,2018,2,3,46,33,30,0
1,0,1,8,5,485,6,1,27,2,5,49,0,14,41,54,5,2017,2,2,46,28,30,0
1,1,6,6,5,384,1,0,15,2,2,15,1,16,41,15,5,2018,2,5,46,28,18,1
0,1,3,1,4,250,8,1,12,1,2,43,0,47,46,45,1,2017,1,0,52,33,13,0
3,1,4,2,5,1464,2,0,39,2,0,18,1,75,47,72,2,2017,2,0,7,2,38,1
0,3,1,4,5,706,3,1,47,2,1,25,1,39,0,32,4,2018,2,0,6,2,49,0
1,0,1,8,5,1026,7,0,40,3,4,27,1,66,35,62,5,2018,0,5,40,3,39,0
1,1,2,8,5,557,3,0,17,2,1,32,0,43,23,37,5,2018,2,2,26,2,19,1
0,0,1,4,5,435,12,0,3,1,3,45,1,39,41,32,4,2019,1,3,46,2,4,1
0,0,5,4,5,712,4,1,35,2,4,20,0,49,68,44,4,2022,2,3,71,2,8,0
0,3,2,3,4,727,8,1,11,2,3,57,0,33,46,28,3,2017,0,1,52,5,11,0
0,0,1,7,5,431,3,1,55,1,0,60,0,19,63,34,5,2024,1,2,68,2,55,0
3,3,1,3,5,1040,9,1,27,2,1,1,0,78,41,73,5,2023,2,4,46,28,30,1
1,1,6,6,5,144,10,1,40,1,4,20,1,15,50,10,5,2019,1,1,55,35,39,0
1,1,1,6,5,101,3,1,54,1,0,66,1,15,55,10,5,2018,1,5,54,9,34,0
1,3,4,6,5,417,6,0,30,2,4,10,0,74,68,69,6,2021,2,5,71,16,33,0
1,0,2,8,5,540,10,1,27,2,6,40,1,51,41,17,5,2019,2,1,46,29,30,0
1,0,1,6,5,324,4,1,27,2,4,59,0,77,41,75,5,2016,2,1,46,8,30,1
2,1,1,5,5,93,5,1,18,1,6,78,1,68,41,63,5,2024,1,5,46,31,1,1
0,1,2,6,8,843,11,1,4,2,1,27,1,61,30,57,8,2019,2,0,35,34,5,0
0,1,1,4,5,710,3,1,20,2,2,37,0,39,0,32,5,2015,2,3,6,9,21,0
0,1,1,6,0,357,8,1,21,1,2,26,0,15,38,10,6,2023,1,5,44,8,25,1
1,1,2,4,6,231,10,1,30,1,1,60,1,8,10,9,6,2017,1,5,15,19,33,1
0,1,1,8,6,302,1,1,50,1,5,61,0,38,7,31,8,2017,1,4,10,29,46,0
0,2,1,8,6,340,9,1,32,1,5,34,1,73,10,70,6,2018,1,3,15,8,15,0
3,1,6,2,5,1583,5,1,13,2,5,19,1,65,41,61,5,2023,2,5,46,22,16,1
1,1,2,6,5,369,8,1,55,2,4,38,1,28,41,80,5,2017,2,3,46,22,55,0
0,3,5,5,4,336,11,1,16,1,3,68,0,68,44,63,4,2015,1,5,49,5,41,0
3,2,1,3,5,859,2,1,27,2,0,26,0,37,41,66,5,2019,0,2,46,28,30,1
1,1,2,8,5,236,10,1,54,1,6,1,0,43,68,37,5,2016,1,2,71,9,34,1
0,1,2,4,8,1019,5,1,43,2,6,11,0,69,30,33,8,2018,2,2,35,5,45,1
0,1,1,4,5,788,5,0,13,2,3,63,0,59,50,52,5,2022,2,1,55,33,16,1
0,1,1,0,5,379,7,1,27,1,1,6,0,2,41,3,5,2018,1,0,46,22,30,1
1,0,4,6,5,249,4,1,15,1,2,33,1,16,41,15,5,2023,1,2,46,9,18,1
0,3,1,8,2,419,1,1,39,1,2,47,0,43,72,37,2,2021,1,1,75,34,38,1
3,1,5,3,5,813,11,1,54,2,1,1,2,33,23,28,5,2023,0,3,26,18,34,0
1,2,2,8,5,609,4,0,27,2,1,8,1,17,41,39,5,2018,2,1,46,30,30,1
0,1,3,4,5,482,12,1,18,1,3,48,0,18,41,60,5,2021,1,4,46,28,1,1
1,1,4,8,5,444,3,1,27,2,2,61,1,22,41,22,5,2021,2,4,46,9,30,1
0,1,4,4,5,342,3,1,20,1,6,66,0,30,41,25,5,2016,1,3,46,17,21,0
1,0,1,8,5,474,8,0,15,2,4,32,0,38,41,31,5,2022,2,5,46,14,18,1
1,1,6,8,5,537,11,1,18,2,0,42,1,51,41,17,5,2016,2,5,46,22,1,1
0,1,1,4,5,449,4,0,27,1,0,44,0,79,41,78,5,2016,1,0,46,13,30,1
1,0,1,8,5,528,9,0,4,2,2,21,0,35,41,30,8,2017,2,2,46,34,5,0
0,1,2,4,5,815,9,1,22,2,2,105,1,8,41,9,4,2024,2,0,46,5,23,1
1,0,6,6,5,386,5,1,27,2,4,72,2,74,41,69,5,2023,2,4,46,28,30,0
1,1,2,6,5,107,7,0,41,1,4,10,1,16,41,15,6,2024,1,3,46,9,40,0
1,0,3,8,5,413,1,1,43,2,3,27,1,12,41,13,8,2017,2,5,46,31,45,0
0,2,1,4,0,528,6,1,16,2,2,82,0,8,38,9,4,2015,2,2,44,5,41,0
1,3,1,8,5,274,9,1,13,1,1,39,1,17,68,39,5,2024,1,3,71,31,16,0
0,1,3,4,5,704,11,1,7,2,5,33,1,18,41,60,4,2019,2,1,46,9,10,0
0,1,2,4,5,380,4,1,20,1,4,8,1,4,41,5,5,2023,1,3,46,31,21,1
2,1,3,5,5,1328,5,1,40,3,3,84,1,71,41,68,5,2016,0,4,46,2,39,0
1,0,2,8,5,218,7,1,37,1,6,14,2,58,47,53,8,2019,1,4,7,28,35,0
0,1,2,3,2,736,3,1,33,2,0,85,1,64,61,11,3,2017,0,5,65,26,12,0
2,1,1,5,5,248,7,0,45,2,3,32,0,68,47,63,5,2021,2,0,7,31,42,1
3,1,1,1,5,1455,8,1,27,2,1,11,0,47,41,45,5,2025,2,0,46,2,30,1
1,1,5,8,5,208,12,0,0,1,5,74,3,14,50,54,8,2022,1,1,55,2,24,1
0,0,5,7,5,877,9,1,45,2,3,63,1,57,41,49,5,2024,2,3,46,2,42,0
1,1,3,8,5,453,7,1,43,2,5,57,1,14,41,54,8,2022,2,4,46,2,45,1
1,1,2,4,6,670,3,0,6,2,1,53,0,59,57,52,4,2016,2,1,61,23,22,0
0,0,5,0,5,452,2,1,17,1,4,53,1,50,35,42,5,2019,1,1,40,31,19,0
0,1,2,0,6,731,8,1,41,2,3,83,0,23,4,21,6,2024,2,1,3,10,40,0
1,3,4,6,4,309,7,1,32,1,6,11,1,34,44,29,6,2020,1,1,49,37,15,0
1,1,1,8,5,222,9,0,45,1,6,39,1,17,20,39,5,2023,1,5,25,9,42,1
3,1,1,3,5,520,4,0,45,1,6,9,0,67,50,67,5,2018,1,5,55,22,42,1
1,3,1,8,5,603,11,1,37,2,2,82,0,58,41,53,8,2016,2,1,46,3,35,0
0,3,2,0,5,400,10,1,45,1,1,16,0,0,35,1,5,2023,1,3,40,31,42,0
3,1,2,1,5,1270,1,1,45,2,3,33,0,31,41,65,5,2023,2,4,46,28,42,1
0,0,1,5,7,800,8,1,52,2,2,14,0,6,27,0,7,2019,2,3,70,11,51,0
0,1,6,3,3,453,2,1,11,1,0,76,3,67,28,67,3,2019,1,3,33,7,11,0
1,1,3,6,5,144,8,1,27,1,4,46,0,9,41,12,5,2024,1,4,46,9,30,1
1,0,4,5,8,189,8,0,18,1,6,11,1,40,62,35,5,2025,1,3,66,34,1,1
0,1,3,5,4,777,1,1,6,2,0,48,1,55,52,50,4,2024,2,0,59,31,22,0
1,2,1,5,8,502,4,1,20,2,6,11,1,7,37,47,5,2023,2,1,43,2,21,1
0,0,4,4,5,330,9,1,15,1,4,50,3,5,41,6,5,2023,1,5,46,5,18,0
1,1,4,8,5,193,10,0,37,1,5,94,2,73,41,70,8,2024,1,3,46,9,35,0
0,2,4,0,5,898,11,1,27,2,4,23,1,21,41,16,5,2020,2,4,46,30,30,0
2,1,1,5,5,207,9,1,20,2,5,64,0,6,41,0,5,2022,2,1,46,30,21,0
1,0,2,8,5,529,10,0,27,2,4,68,0,35,41,30,5,2022,2,3,46,14,30,0
2,1,1,5,5,112,3,1,27,1,3,67,0,27,41,24,5,2017,1,3,46,30,30,0
3,1,1,2,5,741,12,0,23,1,4,61,1,13,41,14,2,2018,1,0,46,26,26,0
2,1,2,5,5,102,2,0,27,1,4,77,0,26,41,23,5,2018,1,1,46,28,30,0
2,1,2,5,5,178,6,1,20,2,5,49,0,7,41,47,5,2022,2,0,46,22,21,1
1,1,4,5,6,337,10,1,27,2,6,79,1,46,7,41,5,2022,2,3,10,2,30,1
0,1,3,8,2,1131,2,1,27,3,3,57,0,12,2,13,5,2019,0,3,1,34,30,1
3,3,6,2,5,1650,9,0,27,2,1,2,5,1,41,2,5,2025,2,1,46,9,30,0
0,1,6,4,5,334,1,1,7,1,0,27,2,49,41,44,4,2018,1,5,46,2,10,0
0,1,2,4,5,360,4,1,55,1,3,75,0,4,41,5,5,2018,1,0,46,30,55,1
2,1,1,5,5,255,4,1,18,2,4,30,1,25,0,20,5,2018,2,3,6,22,1,1
1,1,2,6,5,347,4,1,27,2,2,48,0,61,41,57,5,2024,2,4,46,23,30,0
3,1,2,2,5,1195,6,1,23,2,6,19,1,13,41,14,2,2025,0,1,46,28,26,0
1,0,2,8,5,649,8,0,15,2,3,13,0,51,41,17,5,2018,0,3,46,2,18,0
3,1,2,3,5,572,2,0,15,1,2,15,0,37,41,66,5,2017,1,3,46,30,18,0
3,0,2,5,2,869,9,1,20,1,0,39,1,68,51,63,5,2025,1,1,56,22,21,1
1,0,4,6,5,316,5,1,36,2,1,65,2,16,41,15,6,2025,2,4,46,31,36,0
0,1,3,7,5,1243,5,1,27,3,6,54,0,19,41,34,5,2022,0,4,46,28,30,0
0,1,4,6,8,601,6,1,0,2,1,85,1,34,54,29,8,2025,2,0,14,29,24,0
2,1,1,5,5,165,1,0,55,2,5,105,1,68,41,63,5,2020,2,5,46,28,55,1
1,1,2,6,5,202,1,0,55,1,4,67,1,34,41,29,5,2015,1,5,46,31,55,0
1,1,1,8,5,429,7,1,40,2,5,25,0,43,35,37,5,2025,2,5,40,2,39,1
1,1,3,6,5,175,12,1,54,1,4,23,1,77,41,75,5,2018,1,4,46,9,34,0
3,0,2,5,2,866,10,1,39,1,4,14,0,26,51,23,2,2019,1,1,56,28,38,1
0,1,2,6,8,808,7,1,43,2,3,53,1,74,54,69,8,2025,2,5,14,8,45,0
0,3,5,7,5,754,10,1,52,2,0,43,1,32,41,26,7,2022,2,1,46,24,51,1
2,1,4,5,5,65,3,0,27,1,0,98,2,26,41,23,5,2019,1,5,46,22,30,0
0,1,3,4,0,701,3,1,26,2,5,93,1,5,56,6,0,2022,2,3,60,13,28,0
0,1,4,4,5,837,4,1,27,2,5,79,3,81,41,81,5,2024,2,3,46,30,30,0
1,0,3,8,5,447,7,0,0,2,5,54,2,14,35,54,8,2025,2,2,40,25,24,1
1,0,2,8,5,823,12,1,27,3,5,3,1,24,41,58,5,2018,0,5,46,14,30,1
1,2,1,8,5,1106,6,1,27,3,2,51,0,17,41,39,5,2021,0,1,46,31,30,1
1,2,4,8,5,241,3,0,45,1,1,64,3,24,20,58,5,2025,1,1,25,2,42,1
0,0,5,0,1,341,11,1,18,1,4,57,0,50,65,42,5,2015,1,0,31,27,1,0
3,2,6,3,5,1009,5,1,20,2,0,92,2,37,41,66,5,2019,2,5,46,9,21,1
0,1,2,4,5,685,2,1,47,2,5,59,0,4,41,5,4,2019,2,1,46,22,49,1
0,0,2,3,0,821,4,0,10,2,5,41,2,62,1,76,3,2015,2,5,0,32,3,0
1,1,3,8,5,499,4,0,27,2,3,54,0,22,41,22,5,2015,2,0,46,30,30,0
1,1,4,8,5,483,12,1,4,2,2,35,1,24,41,58,8,2023,2,3,46,9,5,1
0,1,2,4,0,339,5,0,26,1,2,1,1,59,56,52,0,2017,1,2,60,5,28,0
1,0,2,8,5,213,6,1,49,1,3,163,0,48,41,43,8,2018,1,4,46,25,53,0
2,1,1,8,8,184,2,0,37,1,1,21,0,73,39,70,8,2019,1,1,17,34,35,1
3,1,3,2,5,1792,2,0,27,2,0,54,1,13,41,14,5,2024,2,5,46,30,30,1
1,0,3,8,5,249,5,1,43,1,4,90,0,66,41,62,8,2024,1,4,46,29,45,1
1,1,2,6,5,320,3,1,27,2,0,66,0,3,41,4,5,2025,2,3,46,28,30,1
3,3,3,3,5,954,3,1,9,2,6,28,0,78,41,73,3,2023,2,3,46,28,14,0
0,1,5,4,5,881,10,0,27,2,3,11,2,59,41,52,5,2017,2,0,46,30,30,1
0,3,4,0,6,252,5,0,32,1,4,139,2,50,29,42,6,2017,1,1,34,27,15,0
0,1,1,4,5,841,11,1,27,2,3,97,1,79,41,78,5,2017,2,4,46,2,30,0
1,0,1,8,5,576,9,1,0,2,2,18,0,20,41,19,8,2023,2,1,46,28,24,0
3,1,2,3,5,510,5,1,54,1,6,60,0,67,20,67,5,2018,1,0,25,22,34,1
2,1,3,5,5,197,5,1,27,2,0,13,2,40,41,35,5,2023,2,1,46,2,30,1
1,1,2,4,6,270,5,0,35,1,6,37,0,5,75,6,4,2019,1,3,77,8,8,1
1,0,2,8,5,551,7,1,15,2,0,17,1,58,41,53,5,2025,2,2,46,29,18,0
3,3,6,2,5,1689,4,1,27,2,3,73,2,1,41,2,5,2025,2,3,46,30,30,1
0,3,3,4,5,663,9,1,40,2,0,30,1,52,41,46,5,2024,2,4,46,12,39,1
0,1,4,5,0,490,11,1,55,1,0,41,2,54,16,55,5,2025,1,1,21,30,55,0
3,0,1,3,5,599,6,1,17,1,0,31,1,37,41,66,5,2019,1,1,46,21,19,0
0,1,3,4,5,706,8,1,27,2,2,89,1,53,41,48,5,2019,2,3,46,30,30,1
0,3,4,4,5,324,10,1,6,1,2,29,2,59,41,52,4,2023,1,1,46,30,22,1
0,3,1,4,5,932,8,1,54,2,4,40,0,18,41,60,5,2021,2,3,46,22,34,0
0,1,1,4,5,356,11,0,27,1,6,33,0,69,41,33,5,2023,1,2,46,2,30,0
1,1,5,8,5,274,8,1,4,1,3,95,3,12,41,13,8,2015,1,2,46,29,5,1
1,1,3,8,5,245,11,1,4,1,3,67,1,17,41,39,8,2024,1,5,46,2,5,0
3,1,1,2,5,763,12,0,45,1,6,52,1,75,41,72,5,2021,1,1,46,28,42,0
3,0,3,3,5,934,8,1,34,2,5,44,1,62,41,76,3,2024,2,3,46,21,0,0
0,1,2,8,4,541,4,1,13,1,4,38,1,58,48,53,5,2022,1,3,53,13,16,1
1,0,4,8,5,454,7,0,20,2,6,41,2,58,41,53,5,2016,2,4,46,31,21,1
0,1,1,4,8,427,6,0,28,1,0,30,0,53,17,48,4,2025,1,0,51,13,31,0
2,0,3,4,4,287,7,1,6,2,4,1,1,18,33,60,4,2019,2,3,69,13,22,1
0,1,1,7,5,664,12,1,27,2,2,7,0,57,35,49,5,2024,0,3,40,11,30,1
1,1,3,8,5,320,9,1,15,1,6,57,1,12,41,13,5,2018,1,5,46,14,18,1
0,0,6,8,1,418,8,1,48,1,4,28,1,22,79,22,1,2019,1,3,36,29,50,0
0,1,3,8,4,993,2,0,49,2,2,35,0,51,33,17,8,2024,2,3,69,17,53,1
1,1,6,5,6,591,4,1,18,2,2,9,1,71,10,68,5,2017,0,3,15,23,1,0
1,0,1,5,6,235,4,1,40,1,0,13,1,71,7,68,5,2023,1,3,10,19,39,0
0,1,3,0,5,816,10,1,27,2,5,2,2,60,41,56,5,2017,2,3,46,28,30,0
1,1,1,6,5,313,8,1,13,2,5,69,0,3,47,4,5,2023,2,1,7,9,16,0
0,1,4,4,0,349,3,0,22,1,3,46,0,8,16,9,4,2025,1,1,21,27,23,1
0,1,5,4,5,934,3,1,3,2,4,22,2,18,24,60,4,2023,2,1,27,22,4,1
0,1,3,4,5,398,1,1,3,1,5,14,0,4,41,5,4,2019,1,1,46,2,4,1
0,3,2,4,5,733,10,1,18,2,6,78,1,53,41,48,5,2022,2,5,46,9,1,0
0,1,3,7,5,712,3,1,31,2,6,46,1,45,41,40,7,2019,2,3,46,15,32,1
0,1,1,1,1,378,8,1,12,1,6,37,0,47,77,45,1,2024,1,4,80,6,13,0
1,0,6,8,5,433,7,1,27,2,0,27,4,24,41,58,5,2023,2,3,46,9,30,0
0,1,3,0,5,692,3,0,55,2,2,18,0,23,68,21,5,2022,0,5,71,2,55,0
0,1,4,4,5,419,12,1,22,1,2,58,0,52,41,46,4,2018,1,2,46,22,23,1
0,1,4,7,5,384,10,1,52,1,6,7,2,19,41,34,7,2023,1,5,46,2,51,1
1,1,1,8,5,438,11,1,50,2,4,15,0,17,41,39,8,2018,2,3,46,30,46,0
0,0,1,7,5,348,5,1,27,1,3,35,0,70,41,27,5,2025,1,3,46,2,30,1
1,0,5,8,5,499,4,0,4,2,5,4,3,12,41,13,8,2025,2,2,46,2,5,0
3,2,1,2,5,792,4,1,40,1,4,53,1,1,41,2,5,2023,1,2,46,26,39,1
3,1,1,3,5,582,5,0,13,1,4,5,0,78,50,73,5,2018,1,1,55,30,16,0
1,1,2,5,8,401,4,1,54,2,0,19,0,25,43,20,5,2018,2,1,48,31,34,0
1,2,2,6,5,303,1,1,15,2,3,30,0,28,41,80,5,2024,2,1,46,8,18,1
0,0,2,4,5,1226,11,1,18,3,4,116,1,8,0,9,5,2024,0,3,6,22,1,0
3,1,1,3,5,529,6,0,15,1,5,23,0,33,0,28,5,2022,1,0,6,7,18,1
0,1,2,8,0,899,10,0,37,2,3,81,0,73,3,70,8,2023,2,2,2,27,35,0
1,1,3,5,8,198,7,1,50,1,2,33,0,6,19,0,8,2022,1,2,20,34,46,1
0,1,1,4,5,489,12,1,7,1,3,108,0,53,41,48,4,2025,1,0,46,22,10,1
0,0,1,0,5,813,3,1,27,2,2,36,0,42,41,36,5,2024,2,0,46,22,30,1
2,1,1,5,5,212,8,1,54,2,5,10,0,54,0,55,5,2025,2,1,6,28,34,0
0,0,1,2,4,626,5,1,23,2,3,34,0,56,33,51,2,2018,2,1,69,33,26,1
0,1,1,8,7,713,7,1,0,2,0,1,0,51,27,17,8,2015,2,2,70,24,24,0
0,1,2,4,5,442,12,1,7,1,0,59,0,29,41,64,4,2024,1,0,46,9,10,0
0,3,2,5,4,824,10,1,45,2,5,6,0,40,81,35,5,2024,2,2,81,12,42,1
0,1,2,0,5,904,11,1,13,2,6,19,0,21,41,16,5,2025,2,3,46,22,16,0
0,0,2,4,5,727,3,0,18,2,5,15,1,49,41,44,5,2024,2,2,46,9,1,1
3,1,3,1,5,1634,8,1,12,2,0,24,1,31,41,65,1,2024,2,5,46,28,13,0
2,1,3,5,5,994,1,1,45,3,0,70,1,7,41,47,5,2024,0,1,46,22,42,0
1,0,1,8,5,613,11,0,37,2,6,32,0,58,41,53,8,2018,2,4,46,2,35,1
1,1,2,8,5,435,4,1,15,2,2,53,0,22,55,22,5,2018,2,0,54,9,18,0
2,1,6,5,5,209,1,1,17,2,2,39,2,27,41,24,5,2015,2,5,46,22,19,1
3,0,4,3,5,600,6,1,54,1,6,39,1,78,68,73,5,2019,1,0,71,22,34,0
0,1,5,7,5,450,6,1,40,1,0,25,0,32,41,26,5,2023,1,1,46,2,39,1
1,1,6,6,4,644,9,1,6,2,1,18,3,15,60,10,4,2025,2,2,18,33,22,1
1,1,5,8,5,212,12,1,43,1,4,91,1,51,55,17,8,2019,1,1,54,22,45,1
0,1,1,0,5,499,9,1,42,1,3,49,0,60,41,56,0,2019,1,5,46,10,44,1
0,1,2,0,5,674,3,1,42,2,6,27,1,50,41,42,0,2025,2,4,46,27,44,1
1,0,4,8,5,471,11,1,27,2,5,61,1,24,41,58,5,2016,2,1,46,30,30,1
0,0,2,4,5,821,10,1,3,2,5,7,1,39,24,32,4,2022,2,1,27,22,4,1
0,1,3,4,5,316,2,1,20,1,3,38,1,81,41,81,5,2025,1,5,46,22,21,1
2,0,1,5,5,224,8,1,15,2,2,59,1,6,41,0,5,2019,2,1,46,9,18,0
0,0,6,6,1,762,7,1,36,2,6,35,0,16,65,15,6,2017,2,3,31,4,36,1
0,1,1,4,5,309,12,0,54,1,6,54,0,79,41,78,5,2018,1,3,46,31,34,1
1,1,2,8,5,430,4,1,27,2,1,76,0,20,41,19,5,2018,2,0,46,34,30,0
0,1,4,0,4,581,7,1,18,2,5,41,2,21,46,16,5,2015,2,5,52,32,1,0
0,1,1,0,5,825,1,0,26,2,2,101,1,60,41,56,0,2022,2,5,46,22,28,1
0,1,3,4,5,380,5,0,27,1,6,92,3,69,41,33,5,2016,1,3,46,31,30,1
0,0,3,7,5,366,4,0,40,1,6,27,1,32,41,26,5,2023,1,1,46,31,39,1
1,0,5,8,5,557,12,0,20,2,5,114,1,51,41,17,5,2017,2,1,46,22,21,1
1,1,4,6,5,254,8,0,18,2,4,36,1,34,41,29,5,2024,2,0,46,8,1,0
0,0,1,8,2,749,9,1,39,2,1,42,0,12,14,13,2,2021,2,0,13,14,38,1
0,0,3,7,5,791,3,0,27,2,3,35,0,45,41,40,5,2024,2,1,46,30,30,1
0,1,1,4,5,938,1,0,13,2,1,69,0,49,41,44,5,2022,2,5,46,2,16,1
0,0,3,4,1,338,3,1,25,1,4,36,0,69,77,33,4,2020,1,1,80,33,27,1
1,0,1,6,5,250,1,1,13,1,0,23,1,9,41,12,5,2015,1,5,46,22,16,0
1,1,1,6,5,405,1,0,27,2,0,77,1,15,41,10,5,2024,2,5,46,19,30,0
2,1,4,5,5,230,5,1,27,2,3,6,1,40,41,35,5,2024,2,3,46,30,30,0
1,0,2,8,5,309,9,1,27,1,0,76,0,48,41,43,5,2020,1,3,46,14,30,0
1,3,2,6,5,163,2,1,32,1,2,47,0,28,41,80,6,2023,1,2,46,19,15,0
1,1,5,6,5,381,10,1,18,2,0,58,2,61,41,57,5,2018,2,4,46,9,1,0
3,2,4,2,5,2213,11,0,55,3,0,24,2,1,55,2,5,2021,0,4,54,9,55,1
1,3,1,8,5,693,7,1,27,2,1,7,0,22,41,22,5,2022,0,4,46,29,30,1
2,1,4,8,8,769,3,1,4,2,0,101,0,20,37,19,8,2017,0,5,43,34,5,1
1,1,4,8,5,305,6,1,0,1,1,19,1,66,41,62,8,2015,1,5,46,30,24,0
1,1,2,8,5,233,8,1,0,1,1,57,1,35,23,30,8,2015,1,3,26,2,24,0
0,1,2,7,5,678,12,0,31,2,0,48,0,32,20,26,7,2021,2,1,25,24,32,1
0,1,2,4,5,765,4,0,53,2,4,21,0,49,41,44,4,2017,2,3,46,22,54,0
1,3,1,8,5,497,1,0,0,2,0,31,0,17,41,39,8,2019,2,5,46,31,24,1
0,0,1,4,5,317,12,1,47,1,4,46,0,81,41,81,4,2020,1,5,46,22,49,1
1,1,2,8,5,1087,9,1,49,3,5,65,1,51,41,17,8,2019,0,3,46,3,53,0
1,1,2,6,5,416,9,1,45,2,6,37,0,61,0,57,5,2015,2,3,6,9,42,0
3,1,4,2,5,830,6,1,51,1,0,76,3,56,41,51,2,2024,1,3,46,31,52,0
3,1,2,3,5,523,5,0,13,1,3,86,2,62,41,76,5,2025,1,5,46,9,16,1
1,1,2,8,5,486,10,1,0,2,5,15,0,17,41,39,8,2023,2,1,46,3,24,0
0,1,5,7,0,950,11,0,31,2,6,66,3,70,1,27,7,2015,2,5,0,15,32,1
0,1,2,0,5,849,9,1,54,2,2,61,1,50,41,42,5,2025,2,4,46,9,34,1
1,1,2,6,5,313,10,0,30,2,4,4,1,9,41,12,6,2019,2,5,46,31,33,0
1,1,6,8,5,258,1,1,4,1,3,94,4,14,41,54,8,2023,1,0,46,14,5,0
1,1,2,8,5,291,3,0,27,1,4,55,0,66,41,62,5,2015,1,4,46,31,30,1
1,1,1,8,5,625,1,1,50,2,2,28,0,12,41,13,8,2025,2,5,46,25,46,0
1,1,5,8,5,437,4,1,45,2,1,12,1,58,41,53,5,2023,2,5,46,2,42,1
0,1,2,7,5,777,12,1,54,2,6,50,1,11,41,8,5,2024,2,4,46,9,34,1
1,1,1,8,5,220,7,1,43,1,2,80,0,12,41,13,8,2023,1,1,46,25,45,0
1,0,3,8,5,460,3,1,45,2,1,98,1,43,41,37,5,2025,2,2,46,34,42,1
2,0,4,5,5,68,2,1,18,1,1,15,0,54,41,55,5,2017,1,2,46,28,1,0
0,1,1,7,5,740,1,1,44,2,6,54,0,11,20,8,7,2023,2,3,25,28,43,1
0,1,2,8,3,365,12,1,4,1,2,80,1,14,73,54,8,2024,1,5,78,3,5,1
1,0,3,8,5,558,1,1,17,2,6,35,0,20,41,19,5,2020,2,3,46,2,19,0
1,1,2,8,5,478,4,1,27,2,2,61,1,48,41,43,5,2025,2,4,46,30,30,0
1,0,3,8,5,506,12,1,27,2,3,40,2,51,20,17,5,2022,2,3,25,2,30,0
0,1,1,4,3,855,5,1,20,2,0,51,0,79,28,78,5,2021,2,5,33,5,21,0
0,2,2,3,3,592,10,1,11,2,6,85,1,33,73,28,3,2023,2,0,78,7,11,0
0,1,2,4,5,708,6,1,27,2,6,21,0,4,41,5,5,2018,2,1,46,9,30,0
1,1,5,8,5,189,7,1,45,1,4,36,2,20,41,19,5,2017,1,4,46,9,42,1
2,0,1,8,8,323,1,1,37,2,1,15,0,48,31,43,8,2019,2,3,38,14,35,1
0,1,4,0,7,737,1,0,5,2,4,46,0,42,34,36,7,2018,2,4,19,24,6,1
0,1,4,4,5,776,3,1,22,2,5,7,1,59,41,52,4,2017,2,2,46,30,23,0
0,1,5,4,5,327,5,1,27,1,5,31,0,4,41,5,5,2019,1,3,46,30,30,0
1,2,4,8,5,687,1,1,50,3,6,38,1,38,41,31,8,2018,0,3,46,28,46,1
0,1,2,8,2,721,11,1,37,2,3,37,1,58,51,53,8,2017,2,1,56,29,35,1
3,1,3,3,5,1018,6,1,27,2,1,19,1,37,41,66,5,2020,2,1,46,30,30,1
0,3,5,4,5,877,1,0,3,2,5,23,0,30,35,25,4,2016,2,1,40,28,4,1
3,1,1,5,3,586,4,1,33,1,5,24,0,68,73,63,3,2021,1,4,78,21,12,0
1,0,1,8,5,451,10,0,13,2,6,11,0,43,41,37,5,2018,2,2,46,2,16,0
1,1,3,6,5,252,4,0,32,2,0,71,0,10,41,7,6,2025,2,1,46,30,15,0
0,1,3,4,1,364,4,1,17,1,4,47,0,30,79,25,5,2025,1,4,36,4,19,0
3,3,5,1,5,1359,4,0,15,2,6,77,2,80,41,77,5,2017,2,1,46,9,18,0
1,1,4,8,5,279,5,1,27,1,3,103,2,43,41,37,5,2021,1,1,46,28,30,1
0,1,4,3,8,307,8,1,4,1,0,76,2,62,22,76,8,2024,1,1,22,25,5,0
0,1,1,6,3,280,12,0,21,1,1,64,0,34,66,29,6,2023,1,3,37,16,25,1
1,2,5,8,5,565,10,1,45,2,2,33,3,43,41,37,5,2019,2,1,46,30,42,1
0,0,6,4,5,796,10,0,28,2,4,49,2,5,41,6,4,2025,2,2,46,9,31,0
1,1,2,6,5,132,8,1,54,1,6,97,0,76,41,74,5,2024,1,4,46,19,34,0
2,1,3,4,4,84,5,1,13,1,6,28,1,8,46,9,5,2019,1,1,52,5,16,0
3,3,1,2,5,1600,10,1,27,2,6,74,1,1,41,2,5,2015,2,5,46,2,30,0
3,1,5,3,5,438,3,0,10,1,6,45,0,67,41,67,3,2023,1,5,46,7,3,0
3,0,4,2,5,829,10,1,55,1,0,54,2,13,63,14,5,2020,1,3,68,9,55,0
2,1,3,8,8,291,4,1,49,2,4,111,1,51,31,17,8,2017,2,3,38,3,53,0
1,1,3,8,5,300,4,1,18,1,1,13,1,43,41,37,5,2019,1,3,46,14,1,1
1,1,1,6,5,603,10,0,17,2,1,86,1,10,41,7,5,2025,0,3,46,35,19,0
0,2,2,7,5,735,1,1,20,2,4,98,1,19,41,34,5,2017,2,1,46,30,21,1
1,3,2,8,5,289,6,1,55,1,0,56,1,20,35,19,5,2017,1,3,40,31,55,0
1,1,5,8,5,512,12,1,27,2,1,63,2,24,41,58,5,2024,2,4,46,28,30,1
1,0,2,8,5,560,3,0,18,2,0,52,0,66,41,62,5,2020,2,2,46,28,1,0
2,0,1,5,5,115,12,1,54,1,4,11,0,71,41,68,5,2024,1,4,46,30,34,1
0,1,1,1,7,360,9,1,1,1,0,74,1,63,8,18,1,2019,1,3,11,24,7,0
0,0,3,4,8,927,12,0,0,2,3,24,0,59,39,52,8,2016,2,1,17,37,24,0
0,1,1,7,5,395,1,1,55,1,1,78,1,57,41,49,5,2016,1,1,46,9,55,0
3,1,3,2,5,894,4,1,40,1,2,33,0,65,41,61,5,2024,1,1,46,28,39,1
1,1,1,8,5,716,5,1,0,2,6,44,0,17,41,39,8,2022,0,2,46,9,24,1
1,1,4,8,5,520,7,1,8,2,0,26,0,12,41,13,8,2023,2,3,46,22,9,1
0,1,3,5,0,329,1,1,42,1,5,4,1,55,21,50,0,2019,1,3,23,20,44,1
0,1,1,0,5,933,11,1,27,2,2,14,0,44,41,38,5,2018,0,3,46,31,30,0
1,1,5,8,5,249,11,1,45,1,5,82,1,22,41,22,5,2023,1,3,46,28,42,1
2,2,4,5,5,71,3,1,27,1,1,37,0,40,41,35,5,2023,1,1,46,28,30,1
0,1,1,7,5,852,7,1,44,2,6,35,0,45,41,40,7,2022,2,3,46,30,43,1
0,3,5,7,5,385,2,1,38,1,4,46,1,72,23,71,7,2023,1,4,26,2,37,1
2,1,5,5,5,761,7,1,27,2,4,32,4,6,41,0,5,2024,0,0,46,28,30,1
3,1,4,3,5,514,1,1,40,1,3,15,2,33,41,28,5,2017,1,3,46,2,39,1
3,0,2,2,5,885,8,0,27,1,1,74,1,75,41,72,5,2016,1,3,46,2,30,1
1,1,2,8,5,283,5,1,17,1,0,41,1,58,0,53,5,2022,1,5,6,2,19,1
0,1,1,2,6,836,5,1,32,2,1,53,0,56,57,51,6,2019,2,4,61,19,15,1
0,1,3,7,5,415,2,1,5,1,3,78,0,32,41,26,7,2016,1,5,46,2,6,1
0,1,2,7,5,749,9,1,5,2,1,57,1,19,41,34,7,2021,2,5,46,15,6,1
0,1,2,1,1,451,8,1,12,1,3,19,1,31,77,65,1,2015,1,4,80,6,13,0
0,1,3,4,5,713,12,1,25,2,5,23,1,18,23,60,4,2025,2,3,26,9,27,0
1,1,3,8,5,193,7,1,43,1,5,48,1,51,63,17,8,2025,1,4,68,2,45,0
1,1,2,8,5,278,4,1,27,1,2,2,0,24,41,58,5,2020,1,3,46,28,30,0
1,1,1,8,5,523,11,1,0,2,0,17,0,43,41,37,8,2025,2,3,46,22,24,1
0,1,3,8,7,788,11,1,46,2,1,12,1,48,34,43,7,2019,2,5,19,11,48,1
2,1,3,5,5,181,9,1,27,2,5,17,0,54,41,55,5,2017,2,1,46,22,30,0
0,1,3,4,5,814,7,1,29,2,5,99,2,81,41,81,4,2015,2,1,46,28,47,0
1,1,5,6,5,238,6,1,40,2,4,9,1,34,41,29,5,2025,2,3,46,9,39,0
0,1,2,7,5,342,3,1,27,1,5,33,1,57,41,49,5,2017,1,1,46,30,30,1
0,1,3,4,5,888,12,1,17,2,4,102,1,81,41,81,5,2017,2,4,46,9,19,0
0,2,4,1,1,841,6,1,1,2,5,12,0,47,79,45,1,2015,2,0,36,0,7,0
1,0,1,8,5,305,10,0,13,1,3,49,0,48,41,43,5,2023,1,4,46,30,16,0
1,1,1,8,5,279,10,0,55,1,6,58,1,12,41,13,5,2015,1,2,46,25,55,0
1,1,1,8,5,219,12,1,17,1,1,27,1,48,41,43,5,2024,1,4,46,22,19,0
2,1,2,5,5,60,1,1,54,1,0,19,2,40,55,35,5,2019,1,2,54,31,34,0
0,2,1,4,5,854,2,1,28,2,5,48,0,53,41,48,4,2021,2,1,46,22,31,0
2,1,2,5,5,759,2,1,13,2,3,67,1,40,47,35,5,2019,0,3,7,2,16,0
3,0,3,3,5,437,7,1,45,1,5,62,1,67,41,67,5,2025,1,3,46,31,42,1
1,1,4,6,5,313,10,0,18,2,4,31,1,16,41,15,5,2022,2,4,46,30,1,0
2,1,3,5,5,149,1,0,27,2,2,93,0,71,41,68,5,2015,2,1,46,31,30,1
1,1,4,8,5,265,7,0,13,1,5,15,0,73,41,70,5,2024,1,3,46,14,16,1
1,1,4,8,5,679,2,1,37,2,5,89,0,43,68,37,8,2022,0,3,71,34,35,0
1,1,3,8,5,513,11,1,18,2,2,31,0,73,23,70,5,2023,2,1,26,28,1,1
0,1,3,7,5,342,3,1,55,1,3,44,1,11,41,8,5,2024,1,1,46,28,55,0
3,3,3,3,5,545,11,1,40,1,1,82,0,62,41,76,5,2015,1,0,46,9,39,0
0,1,1,2,8,804,8,0,51,2,5,73,1,75,31,72,2,2015,2,2,38,14,52,1
0,1,4,6,8,317,12,1,37,1,4,43,2,15,62,10,8,2021,1,0,66,8,35,0
0,1,2,4,5,474,9,1,16,1,2,3,0,49,41,44,4,2025,1,5,46,28,41,0
0,1,2,0,7,794,3,1,31,2,3,45,0,44,40,38,7,2019,2,1,45,27,32,1
0,2,3,4,5,930,1,0,45,2,5,5,0,29,41,64,5,2022,2,1,46,9,42,0
0,3,2,4,7,294,7,1,5,1,4,71,0,69,40,33,7,2021,1,1,45,12,6,0
1,1,1,6,5,211,1,0,32,1,3,6,1,34,41,29,6,2022,1,2,46,28,15,0
2,2,6,5,5,61,6,1,20,1,2,52,3,68,24,63,5,2024,1,1,27,28,21,0
1,2,2,8,5,222,3,1,27,1,2,20,1,58,41,53,5,2017,1,3,46,2,30,1
0,1,2,6,8,449,7,1,0,1,5,46,0,10,39,7,8,2016,1,3,17,23,24,0
0,1,3,8,1,986,3,1,48,3,1,49,2,58,18,53,1,2023,0,3,63,29,50,1
1,1,1,8,5,546,11,0,27,2,2,46,0,51,41,17,5,2019,2,1,46,28,30,0
2,1,1,5,5,113,1,0,27,1,2,11,0,55,41,50,5,2016,1,5,46,31,30,1
1,1,2,8,5,280,10,1,27,1,3,50,1,66,41,62,5,2022,1,0,46,30,30,1
1,3,3,8,5,222,8,1,15,1,3,63,0,48,41,43,5,2018,1,3,46,31,18,1
0,1,1,4,5,334,5,1,28,1,6,46,0,30,41,25,4,2023,1,3,46,9,31,0
1,1,1,8,5,590,3,0,55,2,2,42,0,22,41,22,5,2018,2,5,46,9,55,0
0,1,6,4,5,618,6,1,3,2,4,57,1,8,41,9,4,2023,0,0,46,30,4,1
3,1,1,5,1,1519,9,1,45,2,0,72,0,7,65,47,5,2023,2,3,31,28,42,1
1,0,3,8,5,578,7,0,55,2,5,109,0,38,41,31,5,2025,2,5,46,9,55,1
0,1,2,0,4,925,12,0,53,3,0,87,1,21,52,16,4,2018,0,0,59,17,54,0
1,1,1,8,5,469,12,1,27,2,1,24,0,73,41,70,5,2018,2,4,46,28,30,0
1,0,1,8,5,461,7,1,40,2,4,44,0,38,41,31,5,2024,2,1,46,31,39,1
1,3,4,8,5,730,3,1,37,3,5,20,1,43,41,37,8,2017,0,1,46,34,35,0
1,0,6,8,5,551,3,0,27,2,0,27,1,66,41,62,5,2021,2,5,46,9,30,1
1,0,1,8,5,513,2,1,27,2,4,34,0,22,41,22,5,2018,2,1,46,31,30,0
1,1,5,4,6,714,5,1,54,2,2,45,2,29,10,64,5,2018,2,1,15,23,34,1
3,1,4,2,5,1736,5,0,17,2,5,38,1,56,41,51,5,2019,2,5,46,30,19,1
0,1,3,7,5,730,6,0,18,2,3,56,1,11,41,8,5,2017,2,1,46,31,1,1
3,1,2,1,5,1486,5,1,55,2,6,35,0,31,47,65,5,2020,2,3,7,0,55,0
2,2,3,5,5,185,6,0,13,2,4,41,2,6,24,0,5,2019,2,3,27,31,16,1
3,2,1,3,5,941,1,0,40,2,1,38,0,78,20,73,5,2018,2,3,25,2,39,1
0,0,1,7,5,841,12,1,31,2,4,2,1,45,55,40,7,2015,2,1,54,24,32,0
1,0,3,6,5,327,12,1,17,2,0,2,1,9,41,12,5,2024,2,5,46,30,19,0
0,1,2,4,5,476,9,1,54,1,3,5,0,18,41,60,5,2025,1,1,46,12,34,0
0,0,1,7,5,312,5,1,27,1,0,35,0,19,41,34,5,2024,1,2,46,24,30,0
0,1,4,4,5,400,6,1,18,1,1,15,0,79,41,78,5,2016,1,3,46,28,1,0
1,1,6,8,5,1040,2,1,45,3,0,44,1,66,24,62,5,2025,0,0,27,9,42,1
1,0,2,8,5,186,11,1,27,1,5,64,1,73,41,70,5,2023,1,5,46,9,30,1
1,1,2,8,5,309,2,1,27,1,1,36,0,20,41,19,5,2017,1,5,46,3,30,1
1,0,1,8,5,226,6,1,49,1,5,78,0,24,23,58,8,2019,1,1,26,3,53,1
0,1,2,4,0,328,8,1,53,1,4,17,1,53,38,48,4,2022,1,3,44,17,54,0
1,0,1,8,5,274,1,1,55,1,3,33,1,43,47,37,5,2019,1,5,7,22,55,0
3,1,6,3,5,1131,8,1,45,2,0,24,2,67,50,67,5,2016,2,5,55,28,42,0
1,1,1,8,5,399,8,1,18,2,0,113,1,58,47,53,5,2019,2,1,7,9,1,0
1,3,1,6,5,310,5,1,27,2,4,18,0,76,41,74,5,2021,2,0,46,31,30,1
3,1,2,1,5,1313,11,0,17,2,3,10,1,31,41,65,5,2025,2,3,46,4,19,0
0,1,3,4,5,855,7,1,27,2,5,36,1,29,41,64,5,2020,2,5,46,31,30,0
0,0,6,4,5,419,1,1,45,1,4,68,3,8,63,9,5,2018,1,4,68,2,42,1
0,1,1,4,5,711,8,1,27,2,5,13,0,59,41,52,5,2016,2,1,46,22,30,0
1,3,3,6,5,142,11,0,27,1,0,32,1,28,41,80,5,2017,1,1,46,2,30,1
0,3,1,7,5,743,12,1,27,2,0,33,0,45,41,40,5,2016,2,0,46,24,30,0
0,0,4,4,3,847,2,1,35,2,6,13,0,39,11,32,4,2015,0,1,64,7,8,1
1,3,2,8,5,182,2,1,15,1,0,79,1,66,41,62,5,2024,1,4,46,31,18,1
1,3,3,8,5,457,7,1,4,2,2,42,2,48,41,43,8,2018,2,3,46,2,5,0
0,1,1,1,4,426,12,0,25,1,6,65,0,31,60,65,4,2019,1,3,18,13,27,1
3,0,2,2,5,811,12,1,17,1,6,103,0,65,35,61,5,2023,1,0,40,28,19,0
0,1,1,5,0,818,9,1,26,2,0,35,1,54,21,55,0,2021,2,3,23,2,28,0
0,0,1,7,5,410,3,1,38,1,1,49,0,45,41,40,7,2015,1,0,46,28,37,0
0,1,2,7,5,319,5,1,40,1,0,60,1,19,23,34,5,2016,1,4,26,31,39,0
0,1,2,4,0,673,7,1,42,2,0,24,0,4,16,5,0,2017,0,1,21,12,44,0
3,1,2,2,5,1808,5,1,45,2,0,35,1,1,41,2,5,2022,2,3,46,28,42,1
3,1,6,5,1,835,2,1,18,1,2,34,1,54,77,55,5,2019,1,3,80,4,1,1
1,1,3,6,5,299,10,0,27,2,0,32,1,16,41,15,5,2024,2,1,46,28,30,1
0,1,2,0,5,401,1,1,17,1,3,23,1,21,41,16,5,2023,1,1,46,10,19,0
0,1,3,3,6,373,10,1,34,1,3,26,0,64,12,11,3,2015,1,0,9,23,0,0
0,1,3,6,8,721,2,0,0,2,1,65,0,9,54,12,8,2025,2,2,14,29,24,0
0,1,3,4,5,777,6,1,15,2,0,28,1,53,55,48,5,2019,2,2,54,31,18,0
0,1,4,7,5,730,3,1,52,2,2,52,0,70,41,27,7,2015,2,3,46,11,51,1
3,3,5,1,5,702,12,1,55,1,0,89,0,63,41,18,5,2022,1,2,46,28,55,1
1,1,3,8,5,446,5,0,45,2,2,28,0,43,24,37,5,2023,2,5,27,9,42,0
1,3,3,6,4,758,1,0,29,2,1,54,3,15,78,10,4,2021,2,3,79,37,47,1
1,1,1,8,5,435,10,0,15,2,5,71,1,35,41,30,5,2023,2,4,46,2,18,0
1,2,3,8,5,521,2,0,27,2,4,43,0,73,41,70,5,2018,2,1,46,31,30,1
1,1,2,8,5,476,11,1,27,2,6,79,1,14,41,54,5,2024,2,1,46,2,30,1
1,0,3,8,5,610,12,1,45,2,3,21,0,20,63,19,5,2018,2,2,68,31,42,0
1,1,4,8,5,374,5,1,15,2,2,23,1,22,0,22,5,2018,2,3,6,2,18,1
0,1,3,4,5,308,4,1,6,1,2,3,0,59,41,52,4,2017,1,2,46,31,22,1
1,3,2,8,5,391,12,0,27,2,1,72,1,73,41,70,5,2025,2,2,46,29,30,0
2,1,4,5,5,192,2,1,18,2,6,27,2,54,41,55,5,2023,2,4,46,30,1,0
2,0,5,5,5,98,1,1,40,1,3,12,0,7,41,47,5,2017,1,1,46,30,39,0
1,1,4,8,5,781,3,1,49,3,5,38,0,12,41,13,8,2022,0,1,46,31,53,0
0,0,2,7,5,733,5,1,31,2,2,13,0,45,41,40,7,2025,2,1,46,36,32,0
0,3,3,7,0,772,6,1,45,2,2,15,0,57,56,49,5,2019,2,3,60,24,42,0
0,1,3,8,2,785,1,1,51,2,0,36,1,58,72,53,2,2017,0,3,75,1,52,0
0,1,1,7,5,431,8,1,13,1,5,69,1,70,41,27,5,2019,1,3,46,15,16,1
0,1,3,2,7,710,12,1,51,2,6,40,0,56,27,51,2,2015,2,3,70,24,52,0
0,1,2,6,8,790,2,0,41,2,1,27,1,3,39,4,6,2019,2,0,17,35,40,0
1,3,1,8,5,1192,8,0,18,3,5,41,0,24,41,58,5,2017,0,4,46,2,1,0
0,1,1,4,5,859,1,1,29,2,3,7,0,81,41,81,4,2023,2,1,46,31,47,0
1,0,2,8,5,312,7,1,45,1,2,6,0,43,41,37,5,2018,1,1,46,22,42,0
3,0,1,3,5,491,8,0,15,1,2,74,0,37,50,66,5,2018,1,0,55,30,18,0
0,1,3,7,5,310,10,1,27,1,2,24,2,45,41,40,5,2025,1,1,46,9,30,1
0,1,6,0,5,455,3,1,45,1,1,70,2,0,35,1,5,2019,1,3,40,10,42,1
2,1,2,5,5,82,12,1,27,1,2,11,0,27,41,24,5,2022,1,4,46,22,30,0
0,0,1,4,5,895,8,1,7,2,1,31,1,53,41,48,4,2019,2,5,46,12,10,0
1,3,2,8,5,270,4,1,50,1,5,101,1,73,47,70,8,2025,1,1,7,28,46,1
3,0,5,3,5,991,12,1,18,2,6,6,1,64,41,11,5,2016,2,4,46,31,1,1
1,1,2,8,5,209,6,0,27,1,2,12,0,35,41,30,5,2024,1,5,46,30,30,1
0,1,3,4,5,355,2,1,16,1,3,15,0,29,41,64,4,2025,1,5,46,9,41,1
0,1,4,4,5,838,7,1,3,2,1,14,2,49,41,44,4,2025,2,1,46,28,4,0
0,3,1,4,5,1276,8,1,27,3,1,53,1,81,41,81,5,2020,0,1,46,28,30,1
1,1,3,8,5,572,2,0,8,2,5,82,0,17,35,39,8,2018,2,1,40,2,9,0
0,1,1,4,5,942,2,1,22,2,5,58,0,52,41,46,4,2022,2,1,46,12,23,0
1,3,2,6,5,338,2,0,32,2,5,101,1,34,41,29,6,2024,2,1,46,8,15,0
1,1,4,8,5,450,1,1,20,2,6,44,1,43,41,37,5,2015,2,0,46,30,21,1
2,1,3,5,5,85,7,0,40,1,3,10,0,25,41,20,5,2018,1,4,46,2,39,1
0,1,6,7,5,671,12,1,18,2,4,36,0,72,41,71,5,2022,2,0,46,24,1,1
1,1,3,8,5,211,3,1,27,1,0,28,1,35,41,30,5,2023,1,1,46,31,30,0
1,0,6,6,5,183,9,1,27,1,2,72,2,28,41,80,5,2019,1,4,46,31,30,0
0,1,1,7,5,324,12,0,44,1,6,69,0,72,68,71,7,2015,1,0,71,30,43,0
0,1,2,4,5,674,5,1,27,2,4,105,1,30,41,25,5,2022,2,3,46,30,30,0
2,1,3,5,5,233,5,1,40,2,3,69,0,25,41,20,5,2022,2,3,46,9,39,0
3,1,2,3,5,1056,2,1,40,2,3,27,0,78,0,73,5,2019,2,4,6,18,39,1
3,1,6,3,5,923,7,1,40,2,3,60,1,64,41,11,5,2023,2,3,46,31,39,0
0,1,2,4,5,476,3,1,35,1,6,76,1,4,41,5,4,2017,1,3,46,30,8,1
1,1,6,8,5,565,6,1,4,2,5,7,3,12,41,13,8,2024,2,2,46,2,5,0
1,1,3,6,5,388,12,1,45,2,5,25,0,76,41,74,5,2025,2,5,46,22,42,0
0,1,4,4,5,866,12,1,25,2,2,75,1,39,41,32,4,2021,2,0,46,2,27,0
1,1,3,8,5,539,10,0,43,2,4,40,0,20,20,19,8,2025,2,1,25,31,45,0
1,1,4,8,5,360,11,0,4,2,3,71,0,12,41,13,8,2018,2,4,46,28,5,1
2,1,2,5,5,163,12,1,20,2,4,7,0,7,41,47,5,2025,2,5,46,2,21,0
2,1,1,2,2,192,8,1,23,1,4,49,0,56,2,51,2,2022,1,3,1,1,26,1
1,1,3,4,6,256,7,1,32,1,4,13,0,79,29,78,6,2019,1,2,34,23,15,1
1,0,3,8,5,190,12,1,17,1,4,3,0,12,63,13,5,2017,1,2,68,2,19,1
3,0,6,2,5,743,2,1,13,1,0,82,1,56,41,51,5,2024,1,2,46,28,16,0
0,1,2,4,5,661,1,1,20,2,4,5,0,4,23,5,5,2021,2,3,26,31,21,0
0,1,5,4,5,387,10,1,20,1,5,75,2,79,41,78,5,2023,1,3,46,22,21,1
3,0,2,1,5,1503,10,1,17,3,2,40,0,36,41,79,5,2018,0,2,46,0,19,1
0,1,1,7,5,791,4,0,15,2,5,3,0,72,41,71,5,2025,2,3,46,24,18,0
2,1,2,5,5,130,1,1,55,1,0,17,1,71,41,68,5,2024,1,1,46,9,55,1
0,1,1,4,5,336,2,0,3,1,4,27,1,30,41,25,4,2019,1,1,46,12,4,0
0,1,2,0,5,770,4,1,42,2,6,60,2,42,41,36,0,2015,2,5,46,31,44,0
0,3,4,4,5,307,7,1,17,1,4,40,2,30,41,25,5,2023,1,2,46,30,19,0
1,1,2,8,5,504,11,1,15,2,6,93,0,51,41,17,5,2016,2,0,46,29,18,1
0,3,1,6,2,475,3,1,36,1,5,22,0,3,72,4,6,2024,1,4,75,26,36,1
0,1,3,8,4,1080,7,1,4,2,4,22,2,73,5,70,8,2018,2,5,4,29,5,1
1,1,6,8,5,521,1,1,50,2,0,5,2,17,41,39,8,2025,2,2,46,34,46,0
0,0,1,8,0,410,5,0,27,1,2,48,0,43,3,37,5,2024,1,0,2,3,30,0
0,1,3,4,5,992,11,1,40,2,6,24,0,49,41,44,5,2016,2,3,46,30,39,1
1,2,1,8,5,498,12,0,27,2,5,50,0,38,41,31,5,2019,2,0,46,9,30,1
0,1,3,4,5,821,3,1,20,2,3,50,1,52,41,46,5,2019,2,4,46,28,21,0
1,1,4,8,5,376,7,1,43,2,2,40,0,24,41,58,8,2025,0,3,46,22,45,1
0,1,2,4,0,835,3,0,55,2,2,12,0,49,1,44,5,2025,0,1,0,10,55,0
1,1,2,8,5,537,4,1,45,2,1,35,0,38,50,31,5,2016,2,5,55,34,42,0
0,1,5,4,5,713,12,1,7,2,2,36,3,53,0,48,4,2018,2,1,6,12,10,0
0,0,4,4,8,919,2,1,43,2,2,4,1,5,30,6,8,2019,2,5,35,17,45,0
1,1,2,4,6,659,4,1,32,2,5,71,0,39,29,32,6,2017,2,0,34,23,15,1
3,3,1,1,5,744,12,1,27,1,5,99,1,31,41,65,5,2021,1,0,46,30,30,1
1,1,3,6,5,205,8,1,27,1,0,80,1,10,41,7,5,2023,1,5,46,16,30,0
0,1,1,8,1,311,3,1,0,1,2,48,0,51,77,17,8,2024,1,1,80,0,24,0
0,0,4,4,5,774,3,1,17,2,2,73,0,69,24,33,5,2022,2,5,27,5,19,1
1,3,3,6,5,103,9,1,41,1,0,17,1,3,41,4,6,2021,1,0,46,22,40,0
1,3,2,8,5,461,2,1,45,2,1,77,1,58,41,53,5,2023,2,3,46,9,42,0
1,1,3,6,5,111,11,1,13,1,6,35,0,74,41,69,5,2018,1,4,46,23,16,0
1,1,2,8,5,286,12,1,45,1,0,14,1,48,20,43,5,2025,1,1,25,30,42,1
1,3,2,6,5,419,7,1,27,2,1,85,0,9,41,12,5,2025,2,3,46,19,30,0
0,1,1,4,5,333,6,1,20,1,1,68,1,4,41,5,5,2015,1,3,46,22,21,1
0,1,3,4,8,1011,4,1,7,2,5,25,0,53,62,48,4,2021,2,3,66,13,10,0
0,0,4,8,6,869,3,1,21,2,6,59,1,17,57,39,6,2022,2,2,61,3,25,1
2,1,6,4,4,287,3,1,55,2,5,42,1,79,5,78,5,2017,2,4,4,13,55,1
1,0,3,6,5,185,9,1,13,1,0,26,0,28,41,80,5,2025,1,0,46,28,16,1
0,1,1,4,5,870,5,1,16,2,5,4,0,49,41,44,4,2025,2,5,46,31,41,0
0,0,4,4,8,502,7,1,3,1,1,8,1,69,58,33,4,2023,1,0,24,3,4,1
0,2,1,4,5,722,3,0,53,2,3,4,0,39,41,32,4,2025,2,5,46,2,54,1
0,1,2,7,5,696,3,1,52,2,6,61,0,32,41,26,7,2024,2,3,46,24,51,0
0,2,2,4,5,864,11,0,54,2,0,33,0,5,41,6,5,2022,2,3,46,22,34,0
0,1,1,4,5,409,7,0,40,1,6,44,0,59,41,52,5,2022,1,1,46,31,39,1
1,1,1,8,5,487,5,1,18,2,6,69,0,12,68,13,5,2018,2,1,71,31,1,0
1,1,3,8,5,290,5,0,54,1,1,36,0,22,23,22,5,2021,1,0,26,30,34,1
2,0,3,5,5,201,6,0,55,2,4,27,1,26,41,23,5,2016,2,3,46,22,55,0
2,1,1,5,5,105,7,1,20,1,3,39,0,7,41,47,5,2018,1,3,46,22,21,0
0,1,5,0,1,617,10,0,27,2,3,41,1,23,65,21,5,2019,0,3,31,0,30,0
1,1,4,8,5,259,8,1,45,1,6,85,1,22,50,22,5,2023,1,1,55,2,42,0
0,1,2,7,5,662,3,1,40,2,5,61,2,45,41,40,5,2023,2,3,46,30,39,0
0,1,2,4,5,347,8,1,20,1,1,24,1,69,41,33,5,2025,1,4,46,30,21,0
1,1,1,5,8,307,5,1,13,1,2,92,0,7,19,47,5,2015,1,3,20,14,16,0
1,1,6,8,5,519,8,1,17,2,2,30,3,38,41,31,5,2017,2,2,46,29,19,0
0,1,1,0,5,638,5,1,40,2,3,18,0,60,41,56,5,2018,2,2,46,22,39,1
1,0,2,8,5,1202,2,1,13,3,5,24,0,48,41,43,5,2024,0,3,46,22,16,0
0,1,2,4,5,331,2,1,27,1,3,13,0,18,41,60,5,2018,1,1,46,33,30,0
1,1,1,6,5,159,3,1,17,1,5,76,0,9,41,12,5,2015,1,1,46,30,19,0
1,0,2,6,5,291,4,0,13,2,6,31,0,34,41,29,5,2024,2,3,46,9,16,1
1,1,1,8,5,514,1,0,27,2,2,67,0,73,41,70,5,2022,2,3,46,34,30,0
1,0,2,8,5,313,6,1,17,1,0,48,1,48,41,43,5,2016,1,5,46,31,19,0
0,0,1,4,5,333,5,1,22,1,5,28,0,79,41,78,4,2025,1,5,46,2,23,0
1,0,2,8,5,468,11,1,37,2,6,27,0,58,41,53,8,2024,2,3,46,22,35,0
1,1,4,8,5,917,12,1,37,3,4,76,1,73,41,70,8,2025,0,3,46,2,35,1
0,1,3,4,5,783,8,1,22,2,2,83,1,49,41,44,4,2018,2,1,46,9,23,0
0,2,4,7,6,715,6,1,45,2,3,10,1,11,29,8,5,2025,2,1,34,19,42,0
0,0,1,4,8,570,8,1,8,1,6,23,0,18,58,60,8,2018,1,5,24,3,9,1
1,1,2,8,5,184,3,1,43,1,3,47,0,17,23,39,8,2024,1,5,26,22,45,1
2,0,3,5,5,225,3,1,18,2,3,61,1,71,41,68,5,2024,2,2,46,31,1,1
1,1,3,8,5,201,3,1,37,1,6,6,1,20,24,19,8,2021,1,0,27,30,35,1
1,1,2,8,5,484,7,1,43,2,2,6,0,48,41,43,8,2018,2,1,46,30,45,0
1,0,4,6,5,102,7,1,27,1,3,71,2,15,41,10,5,2022,1,1,46,30,30,1
2,1,6,5,5,214,7,0,18,2,3,77,1,25,41,20,5,2023,2,1,46,28,1,0
1,3,2,8,5,515,12,0,18,2,5,55,0,66,68,62,5,2021,2,5,71,28,1,1
1,1,5,6,5,121,9,1,45,1,3,57,5,77,50,75,5,2016,1,4,55,30,42,1
0,3,3,7,5,740,8,1,19,2,5,43,0,19,41,34,7,2016,2,1,46,31,20,0
1,1,4,8,5,523,12,1,27,2,6,42,2,24,41,58,5,2016,2,0,46,2,30,0
1,3,3,8,5,394,5,1,0,2,3,8,0,48,41,43,8,2018,2,1,46,34,24,1
1,1,4,8,5,196,5,1,0,1,2,17,2,24,20,58,8,2024,1,4,25,34,24,1
1,1,2,6,5,161,2,1,13,1,3,8,0,3,41,4,5,2025,1,4,46,28,16,1
0,1,2,4,5,902,9,1,27,2,3,2,0,52,41,46,5,2025,2,1,46,2,30,0
0,1,2,4,5,445,1,1,55,1,0,2,0,5,68,6,5,2025,1,1,71,28,55,1
1,1,3,8,5,515,4,1,13,2,5,47,1,12,41,13,5,2020,2,5,46,9,16,1
1,0,1,6,5,303,9,1,21,2,1,17,1,77,41,75,6,2016,2,1,46,23,25,1
1,0,4,8,5,209,7,1,18,1,3,68,0,43,68,37,5,2023,1,1,71,3,1,1
0,1,5,8,3,398,12,1,37,1,3,91,2,43,11,37,8,2018,1,3,64,18,35,0
3,1,2,3,5,996,3,1,54,2,5,30,0,78,47,73,5,2018,2,0,7,30,34,1
0,1,3,5,7,448,8,1,18,1,6,1,0,6,27,0,5,2022,1,0,70,24,1,0
0,1,3,4,8,528,8,1,49,1,0,10,1,30,58,25,8,2023,1,0,24,17,53,0
2,0,5,5,5,176,6,1,17,2,0,75,2,55,23,50,5,2016,2,1,26,30,19,0
1,0,1,8,5,257,7,0,43,1,0,9,0,17,41,39,8,2019,1,5,46,14,45,0
1,3,4,6,5,245,6,0,13,1,0,11,1,15,41,10,5,2023,1,3,46,9,16,0
1,0,5,6,5,377,1,1,21,2,4,15,1,10,41,7,6,2025,2,1,46,2,25,0
0,3,2,7,4,350,12,1,46,1,1,30,1,45,33,40,7,2018,1,1,69,17,48,1
3,1,5,2,5,1483,6,1,27,2,5,88,1,1,41,2,5,2025,2,0,46,30,30,1
0,1,2,0,5,439,2,1,40,1,1,1,0,60,41,56,5,2025,1,5,46,30,39,0
0,0,1,4,5,961,1,0,27,2,1,63,0,39,41,32,5,2022,2,1,46,13,30,0
0,1,5,3,8,250,12,1,43,1,0,39,4,67,58,67,8,2023,1,1,24,25,45,1
1,0,6,6,5,134,4,1,27,1,4,100,2,10,41,7,5,2022,1,1,46,28,30,0
0,1,3,4,5,763,12,1,27,2,5,4,1,52,41,46,5,2025,2,5,46,37,30,1
1,1,1,8,5,252,4,1,13,1,1,90,0,12,41,13,5,2024,1,1,46,31,16,0
0,0,3,4,5,703,11,1,53,2,2,84,0,29,24,64,4,2020,2,3,27,2,54,0
0,1,2,0,5,848,2,1,45,2,3,27,0,21,41,16,5,2024,2,1,46,2,42,0
0,0,1,4,5,911,5,0,27,2,1,25,0,30,68,25,5,2025,2,2,71,22,30,0
0,1,2,4,5,897,1,1,17,2,0,7,1,8,41,9,5,2025,2,1,46,9,19,0
1,2,5,6,5,272,2,1,55,2,1,65,0,15,41,10,5,2016,2,3,46,9,55,1
0,1,1,4,5,424,11,1,35,1,4,16,0,18,41,60,4,2019,1,1,46,17,8,1
0,1,2,5,0,823,4,0,45,2,3,95,1,54,1,55,5,2023,2,3,0,28,42,1
0,2,2,4,5,370,8,0,53,1,3,22,0,49,41,44,4,2021,1,5,46,31,54,0
1,2,2,8,5,435,3,0,20,2,2,35,1,12,41,13,5,2023,2,3,46,2,21,1
1,2,4,6,5,278,12,1,27,2,6,69,2,10,41,7,5,2017,2,0,46,8,30,1
1,1,1,8,5,537,9,1,15,2,4,70,0,43,41,37,5,2016,2,3,46,14,18,0
1,1,3,8,5,234,12,0,55,1,1,67,0,43,41,37,5,2021,1,1,46,28,55,0
0,0,4,4,5,492,10,1,27,1,4,85,3,59,41,52,5,2019,1,3,46,22,30,1
2,2,3,5,5,217,10,1,18,2,0,9,1,68,0,63,5,2025,2,3,6,9,1,0
3,1,6,2,5,861,10,1,20,1,0,12,1,1,47,2,5,2015,1,4,7,28,21,1
1,1,1,8,5,594,9,1,55,2,5,58,1,73,41,70,5,2024,2,1,46,22,55,1
0,3,3,7,5,447,10,1,31,1,0,27,0,11,41,8,7,2016,1,3,46,2,32,0
1,3,3,8,5,249,6,1,54,1,0,53,0,73,68,70,5,2021,1,1,71,2,34,0
1,1,1,8,5,209,6,1,37,1,4,20,1,43,41,37,8,2022,1,2,46,3,35,1
0,1,3,4,5,403,5,1,29,1,1,61,0,4,41,5,4,2023,1,3,46,30,47,1
0,1,3,0,5,374,12,1,15,1,6,28,1,23,0,21,5,2017,1,2,6,30,18,0
1,0,3,8,5,238,3,1,45,1,3,33,1,20,50,19,5,2019,1,3,55,28,42,0
1,1,3,6,5,456,11,0,55,2,1,54,0,61,35,57,5,2019,2,4,40,23,55,1
1,1,1,6,5,435,3,1,40,2,5,38,0,28,41,80,5,2016,2,1,46,23,39,1
0,1,2,7,5,401,6,0,17,1,2,36,0,45,24,40,5,2015,1,1,27,28,19,1
0,1,2,7,5,326,10,0,27,1,5,7,1,11,41,8,5,2018,1,5,46,36,30,1
0,3,3,8,7,1185,5,1,27,3,6,28,1,24,71,58,5,2015,0,4,72,14,30,1
1,0,4,6,5,469,3,1,27,2,6,108,1,9,41,12,5,2025,2,2,46,22,30,1
1,1,1,6,4,286,1,1,6,1,6,15,1,9,46,12,4,2019,1,0,52,33,22,0
0,1,6,7,1,445,6,1,46,1,5,15,1,11,18,8,7,2019,1,5,63,6,48,1
0,1,3,0,5,378,8,1,45,1,0,31,1,60,41,56,5,2024,1,1,46,10,42,1
0,1,4,4,5,778,12,0,18,2,6,82,2,49,41,44,5,2015,2,1,46,13,1,1
0,1,1,4,5,825,5,1,35,2,2,93,1,81,41,81,4,2024,2,1,46,31,8,1
2,1,3,5,5,151,12,1,15,2,6,72,1,54,0,55,5,2018,2,1,6,2,18,1
3,0,1,3,5,480,3,0,27,1,4,80,1,64,41,11,5,2023,1,5,46,9,30,1
1,1,5,8,5,587,10,0,0,2,3,15,2,20,41,19,8,2025,2,1,46,9,24,1
0,2,2,7,5,407,9,1,46,1,6,97,0,70,41,27,7,2022,1,1,46,11,48,1
3,1,5,1,5,1535,2,1,20,2,3,47,0,80,20,77,5,2023,2,3,25,30,21,0
1,1,1,8,5,447,12,1,4,2,0,40,0,12,41,13,8,2023,2,4,46,31,5,1
2,0,2,5,5,226,1,0,15,2,2,23,1,7,41,47,5,2025,2,1,46,9,18,1
1,1,4,6,5,231,11,1,32,1,1,51,1,74,41,69,6,2022,1,3,46,30,15,0
0,1,6,7,5,336,4,1,13,1,6,57,2,32,41,26,5,2025,1,0,46,36,16,1
3,1,4,1,5,606,12,1,45,1,5,31,3,80,41,77,5,2023,1,2,46,2,42,1
1,1,2,6,5,131,4,1,27,1,6,68,0,76,41,74,5,2022,1,2,46,22,30,0
1,3,2,8,5,216,12,1,27,1,4,20,2,17,50,39,5,2015,1,3,55,9,30,0
0,0,2,7,5,375,4,0,27,1,0,61,1,70,41,27,5,2024,1,3,46,9,30,0
1,1,1,8,5,943,2,0,27,3,2,25,1,22,41,22,5,2023,0,1,46,3,30,0
1,3,1,5,6,295,12,1,20,2,2,39,1,40,15,35,5,2018,2,1,16,2,21,0
3,1,4,1,5,817,2,1,1,1,0,156,1,41,41,59,1,2019,1,3,46,9,7,0
1,1,5,8,5,567,7,1,17,2,1,75,1,66,24,62,5,2023,2,4,27,25,19,0
1,1,1,6,5,242,1,1,45,1,5,65,0,16,47,15,5,2017,1,3,7,28,42,0
0,1,2,4,5,322,3,1,40,1,6,85,0,18,41,60,5,2016,1,3,46,2,39,1
3,3,1,2,5,1566,11,0,15,2,4,86,1,1,41,2,5,2024,2,0,46,22,18,0
3,1,4,3,5,1022,2,0,27,2,1,43,2,37,41,66,5,2024,2,0,46,31,30,1
0,1,4,4,5,823,8,1,20,2,2,71,0,49,41,44,5,2015,2,1,46,30,21,1
3,1,2,5,2,933,1,1,40,1,4,23,1,25,61,20,5,2015,1,1,65,22,39,1
1,1,1,6,5,301,11,1,32,2,1,3,0,34,41,29,6,2019,2,1,46,22,15,1
1,3,1,8,5,227,4,0,50,1,5,83,0,20,41,19,8,2025,1,3,46,22,46,0
0,1,4,4,5,386,2,1,18,1,0,18,1,53,35,48,5,2024,1,3,40,2,1,0
1,1,4,8,5,507,2,1,27,2,6,55,1,43,41,37,5,2016,2,1,46,31,30,1
0,1,4,4,5,876,2,0,18,2,0,37,2,59,41,52,5,2017,2,1,46,31,1,1
0,3,1,7,5,732,6,1,54,2,2,18,1,11,41,8,5,2017,2,3,46,28,34,1
2,0,3,5,5,61,6,1,55,1,4,59,1,6,41,0,5,2023,1,1,46,30,55,1
0,1,3,7,6,390,5,0,38,1,0,48,1,72,29,71,7,2019,1,4,34,19,37,1
0,1,3,7,5,1092,6,1,52,3,1,38,2,72,41,71,7,2025,0,3,46,2,51,1
3,1,3,2,5,1575,11,1,39,2,6,34,2,56,41,51,2,2016,2,0,46,9,38,0
0,1,2,5,4,342,8,1,27,1,0,65,1,46,52,41,5,2023,1,1,59,12,30,0
2,0,5,8,8,194,3,1,50,1,3,31,3,20,22,19,8,2019,1,3,22,14,46,1
0,3,6,4,5,467,3,1,55,1,6,83,3,18,41,60,5,2016,1,2,46,22,55,1
3,3,6,3,5,1024,10,1,17,2,2,68,2,33,41,28,5,2016,2,0,46,22,19,0
1,0,1,8,5,603,2,1,49,2,0,105,0,51,35,17,8,2021,2,3,40,2,53,0
3,3,1,3,5,549,4,0,15,1,3,26,1,37,41,66,5,2018,1,5,46,31,18,1
0,0,5,4,5,935,1,1,53,2,4,35,4,8,50,9,4,2019,2,3,55,30,54,0
0,1,4,8,4,459,12,0,49,1,4,26,1,35,46,30,8,2020,1,0,52,37,53,0
2,1,6,5,5,116,7,1,18,1,0,10,2,71,41,68,5,2015,1,0,46,30,1,0
1,1,2,6,5,167,4,1,27,1,2,19,0,74,41,69,5,2023,1,4,46,28,30,1
3,1,5,1,5,712,3,1,17,1,4,18,1,31,41,65,5,2022,1,0,46,28,19,1
0,1,1,8,2,1211,8,1,43,3,0,43,0,58,14,53,8,2023,0,1,13,1,45,1
0,1,2,4,2,684,12,1,35,2,2,15,1,18,72,60,4,2022,2,3,75,26,8,1
0,1,3,6,8,601,2,1,4,2,3,27,1,34,13,29,8,2017,2,1,12,34,5,0
3,2,6,3,5,495,1,1,9,1,3,28,4,64,41,11,3,2023,1,1,46,30,14,1
3,1,3,3,5,1157,8,1,54,3,6,38,1,78,41,73,5,2015,0,2,46,9,34,0
0,0,4,4,8,1436,6,1,37,3,0,4,0,5,62,6,8,2024,0,5,66,12,35,1
1,1,2,8,5,272,12,1,43,1,6,71,0,17,41,39,8,2023,1,5,46,31,45,1
2,1,2,5,5,110,1,1,40,1,1,70,0,26,35,23,5,2022,1,4,40,28,39,1
1,1,6,8,5,320,10,1,27,1,0,63,2,38,41,31,5,2021,1,0,46,14,30,1
3,3,6,2,5,1636,12,1,51,2,5,63,1,1,68,2,2,2018,2,4,71,9,52,0
1,1,6,8,5,303,11,1,27,1,1,28,1,38,41,31,5,2017,1,2,46,25,30,1
3,0,2,3,5,1131,6,1,55,2,2,36,1,78,41,73,5,2025,2,1,46,2,55,1
1,2,4,5,8,508,10,1,43,2,6,91,0,46,58,41,8,2021,2,3,24,34,45,1
0,1,3,4,5,428,7,1,15,1,6,81,0,59,41,52,5,2015,1,2,46,22,18,1
0,0,3,4,5,456,2,1,27,1,4,70,2,39,41,32,5,2017,1,5,46,33,30,1
1,3,5,8,5,967,4,0,18,3,5,59,0,24,41,58,5,2025,0,4,46,28,1,0
1,1,1,5,8,311,1,0,15,1,2,54,0,54,54,55,5,2022,1,3,14,3,18,1
0,1,2,8,6,850,6,1,21,2,0,75,0,20,10,19,6,2023,2,5,15,23,25,0
1,1,1,8,5,454,10,1,15,2,6,89,0,66,23,62,5,2024,2,3,26,22,18,1
0,1,3,4,5,1284,7,1,27,3,3,60,1,30,41,25,5,2018,0,5,46,22,30,1
1,1,2,6,5,212,11,1,27,1,2,9,0,3,41,4,5,2018,1,5,46,23,30,0
0,1,2,7,6,495,9,1,21,1,2,74,1,45,10,40,6,2022,1,1,15,23,25,1
1,0,6,6,5,229,12,1,45,1,2,17,3,74,63,69,5,2019,1,4,68,8,42,1
3,1,6,1,5,1215,4,1,27,2,2,39,0,80,41,77,5,2023,2,3,46,28,30,1
1,1,1,6,5,691,1,1,30,2,3,63,0,9,41,12,6,2020,0,3,46,28,33,0
2,1,6,5,5,132,8,1,27,2,0,103,2,25,41,20,5,2019,2,4,46,9,30,1
0,3,2,7,5,409,9,1,20,1,6,86,0,32,41,26,5,2025,1,1,46,11,21,1
0,1,1,7,5,351,11,1,20,1,4,16,0,11,41,8,5,2016,1,1,46,22,21,1
1,3,2,8,5,222,7,0,54,1,6,58,0,66,55,62,5,2024,1,1,54,34,34,1
3,1,2,2,5,1548,7,0,55,2,6,41,0,65,41,61,5,2019,2,1,46,9,55,0
1,1,2,6,5,202,1,1,18,1,5,35,1,61,41,57,5,2025,1,1,46,19,1,0
1,1,2,6,5,279,8,1,30,2,5,33,0,9,50,12,6,2021,2,2,55,22,33,1
0,0,1,4,5,430,9,1,15,1,4,13,0,5,0,6,5,2018,1,2,6,2,18,1
2,1,2,5,5,79,7,0,54,1,1,51,2,26,41,23,5,2023,1,5,46,28,34,0
0,1,2,4,5,865,12,1,27,2,3,10,1,29,41,64,5,2015,2,5,46,28,30,0
3,1,5,2,5,1249,10,0,45,2,3,27,1,1,41,2,5,2024,0,1,46,30,42,1
1,1,2,8,5,550,7,1,20,2,0,49,1,58,63,53,5,2020,2,2,68,30,21,0
0,1,4,4,5,832,6,0,25,3,2,89,1,59,41,52,4,2023,0,3,46,9,27,1
3,1,3,1,5,1524,5,1,27,2,3,43,1,80,41,77,5,2019,2,1,46,4,30,0
0,3,4,4,5,422,5,0,54,1,1,32,0,69,41,33,5,2017,1,5,46,22,34,1
1,2,2,8,5,447,12,1,4,2,3,25,1,14,41,54,8,2016,2,1,46,28,5,1
0,3,4,4,5,482,3,1,27,1,6,39,0,81,41,81,5,2015,1,3,46,31,30,0
2,1,4,5,5,203,9,1,55,2,5,42,0,27,41,24,5,2025,2,5,46,22,55,1
1,1,1,8,5,818,12,1,37,3,4,14,0,58,41,53,8,2015,0,1,46,29,35,0
1,1,4,6,5,175,8,0,27,1,2,83,0,10,41,7,5,2025,1,3,46,35,30,1
0,1,2,7,5,663,5,1,17,2,1,35,0,70,41,27,5,2023,2,3,46,24,19,0
0,1,1,4,5,825,3,0,27,2,5,79,0,81,41,81,5,2022,2,1,46,31,30,0
1,2,2,8,5,208,6,1,49,1,0,55,0,58,41,53,8,2024,1,4,46,22,53,0
0,1,6,7,5,314,10,1,46,1,5,58,0,19,41,34,7,2021,1,5,46,2,48,0
1,1,2,8,5,516,8,0,49,2,0,36,2,35,41,30,8,2020,2,3,46,9,53,0
1,3,2,8,5,590,11,1,17,2,0,97,0,58,41,53,5,2023,2,5,46,14,19,0
1,1,5,8,5,286,6,0,27,1,3,43,1,66,41,62,5,2019,1,3,46,3,30,0
0,1,3,7,5,845,5,1,54,2,5,25,0,11,55,8,5,2025,2,1,54,30,34,0
0,0,1,7,4,713,8,1,7,2,0,94,1,32,60,26,4,2017,2,1,18,12,10,1
2,1,2,5,5,65,8,0,17,1,2,75,0,54,41,55,5,2017,1,5,46,9,19,1
0,1,2,5,4,349,4,1,45,1,0,51,1,68,52,63,5,2022,1,1,59,5,42,1
1,1,3,6,5,1078,8,1,21,3,5,156,1,74,41,69,6,2015,0,1,46,22,25,1
3,1,2,3,5,508,5,1,34,1,2,109,0,62,41,76,3,2022,1,1,46,22,0,0
0,1,5,7,5,862,12,1,27,2,1,19,1,57,41,49,5,2021,2,1,46,31,30,1
3,1,3,2,5,793,3,1,51,1,3,12,1,56,0,51,2,2017,1,5,6,26,52,1
0,1,2,4,5,560,5,1,40,2,2,38,0,69,41,33,5,2018,0,1,46,2,39,0
3,1,1,1,5,1486,5,1,1,2,2,50,0,41,41,59,1,2025,2,1,46,4,7,1
0,1,1,8,4,725,3,1,16,2,0,5,0,48,33,43,4,2017,0,0,69,37,41,0
1,1,4,8,5,254,1,0,45,1,2,83,1,20,41,19,5,2024,1,3,46,22,42,0
1,1,6,8,5,289,2,1,18,1,2,36,4,24,68,58,5,2024,1,1,71,22,1,0
1,3,4,6,5,390,9,1,18,2,5,36,1,3,41,4,5,2021,2,3,46,31,1,1
1,1,1,8,5,224,7,1,27,1,0,19,0,73,41,70,5,2022,1,5,46,28,30,1
1,1,2,8,5,279,2,1,15,1,2,69,0,17,41,39,5,2025,1,1,46,28,18,0
1,0,1,8,5,863,3,0,43,3,2,27,1,12,41,13,8,2019,0,0,46,9,45,0
0,1,1,4,5,975,4,1,55,2,2,33,0,81,41,81,5,2023,2,5,46,2,55,1
0,1,4,8,1,786,8,1,1,2,4,45,0,51,45,17,1,2024,2,3,47,14,7,0
0,2,1,4,5,727,6,0,18,2,1,34,1,18,63,60,5,2018,2,1,68,31,1,1
0,0,6,7,5,438,1,0,38,1,2,94,0,57,41,49,7,2025,1,1,46,30,37,1
1,1,1,8,5,253,4,1,27,1,3,46,0,20,41,19,5,2024,1,3,46,25,30,1
0,1,6,0,7,882,9,1,40,2,0,8,1,50,34,42,5,2015,2,1,19,27,39,0
0,0,4,0,5,490,12,1,27,1,5,24,0,60,41,56,5,2017,1,0,46,9,30,0
1,1,5,8,5,559,12,1,49,2,3,71,1,12,41,13,8,2019,2,0,46,30,53,0
0,0,3,4,5,778,2,1,40,2,6,47,1,29,41,64,5,2018,2,4,46,5,39,0
0,0,1,5,4,307,2,0,45,1,4,51,1,40,64,35,5,2021,1,4,29,9,42,0
3,0,2,5,1,723,9,1,1,1,5,43,1,54,77,55,1,2018,1,3,80,31,7,0
1,0,3,8,5,908,5,1,45,3,5,75,1,12,41,13,5,2024,0,1,46,34,42,1
1,1,3,8,5,577,6,1,27,2,4,53,1,20,41,19,5,2022,2,4,46,9,30,0
0,0,2,0,5,702,4,1,27,2,4,89,1,2,41,3,5,2019,2,1,46,9,30,1
0,0,2,4,5,883,9,1,55,2,3,102,1,59,41,52,5,2024,2,3,46,28,55,1
0,3,1,4,5,312,3,1,3,1,2,9,0,53,41,48,4,2022,1,1,46,13,4,0
3,1,1,1,5,1660,12,1,27,2,2,25,0,47,41,45,5,2023,2,3,46,9,30,1
0,1,5,7,5,426,6,1,17,1,6,9,1,32,41,26,5,2023,1,1,46,30,19,0
3,1,2,2,5,867,12,1,17,1,2,16,1,13,41,14,5,2025,1,1,46,9,19,1
3,0,1,1,5,1601,10,1,2,2,5,12,0,31,41,65,1,2015,2,4,46,0,2,1
3,1,2,3,5,953,12,1,13,2,6,31,0,62,41,76,5,2024,2,5,46,2,16,1
2,1,2,5,5,172,3,1,27,2,6,5,1,27,41,24,5,2015,2,1,46,31,30,0
0,1,1,7,5,848,8,1,38,2,6,55,0,70,41,27,7,2018,2,1,46,28,37,0
3,1,1,5,1,691,10,0,2,1,2,31,1,54,45,55,1,2021,1,5,47,28,2,0
0,2,1,0,4,452,2,1,53,1,3,30,0,0,64,1,4,2020,1,3,29,13,54,0
0,1,1,4,5,1190,6,1,45,3,1,54,0,29,24,64,5,2015,0,5,27,9,42,1
0,1,1,2,3,733,3,1,27,2,6,30,1,1,73,2,5,2017,2,3,78,21,30,0
0,2,5,4,5,879,4,1,55,2,3,43,1,69,41,33,5,2024,2,3,46,37,55,1
0,1,2,7,5,784,7,1,52,2,5,11,0,11,41,8,7,2020,2,2,46,24,51,0
0,3,1,4,5,374,10,1,47,1,0,55,0,4,68,5,4,2019,1,4,71,30,49,1
1,1,5,8,5,578,11,1,27,2,1,51,1,38,41,31,5,2025,2,3,46,9,30,1
1,1,2,6,5,370,7,0,27,2,6,22,1,28,41,80,5,2024,0,0,46,35,30,0
1,0,3,8,5,504,2,1,54,2,1,85,0,58,63,53,5,2018,2,1,68,34,34,0
1,1,1,8,5,704,7,1,45,2,3,11,1,58,41,53,5,2015,0,3,46,2,42,1
0,1,4,7,5,758,2,1,13,2,0,30,2,57,41,49,5,2015,0,3,46,30,16,1
1,0,1,8,5,465,3,1,45,2,2,10,0,73,20,70,5,2023,2,1,25,3,42,0
0,1,2,8,0,268,12,1,37,1,0,27,0,48,36,43,8,2022,1,1,42,20,35,1
1,1,1,8,5,214,3,0,54,1,2,16,0,12,47,13,5,2018,1,4,7,14,34,1
0,1,1,4,3,865,11,1,10,2,4,59,1,5,11,6,3,2022,2,3,64,37,3,0
1,1,2,8,5,310,12,0,17,1,3,9,2,35,63,30,5,2021,1,3,68,28,19,1
3,1,4,2,5,1543,6,1,55,3,4,64,0,65,63,61,5,2024,0,5,68,22,55,0
0,0,5,8,4,871,12,1,3,2,5,13,2,66,60,62,4,2025,2,1,18,37,4,0
0,3,6,1,2,567,9,1,20,2,1,1,1,63,14,18,5,2019,2,0,13,1,21,1
1,1,3,8,5,214,7,0,27,1,3,64,0,48,41,43,5,2017,1,1,46,14,30,1
0,1,4,7,5,884,10,0,20,2,5,39,0,19,55,34,5,2019,2,3,54,36,21,0
0,1,4,0,5,305,12,1,40,1,4,10,2,2,23,3,5,2025,1,3,26,9,39,0
1,3,2,8,5,514,10,1,4,2,1,20,1,14,41,54,8,2019,2,1,46,31,5,0
0,1,1,8,0,579,3,1,0,2,0,90,0,38,56,31,8,2018,2,0,60,32,24,1
1,1,4,6,4,287,10,1,28,1,2,9,1,3,64,4,4,2021,1,3,29,8,31,1
1,0,2,8,5,506,4,0,27,2,2,9,0,24,41,58,5,2025,2,1,46,9,30,1
0,2,3,1,8,964,11,1,1,2,3,58,1,41,37,59,1,2018,2,3,43,14,7,1
3,1,3,2,5,946,10,1,55,1,2,5,1,56,41,51,5,2021,1,3,46,30,55,0
0,1,3,0,8,269,12,1,49,1,2,5,1,60,43,56,8,2018,1,1,48,34,53,1
0,0,4,6,3,595,9,0,40,2,2,49,3,34,28,29,5,2016,2,2,33,16,39,0
1,1,2,6,5,122,3,0,18,1,6,4,1,61,0,57,5,2022,1,3,6,35,1,1
0,1,2,3,4,896,12,1,53,2,5,14,1,67,6,67,4,2024,2,5,5,12,54,1
1,1,1,8,5,276,7,1,13,1,4,42,0,22,41,22,5,2025,1,2,46,28,16,0
1,1,1,8,5,285,11,1,20,1,3,49,1,73,47,70,5,2023,1,1,7,9,21,0
0,1,4,4,5,311,2,1,25,1,1,71,1,52,41,46,4,2020,1,2,46,28,27,1
0,0,4,4,5,368,3,0,27,1,4,44,0,53,41,48,5,2021,1,0,46,13,30,1
0,1,2,7,2,804,2,1,45,2,2,8,0,70,61,27,5,2017,2,5,65,1,42,1
1,0,3,8,5,632,10,1,13,2,3,45,0,43,41,37,5,2019,2,5,46,31,16,1
0,3,1,7,5,1059,3,1,31,3,6,71,1,70,47,27,7,2017,0,1,7,31,32,1
1,1,1,8,5,666,5,1,27,3,6,48,0,17,41,39,5,2023,0,3,46,31,30,1
2,0,1,5,5,158,12,1,45,2,6,40,0,27,68,24,5,2019,2,0,71,2,42,0
1,1,4,8,5,228,1,0,20,1,4,12,0,14,41,54,5,2018,1,5,46,31,21,1
3,1,1,3,5,549,9,1,11,1,2,36,1,62,41,76,3,2017,1,5,46,22,11,0
0,2,1,4,5,663,2,0,40,2,4,114,1,49,41,44,5,2024,2,3,46,5,39,0
1,3,3,8,5,317,8,1,27,1,4,67,0,43,41,37,5,2025,1,4,46,2,30,0
2,1,1,5,5,613,12,1,27,3,0,18,0,40,41,35,5,2024,0,2,46,31,30,0
0,1,1,6,8,482,10,1,37,1,6,16,1,9,43,12,8,2024,1,2,48,8,35,1
0,0,6,7,5,757,12,1,17,2,4,9,1,57,41,49,5,2025,2,4,46,28,19,0
1,1,3,6,5,654,4,0,45,2,4,121,0,77,35,75,5,2016,0,2,40,23,42,0
0,2,5,4,0,676,12,1,6,2,3,44,1,30,38,25,4,2018,2,3,44,32,22,1
0,3,3,7,5,793,3,0,18,2,2,13,1,19,41,34,5,2019,2,1,46,22,1,0
1,3,3,6,5,171,8,1,45,1,5,80,0,61,20,57,5,2015,1,1,25,9,42,1
0,1,4,0,8,942,11,1,14,2,6,14,1,23,19,21,0,2020,2,1,20,3,17,0
0,1,3,4,5,314,9,0,3,1,3,74,0,81,41,81,4,2025,1,4,46,37,4,1
1,0,5,8,5,359,1,1,37,2,1,17,1,43,50,37,8,2023,0,1,55,9,35,0
1,1,1,8,5,550,12,1,37,2,0,29,0,22,41,22,8,2025,2,1,46,30,35,1
0,3,4,0,5,449,3,1,27,1,3,21,1,60,41,56,5,2024,1,3,46,2,30,1
1,1,4,8,5,466,11,1,40,2,3,7,1,35,41,30,5,2016,2,0,46,30,39,0
1,0,1,8,5,629,12,1,27,2,1,30,0,48,41,43,5,2025,2,3,46,31,30,1
0,1,2,6,1,349,10,1,55,1,5,74,0,10,45,7,5,2015,1,5,47,4,55,1
0,1,2,7,5,716,6,1,15,2,2,48,0,19,41,34,5,2023,0,0,46,31,18,1
3,1,5,3,5,554,11,1,24,1,4,99,1,37,47,66,3,2017,1,3,7,18,29,0
3,2,1,2,5,1447,11,1,23,2,0,33,0,56,41,51,2,2021,2,1,46,2,26,0
0,0,2,4,5,844,2,1,27,2,3,69,1,79,41,78,5,2017,2,2,46,30,30,0
0,3,6,6,7,486,8,0,21,1,0,16,1,61,49,57,6,2016,1,5,57,24,25,0
1,1,4,8,5,553,3,1,37,2,2,3,1,24,0,58,8,2019,2,0,6,25,35,1
0,0,2,1,8,1043,5,0,15,3,6,29,0,36,58,79,5,2019,0,2,24,29,18,1
0,0,5,8,0,344,12,1,18,1,2,150,4,38,42,31,5,2025,1,5,50,29,1,0
0,3,3,4,5,460,3,1,29,1,1,8,0,81,41,81,4,2023,1,3,46,9,47,0
0,1,4,4,8,460,10,0,49,1,6,59,2,4,62,5,8,2024,1,1,66,29,53,0
0,3,2,7,5,337,10,1,55,1,0,43,0,19,41,34,5,2015,1,1,46,15,55,0
0,1,2,4,5,878,10,1,27,2,4,58,2,4,41,5,5,2025,2,3,46,30,30,1
1,2,1,6,4,264,3,1,47,1,3,53,0,61,44,57,4,2022,1,1,49,37,49,1
0,1,1,0,5,887,7,0,20,2,4,23,0,60,47,56,5,2025,2,1,7,28,21,0
1,1,1,8,5,216,9,0,40,1,0,21,1,20,41,19,5,2021,1,1,46,3,39,0
2,1,5,5,5,74,9,1,18,1,6,37,1,6,41,0,5,2023,1,3,46,9,1,0
0,1,2,0,5,429,3,1,42,1,5,57,0,23,41,21,0,2019,1,4,46,30,44,0
2,1,1,5,5,170,1,1,27,2,2,63,1,25,41,20,5,2025,2,5,46,2,30,0
1,1,3,8,5,1163,6,1,0,3,3,4,1,48,41,43,8,2024,0,3,46,28,24,1
0,1,2,4,5,1069,1,1,25,3,0,43,0,59,41,52,4,2016,0,2,46,9,27,0
0,3,1,3,8,289,8,1,43,1,4,70,1,62,58,76,8,2016,1,5,24,29,45,1
3,1,3,3,5,859,4,1,10,2,2,45,1,64,41,11,3,2023,2,3,46,18,3,0
0,1,1,4,5,452,6,1,27,1,5,33,0,79,41,78,5,2015,1,3,46,2,30,1
3,1,3,2,5,860,2,1,27,1,2,1,0,56,41,51,5,2022,1,1,46,26,30,0
0,3,3,4,5,369,3,0,54,1,1,81,1,18,41,60,5,2024,1,0,46,31,34,0
0,1,4,4,5,341,11,0,22,1,6,32,1,52,23,46,4,2019,1,5,26,5,23,1
0,1,4,3,3,493,8,1,10,1,6,52,1,78,11,73,3,2023,1,5,64,21,3,0
0,0,1,4,5,854,12,1,7,2,2,61,0,53,41,48,4,2016,2,3,46,31,10,0
1,1,5,8,5,198,3,1,8,1,6,82,2,14,41,54,8,2024,1,2,46,22,9,1
1,1,5,5,8,191,3,0,55,1,3,1,0,40,62,35,5,2022,1,1,66,14,55,0
0,1,4,4,5,872,6,1,40,2,4,64,1,69,41,33,5,2023,2,3,46,2,39,1
1,3,1,8,5,500,9,1,4,2,1,16,0,12,41,13,8,2025,2,1,46,14,5,1
0,3,2,4,5,315,5,0,6,1,0,9,0,59,41,52,4,2021,1,2,46,9,22,1
1,1,3,8,5,546,4,0,27,2,5,31,1,38,41,31,5,2023,2,1,46,28,30,1
0,1,3,4,8,874,4,1,28,2,4,69,1,30,53,25,4,2020,0,5,58,3,31,0
1,3,3,8,5,517,8,0,0,2,0,20,0,17,41,39,8,2025,2,1,46,3,24,1
0,1,1,4,0,930,2,1,6,2,2,15,1,59,16,52,4,2025,2,5,21,27,22,0
0,0,2,7,5,380,2,1,31,1,0,19,0,45,63,40,7,2024,1,2,68,9,32,0
1,0,1,6,5,1125,5,0,27,3,3,58,0,15,41,10,5,2023,0,1,46,2,30,1
0,1,2,4,5,1088,3,1,17,3,4,22,0,69,24,33,5,2018,0,2,27,28,19,0
1,1,2,5,6,439,8,1,21,2,6,13,1,46,10,41,6,2023,2,1,15,19,25,0
1,1,4,8,5,283,6,1,17,1,0,96,1,12,41,13,5,2015,1,1,46,9,19,0
0,1,1,4,5,414,3,0,27,1,2,70,1,29,41,64,5,2025,1,3,46,2,30,0
2,1,6,2,2,410,7,1,51,2,2,12,2,1,51,2,2,2025,2,4,56,1,52,0
1,3,2,6,5,196,12,1,20,1,2,40,0,76,41,74,5,2022,1,1,46,22,21,0
3,2,3,3,5,582,7,1,27,1,3,32,1,37,41,66,5,2023,1,3,46,9,30,0
0,0,2,6,8,344,4,1,41,1,6,44,0,10,19,7,6,2025,1,1,20,14,40,0
1,1,3,8,5,1057,1,1,45,3,1,70,1,38,63,31,5,2023,0,1,68,3,42,1
1,1,4,8,5,464,10,1,27,2,5,34,1,43,41,37,5,2023,2,3,46,2,30,0
0,0,2,7,4,453,3,0,19,1,0,31,0,70,5,27,7,2025,1,3,4,24,20,1
1,2,2,6,5,187,9,0,27,1,3,63,1,77,41,75,5,2019,1,4,46,35,30,0
1,1,4,8,5,573,12,1,37,2,0,2,2,48,41,43,8,2015,2,5,46,14,35,1
0,1,1,4,8,955,6,1,37,2,1,5,0,81,31,81,8,2018,2,0,38,5,35,0
0,3,3,0,5,774,1,1,27,2,4,39,1,44,41,38,5,2016,2,5,46,31,30,1
0,3,2,7,5,407,6,1,54,1,1,18,0,70,47,27,5,2019,1,3,7,30,34,0
2,0,6,5,5,517,11,1,17,2,4,3,2,26,41,23,5,2017,0,1,46,9,19,1
1,0,2,8,5,413,4,1,4,2,0,35,1,51,68,17,8,2025,2,1,71,30,5,1
0,1,2,6,3,422,10,1,24,1,5,65,1,10,66,7,3,2023,1,4,37,18,29,0
3,1,2,2,5,1674,12,0,18,2,2,7,1,56,41,51,5,2017,2,1,46,31,1,0
0,0,5,1,6,481,10,1,12,1,4,60,2,41,29,59,1,2023,1,1,34,23,13,1
1,0,2,8,5,263,5,1,27,1,0,31,0,43,41,37,5,2018,1,3,46,34,30,1
0,3,6,4,5,694,6,1,15,2,3,6,2,59,41,52,5,2024,2,3,46,33,18,0
0,1,1,4,5,319,7,1,27,1,5,69,0,29,41,64,5,2016,1,3,46,28,30,0
0,3,3,7,5,683,5,1,55,2,0,20,0,19,41,34,5,2025,2,0,46,22,55,1
0,1,2,0,5,621,3,1,27,2,6,5,0,50,41,42,5,2016,2,1,46,22,30,1
0,1,6,4,5,436,12,1,47,1,5,44,3,69,41,33,4,2015,1,2,46,9,49,0
0,1,1,4,5,984,9,1,3,3,2,95,1,18,41,60,4,2018,0,0,46,28,4,0
1,0,2,8,5,185,2,1,18,1,0,12,1,38,41,31,5,2015,1,1,46,9,1,1
1,0,6,6,5,250,4,1,27,1,1,93,0,10,41,7,5,2017,1,3,46,8,30,0
1,1,1,8,5,226,8,1,4,1,0,14,1,22,41,22,8,2019,1,1,46,28,5,1
1,0,2,6,5,295,2,1,27,2,5,22,1,77,41,75,5,2022,2,3,46,30,30,1
1,1,2,8,5,467,10,1,17,2,6,45,1,14,20,54,5,2019,2,0,25,28,19,0
0,1,6,0,5,1060,6,1,17,3,5,60,3,21,41,16,5,2024,0,0,46,30,19,0
0,1,2,8,3,402,3,0,0,1,4,41,1,17,67,39,8,2023,1,1,67,34,24,1
1,1,2,6,5,240,2,0,27,1,2,33,1,28,41,80,5,2016,1,1,46,2,30,0
0,3,1,4,5,639,9,1,13,2,3,14,0,69,41,33,5,2024,0,2,46,12,16,1
1,1,3,6,5,928,1,1,13,3,3,58,0,28,41,80,5,2018,0,5,46,35,16,1
0,0,2,7,5,762,10,0,17,2,4,47,0,57,41,49,5,2018,2,3,46,28,19,1
3,0,1,3,5,798,1,1,27,2,3,30,1,78,41,73,5,2015,0,5,46,30,30,0
1,1,1,8,5,302,7,1,18,1,5,14,0,51,0,17,5,2017,1,0,6,34,1,0
1,1,4,8,5,235,5,1,27,1,4,20,1,22,41,22,5,2025,1,3,46,34,30,1
1,1,1,8,5,517,6,1,18,2,1,20,0,12,41,13,5,2017,2,3,46,28,1,1
0,3,2,6,1,412,9,1,12,1,2,6,0,10,45,7,1,2024,1,1,47,6,13,0
0,3,2,4,5,609,1,1,18,2,3,108,0,81,0,81,5,2023,2,3,6,9,1,1
1,1,2,8,5,295,4,0,15,1,3,65,0,48,41,43,5,2025,1,0,46,31,18,1
0,1,1,4,3,443,2,1,24,1,1,53,0,30,66,25,3,2025,1,4,37,5,29,1
1,1,1,8,5,462,9,1,27,2,3,18,0,51,41,17,5,2021,2,5,46,31,30,1
1,1,1,8,5,255,3,1,27,1,6,82,0,51,41,17,5,2021,1,0,46,31,30,0
0,1,3,4,5,302,10,1,13,1,1,15,1,79,41,78,5,2017,1,0,46,9,16,1
1,1,3,8,5,257,5,0,8,1,6,12,2,22,41,22,8,2015,1,0,46,22,9,0
0,0,1,4,5,425,9,1,27,1,0,24,1,8,41,9,5,2023,1,1,46,2,30,1
0,1,1,4,5,752,9,1,40,2,1,30,0,29,41,64,5,2019,2,5,46,22,39,0
0,1,5,4,5,748,6,1,35,2,2,4,0,59,41,52,4,2022,2,0,46,2,8,0
0,1,3,0,7,656,2,1,46,2,3,69,0,44,40,38,7,2024,2,3,45,10,48,1
0,0,3,7,5,738,9,0,45,2,2,28,1,45,41,40,5,2015,2,0,46,31,42,1
0,1,1,7,3,278,3,0,10,1,6,29,1,72,11,71,3,2018,1,1,64,21,3,0
1,1,3,5,8,496,1,1,45,2,5,68,0,25,37,20,5,2021,2,2,43,29,42,1
0,3,2,7,4,1162,12,1,38,3,6,29,0,57,6,49,7,2025,0,5,5,36,37,0
1,1,3,8,5,474,1,0,37,2,4,87,0,38,41,31,8,2025,2,3,46,28,35,1
1,1,5,8,5,412,10,1,27,2,0,28,0,38,41,31,5,2025,2,1,46,25,30,0
1,1,3,6,5,108,2,1,15,1,3,102,0,28,0,80,5,2025,1,3,6,9,18,1
1,1,5,4,6,643,11,1,6,2,6,27,3,59,12,52,4,2019,2,0,9,19,22,0
2,3,2,5,5,209,12,0,18,2,6,102,1,71,41,68,5,2025,2,1,46,28,1,0
0,1,6,4,5,434,7,1,18,1,6,36,2,59,41,52,5,2016,1,0,46,9,1,0
2,1,2,5,5,89,11,1,55,1,4,6,0,68,55,63,5,2024,1,5,54,28,55,1
0,1,2,7,5,405,11,0,31,1,4,8,0,57,20,49,7,2018,1,1,25,30,32,0
0,3,3,4,5,313,2,1,27,1,0,9,0,4,41,5,5,2022,1,4,46,33,30,0
3,1,2,2,5,941,6,1,17,1,3,26,0,1,41,2,5,2021,1,3,46,9,19,1
2,1,2,5,5,130,10,1,27,1,0,50,0,27,41,24,5,2025,1,4,46,2,30,0
3,0,1,1,5,610,4,0,2,1,0,35,0,80,41,77,1,2024,1,3,46,2,2,0
3,3,2,3,5,516,12,1,40,1,5,43,0,64,41,11,5,2024,1,1,46,31,39,0
3,1,1,3,5,954,6,1,10,2,3,75,0,64,41,11,3,2025,2,1,46,9,3,1
0,0,2,0,5,441,4,1,55,1,2,50,0,60,63,56,5,2024,1,4,68,2,55,1
0,0,4,4,5,766,1,0,16,2,1,28,1,39,41,32,4,2020,2,1,46,13,41,1
0,1,3,4,5,311,3,1,13,1,5,72,0,30,41,25,5,2020,1,1,46,28,16,0
3,1,1,3,5,967,10,1,54,2,4,48,1,33,41,28,5,2015,2,5,46,9,34,0
0,2,1,8,4,541,9,1,49,1,1,38,0,51,64,17,8,2019,1,3,29,13,53,0
0,2,1,4,5,875,10,1,16,2,6,71,0,5,68,6,4,2023,2,5,71,28,41,1
3,1,1,1,5,1181,6,1,27,2,6,12,0,63,41,18,5,2025,0,4,46,2,30,0
1,1,2,8,5,230,12,1,18,1,6,17,0,43,68,37,5,2025,1,1,71,2,1,1
0,1,1,7,5,691,8,0,27,2,0,64,0,70,41,27,5,2024,2,0,46,30,30,1
0,1,1,4,5,901,4,0,55,2,2,55,0,59,50,52,5,2020,2,1,55,13,55,1
0,0,1,7,5,765,3,1,17,2,5,70,0,72,41,71,5,2022,2,2,46,24,19,0
0,0,4,4,5,600,1,1,15,2,2,3,0,49,0,44,5,2022,0,4,6,9,18,0
1,1,2,8,5,305,11,1,27,1,4,2,0,20,41,19,5,2019,1,1,46,2,30,1
1,0,2,8,5,522,1,1,27,2,3,3,0,12,41,13,5,2023,0,2,46,22,30,0
0,1,2,0,5,927,4,1,27,2,4,53,1,0,41,1,5,2015,2,0,46,20,30,0
0,1,6,4,5,316,2,1,20,1,2,69,3,18,41,60,5,2018,1,2,46,31,21,1
1,1,2,8,5,426,9,1,4,2,5,4,1,12,41,13,8,2024,2,5,46,29,5,1
0,3,2,7,5,421,11,0,18,1,2,33,0,57,41,49,5,2019,1,2,46,24,1,1
3,0,2,3,5,505,6,1,24,1,0,20,1,33,41,28,3,2021,1,1,46,31,29,0
0,1,2,7,5,1257,2,1,15,3,0,59,0,70,41,27,5,2024,0,1,46,31,18,1
1,1,3,8,5,1110,10,1,45,3,5,40,0,73,41,70,5,2016,0,2,46,9,42,1
1,1,4,6,5,320,1,1,40,2,5,92,2,9,41,12,5,2022,2,3,46,16,39,1
1,2,6,8,5,443,12,1,18,2,1,64,0,22,41,22,5,2024,2,1,46,14,1,1
0,0,3,8,6,1122,11,1,49,3,1,20,1,14,10,54,8,2024,0,1,15,8,53,1
0,0,4,0,5,694,10,1,54,2,0,62,1,44,41,38,5,2023,2,3,46,31,34,1
0,1,2,0,5,1171,7,1,27,3,2,53,1,42,41,36,5,2018,0,4,46,31,30,1
1,0,2,6,5,215,8,1,15,1,2,50,0,15,41,10,5,2024,1,3,46,28,18,0
0,0,3,5,0,1521,5,1,13,3,1,58,1,7,38,47,5,2018,0,1,44,20,16,1
0,1,1,0,5,495,1,1,54,1,1,15,1,60,55,56,5,2019,1,3,54,31,34,1
1,1,3,8,5,599,7,1,17,2,1,80,1,43,41,37,5,2022,2,1,46,29,19,0
1,2,1,8,5,544,8,1,4,2,4,10,0,35,41,30,8,2017,2,1,46,2,5,0
2,3,1,5,5,105,11,1,27,1,5,46,1,6,41,0,5,2025,1,3,46,30,30,0
0,2,5,7,5,775,11,1,54,2,6,42,1,19,0,34,5,2025,2,2,6,24,34,1
0,2,2,7,5,743,2,1,18,2,1,3,0,11,41,8,5,2025,2,3,46,15,1,0
0,1,2,4,5,346,3,1,35,1,3,49,1,18,41,60,4,2019,1,5,46,9,8,1
0,1,2,5,4,427,12,1,17,1,6,10,0,25,52,20,5,2018,1,5,59,37,19,0
0,1,1,7,5,358,6,1,5,1,4,48,1,45,35,40,7,2025,1,2,40,22,6,1
0,1,2,4,5,395,4,0,13,1,4,54,1,52,41,46,5,2017,1,0,46,9,16,1
0,3,2,4,5,421,4,1,22,1,3,74,0,39,41,32,4,2018,1,2,46,30,23,0
1,1,3,8,5,259,7,0,27,1,4,77,1,43,41,37,5,2016,1,1,46,29,30,1
0,1,2,7,5,398,2,1,17,1,2,73,1,19,41,34,5,2023,1,5,46,9,19,1
0,1,2,4,5,746,9,1,54,2,5,39,1,53,41,48,5,2025,2,4,46,30,34,0
1,1,5,8,5,507,6,1,45,2,6,4,1,22,63,22,5,2023,2,1,68,30,42,0
1,1,3,8,5,470,8,1,45,2,0,13,0,43,63,37,5,2023,2,0,68,14,42,1
1,1,2,8,5,565,10,1,27,2,5,63,2,73,41,70,5,2023,2,2,46,34,30,0
3,1,2,3,5,473,2,1,24,1,6,52,1,37,41,66,3,2025,1,5,46,2,29,1
1,1,2,6,5,316,1,1,54,2,4,72,0,74,41,69,5,2017,2,3,46,16,34,0
1,1,1,8,5,485,2,1,54,2,1,36,0,73,41,70,5,2025,2,3,46,9,34,1
0,0,1,5,4,918,5,0,25,2,5,50,1,6,33,0,4,2019,2,5,69,31,27,1
1,1,2,8,5,224,2,1,27,1,1,39,0,48,41,43,5,2017,1,3,46,30,30,0
1,1,6,8,5,453,2,1,4,2,1,61,1,24,41,58,8,2017,2,3,46,31,5,1
0,0,2,1,2,302,6,0,48,1,1,12,1,36,72,79,1,2021,1,3,75,6,50,0
1,1,6,8,5,283,5,1,17,1,4,17,0,48,24,43,5,2023,1,0,27,25,19,0
3,1,2,2,5,1226,10,1,18,2,5,18,1,56,41,51,5,2024,0,1,46,2,1,1
0,3,3,4,8,1072,1,1,18,2,4,91,0,29,37,64,5,2017,2,3,43,29,1,0
0,1,3,6,0,429,8,1,21,1,0,26,0,15,42,10,6,2023,1,1,50,10,25,1
1,0,2,6,5,348,6,0,32,2,5,60,1,16,20,15,6,2021,2,1,25,30,15,0
1,1,1,8,5,592,1,1,55,2,6,88,1,38,23,31,5,2020,2,1,26,31,55,1
0,0,2,0,3,720,3,1,11,2,0,158,0,0,66,1,3,2025,2,3,37,10,11,0
0,1,4,4,5,750,10,1,7,2,4,41,2,49,47,44,4,2025,2,2,7,30,10,1
0,0,3,7,5,696,12,1,15,2,0,88,1,11,41,8,5,2019,2,5,46,15,18,0
3,1,5,1,5,1505,2,0,1,2,6,70,1,80,41,77,1,2025,2,2,46,4,7,0
0,1,2,0,5,314,7,1,18,1,2,75,1,42,41,36,5,2019,1,5,46,9,1,0
0,1,4,2,8,730,2,1,49,2,3,18,0,13,54,14,8,2025,2,1,14,3,53,1
0,0,3,8,6,768,10,1,43,2,4,50,0,35,75,30,8,2024,2,0,77,16,45,1
0,1,5,0,5,882,5,1,13,2,2,6,0,0,41,1,5,2024,2,5,46,30,16,1
0,1,2,8,4,473,1,1,8,1,0,46,1,22,25,22,8,2018,1,2,30,3,9,0
0,1,4,4,5,420,8,1,27,1,4,66,0,59,41,52,5,2019,1,2,46,9,30,0
0,1,3,8,4,1127,4,0,4,2,2,13,0,51,25,17,8,2025,2,3,30,12,5,0
1,0,2,8,5,183,12,1,4,1,2,2,1,12,41,13,8,2024,1,5,46,2,5,0
1,0,5,8,5,185,12,1,4,1,1,21,1,73,41,70,8,2016,1,2,46,9,5,0
0,0,2,7,0,679,4,1,46,2,5,100,0,45,3,40,7,2025,2,5,2,15,48,1
1,0,1,6,5,125,11,0,40,1,3,22,0,10,20,7,5,2025,1,3,25,9,39,0
0,1,1,4,5,804,9,1,27,2,3,12,0,53,55,48,5,2016,2,1,54,33,30,1
2,1,5,5,5,179,5,1,17,2,3,37,2,68,41,63,5,2017,2,2,46,28,19,1
0,0,6,4,5,850,8,0,17,2,3,59,2,8,41,9,5,2019,2,1,46,31,19,0
1,3,5,8,5,294,3,1,17,1,0,51,1,35,24,30,5,2020,1,5,27,22,19,1
1,1,5,6,5,386,6,1,20,2,5,65,2,3,0,4,5,2019,2,2,6,30,21,1
0,1,3,4,5,446,12,0,15,1,0,54,1,29,41,64,5,2015,1,1,46,37,18,1
2,1,4,5,5,73,5,0,55,1,4,42,0,68,47,63,5,2016,1,1,7,2,55,0
0,0,2,4,5,378,2,1,17,1,1,56,1,49,41,44,5,2024,1,2,46,13,19,0
0,0,3,7,5,768,1,0,27,2,5,14,0,19,41,34,5,2019,2,1,46,9,30,0
0,0,2,4,2,793,3,1,51,2,5,36,0,8,61,9,2,2022,2,3,65,1,52,0
1,1,5,8,5,243,2,1,4,1,1,85,0,14,41,54,8,2022,1,2,46,3,5,0
2,1,3,5,5,82,7,1,13,1,3,19,0,54,41,55,5,2022,1,4,46,22,16,1
0,1,1,4,5,783,1,1,18,2,5,3,1,8,41,9,5,2025,2,5,46,28,1,1
2,1,3,5,5,236,2,0,27,2,1,27,2,54,41,55,5,2018,2,2,46,28,30,1
2,3,2,5,5,90,5,0,45,1,4,40,1,54,20,55,5,2023,1,3,25,2,42,0
2,0,2,5,5,188,5,1,27,2,4,9,1,26,41,23,5,2022,2,3,46,22,30,1
0,0,1,7,5,708,9,0,18,2,2,7,0,57,50,49,5,2017,2,1,55,36,1,0
1,0,1,8,5,452,12,0,27,2,1,1,1,17,41,39,5,2016,2,3,46,34,30,0
0,0,2,2,3,615,10,1,23,2,1,4,0,13,11,14,2,2018,2,5,64,18,26,0
0,3,5,4,5,499,11,1,35,1,6,32,2,79,41,78,4,2024,1,2,46,31,8,1
0,1,3,1,6,653,9,0,32,2,0,24,1,41,10,59,6,2016,0,4,15,4,15,1
0,1,2,4,5,339,7,1,28,1,2,91,1,49,41,44,4,2022,1,3,46,37,31,1
0,3,2,6,2,377,11,0,51,1,3,16,1,9,72,12,2,2015,1,3,75,26,52,1
1,1,3,8,5,185,7,1,8,1,6,48,2,22,41,22,8,2018,1,4,46,31,9,0
2,0,5,5,5,943,12,1,45,3,4,83,2,54,50,55,5,2016,0,3,55,9,42,1
2,1,1,5,5,214,8,1,13,2,4,22,1,26,55,23,5,2025,2,1,54,9,16,0
3,2,2,3,5,997,8,0,27,2,0,40,1,64,41,11,5,2020,2,1,46,2,30,1
1,0,2,5,6,136,11,1,41,1,3,7,1,27,15,24,6,2016,1,1,16,8,40,1
0,1,2,7,5,717,12,1,40,2,6,38,0,72,41,71,5,2018,2,3,46,22,39,0
0,1,1,5,0,745,12,0,40,2,0,67,1,40,21,35,5,2021,2,2,23,27,39,1
3,3,1,2,5,1598,10,1,18,2,3,54,0,75,41,72,5,2016,2,1,46,22,1,1
2,1,3,5,5,170,8,1,55,2,1,13,0,68,41,63,5,2018,2,1,46,30,55,1
0,1,2,4,5,836,4,1,17,2,5,4,1,29,24,64,5,2016,2,1,27,2,19,1
1,3,5,8,5,472,1,1,4,2,0,9,0,12,41,13,8,2023,2,3,46,2,5,1
2,1,1,5,5,78,1,0,15,1,2,47,1,6,41,0,5,2025,1,1,46,28,18,0
3,1,1,2,5,1794,11,0,55,2,4,14,1,65,41,61,5,2018,2,5,46,22,55,0
1,2,2,8,5,198,5,1,27,1,6,55,0,51,41,17,5,2019,1,2,46,28,30,1
2,1,5,5,5,177,10,1,45,2,4,44,2,25,41,20,5,2022,2,0,46,31,42,1
1,3,1,8,5,424,12,1,45,2,2,85,0,48,50,43,5,2023,2,5,55,9,42,0
0,1,4,8,3,800,6,1,15,2,0,33,2,58,67,53,5,2021,2,1,67,21,18,1
2,0,1,5,5,185,6,1,40,2,5,63,1,25,41,20,5,2023,2,3,46,31,39,1
1,2,2,8,5,389,11,1,13,2,5,88,1,38,41,31,5,2024,2,0,46,22,16,0
1,1,3,8,5,516,9,0,40,2,1,67,0,12,41,13,5,2023,2,0,46,14,39,1
1,1,1,5,6,191,10,1,32,1,0,40,0,68,80,63,6,2024,1,1,28,2,15,0
1,1,3,8,5,293,7,0,55,1,0,15,1,58,41,53,5,2024,1,1,46,28,55,0
1,3,2,8,5,542,1,0,45,2,4,70,1,20,41,19,5,2023,2,2,46,28,42,1
0,1,1,4,5,488,8,1,35,1,4,48,1,39,41,32,4,2022,1,3,46,31,8,1
1,1,6,8,5,545,11,1,50,2,5,21,2,14,41,54,8,2022,2,5,46,22,46,1
1,1,3,6,5,299,11,1,27,2,6,30,0,15,41,10,5,2025,2,1,46,22,30,1
1,0,2,8,5,497,12,1,49,2,3,61,0,35,41,30,8,2019,2,2,46,9,53,1
0,0,4,4,5,573,7,1,45,2,4,59,0,18,47,60,5,2018,0,4,7,17,42,1
0,1,2,7,1,686,12,1,52,2,0,1,0,70,45,27,7,2025,2,1,47,0,51,0
1,1,6,8,5,510,2,1,0,2,3,44,2,17,41,39,8,2023,2,1,46,25,24,1
0,1,3,4,8,996,11,1,0,2,0,86,0,29,39,64,8,2017,2,2,17,33,24,0
0,1,2,5,4,903,1,0,15,2,2,117,1,55,78,50,5,2016,2,2,79,12,18,1
0,0,3,7,1,930,2,1,38,2,3,108,2,45,45,40,7,2023,0,5,47,24,37,1
1,1,2,8,5,265,6,1,37,1,6,74,1,38,0,31,8,2021,1,2,6,28,35,0
1,1,1,8,5,528,12,0,27,2,1,23,1,20,41,19,5,2018,2,0,46,31,30,0
1,1,6,8,5,465,5,1,49,2,2,47,0,48,41,43,8,2023,2,3,46,14,53,1
0,3,4,0,5,346,1,1,45,1,3,79,2,60,41,56,5,2018,1,3,46,28,42,1
0,1,1,8,6,358,7,1,21,1,5,54,0,58,7,53,6,2022,1,4,10,19,25,0
0,0,3,6,6,283,2,1,21,1,0,24,1,16,7,15,6,2022,1,1,10,19,25,0
1,1,1,8,5,432,4,1,27,2,2,20,0,35,41,30,5,2025,2,1,46,25,30,0
1,1,5,8,5,229,12,1,27,1,1,61,0,14,41,54,5,2017,1,0,46,9,30,1
0,0,2,4,5,767,6,1,35,2,6,2,0,29,41,64,4,2017,2,3,46,28,8,0
1,1,3,6,5,391,3,0,54,2,3,8,0,28,41,80,5,2025,2,1,46,19,34,0
0,1,4,7,5,682,11,1,27,2,1,38,3,57,41,49,5,2025,2,4,46,36,30,1
0,2,1,4,5,832,2,1,27,2,3,56,1,69,41,33,5,2018,2,1,46,37,30,1
0,1,1,0,5,443,9,1,40,1,5,33,1,0,41,1,5,2025,1,2,46,22,39,0
1,1,2,8,5,197,8,1,54,1,0,88,0,12,41,13,5,2025,1,4,46,29,34,0
0,2,3,8,2,974,7,1,51,2,2,109,0,43,51,37,2,2017,2,1,56,29,52,1
0,3,2,7,5,645,10,1,45,2,6,36,0,45,20,40,5,2017,2,0,25,28,42,1
1,0,1,8,5,637,9,0,55,2,6,70,0,58,63,53,5,2020,0,1,68,22,55,0
0,1,2,6,1,705,1,1,30,2,0,80,1,76,45,74,6,2019,2,5,47,6,33,0
0,1,2,7,5,684,1,1,19,2,1,31,0,19,41,34,7,2023,2,4,46,9,20,1
0,1,3,6,2,787,2,1,54,2,5,96,0,16,2,15,5,2024,2,0,1,35,34,0
1,1,3,6,5,125,3,1,17,1,4,17,0,34,41,29,5,2023,1,4,46,30,19,0
1,1,1,8,5,460,2,1,8,2,6,91,0,35,0,30,8,2022,2,2,6,22,9,0
0,1,3,5,4,720,11,1,22,2,2,14,0,7,52,47,4,2022,0,4,59,33,23,1
1,2,2,8,5,585,7,0,4,2,3,22,0,24,23,58,8,2025,2,4,26,3,5,0
1,1,3,8,5,528,2,1,45,2,6,27,2,43,50,37,5,2017,2,3,55,31,42,0
1,1,1,8,5,201,10,1,17,1,0,94,1,66,41,62,5,2024,1,4,46,28,19,1
2,1,1,8,8,264,9,1,43,2,1,55,0,17,53,39,8,2023,2,1,58,14,45,1
0,0,2,4,5,759,5,0,28,2,6,7,1,30,41,25,4,2024,2,0,46,37,31,1
1,1,2,8,5,231,5,0,13,1,6,123,1,14,20,54,5,2023,1,2,25,2,16,0
0,2,1,3,1,615,8,0,2,2,2,49,0,62,77,76,1,2025,2,4,80,0,2,0
0,0,3,4,5,669,7,1,20,2,2,13,1,79,41,78,5,2022,2,1,46,30,21,1
0,0,2,7,8,994,9,1,49,2,5,79,0,45,58,40,8,2022,2,3,24,25,53,0
1,1,3,6,5,283,11,1,27,2,5,7,0,77,41,75,5,2023,2,2,46,9,30,0
3,0,5,3,5,1245,11,0,40,3,2,37,1,67,23,67,5,2025,0,3,26,31,39,0
0,1,3,7,5,379,9,1,17,1,3,30,1,72,41,71,5,2015,1,2,46,28,19,1
0,1,2,4,7,867,2,1,29,2,2,38,0,8,8,9,4,2025,2,2,11,36,47,1
1,0,3,8,5,500,11,1,27,2,3,28,0,17,41,39,5,2025,2,1,46,31,30,0
1,1,2,6,5,216,5,1,17,1,6,81,1,76,24,74,5,2018,1,2,27,23,19,1
1,0,5,8,5,493,8,1,15,2,1,70,0,66,41,62,5,2021,2,1,46,3,18,1
0,0,3,0,6,762,4,1,32,2,0,87,1,50,74,42,6,2023,2,1,76,16,15,0
1,1,3,5,8,257,8,0,13,1,2,67,0,27,62,24,5,2023,1,2,66,34,16,0
1,0,2,8,5,442,4,1,50,2,5,44,1,58,41,53,8,2022,2,2,46,31,46,1
0,3,2,0,5,340,11,1,26,1,2,11,0,21,41,16,0,2024,1,5,46,22,28,0
1,0,5,8,5,596,5,1,13,2,4,13,0,17,24,39,5,2017,2,3,27,34,16,1
0,3,4,4,5,384,8,1,6,1,3,26,2,29,41,64,4,2023,1,5,46,30,22,1
1,1,4,8,5,307,12,1,40,1,3,57,1,35,41,30,5,2021,1,1,46,34,39,1
0,1,1,0,8,277,12,0,8,1,4,27,0,50,53,42,8,2022,1,1,58,3,9,1
0,0,2,4,5,836,11,0,15,2,0,4,0,30,41,25,5,2025,2,3,46,30,18,0
0,3,3,4,5,357,3,1,7,1,3,46,0,69,0,33,4,2019,1,3,6,31,10,1
0,1,1,4,5,811,6,1,47,2,6,48,0,79,41,78,4,2025,2,1,46,5,49,1
2,1,2,5,5,71,8,0,45,1,4,47,2,55,41,50,5,2023,1,4,46,31,42,1
0,0,1,3,7,339,6,0,38,1,4,24,0,78,40,73,7,2018,1,5,45,18,37,0
1,0,6,8,5,245,7,1,37,1,1,17,2,17,41,39,8,2021,1,2,46,14,35,0
1,1,1,8,5,593,4,1,20,2,3,10,1,12,41,13,5,2024,2,1,46,9,21,0
1,1,3,8,5,284,9,1,8,1,4,98,1,43,41,37,8,2023,1,5,46,25,9,0
1,1,3,8,5,520,1,1,55,2,4,38,1,38,63,31,5,2019,2,5,68,9,55,0
0,1,1,4,5,741,10,1,27,2,0,95,0,4,41,5,5,2022,2,1,46,17,30,0
1,0,3,6,5,338,4,0,13,2,6,15,1,16,24,15,5,2017,2,1,27,2,16,1
0,1,2,0,5,687,6,1,45,2,4,18,0,50,41,42,5,2016,2,1,46,22,42,1
0,1,2,4,5,489,4,1,3,1,2,76,2,18,41,60,4,2019,1,0,46,2,4,0
0,1,3,7,5,303,1,1,18,1,2,62,0,57,41,49,5,2025,1,1,46,24,1,0
3,2,6,3,5,1042,8,1,55,2,6,16,5,78,63,73,5,2024,2,2,68,2,55,1
1,2,2,8,5,192,10,1,27,1,6,22,0,12,41,13,5,2024,1,3,46,22,30,0
0,1,3,4,5,770,2,0,45,2,0,52,0,79,41,78,5,2024,2,1,46,12,42,1
0,3,5,4,5,429,10,1,22,1,6,3,0,8,50,9,4,2024,1,0,55,37,23,0
1,1,4,8,5,221,1,1,37,1,3,80,1,73,41,70,8,2018,1,3,46,2,35,1
0,0,5,8,1,706,9,1,12,2,3,58,1,20,59,19,1,2023,2,1,41,6,13,1
1,3,2,8,5,596,8,0,4,2,2,79,1,35,41,30,8,2019,2,3,46,30,5,1
0,1,3,4,5,815,8,0,54,2,5,29,1,79,41,78,5,2015,2,0,46,17,34,0
1,1,3,6,5,413,10,0,17,2,5,30,1,28,41,80,5,2019,2,1,46,28,19,1
3,3,2,3,5,578,1,1,34,1,4,15,1,62,41,76,3,2019,1,5,46,28,0,0
0,1,5,0,5,382,7,1,27,1,6,47,2,50,41,42,5,2019,1,1,46,20,30,1
0,3,2,4,5,359,8,0,35,1,4,90,1,18,41,60,4,2019,1,1,46,28,8,0
0,1,4,4,5,433,1,0,3,1,1,25,0,5,41,6,4,2015,1,1,46,12,4,1
0,1,2,4,8,456,8,0,0,1,4,29,0,18,58,60,8,2019,1,4,24,34,24,1
1,0,4,8,5,547,9,1,49,2,5,29,0,35,68,30,8,2023,2,2,71,9,53,1
1,0,1,6,5,122,12,0,13,1,1,54,0,76,41,74,5,2016,1,3,46,9,16,0
1,1,6,8,5,522,7,1,37,2,2,18,1,58,41,53,8,2025,2,1,46,30,35,1
1,1,2,8,5,462,1,1,0,2,2,20,0,14,47,54,8,2025,2,3,7,22,24,1
1,1,2,8,5,250,5,1,43,1,2,41,1,17,41,39,8,2019,1,0,46,14,45,1
2,1,3,4,4,224,7,0,16,2,2,52,0,52,44,46,4,2024,2,3,49,37,41,1
1,3,5,8,5,557,7,0,0,2,0,34,1,24,41,58,8,2021,2,1,46,34,24,0
1,0,2,8,5,476,5,0,4,2,3,59,0,17,41,39,8,2025,2,3,46,2,5,0
0,0,2,4,5,773,7,1,20,2,2,84,0,5,41,6,5,2024,2,3,46,28,21,1
1,0,4,8,5,501,7,1,4,2,6,38,0,51,41,17,8,2023,2,3,46,29,5,0
1,1,1,6,5,161,10,0,27,1,3,108,1,15,41,10,5,2020,1,2,46,9,30,0
1,1,4,8,5,308,6,1,4,1,5,86,2,24,41,58,8,2015,1,0,46,30,5,1
1,1,2,8,5,486,11,1,54,2,0,5,0,20,41,19,5,2023,2,3,46,9,34,0
0,2,5,4,5,423,5,0,16,1,5,78,2,53,0,48,4,2016,1,1,6,5,41,0
1,1,2,8,5,205,5,1,27,1,2,32,0,38,41,31,5,2015,1,5,46,30,30,1
1,1,6,6,5,402,3,1,27,2,2,34,0,28,41,80,5,2017,2,5,46,8,30,0
0,1,1,0,5,307,10,0,26,1,0,59,1,60,41,56,0,2016,1,5,46,27,28,0
1,0,3,8,5,557,9,1,4,2,6,47,1,35,41,30,8,2024,2,1,46,31,5,1
1,1,3,6,5,357,10,0,40,2,5,75,1,76,41,74,5,2023,0,3,46,31,39,1
0,1,3,8,4,1467,11,1,47,3,1,34,1,43,25,37,4,2025,0,1,30,12,49,1
0,1,2,4,5,705,4,1,16,2,3,28,0,8,0,9,4,2023,2,3,6,28,41,0
0,1,1,7,4,261,9,0,25,1,0,19,1,72,46,71,4,2021,1,3,52,13,27,1
1,2,2,8,5,513,8,1,45,2,1,70,1,14,41,54,5,2024,2,1,46,25,42,1
0,0,5,7,5,840,9,1,44,2,5,18,1,72,41,71,7,2019,0,3,46,9,43,0
1,1,3,6,5,176,8,1,27,1,5,12,1,76,41,74,5,2018,1,5,46,22,30,0
1,1,5,8,5,284,8,0,4,1,1,18,1,35,41,30,8,2015,1,1,46,2,5,0
0,2,3,4,5,399,3,1,27,1,4,63,0,69,41,33,5,2016,1,2,46,28,30,1
0,1,5,4,5,974,3,0,54,3,0,69,2,4,41,5,5,2016,0,2,46,2,34,1
0,1,1,4,5,909,8,0,40,2,0,63,0,79,41,78,5,2024,2,2,46,9,39,0
0,1,1,8,0,492,5,1,14,1,4,54,0,20,3,19,0,2022,1,3,2,32,17,1
0,1,6,4,5,354,6,1,54,1,2,76,0,4,41,5,5,2017,1,0,46,12,34,0
1,1,6,8,5,433,8,0,13,2,3,41,2,51,41,17,5,2021,2,4,46,9,16,1
0,1,1,4,5,954,12,1,13,2,6,51,0,79,41,78,5,2019,2,3,46,33,16,1
2,1,1,8,8,281,12,1,37,2,3,84,0,24,37,58,8,2025,2,1,43,34,35,1
0,1,3,0,5,949,6,1,54,2,2,37,0,50,41,42,5,2022,2,5,46,30,34,1
0,0,4,4,5,833,4,1,27,2,6,48,2,69,63,33,5,2022,2,0,68,28,30,0
0,3,5,8,0,536,9,1,4,2,1,11,1,12,3,13,8,2019,2,3,2,25,5,0
1,1,2,8,5,595,3,1,27,2,3,87,0,14,41,54,5,2017,2,3,46,34,30,0
0,1,1,5,4,621,11,1,13,2,0,9,0,25,33,20,5,2016,2,4,69,5,16,0
2,0,2,5,5,62,7,0,27,1,5,38,0,25,41,20,5,2025,1,1,46,9,30,1
1,3,1,6,5,376,6,1,32,2,1,12,0,15,41,10,6,2020,2,3,46,2,15,1
1,1,2,6,5,145,2,1,45,1,1,179,0,15,23,10,5,2022,1,3,26,30,42,1
0,1,5,7,1,898,9,1,46,2,0,15,1,45,59,40,7,2015,2,4,41,4,48,1
1,3,3,6,5,334,5,1,13,2,4,5,2,77,41,75,5,2023,2,5,46,28,16,0
0,3,3,0,0,791,2,1,26,2,0,27,1,0,16,1,0,2019,2,1,21,20,28,1
0,0,1,7,6,755,8,1,54,2,6,84,0,32,80,26,5,2017,2,3,28,35,34,1
0,1,6,4,5,804,5,0,27,2,4,10,1,49,41,44,5,2024,2,5,46,28,30,1
0,1,5,0,5,727,7,1,15,2,3,19,1,50,41,42,5,2025,2,1,46,28,18,1
0,0,2,4,5,862,4,1,27,2,5,68,1,5,41,6,5,2019,0,3,46,30,30,0
0,1,3,4,5,356,11,1,6,1,3,82,1,29,41,64,4,2016,1,1,46,13,22,1
0,1,2,7,5,779,3,1,46,2,6,102,0,11,41,8,7,2016,2,4,46,2,48,0
1,1,2,8,5,266,4,1,18,1,3,32,0,17,41,39,5,2016,1,3,46,3,1,1
0,3,5,0,0,880,11,1,14,2,5,46,0,2,1,3,0,2019,2,4,0,27,17,0
3,1,1,3,5,929,8,1,45,2,1,15,1,64,35,11,5,2021,2,3,40,28,42,1
1,1,2,6,5,414,5,1,45,2,2,25,0,9,41,12,5,2023,2,5,46,22,42,1
0,1,2,0,5,347,4,1,20,1,6,25,1,23,24,21,5,2015,1,3,27,22,21,0
1,3,3,6,5,232,9,1,27,1,5,64,2,76,41,74,5,2019,1,0,46,9,30,1
0,1,1,4,5,908,9,1,3,2,5,47,0,30,47,25,4,2018,2,3,7,28,4,0
1,0,2,6,5,419,11,1,27,2,6,62,1,77,41,75,5,2025,2,3,46,30,30,0
1,1,4,8,5,451,8,1,45,2,4,56,2,73,41,70,5,2016,2,0,46,29,42,1
1,1,1,8,5,500,2,1,27,2,4,27,0,38,41,31,5,2024,2,4,46,2,30,1
2,1,5,5,5,115,8,1,18,1,2,89,1,6,41,0,5,2023,1,3,46,22,1,1
2,0,2,5,5,115,9,1,27,1,5,79,0,25,41,20,5,2017,1,3,46,28,30,0
3,1,5,3,5,441,10,1,17,1,5,136,3,62,24,76,5,2016,1,3,27,22,19,0
0,1,1,0,0,677,9,1,42,2,6,4,0,21,36,16,0,2023,2,4,42,27,44,1
3,1,2,2,5,1790,3,1,13,2,5,3,0,13,35,14,5,2021,2,1,40,9,16,1
1,1,3,6,5,110,12,1,41,1,1,41,0,9,41,12,6,2021,1,0,46,19,40,1
0,2,3,3,8,808,4,1,37,2,5,43,1,37,37,66,8,2020,2,5,43,25,35,0
1,1,2,8,5,442,8,0,13,2,2,62,1,66,41,62,5,2019,2,1,46,30,16,1
1,1,2,6,4,240,5,1,7,1,6,17,0,76,9,74,4,2024,1,0,8,35,10,1
3,1,4,3,5,1163,4,1,15,2,2,25,2,37,63,66,5,2023,2,1,68,30,18,1
3,1,3,1,5,648,1,1,15,1,5,35,2,31,41,65,5,2022,1,3,46,4,18,0
0,3,2,0,5,807,6,1,17,2,6,104,1,60,41,56,5,2022,2,4,46,22,19,0
0,1,2,7,5,1137,3,1,45,3,6,18,1,72,50,71,5,2019,0,0,55,24,42,0
2,1,4,4,4,210,12,1,25,2,1,11,2,8,5,9,4,2022,2,2,4,13,27,0
0,1,1,4,5,731,10,0,27,3,4,8,1,5,41,6,5,2024,0,5,46,31,30,0
0,0,2,4,5,1039,4,0,45,3,3,37,0,5,50,6,5,2022,0,2,55,2,42,1
0,1,3,0,5,817,7,1,27,2,2,31,1,2,41,3,5,2024,2,2,46,27,30,0
2,1,3,5,5,84,5,1,45,1,4,47,1,26,47,23,5,2016,1,0,7,28,42,1
0,0,1,7,5,758,1,1,27,2,1,65,0,70,41,27,5,2021,2,1,46,2,30,1
0,1,1,3,8,749,11,0,49,2,2,105,0,62,53,76,8,2019,2,1,58,3,53,0
1,3,4,8,5,266,8,1,27,1,6,44,1,73,41,70,5,2022,1,3,46,28,30,0
0,1,3,7,5,828,1,0,45,2,2,49,0,11,20,8,5,2025,2,5,25,2,42,1
0,1,3,4,5,716,8,0,25,2,4,26,1,4,41,5,4,2020,2,3,46,33,27,0
1,1,2,6,5,393,7,1,40,2,5,9,0,28,41,80,5,2024,2,1,46,31,39,0
0,1,3,4,5,1278,4,1,54,3,1,1,1,18,41,60,5,2024,0,4,46,28,34,1
1,0,2,8,5,450,12,1,45,2,3,53,1,73,50,70,5,2022,2,1,55,31,42,0
1,1,2,8,5,493,1,1,13,2,1,17,1,51,41,17,5,2022,2,2,46,28,16,0
2,1,4,5,5,191,10,1,18,2,4,38,1,6,20,0,5,2024,2,1,25,9,1,1
1,1,3,8,5,418,3,1,45,2,3,56,2,73,41,70,5,2024,2,5,46,28,42,1
3,1,1,3,5,987,10,1,54,2,2,46,0,64,35,11,5,2019,2,2,40,21,34,1
0,1,2,4,7,298,2,1,19,1,1,25,0,18,26,60,7,2024,1,5,32,13,20,0
0,1,3,7,5,346,12,1,40,1,5,45,1,19,41,34,5,2022,1,5,46,28,39,0
0,0,1,7,1,803,1,1,31,2,3,35,0,57,59,49,7,2025,2,0,41,11,32,1
3,1,5,3,5,481,12,1,45,1,6,64,1,37,41,66,5,2024,1,3,46,2,42,1
3,1,2,3,5,1062,5,1,15,2,0,64,0,37,35,66,5,2022,2,3,40,30,18,0
2,1,5,2,2,415,10,1,23,2,0,99,1,56,61,51,2,2023,2,1,65,1,26,1
0,1,4,4,5,791,7,1,27,2,1,41,0,18,41,60,5,2018,2,1,46,5,30,0
3,3,2,2,5,1707,11,1,54,2,2,5,0,75,41,72,5,2022,2,2,46,26,34,0
2,1,4,5,5,145,3,1,54,2,1,68,2,27,41,24,5,2017,2,4,46,9,34,1
1,0,4,6,5,162,4,1,32,1,1,30,0,16,55,15,6,2022,1,1,54,22,15,0
3,0,1,3,5,922,9,1,27,2,4,10,0,67,41,67,5,2023,2,4,46,31,30,0
0,2,3,7,5,429,10,0,54,1,4,17,1,45,41,40,5,2021,1,1,46,36,34,0
0,0,2,3,8,483,3,1,43,1,6,12,1,62,58,76,8,2022,1,5,24,34,45,1
1,1,4,5,8,301,11,1,49,1,0,54,0,6,58,0,8,2019,1,1,24,14,53,0
1,2,2,8,5,487,4,1,54,2,0,65,1,14,23,54,5,2021,2,2,26,14,34,0
1,1,5,8,5,599,4,0,27,2,0,27,1,24,63,58,5,2023,0,5,68,31,30,1
1,0,2,8,5,199,11,1,15,1,2,66,0,43,41,37,5,2022,1,2,46,28,18,1
3,3,4,2,5,884,1,1,39,1,5,40,1,75,41,72,2,2016,1,3,46,31,38,1
1,1,3,8,5,194,10,0,20,1,6,49,1,66,41,62,5,2022,1,3,46,25,21,0
0,1,3,0,5,335,10,0,26,1,2,42,0,60,41,56,0,2015,1,1,46,10,28,0
0,1,4,7,5,445,10,1,52,1,2,85,3,32,41,26,7,2024,1,3,46,9,51,1
0,3,3,4,3,277,1,1,11,1,2,61,1,18,28,60,3,2022,1,4,33,21,11,1
3,1,1,2,5,1737,6,0,20,2,3,55,0,75,47,72,5,2024,2,2,7,2,21,1
0,1,3,6,8,267,7,1,49,1,3,24,1,28,58,80,8,2025,1,5,24,25,53,1
1,1,1,8,5,234,12,1,43,1,5,31,0,12,41,13,8,2018,1,3,46,2,45,0
0,1,2,6,3,880,2,1,9,3,0,27,0,61,11,57,3,2022,0,2,64,8,14,0
1,1,1,8,5,481,8,1,55,2,1,72,1,22,41,22,5,2023,2,5,46,31,55,1
3,1,2,3,5,530,10,0,18,1,0,75,0,67,41,67,5,2024,1,5,46,9,1,0
0,3,3,7,5,695,12,0,27,2,4,18,2,72,41,71,5,2023,2,2,46,24,30,1
0,1,5,7,4,496,9,1,7,1,5,95,3,45,25,40,4,2024,1,4,30,13,10,0
0,1,1,0,5,428,11,0,27,1,6,45,0,2,41,3,5,2020,1,0,46,10,30,1
1,3,1,8,5,245,12,0,4,1,2,30,1,24,24,58,8,2016,1,5,27,31,5,0
1,0,5,6,5,254,11,1,13,2,6,39,1,28,41,80,5,2025,2,1,46,30,16,1
3,1,3,2,5,711,1,0,27,1,2,42,1,13,41,14,5,2025,1,3,46,22,30,0
0,1,5,4,5,933,11,1,13,2,6,34,1,53,41,48,5,2025,2,3,46,28,16,0
1,1,2,8,5,576,4,1,50,2,2,91,0,22,35,22,8,2021,2,1,40,31,46,1
1,2,4,8,5,292,3,1,27,1,2,60,1,38,41,31,5,2018,1,3,46,2,30,0
1,0,2,6,5,346,12,1,13,2,3,50,1,16,41,15,5,2024,2,1,46,8,16,0
2,1,3,5,5,185,5,1,27,2,0,3,1,7,41,47,5,2016,2,1,46,9,30,0
0,2,4,7,1,593,6,0,48,2,6,65,1,72,79,71,1,2018,2,4,36,6,50,1
3,1,1,2,5,1796,5,0,51,2,2,29,0,56,41,51,2,2023,2,1,46,26,52,0
3,1,3,3,5,841,10,0,15,2,3,39,0,37,41,66,5,2017,0,2,46,21,18,0
0,0,3,4,5,458,11,0,20,1,3,69,2,4,41,5,5,2021,1,2,46,31,21,1
0,0,2,4,8,438,3,1,37,1,1,19,0,8,37,9,8,2022,1,5,43,29,35,0
0,1,2,4,5,833,9,1,27,2,3,46,0,69,41,33,5,2024,2,3,46,37,30,1
0,2,4,4,5,405,1,1,3,1,4,27,2,5,24,6,4,2023,1,1,27,9,4,0
1,1,1,8,5,515,9,1,27,2,2,58,0,20,41,19,5,2022,2,2,46,9,30,1
0,1,6,8,4,1091,2,0,6,2,5,13,4,66,81,62,4,2023,2,1,81,37,22,1
0,0,3,7,5,399,8,1,18,1,5,11,1,45,63,40,5,2022,1,4,68,24,1,1
0,1,2,4,5,873,12,1,25,2,2,27,2,59,41,52,4,2016,2,3,46,2,27,1
3,1,2,1,5,1385,2,1,27,2,6,47,2,80,41,77,5,2019,2,3,46,31,30,1
2,1,3,5,5,1001,4,0,55,2,1,38,2,40,41,35,5,2024,0,0,46,30,55,0
2,0,2,5,5,130,2,1,27,1,0,55,0,7,41,47,5,2024,1,1,46,22,30,1
1,0,2,6,5,222,4,1,27,1,4,45,1,16,41,15,5,2022,1,0,46,23,30,0
1,3,2,8,5,197,2,1,27,1,2,37,0,35,23,30,5,2019,1,5,26,2,30,1
1,2,2,8,5,523,2,1,55,2,3,8,0,24,23,58,5,2025,2,4,26,28,55,0
1,1,4,8,5,477,11,1,18,2,0,58,4,58,41,53,5,2025,2,1,46,9,1,1
0,1,2,8,4,921,8,1,29,2,2,7,1,43,25,37,4,2024,2,5,30,17,47,1
0,1,3,4,5,758,4,1,40,2,1,60,1,53,68,48,5,2022,0,5,71,37,39,1
3,2,1,1,5,631,10,1,1,1,2,90,0,41,41,59,1,2023,1,0,46,9,7,1
0,1,1,4,5,660,9,0,47,2,3,20,1,39,0,32,4,2024,2,2,6,31,49,0
0,1,1,7,5,447,6,0,52,1,0,1,0,70,41,27,7,2018,1,2,46,9,51,1
0,1,4,0,0,714,3,1,26,2,4,63,0,44,56,38,0,2018,2,1,60,10,28,1
0,1,3,4,5,398,8,0,27,1,4,34,1,81,41,81,5,2018,1,0,46,30,30,0
1,3,2,8,5,557,1,0,13,2,5,114,1,12,41,13,5,2023,2,2,46,22,16,0
1,1,4,6,5,414,6,1,54,2,1,64,1,15,41,10,5,2022,2,3,46,9,34,0
0,3,1,4,2,294,4,1,39,1,0,20,0,79,51,78,2,2016,1,5,56,1,38,1
0,1,2,7,5,750,10,1,5,2,6,14,0,72,47,71,7,2021,2,3,7,2,6,0
1,0,3,5,6,620,6,0,36,2,1,70,0,71,10,68,6,2023,0,3,15,9,36,1
1,1,4,8,5,291,6,0,0,1,6,34,2,17,41,39,8,2024,1,3,46,25,24,0
2,1,3,5,5,91,2,1,40,1,4,43,0,55,23,50,5,2022,1,5,26,28,39,0
1,1,2,8,5,231,6,0,27,1,2,62,0,73,41,70,5,2019,1,0,46,2,30,1
2,3,1,5,5,243,11,1,55,2,0,36,0,68,23,63,5,2022,2,1,26,9,55,0
0,1,5,4,5,995,10,1,27,2,5,37,2,30,47,25,5,2022,2,3,7,28,30,0
1,0,3,6,5,417,10,1,17,2,0,44,0,3,41,4,5,2024,2,1,46,28,19,1
0,2,1,4,5,409,5,1,3,1,5,48,0,81,41,81,4,2020,1,2,46,28,4,1
0,1,4,4,5,876,3,1,35,2,1,1,2,79,41,78,4,2017,2,5,46,22,8,1
0,1,5,4,5,440,3,0,27,1,6,61,2,81,41,81,5,2023,1,4,46,31,30,1
1,1,2,8,5,212,6,1,20,1,3,49,0,43,47,37,5,2024,1,2,7,3,21,0
1,1,2,8,5,288,1,1,27,1,5,60,0,58,41,53,5,2017,1,3,46,30,30,1
0,1,2,4,5,872,2,1,53,2,5,47,0,79,41,78,4,2015,2,0,46,22,54,1
1,0,1,6,5,655,11,1,54,3,4,92,1,16,41,15,5,2018,0,2,46,31,34,1
2,2,3,5,5,195,3,1,54,2,2,40,1,54,41,55,5,2024,2,1,46,31,34,1
0,1,3,4,5,796,9,1,35,2,3,56,1,79,41,78,4,2022,2,3,46,2,8,0
1,1,1,6,5,266,11,1,27,2,0,21,1,61,41,57,5,2024,2,3,46,22,30,0
0,1,2,0,5,1451,12,0,27,3,4,23,1,2,41,3,5,2023,0,5,46,2,30,0
2,0,4,5,5,581,3,1,54,2,0,12,0,68,41,63,5,2022,0,5,46,22,34,0
0,1,3,4,5,712,5,0,47,2,5,46,1,69,41,33,4,2018,2,1,46,9,49,1
2,1,1,8,8,92,8,1,0,1,2,34,1,22,17,22,8,2022,1,5,51,29,24,0
2,1,1,8,8,569,8,1,20,2,4,27,0,66,43,62,5,2024,0,1,48,34,21,0
0,1,6,4,5,800,4,0,40,2,0,58,2,29,41,64,5,2024,2,3,46,31,39,0
1,0,1,6,5,320,9,1,41,2,2,33,0,3,41,4,6,2023,2,3,46,30,40,1
0,1,1,4,5,440,4,1,27,1,1,70,1,30,41,25,5,2022,1,4,46,2,30,0
3,0,2,3,5,1465,8,1,9,3,4,3,0,62,41,76,3,2019,0,0,46,30,14,1
1,1,2,8,5,260,7,1,20,1,5,58,1,66,41,62,5,2024,1,5,46,14,21,1
0,1,2,4,5,762,9,1,55,2,2,61,1,69,41,33,5,2016,2,5,46,37,55,0
1,2,2,6,5,388,10,1,20,2,1,48,0,77,41,75,5,2024,2,1,46,30,21,0
0,0,1,7,5,630,1,0,13,2,5,54,0,72,41,71,5,2019,2,1,46,9,16,0
3,0,2,3,5,891,12,1,45,2,0,24,0,37,20,66,5,2016,2,5,25,28,42,1
0,3,4,6,6,631,6,1,30,2,0,23,0,76,29,74,6,2018,2,3,34,16,33,1
0,3,4,0,5,734,7,1,13,2,1,25,2,50,41,42,5,2023,2,3,46,20,16,1
1,0,3,6,4,718,8,1,6,2,2,48,1,15,32,10,4,2017,2,1,39,37,22,0
3,1,3,3,5,1077,4,0,45,2,1,30,1,33,68,28,5,2023,2,2,71,31,42,1
1,3,2,8,5,283,5,1,45,1,2,76,0,58,20,53,5,2021,1,5,25,30,42,1
1,3,4,8,5,279,6,1,20,1,2,74,0,24,41,58,5,2018,1,3,46,30,21,0
0,1,4,7,5,772,7,1,19,2,4,25,1,57,41,49,7,2024,2,3,46,9,20,0
3,1,1,1,5,1638,5,1,27,2,4,25,1,47,41,45,5,2018,2,1,46,2,30,0
0,1,1,0,4,383,7,1,47,1,2,58,1,21,33,16,4,2022,1,3,69,17,49,0
1,1,5,6,5,358,4,0,54,2,6,12,1,15,35,10,5,2017,2,3,40,28,34,1
1,1,2,6,5,402,8,1,17,2,2,23,1,76,41,74,5,2016,2,1,46,8,19,0
1,1,5,8,5,248,3,1,17,1,0,102,1,22,63,22,5,2022,1,3,68,28,19,1
2,3,3,8,8,205,8,1,49,2,5,9,0,66,70,62,8,2018,2,0,73,25,53,0
1,1,6,8,5,206,2,1,37,1,1,2,1,73,47,70,8,2016,1,3,7,9,35,0
1,1,2,8,5,541,3,1,0,2,6,28,0,35,41,30,8,2018,2,1,46,28,24,0
0,3,2,7,5,781,7,1,31,2,5,8,0,45,41,40,7,2022,2,0,46,31,32,1
0,1,2,0,5,837,5,0,20,2,4,17,0,0,41,1,5,2019,2,3,46,2,21,0
3,1,2,3,5,1110,4,1,27,2,3,10,0,62,41,76,5,2019,2,1,46,2,30,0
0,0,4,1,6,288,9,1,41,1,5,10,1,47,69,45,6,2023,1,3,74,8,40,0
0,1,5,4,8,1419,5,1,8,3,0,10,1,81,22,81,8,2019,0,0,22,14,9,1
0,1,2,7,4,319,1,1,40,1,4,9,0,57,33,49,5,2019,1,3,69,33,39,1
2,1,2,8,8,95,9,1,43,1,3,45,1,43,30,37,8,2015,1,3,35,29,45,0
1,1,2,8,5,296,6,1,20,1,3,43,1,14,41,54,5,2017,1,1,46,28,21,1
2,1,6,5,5,201,6,1,20,2,4,8,2,26,68,23,5,2025,2,1,71,22,21,0
0,0,1,4,5,735,5,1,27,2,3,80,1,52,41,46,5,2023,2,1,46,13,30,0
1,1,2,6,5,125,3,1,27,1,5,13,1,74,41,69,5,2023,1,3,46,31,30,0
0,1,2,7,5,734,8,0,27,2,1,105,1,45,41,40,5,2025,2,5,46,36,30,0
0,0,3,4,5,339,11,0,29,1,4,113,0,5,41,6,4,2024,1,3,46,22,47,1
1,1,1,8,5,243,8,1,4,1,2,3,0,24,41,58,8,2022,1,2,46,22,5,0
1,1,4,8,5,560,12,1,8,2,1,55,0,24,41,58,8,2022,2,0,46,2,9,0
0,1,2,4,5,482,7,1,6,1,5,100,0,29,41,64,4,2024,1,4,46,2,22,0
1,1,3,8,5,470,12,1,27,2,6,35,2,43,41,37,5,2025,2,0,46,25,30,1
1,1,1,6,5,364,12,1,27,2,1,69,0,76,41,74,5,2024,2,3,46,9,30,0
0,3,3,6,7,456,1,1,36,1,5,37,0,61,71,57,6,2019,1,3,72,24,36,1
1,1,1,6,5,365,3,0,18,2,0,63,0,15,68,10,5,2022,2,3,71,16,1,0
1,1,1,6,4,208,7,1,25,1,3,30,1,77,64,75,4,2021,1,1,29,13,27,1
0,1,2,6,3,437,8,0,30,1,1,7,1,61,11,57,6,2024,1,3,64,18,33,0
0,2,6,0,0,486,11,1,17,1,2,21,2,44,42,38,5,2025,1,5,50,20,19,1
0,1,6,4,5,756,6,1,53,2,6,32,0,53,41,48,4,2024,2,0,46,9,54,0
1,1,3,8,5,460,9,1,40,2,3,29,1,43,41,37,5,2022,2,1,46,3,39,0
1,3,3,8,5,533,7,0,37,2,1,81,1,48,41,43,8,2023,2,2,46,2,35,0
1,0,2,8,5,454,1,1,55,2,6,78,2,51,41,17,5,2021,2,5,46,22,55,0
0,1,1,7,5,402,8,1,18,1,1,53,1,32,0,26,5,2024,1,2,6,2,1,0
1,0,3,8,5,517,11,1,43,2,5,48,2,14,41,54,8,2022,2,0,46,28,45,0
0,1,2,4,5,761,8,0,45,2,6,42,1,4,41,5,5,2017,2,1,46,31,42,0
0,1,2,4,5,480,10,0,45,1,3,71,0,30,35,25,5,2024,1,1,40,2,42,0
1,1,3,8,5,465,11,1,43,2,6,15,0,51,41,17,8,2019,2,5,46,9,45,1
0,0,3,4,5,804,6,1,47,2,6,46,1,81,35,81,4,2015,2,1,40,31,49,0
2,1,3,5,5,97,7,1,17,1,5,67,1,25,41,20,5,2019,1,3,46,22,19,1
1,0,1,6,4,1045,3,1,32,3,1,62,0,16,52,15,6,2025,0,3,59,13,15,0
1,0,2,6,5,268,8,1,13,2,6,65,2,76,41,74,5,2023,2,5,46,28,16,1
0,2,2,4,5,757,4,0,15,2,2,17,0,81,41,81,5,2022,2,1,46,37,18,0
0,0,2,4,5,814,1,0,20,2,4,45,1,49,63,44,5,2025,2,2,68,2,21,0
0,1,4,8,6,606,11,1,32,2,3,2,2,17,7,39,6,2024,2,4,10,23,15,1
0,1,2,4,5,932,8,1,6,2,1,32,0,29,41,64,4,2016,2,2,46,28,22,1
0,1,3,4,5,376,8,1,45,1,2,24,0,18,20,60,5,2016,1,5,25,5,42,1
0,1,1,7,0,680,4,1,38,2,1,35,1,70,1,27,7,2025,2,1,0,20,37,0
0,1,3,4,5,418,12,1,53,1,3,37,0,49,41,44,4,2018,1,3,46,9,54,0
1,3,1,6,5,560,9,1,13,2,3,18,0,28,41,80,5,2017,0,4,46,8,16,1
1,1,1,6,5,390,2,1,18,2,6,45,0,28,41,80,5,2024,2,3,46,16,1,0
1,0,1,5,6,663,3,1,55,2,3,34,1,68,75,63,5,2025,0,1,77,16,55,0
0,1,5,4,7,570,9,1,38,2,6,42,1,18,49,60,7,2022,2,4,57,11,37,1
0,1,2,7,5,741,9,1,27,2,1,56,0,72,41,71,5,2018,2,5,46,28,30,1
3,0,1,1,5,1289,9,1,12,2,4,48,1,47,41,45,1,2022,2,4,46,0,13,0
1,1,1,8,5,210,8,0,13,1,0,47,0,58,41,53,5,2022,1,3,46,28,16,0
1,1,2,6,5,401,5,0,27,2,6,10,0,61,41,57,5,2022,2,0,46,28,30,1
1,1,1,8,5,1258,12,1,55,3,5,59,0,38,41,31,5,2020,0,3,46,9,55,1
3,0,5,5,3,1028,5,1,11,2,1,92,1,71,73,68,3,2025,2,4,78,22,11,1
1,1,1,6,5,422,7,1,18,2,5,27,0,9,41,12,5,2018,2,3,46,31,1,1
1,1,2,6,5,307,9,0,40,2,4,66,1,76,24,74,5,2023,2,5,27,28,39,1
0,0,1,0,4,854,10,0,17,2,1,62,1,21,5,16,5,2022,2,1,4,13,19,1
0,1,3,4,5,795,1,1,7,2,5,6,1,69,20,33,4,2024,2,3,25,30,10,0
0,0,1,0,4,324,4,0,17,1,3,5,0,23,64,21,5,2016,1,3,29,5,19,0
1,2,2,8,5,595,7,0,27,2,3,32,1,17,41,39,5,2024,2,0,46,31,30,1
0,1,4,4,8,1080,5,1,25,2,1,21,1,4,53,5,4,2021,2,4,58,33,27,0
1,1,2,8,5,201,10,0,55,1,0,89,0,66,47,62,5,2025,1,3,7,30,55,0
2,0,4,5,5,110,9,1,18,1,3,43,0,54,68,55,5,2025,1,1,71,9,1,1
1,1,2,8,5,1136,5,1,40,3,3,95,0,20,41,19,5,2022,0,3,46,25,39,0
0,1,5,4,5,448,11,1,35,1,1,85,2,59,68,52,4,2018,1,0,71,33,8,1
1,3,2,8,5,605,5,1,55,2,3,37,1,73,50,70,5,2017,2,5,55,25,55,1
0,1,3,0,5,349,11,0,27,1,2,73,1,21,41,16,5,2024,1,1,46,2,30,1
2,0,1,5,5,98,1,1,20,1,1,67,1,27,41,24,5,2015,1,1,46,9,21,0
1,1,3,8,5,191,12,1,45,1,0,14,1,43,63,37,5,2024,1,0,68,2,42,1
0,1,2,0,5,871,3,1,15,2,6,44,0,50,0,42,5,2017,2,2,6,32,18,1
1,3,4,8,5,421,4,1,49,2,3,3,2,51,41,17,8,2023,2,4,46,2,53,0
0,1,3,4,5,854,5,1,27,2,6,11,1,29,41,64,5,2023,2,4,46,31,30,1
0,1,2,4,5,483,1,1,27,1,4,27,0,59,41,52,5,2019,1,1,46,30,30,1
0,1,1,3,6,327,7,1,10,1,5,20,1,62,12,76,3,2024,1,0,9,23,3,0
2,0,1,5,5,199,9,1,17,2,1,33,0,71,24,68,5,2025,2,1,27,30,19,0
0,0,3,4,5,837,2,1,40,2,1,59,1,52,23,46,5,2015,2,3,26,2,39,0
1,3,1,8,5,218,8,1,15,1,5,25,0,17,0,39,5,2025,1,3,6,22,18,0
0,1,3,6,6,508,6,0,21,2,4,83,1,76,75,74,6,2019,0,4,77,8,25,1
1,1,1,6,5,333,2,1,27,2,5,5,1,77,41,75,5,2024,2,0,46,16,30,1
0,1,4,4,5,670,12,0,27,2,1,22,1,29,41,64,5,2024,2,5,46,31,30,0
1,1,1,5,6,350,12,1,21,2,0,84,0,25,7,20,6,2019,2,3,10,30,25,0
1,3,2,8,5,201,7,1,37,1,2,5,0,20,41,19,8,2016,1,3,46,28,35,0
2,1,1,5,5,239,11,1,27,2,3,33,1,7,41,47,5,2019,2,0,46,2,30,0
0,1,6,4,5,795,9,0,40,2,0,39,2,5,41,6,5,2024,2,3,46,30,39,0
2,3,3,5,5,209,9,1,20,2,6,34,0,25,41,20,5,2019,2,5,46,9,21,0
0,1,3,4,5,771,4,0,35,2,0,67,0,81,20,81,4,2024,2,3,25,33,8,1
0,1,6,7,8,565,10,1,43,2,0,79,1,11,22,8,8,2025,2,3,22,11,45,1
3,3,2,2,5,908,2,1,18,1,4,2,1,65,41,61,5,2022,1,4,46,22,1,1
1,1,1,8,5,568,9,0,27,2,2,11,1,20,41,19,5,2025,2,1,46,9,30,0
1,3,6,8,5,599,7,1,18,2,1,49,2,73,63,70,5,2025,2,1,68,30,1,1
0,2,1,4,5,747,12,1,54,2,6,15,0,79,41,78,5,2019,2,3,46,31,34,0
0,1,2,4,5,789,4,1,18,2,4,4,0,5,35,6,5,2021,2,4,40,37,1,1
1,1,1,8,5,496,1,1,27,2,0,64,1,22,41,22,5,2021,2,4,46,30,30,0
1,1,3,8,5,455,6,1,45,2,3,92,1,17,41,39,5,2023,2,2,46,22,42,1
1,1,1,6,5,349,4,0,41,2,5,67,0,28,41,80,6,2021,2,3,46,22,40,0
0,1,6,4,2,748,8,1,29,2,4,67,5,53,14,48,4,2015,2,5,13,1,47,1
1,2,1,8,5,1053,5,1,18,3,4,3,1,48,41,43,5,2024,0,1,46,28,1,0
0,0,4,0,5,773,6,1,40,2,2,98,1,2,41,3,5,2019,2,0,46,22,39,0
3,1,6,2,5,914,9,0,39,1,5,36,1,56,41,51,2,2023,1,4,46,22,38,1
0,0,2,8,0,741,11,1,26,2,1,36,0,66,36,62,0,2024,2,5,42,20,28,0
3,1,1,5,3,1058,1,0,20,2,3,48,0,7,73,47,5,2021,2,4,78,28,21,1
0,1,6,7,5,1256,9,0,40,3,3,21,2,11,41,8,5,2022,0,1,46,15,39,1
2,1,3,5,5,130,7,1,18,2,6,78,0,25,41,20,5,2019,2,1,46,9,1,0
3,1,3,3,5,1030,12,1,9,2,2,12,0,78,35,73,3,2019,2,1,40,30,14,0
1,1,4,8,5,248,8,1,43,1,2,29,0,66,41,62,8,2019,1,3,46,30,45,1
1,2,6,8,5,453,10,1,27,2,1,3,2,35,41,30,5,2019,2,1,46,2,30,0
0,1,1,7,5,793,9,0,55,2,2,52,1,19,41,34,5,2018,2,2,46,24,55,1
1,3,4,8,5,553,5,1,4,2,2,62,2,51,41,17,8,2025,2,3,46,34,5,0
0,1,4,4,5,490,2,0,28,1,0,34,2,30,41,25,4,2024,1,5,46,17,31,0
0,1,2,4,5,344,9,0,20,1,5,20,1,49,41,44,5,2019,1,0,46,2,21,0
1,1,2,6,5,166,10,0,54,1,2,84,0,76,68,74,5,2024,1,1,71,28,34,1
0,0,1,4,5,888,4,1,22,2,1,6,0,79,41,78,4,2018,2,2,46,9,23,0
0,1,3,0,5,750,10,1,45,2,5,57,0,2,41,3,5,2025,2,5,46,30,42,1
1,1,3,8,5,723,7,1,8,3,1,59,0,22,41,22,8,2025,0,5,46,28,9,0
0,3,1,8,6,807,2,1,21,2,0,78,0,38,10,31,6,2015,2,4,15,29,25,0
1,0,4,8,5,180,10,0,27,1,4,92,1,66,41,62,5,2017,1,0,46,9,30,0
3,1,2,2,5,1404,12,0,54,2,0,27,1,65,41,61,5,2023,2,5,46,2,34,0
1,1,2,8,5,511,7,1,18,2,0,72,1,22,68,22,5,2018,2,3,71,2,1,1
1,1,1,6,5,412,10,1,32,2,6,8,0,77,24,75,6,2024,2,3,27,30,15,0
1,0,3,6,5,124,1,1,27,1,6,23,2,76,41,74,5,2024,1,2,46,23,30,1
1,0,2,8,5,252,11,1,37,1,1,69,1,48,41,43,8,2022,1,3,46,9,35,1
0,1,2,0,5,480,9,1,17,1,1,1,1,42,41,36,5,2021,1,3,46,28,19,1
0,1,2,4,5,790,7,0,20,2,5,52,0,5,41,6,5,2024,2,3,46,37,21,1
1,1,3,5,8,220,1,1,55,1,1,6,0,46,54,41,5,2024,1,1,14,25,55,1
0,1,5,7,0,437,10,1,38,1,6,20,2,45,3,40,7,2022,1,5,2,27,37,1
0,0,4,4,5,777,6,0,22,2,5,40,1,52,41,46,4,2015,2,3,46,2,23,1
0,1,5,8,4,999,12,1,22,2,4,9,2,24,9,58,4,2022,2,4,8,12,23,1
0,0,4,7,5,321,8,1,5,1,2,60,1,70,41,27,7,2022,1,3,46,31,6,0
2,1,4,5,5,79,11,1,13,1,0,3,0,6,41,0,5,2025,1,2,46,9,16,1
3,0,1,3,5,1012,10,1,18,2,5,48,1,37,35,66,5,2025,2,1,40,9,1,1
1,1,3,8,5,207,11,0,4,1,2,42,0,24,41,58,8,2015,1,1,46,30,5,1
2,1,5,5,5,120,2,0,20,1,3,2,2,7,41,47,5,2023,1,4,46,9,21,0
1,0,4,6,5,346,10,0,40,2,3,7,0,28,41,80,5,2022,2,1,46,30,39,1
0,0,3,0,6,662,10,1,30,2,5,72,1,21,12,16,6,2016,2,2,9,27,33,1
3,1,5,2,5,1817,2,1,17,2,4,73,2,75,20,72,5,2023,2,3,25,31,19,1
1,1,1,8,5,408,10,1,15,2,3,65,1,22,41,22,5,2025,2,4,46,31,18,0
0,3,1,7,7,828,8,1,17,2,3,58,1,45,49,40,5,2025,2,5,57,36,19,0
0,0,2,7,5,762,11,1,40,2,5,79,1,70,41,27,5,2023,2,1,46,24,39,1
2,1,3,5,5,149,4,1,54,2,4,39,1,68,41,63,5,2021,2,2,46,30,34,0
2,3,1,5,5,200,10,1,17,2,2,28,0,68,24,63,5,2017,2,5,27,28,19,0
0,1,2,4,0,462,10,1,29,1,4,46,1,69,16,33,4,2018,1,1,21,10,47,1
3,1,4,1,5,1747,3,1,12,2,3,65,0,47,23,45,1,2024,2,3,26,9,13,1
0,1,2,5,4,564,6,1,6,2,4,45,1,7,64,47,4,2017,0,1,29,12,22,1
1,1,1,6,5,400,10,1,55,2,6,76,0,16,41,15,5,2025,2,1,46,31,55,1
0,1,1,4,1,679,3,1,17,2,5,72,0,5,79,6,5,2022,2,1,36,33,19,1
1,3,3,8,5,199,10,1,27,1,5,75,2,17,55,39,5,2019,1,1,54,2,30,1
0,0,3,4,5,750,8,1,27,2,1,75,1,59,41,52,5,2025,2,5,46,33,30,1
1,1,2,8,5,474,9,1,0,2,3,13,1,20,41,19,8,2018,2,2,46,14,24,0
1,3,2,8,5,262,12,1,45,1,3,74,0,35,41,30,5,2018,1,5,46,9,42,0
3,3,1,2,5,804,2,0,39,1,4,26,1,75,41,72,2,2025,1,2,46,9,38,0
1,1,2,8,5,273,9,1,43,1,5,62,0,14,41,54,8,2019,1,5,46,2,45,1
1,1,1,8,5,181,1,1,13,1,1,26,0,12,41,13,5,2015,1,1,46,2,16,1
1,1,5,6,5,161,3,1,55,1,1,37,1,76,68,74,5,2021,1,3,71,2,55,1
1,1,1,8,5,462,12,0,15,2,1,1,1,66,0,62,5,2019,2,1,6,31,18,1
0,0,4,7,5,672,5,1,5,2,0,5,0,72,41,71,7,2025,2,1,46,31,6,1
0,1,2,8,2,1408,5,1,0,3,2,12,0,17,14,39,8,2015,0,5,13,26,24,1
0,1,4,4,5,304,2,0,25,1,0,17,1,53,41,48,4,2019,1,1,46,13,27,0
0,1,1,8,4,776,1,1,37,2,0,100,0,24,5,58,8,2022,0,0,4,17,35,1
3,1,2,3,5,432,3,1,40,1,5,34,0,37,23,66,5,2017,1,4,26,2,39,1
0,1,2,4,5,462,4,0,45,1,5,80,0,8,41,9,5,2015,1,2,46,5,42,0
0,1,3,7,0,380,12,1,54,1,1,13,0,11,16,8,5,2024,1,2,21,15,34,1
1,0,5,8,5,289,7,0,55,1,3,12,2,48,41,43,5,2023,1,1,46,31,55,1
0,1,2,1,4,680,5,1,29,2,6,58,1,80,33,77,4,2024,2,3,69,4,47,0
1,0,3,8,5,286,7,1,0,1,3,20,1,35,35,30,8,2024,1,1,40,28,24,1
1,0,3,8,5,581,1,0,37,2,3,42,1,73,41,70,8,2025,2,3,46,28,35,1
0,1,1,0,5,345,9,1,15,1,0,22,0,60,41,56,5,2022,1,3,46,27,18,0
0,2,3,4,5,488,2,0,54,1,3,88,1,8,41,9,5,2024,1,0,46,9,34,0
1,1,1,8,5,478,6,0,13,2,0,91,1,20,41,19,5,2025,2,5,46,9,16,1
1,1,1,8,5,454,5,1,54,2,6,54,0,58,50,53,5,2023,2,1,55,3,34,0
3,1,6,1,5,1342,7,1,48,2,3,62,1,36,41,79,1,2017,2,2,46,28,50,1
1,3,2,8,5,206,7,0,13,1,3,106,0,43,24,37,5,2021,1,4,27,28,16,0
1,1,6,6,5,302,10,1,41,2,5,43,3,61,41,57,6,2021,2,0,46,31,40,1
0,3,6,7,5,711,7,1,38,2,5,15,1,11,41,8,7,2017,2,4,46,31,37,0
2,1,1,5,5,385,8,0,13,2,2,18,0,68,24,63,5,2019,0,3,27,28,16,1
1,2,2,8,5,520,7,0,27,2,2,28,0,38,41,31,5,2023,2,3,46,9,30,1
0,1,5,4,5,820,6,1,27,2,5,60,1,53,41,48,5,2019,2,5,46,28,30,0
3,2,2,3,5,994,9,1,34,2,3,7,1,62,41,76,3,2024,2,3,46,2,0,1
0,0,3,5,4,922,8,1,17,2,4,42,2,71,52,68,5,2017,2,3,59,28,19,0
0,1,1,4,5,819,6,1,27,2,6,41,0,79,41,78,5,2024,2,2,46,33,30,0
2,1,3,5,5,78,1,1,45,1,4,54,1,55,41,50,5,2025,1,1,46,9,42,1
2,0,2,5,5,160,10,1,18,2,6,41,0,71,41,68,5,2015,2,5,46,31,1,0
1,0,3,8,5,413,8,1,27,2,6,11,1,58,41,53,5,2024,2,3,46,14,30,0
1,1,1,8,5,424,6,1,20,2,2,44,0,48,41,43,5,2024,2,1,46,28,21,1
1,1,2,6,5,345,6,0,17,2,6,29,1,76,0,74,5,2024,2,1,6,31,19,1
3,0,4,2,5,1350,1,1,23,3,1,52,1,13,41,14,2,2017,0,5,46,30,26,1
0,1,5,0,5,803,6,0,27,2,5,51,2,50,41,42,5,2025,2,1,46,31,30,1
2,1,3,5,5,70,6,0,40,1,3,93,1,26,41,23,5,2019,1,0,46,9,39,0
0,1,4,7,4,801,9,1,38,2,4,48,0,57,5,49,7,2019,2,4,4,17,37,1
0,0,2,0,5,791,5,1,13,2,6,15,0,21,41,16,5,2023,2,4,46,27,16,1
2,3,2,5,5,202,7,1,54,2,6,75,1,40,41,35,5,2021,2,4,46,9,34,1
0,1,2,4,5,889,7,1,27,2,0,73,0,4,41,5,5,2020,2,1,46,31,30,0
3,0,1,2,5,873,6,1,15,1,6,50,0,65,68,61,5,2019,1,3,71,1,18,1
2,1,3,5,5,91,10,0,54,1,6,2,2,68,0,63,5,2016,1,4,6,30,34,1
0,3,6,4,0,738,7,1,42,2,0,17,2,59,21,52,0,2022,2,5,23,17,44,0
0,1,3,6,6,706,8,0,21,2,2,56,0,74,29,69,6,2025,2,1,34,16,25,0
3,1,5,3,5,978,8,1,27,2,5,14,2,33,41,28,5,2025,2,1,46,21,30,1
1,1,1,8,5,482,4,1,4,2,4,29,0,17,41,39,8,2016,2,5,46,22,5,0
3,0,6,3,5,1029,7,1,27,2,5,11,2,78,41,73,5,2020,2,1,46,9,30,1
0,2,1,0,5,467,1,1,27,1,0,25,0,44,0,38,5,2024,1,1,6,20,30,1
0,1,2,4,5,914,9,1,28,2,4,48,1,53,41,48,4,2021,2,0,46,22,31,1
3,1,2,1,5,1487,4,1,1,2,0,39,1,47,41,45,1,2023,2,2,46,31,7,1
3,1,1,2,5,1629,2,1,23,2,4,88,0,75,41,72,2,2016,2,1,46,30,26,0
0,1,2,5,0,645,10,1,40,2,4,58,0,26,56,23,5,2025,0,1,60,10,39,0
0,3,2,7,5,382,5,1,19,1,3,49,1,57,41,49,7,2017,1,3,46,2,20,1
1,1,2,5,8,449,2,1,45,2,1,83,1,68,70,63,5,2022,0,4,73,2,42,0
0,0,2,0,5,365,10,1,20,1,6,50,1,42,0,36,5,2022,1,3,6,9,21,1
1,1,2,8,5,251,6,1,55,1,0,50,0,38,68,31,5,2025,1,5,71,34,55,0
1,1,1,8,5,499,10,1,15,2,4,92,0,12,35,13,5,2025,2,1,40,31,18,1
0,3,1,7,5,435,2,1,20,1,5,22,0,45,41,40,5,2023,1,2,46,15,21,1
0,0,2,7,5,837,6,1,18,2,1,49,1,11,41,8,5,2023,2,5,46,30,1,1
0,0,2,0,5,679,5,1,18,2,2,21,1,42,41,36,5,2019,2,3,46,2,1,0
0,1,1,0,5,335,7,1,27,1,1,60,0,42,41,36,5,2022,1,3,46,30,30,0
1,1,2,6,5,399,5,1,41,2,1,16,1,28,41,80,6,2021,2,1,46,2,40,1
1,3,1,6,5,115,3,1,27,1,5,49,0,34,41,29,5,2025,1,5,46,28,30,1
0,3,2,7,5,800,7,1,31,2,0,6,1,72,41,71,7,2025,2,3,46,2,32,0
0,1,1,1,7,922,11,1,46,2,3,3,1,31,8,65,7,2019,2,5,11,24,48,0
1,1,2,8,5,225,9,1,27,1,0,56,1,73,41,70,5,2023,1,4,46,14,30,0
1,3,2,8,5,249,1,0,37,1,3,86,1,58,41,53,8,2023,1,3,46,30,35,0
1,1,3,8,5,563,1,1,54,2,0,99,1,17,41,39,5,2018,2,4,46,9,34,1
0,1,2,4,5,802,8,1,45,2,1,30,0,53,41,48,5,2023,2,5,46,30,42,0
0,0,3,4,5,765,1,1,3,2,4,32,0,49,41,44,4,2020,2,5,46,13,4,0
1,1,1,8,5,236,6,0,20,1,6,82,1,14,41,54,5,2023,1,0,46,22,21,0
0,1,2,4,5,369,8,1,27,1,2,47,0,30,41,25,5,2015,1,5,46,22,30,0
1,3,2,6,5,117,12,1,21,1,5,16,0,61,41,57,6,2025,1,5,46,28,25,1
3,1,2,1,5,1471,3,1,15,2,1,29,1,36,41,79,5,2022,2,3,46,28,18,0
1,2,1,6,5,358,12,1,20,2,4,25,0,10,41,7,5,2022,2,1,46,31,21,1
1,1,2,6,4,333,8,1,47,1,0,54,0,76,5,74,4,2025,1,1,4,12,49,0
1,1,1,8,5,597,5,1,27,2,3,24,1,51,41,17,5,2025,2,3,46,28,30,0
0,0,3,8,3,743,11,1,20,2,2,45,1,43,73,37,5,2019,2,3,78,7,21,0
1,2,4,5,6,236,11,0,13,1,5,70,3,71,7,68,5,2022,1,3,10,19,16,0
0,1,2,4,5,819,9,1,29,2,0,34,1,81,41,81,4,2018,2,3,46,37,47,1
1,0,4,8,5,214,8,1,55,1,2,52,1,35,41,30,5,2019,1,3,46,28,55,0
1,0,6,8,5,454,8,1,40,2,4,29,1,73,41,70,5,2021,2,3,46,14,39,0
3,3,2,2,5,1670,1,1,27,2,5,34,1,65,41,61,5,2023,2,2,46,1,30,1
0,1,2,3,1,829,8,1,2,2,6,71,1,64,79,11,1,2023,2,3,36,6,2,0
3,1,3,1,5,797,9,1,1,1,5,55,0,63,41,18,1,2025,1,0,46,4,7,0
0,1,4,8,3,380,5,1,15,1,2,20,0,14,73,54,5,2023,1,5,78,21,18,1
0,1,4,7,8,713,11,1,31,2,5,97,0,11,43,8,7,2015,2,3,48,34,32,1
1,1,1,8,5,268,3,1,43,1,4,63,1,17,35,39,8,2016,1,2,40,22,45,0
1,2,2,8,5,453,5,1,55,2,4,23,1,58,41,53,5,2025,2,0,46,25,55,1
0,1,3,7,5,763,8,1,38,2,1,35,0,11,41,8,7,2018,2,5,46,31,37,0
2,3,4,5,5,100,8,1,45,1,1,13,2,25,41,20,5,2017,1,3,46,28,42,0
1,1,1,6,5,135,1,1,45,1,3,79,1,61,41,57,5,2019,1,3,46,2,42,1
1,0,3,8,5,197,4,1,54,1,1,16,0,14,41,54,5,2025,1,0,46,2,34,1
0,0,1,4,5,844,10,1,28,2,6,45,0,39,41,32,4,2019,2,1,46,9,31,1
0,0,5,3,1,619,8,1,2,2,5,6,1,78,77,73,1,2015,2,3,80,4,2,1
0,1,1,4,8,435,11,1,25,1,2,24,0,69,53,33,4,2016,1,5,58,34,27,0
0,0,1,0,5,333,5,1,15,1,0,61,0,2,63,3,5,2024,1,3,68,10,18,1
1,1,4,8,5,460,3,0,40,2,2,21,2,73,41,70,5,2017,2,3,46,25,39,1
2,1,1,5,5,121,10,1,27,1,0,84,0,7,41,47,5,2024,1,5,46,31,30,1
3,1,1,1,5,729,11,1,27,1,0,56,0,31,41,65,5,2021,1,3,46,2,30,0
0,1,2,7,5,712,11,0,27,2,5,80,1,19,41,34,5,2023,2,4,46,28,30,0
3,1,2,3,5,941,3,1,27,2,6,91,2,67,41,67,5,2019,2,1,46,22,30,0
3,0,4,2,5,742,4,0,54,1,4,34,2,13,41,14,5,2023,1,4,46,31,34,0
1,1,5,8,5,481,5,1,49,2,6,30,3,35,20,30,8,2025,2,1,25,14,53,1
0,1,1,4,5,680,4,1,25,2,5,24,1,5,41,6,4,2025,0,3,46,22,27,0
2,1,3,5,5,118,8,1,15,1,6,4,0,40,41,35,5,2024,1,5,46,2,18,1
1,3,1,8,5,203,10,1,8,1,6,11,0,38,41,31,8,2021,1,3,46,31,9,1
1,1,2,6,5,343,4,1,45,2,3,27,1,3,41,4,5,2022,2,3,46,30,42,0
1,1,1,6,5,129,3,1,40,1,5,24,0,61,41,57,5,2018,1,1,46,28,39,0
0,1,3,0,6,378,1,0,32,1,5,96,0,60,29,56,6,2020,1,5,34,8,15,0
0,1,3,4,3,582,6,0,27,2,2,16,1,49,76,44,5,2024,2,0,62,18,30,0
1,1,6,8,5,836,9,0,0,3,0,18,1,24,63,58,8,2024,0,1,68,30,24,0
0,0,2,4,5,415,7,1,17,1,1,5,2,49,41,44,5,2019,1,2,46,37,19,0
0,1,2,4,5,353,7,0,28,1,3,4,2,53,41,48,4,2024,1,1,46,2,31,1
1,1,2,8,5,511,4,1,4,2,2,45,0,35,24,30,8,2018,2,4,27,28,5,0
3,0,6,1,5,863,12,1,2,1,0,23,3,80,41,77,1,2016,1,2,46,0,2,0
3,1,2,2,5,1589,3,1,17,2,6,81,1,65,41,61,5,2017,2,1,46,9,19,1
0,3,2,4,8,552,3,1,3,1,6,13,1,18,70,60,4,2024,1,3,73,25,4,0
1,1,3,8,5,307,4,1,27,1,4,2,1,22,41,22,5,2018,1,4,46,14,30,0
2,1,2,5,5,123,1,0,45,1,6,39,1,68,41,63,5,2024,1,1,46,30,42,1
1,3,2,6,5,170,11,1,40,1,5,68,1,28,41,80,5,2024,1,0,46,22,39,1
1,1,2,8,5,202,4,1,27,1,4,34,1,48,41,43,5,2020,1,2,46,30,30,0
2,1,1,5,5,160,8,1,40,2,3,11,0,71,47,68,5,2025,2,3,7,30,39,0
0,1,2,0,5,858,6,1,13,3,1,31,1,42,41,36,5,2018,0,4,46,22,16,1
1,1,2,8,5,225,5,1,27,1,3,30,1,22,41,22,5,2021,1,3,46,9,30,0
1,1,4,8,5,427,8,1,27,2,1,23,4,22,41,22,5,2019,2,0,46,22,30,1
0,1,2,6,1,263,6,1,32,1,0,11,2,77,65,75,6,2021,1,1,31,4,15,1
1,2,3,8,5,607,8,1,45,2,4,57,0,35,41,30,5,2023,2,3,46,31,42,1
1,0,1,8,5,298,12,1,55,1,0,83,1,22,23,22,5,2023,1,3,26,28,55,1
0,3,3,4,5,729,4,1,13,2,4,67,0,81,41,81,5,2024,2,3,46,28,16,1
0,0,1,7,5,317,7,1,52,1,1,52,1,70,41,27,7,2020,1,1,46,15,51,1
1,1,2,5,6,219,6,1,45,2,6,13,0,68,74,63,5,2018,0,5,76,22,42,0
3,1,4,2,5,776,9,1,27,1,6,28,2,1,41,2,5,2016,1,1,46,2,30,1
0,3,1,7,5,682,8,1,45,2,2,35,1,57,47,49,5,2023,2,0,7,31,42,1
0,2,4,4,5,836,7,1,54,2,0,28,1,4,41,5,5,2016,0,1,46,9,34,0
3,2,2,2,5,952,7,0,27,1,2,45,0,1,41,2,5,2022,1,1,46,31,30,0
1,1,1,6,5,178,10,1,17,1,2,30,1,28,41,80,5,2025,1,2,46,9,19,1
2,1,2,5,5,180,11,1,20,2,1,33,0,40,20,35,5,2021,2,1,25,31,21,1
1,0,3,8,5,560,10,1,0,2,4,16,2,14,41,54,8,2024,2,0,46,28,24,1
1,1,2,8,5,355,4,1,55,2,5,20,1,22,41,22,5,2015,0,1,46,34,55,0
3,1,2,1,5,1443,3,0,15,2,6,37,0,80,41,77,5,2021,2,0,46,2,18,0
0,3,2,4,5,707,2,0,28,2,6,23,1,81,41,81,4,2024,2,5,46,30,31,0
1,1,1,8,5,445,6,1,13,2,0,33,0,12,41,13,5,2022,2,3,46,25,16,0
0,1,4,6,7,808,12,1,44,2,5,30,2,34,26,29,7,2015,2,1,32,24,43,1
0,3,2,7,4,378,8,0,6,1,2,6,0,57,5,49,4,2023,1,1,4,5,22,1
2,0,4,5,5,164,11,1,17,2,0,38,1,6,41,0,5,2018,2,1,46,2,19,1
0,1,5,4,3,965,3,0,10,2,0,54,0,81,11,81,3,2019,2,1,64,18,3,0
1,1,6,8,5,284,6,0,13,1,6,5,2,12,24,13,5,2021,1,3,27,30,16,1
2,0,2,5,5,179,4,0,20,2,3,81,0,7,41,47,5,2018,2,2,46,28,21,0
0,1,6,4,5,353,2,0,18,1,6,35,1,4,41,5,5,2024,1,5,46,9,1,1
0,0,1,1,4,253,4,0,16,1,5,35,1,31,9,65,4,2023,1,4,8,5,41,0
1,1,1,8,5,314,12,0,27,1,3,28,0,51,41,17,5,2024,1,0,46,29,30,0
3,3,4,5,2,763,11,0,40,1,5,51,3,46,72,41,5,2019,1,3,75,31,39,1
0,1,4,0,5,723,7,0,55,2,1,45,0,60,41,56,5,2015,2,1,46,22,55,1
0,1,2,4,8,1101,4,0,43,2,2,3,0,5,17,6,8,2024,2,0,51,25,45,1
3,1,1,1,5,1026,5,1,1,2,4,22,1,47,41,45,1,2023,0,1,46,4,7,1
0,1,1,4,5,326,3,1,54,1,4,59,0,81,41,81,5,2025,1,1,46,30,34,1
0,2,6,0,5,1160,4,1,20,3,5,19,2,42,41,36,5,2025,0,2,46,9,21,1
1,1,3,8,5,189,6,1,49,1,3,17,2,58,24,53,8,2024,1,3,27,29,53,1
0,1,3,4,5,867,2,1,17,2,3,25,0,29,41,64,5,2023,2,1,46,30,19,1
0,1,2,4,5,325,1,1,27,1,5,25,0,30,41,25,5,2024,1,3,46,37,30,0
1,1,2,6,5,286,11,1,21,2,5,19,1,10,41,7,6,2024,2,4,46,16,25,0
2,1,1,4,4,512,8,1,35,2,6,80,1,53,6,48,4,2022,0,3,5,12,8,1
1,3,2,8,5,542,8,0,43,2,2,22,1,35,41,30,8,2024,2,3,46,22,45,1
1,3,1,8,5,386,4,1,0,2,0,32,0,14,41,54,8,2023,2,2,46,28,24,1
0,1,4,7,4,481,11,1,22,1,2,15,0,11,6,8,4,2019,1,4,5,5,23,0
0,1,4,2,8,557,5,1,0,2,0,66,0,1,17,2,8,2023,0,1,51,14,24,0
0,0,3,5,4,359,5,0,7,1,6,91,1,54,46,55,4,2018,1,2,52,12,10,1
1,3,1,8,5,659,12,0,15,2,5,48,1,66,47,62,5,2022,0,0,7,2,18,0
3,1,3,3,5,1137,11,1,45,2,2,54,3,62,41,76,5,2024,2,1,46,18,42,1
3,1,3,1,5,1577,10,0,40,2,6,43,1,47,41,45,5,2022,2,0,46,30,39,0
0,1,2,5,7,330,1,1,54,1,6,32,1,25,26,20,5,2023,1,5,32,9,34,1
1,0,1,6,5,149,8,0,17,1,3,36,0,16,41,15,5,2020,1,2,46,31,19,1
0,1,3,4,5,459,4,1,27,1,0,78,1,39,41,32,5,2022,1,1,46,22,30,0
0,2,4,4,5,819,4,1,22,2,4,29,0,69,41,33,4,2024,2,2,46,5,23,0
1,2,4,6,5,217,4,1,40,1,4,41,2,15,41,10,5,2017,1,0,46,8,39,0
1,0,5,8,5,532,11,1,37,2,6,42,0,20,41,19,8,2024,2,0,46,2,35,1
0,1,2,6,3,663,10,1,32,2,2,45,0,16,28,15,6,2023,2,1,33,7,15,0
3,1,1,2,5,779,8,1,18,1,1,86,0,75,41,72,5,2025,1,3,46,30,1,0
0,0,1,4,5,404,7,1,27,1,6,30,0,59,41,52,5,2023,1,3,46,9,30,1
1,1,3,8,5,484,1,1,17,2,4,41,2,22,41,22,5,2016,2,1,46,2,19,1
0,1,1,4,5,818,1,1,20,2,3,6,0,39,41,32,5,2025,2,4,46,30,21,1
0,1,3,4,7,339,8,1,45,1,3,27,1,79,40,78,5,2021,1,2,45,11,42,0
0,0,1,0,5,811,7,1,42,2,6,9,0,21,20,16,0,2016,2,5,25,22,44,0
1,1,1,6,5,225,9,1,13,2,3,89,0,28,41,80,5,2019,2,3,46,19,16,0
2,0,6,5,5,185,11,1,55,2,2,46,2,40,24,35,5,2023,2,1,27,30,55,1
1,1,1,6,5,171,3,1,40,1,6,51,1,3,41,4,5,2023,1,0,46,30,39,0
1,1,2,8,5,513,3,0,40,2,2,24,1,48,55,43,5,2020,2,2,54,22,39,1
1,3,5,6,5,158,2,1,21,1,4,42,2,10,41,7,6,2022,1,1,46,9,25,0
1,0,5,8,5,528,4,1,27,2,6,55,1,58,41,53,5,2019,2,1,46,14,30,1
0,1,4,0,4,667,9,1,35,2,6,75,1,60,81,56,4,2021,2,3,81,37,8,0
3,1,2,3,5,981,10,1,27,2,3,66,0,78,41,73,5,2023,2,0,46,30,30,1
1,1,1,8,5,441,6,1,49,2,6,91,0,48,41,43,8,2021,2,3,46,34,53,1
0,0,3,4,5,836,7,1,27,2,1,26,1,8,23,9,5,2025,2,1,26,30,30,0
0,2,3,6,8,626,12,1,13,2,5,41,0,28,70,80,5,2024,2,3,73,34,16,1
1,0,3,6,5,347,11,1,15,2,4,1,1,28,41,80,5,2025,2,3,46,30,18,0
1,0,1,8,5,411,4,0,55,2,0,35,0,48,41,43,5,2022,2,2,46,31,55,0
0,1,2,7,2,694,4,0,27,2,3,1,1,70,2,27,5,2017,2,0,1,15,30,1
1,3,3,8,5,572,2,0,18,2,3,74,1,66,50,62,5,2025,2,1,55,14,1,1
1,1,6,6,5,334,8,1,45,2,4,31,0,28,20,80,5,2021,2,3,25,23,42,1
3,3,3,2,5,1855,1,1,51,2,3,19,0,56,50,51,2,2024,2,3,55,30,52,0
1,0,2,8,5,525,7,1,8,2,4,43,0,58,55,53,8,2025,2,1,54,2,9,0
1,1,1,6,5,325,2,1,27,2,2,87,0,3,41,4,5,2025,2,4,46,8,30,0
2,1,2,5,5,167,11,0,45,2,6,103,0,7,63,47,5,2017,2,5,68,30,42,0
3,3,2,2,5,731,8,1,15,1,5,13,1,65,41,61,5,2022,1,2,46,31,18,0
1,1,3,8,5,638,2,1,18,2,0,62,1,58,41,53,5,2019,2,4,46,2,1,1
1,1,5,8,5,707,1,0,37,2,1,12,1,43,41,37,8,2018,0,1,46,31,35,0
1,2,1,8,5,551,6,1,27,2,1,67,0,73,41,70,5,2022,2,0,46,29,30,0
1,1,6,8,5,482,7,0,43,2,5,5,2,24,47,58,8,2018,2,5,7,9,45,1
3,2,2,1,5,772,5,1,54,1,4,16,0,36,41,79,5,2023,1,0,46,28,34,0
1,1,2,8,5,185,2,0,17,1,6,58,0,35,41,30,5,2023,1,2,46,14,19,0
0,1,5,6,6,399,2,1,54,1,6,39,2,76,57,74,5,2016,1,5,61,16,34,1
0,3,2,4,5,876,6,0,28,2,1,101,0,52,41,46,4,2025,2,3,46,22,31,1
1,1,4,8,5,545,10,1,17,2,3,30,0,51,0,17,5,2015,2,2,6,28,19,1
0,1,3,0,5,355,10,1,55,1,2,8,0,0,41,1,5,2023,1,4,46,30,55,1
0,3,2,4,8,506,5,1,53,1,6,3,0,59,54,52,4,2023,1,5,14,37,54,1
0,0,1,4,5,663,3,1,54,2,4,57,1,8,23,9,5,2015,2,0,26,28,34,1
0,1,4,0,5,964,8,0,55,2,6,19,2,60,47,56,5,2017,2,2,7,31,55,1
3,1,5,1,5,1477,12,0,18,2,2,59,2,31,41,65,5,2017,2,5,46,9,1,0
1,0,2,6,5,215,11,1,27,2,4,37,0,61,41,57,5,2022,2,3,46,28,30,0
1,1,2,8,5,597,6,1,54,2,1,52,1,14,41,54,5,2015,2,5,46,28,34,1
1,1,4,8,5,263,7,1,45,1,3,85,1,38,20,31,5,2016,1,5,25,25,42,1
3,1,2,1,5,695,7,1,2,1,5,70,0,80,41,77,1,2024,1,0,46,0,2,1
2,1,1,5,5,172,11,1,18,2,4,2,0,6,24,0,5,2024,2,0,27,9,1,1
0,0,3,4,5,406,1,0,20,1,5,2,0,39,63,32,5,2025,1,1,68,28,21,1
1,0,4,8,5,184,8,1,13,1,4,40,0,12,41,13,5,2022,1,3,46,14,16,1
2,1,2,8,8,244,1,0,37,2,6,24,1,48,19,43,8,2017,2,3,20,14,35,1
0,1,5,4,5,832,10,1,27,2,1,57,1,4,41,5,5,2023,2,0,46,9,30,0
1,0,1,6,5,370,3,0,20,2,6,1,1,9,41,12,5,2022,2,1,46,31,21,1
1,1,2,6,4,647,8,1,3,2,1,29,0,74,6,69,4,2025,2,5,5,19,4,1
1,1,1,8,5,677,2,0,4,3,3,36,0,51,41,17,8,2025,0,3,46,30,5,1
1,1,5,8,5,231,8,0,45,1,4,30,2,12,50,13,5,2023,1,2,55,30,42,1
0,0,2,4,2,717,5,1,3,2,1,57,0,18,61,60,4,2018,2,5,65,33,4,0
0,1,1,7,5,783,11,0,52,2,5,11,0,70,41,27,7,2015,2,5,46,22,51,0
1,2,5,8,5,182,9,1,0,1,1,80,2,14,41,54,8,2022,1,3,46,31,24,0
0,3,1,7,5,824,4,0,27,3,3,111,1,45,41,40,5,2024,0,4,46,9,30,1
0,1,2,8,4,436,3,1,7,1,6,43,0,66,48,62,4,2025,1,1,53,29,10,0
0,1,3,7,1,717,10,1,1,2,4,70,1,32,45,26,1,2023,2,4,47,6,7,1
1,0,2,8,5,512,2,1,20,2,1,55,0,66,47,62,5,2022,2,4,7,25,21,0
1,1,5,8,5,457,5,1,43,2,2,22,0,12,41,13,8,2021,2,2,46,30,45,1
0,1,4,4,5,477,9,1,28,1,2,60,1,52,41,46,4,2023,1,1,46,31,31,1
0,3,4,4,5,372,11,1,54,1,5,40,2,30,41,25,5,2023,1,5,46,9,34,0
1,1,2,8,5,482,10,1,37,2,4,8,1,66,41,62,8,2015,2,3,46,22,35,0
0,0,6,0,5,749,2,1,27,2,0,30,1,0,41,1,5,2025,0,3,46,2,30,0
0,1,3,7,5,797,11,1,27,2,1,43,1,32,41,26,5,2018,2,1,46,24,30,1
0,1,2,4,8,960,8,0,43,2,6,57,1,8,39,9,8,2018,2,0,17,13,45,1
1,1,2,8,5,584,1,1,27,2,0,173,0,22,41,22,5,2025,2,3,46,31,30,1
3,1,2,3,5,1053,3,1,34,2,2,59,0,62,41,76,3,2024,2,0,46,7,0,0
1,3,4,6,5,361,4,1,32,2,5,9,0,77,41,75,6,2017,2,2,46,28,15,0
0,1,4,7,5,386,6,0,27,1,3,27,1,57,41,49,5,2021,1,1,46,28,30,1
1,0,2,8,5,226,11,1,27,1,6,21,1,58,41,53,5,2016,1,5,46,2,30,1
1,3,2,8,5,548,9,1,37,2,1,46,0,73,41,70,8,2017,2,3,46,28,35,1
1,0,3,8,5,212,5,1,54,1,2,40,1,43,41,37,5,2024,1,0,46,22,34,1
2,0,2,2,2,363,6,1,23,2,2,11,0,56,61,51,2,2021,2,1,65,1,26,0
2,3,6,5,5,214,1,1,45,2,6,29,2,68,41,63,5,2023,0,4,46,2,42,1
3,1,2,2,5,1520,12,1,23,2,0,59,0,75,41,72,2,2019,2,1,46,2,26,1
2,1,4,5,5,82,7,1,54,1,2,3,1,54,41,55,5,2017,1,5,46,31,34,0
0,1,1,0,5,787,1,1,26,2,1,26,1,2,41,3,0,2018,2,0,46,30,28,1
3,3,2,2,5,781,3,1,39,1,2,49,0,56,41,51,2,2025,1,3,46,30,38,0
2,1,1,5,5,186,6,0,40,2,4,46,1,71,24,68,5,2017,2,2,27,28,39,0
0,0,4,4,5,775,2,1,7,2,0,14,0,79,41,78,4,2015,2,5,46,22,10,0
0,0,2,0,0,387,5,1,26,1,2,46,1,44,56,38,0,2021,1,4,60,27,28,1
0,1,2,0,5,871,2,0,20,2,6,53,0,23,50,21,5,2015,2,0,55,27,21,0
1,0,3,8,5,273,2,1,8,1,1,82,1,73,41,70,8,2017,1,0,46,30,9,1
0,0,5,4,5,470,5,1,13,1,0,49,2,29,41,64,5,2020,1,0,46,28,16,1
2,1,5,5,5,81,12,0,20,1,3,32,0,7,41,47,5,2017,1,3,46,2,21,0
1,1,5,6,5,135,1,0,20,1,1,25,0,76,41,74,5,2023,1,3,46,28,21,0
0,1,3,4,5,927,1,1,27,2,3,55,0,39,41,32,5,2020,2,5,46,37,30,1
1,1,2,5,8,477,4,1,4,2,5,102,1,40,70,35,8,2020,2,5,73,30,5,0
0,0,3,4,5,789,2,1,55,2,3,26,0,81,41,81,5,2016,2,3,46,22,55,1
1,3,2,8,5,573,11,1,40,2,5,29,0,73,41,70,5,2016,2,1,46,9,39,1
2,1,3,5,5,130,6,1,40,1,3,70,0,25,41,20,5,2021,1,1,46,30,39,1
1,0,5,8,5,194,12,1,49,1,5,58,2,17,23,39,8,2017,1,5,26,14,53,0
3,3,5,1,5,1259,3,1,27,2,1,85,1,80,41,77,5,2023,0,4,46,30,30,0
1,1,3,8,5,1128,1,1,50,3,3,43,1,20,41,19,8,2025,0,3,46,31,46,0
2,3,2,8,8,135,11,0,4,1,6,66,1,12,62,13,8,2017,1,3,66,14,5,0
1,1,2,8,5,397,2,0,55,2,4,16,1,48,41,43,5,2021,2,0,46,3,55,1
1,0,4,8,5,194,2,0,4,1,6,11,1,24,41,58,8,2024,1,5,46,2,5,0
1,1,1,8,5,555,12,1,0,2,3,53,0,12,41,13,8,2020,2,2,46,25,24,0
1,1,2,8,5,191,3,1,54,1,0,17,0,22,41,22,5,2018,1,1,46,2,34,0
2,0,5,5,5,160,9,1,27,2,1,96,4,68,41,63,5,2025,2,2,46,22,30,0
1,1,5,8,5,486,11,1,4,2,0,13,0,12,41,13,8,2020,2,3,46,14,5,1
1,0,2,8,5,220,11,0,45,1,5,39,0,51,41,17,5,2023,1,1,46,2,42,0
0,1,4,4,5,824,2,1,25,2,4,90,3,69,23,33,4,2025,2,3,26,22,27,0
3,0,2,2,5,1644,5,1,27,2,6,20,0,75,41,72,5,2024,2,5,46,30,30,1
1,1,2,6,5,302,10,0,27,2,5,1,2,28,41,80,5,2019,2,1,46,9,30,1
2,0,3,5,5,175,11,1,17,2,3,20,0,27,41,24,5,2025,2,3,46,22,19,0
0,1,2,0,5,767,4,1,55,2,5,21,2,44,35,38,5,2024,2,1,40,32,55,1
0,1,4,4,5,305,6,1,47,1,3,5,0,39,47,32,4,2019,1,5,7,22,49,0
2,0,2,5,5,177,11,0,45,2,6,74,0,6,35,0,5,2019,2,1,40,30,42,1
1,0,1,8,5,533,7,1,45,2,3,35,1,73,41,70,5,2024,2,1,46,9,42,0
0,1,2,4,5,697,3,1,13,2,2,14,0,79,41,78,5,2023,0,5,46,37,16,1
1,1,1,5,8,598,11,1,37,2,1,22,0,26,37,23,8,2025,2,1,43,29,35,1
1,0,1,8,5,233,11,1,27,1,6,9,0,38,41,31,5,2022,1,1,46,25,30,1
3,1,2,3,5,522,2,1,17,1,3,20,0,37,41,66,5,2025,1,2,46,9,19,1
0,1,3,4,2,873,4,1,47,2,2,82,0,30,61,25,4,2023,2,5,65,17,49,0
0,0,6,4,5,360,9,1,18,1,4,43,0,30,41,25,5,2024,1,3,46,12,1,0
0,1,2,4,5,734,3,1,45,2,3,19,1,59,41,52,5,2022,2,5,46,31,42,1
2,3,4,5,5,160,4,1,54,2,6,30,0,68,41,63,5,2025,2,5,46,30,34,1
3,1,3,3,5,1345,3,1,40,3,2,8,1,64,41,11,5,2016,0,0,46,18,39,0
1,1,2,8,5,272,2,1,27,1,2,31,0,43,41,37,5,2018,1,4,46,2,30,1
1,0,3,6,5,395,10,1,40,2,4,18,0,76,41,74,5,2015,2,2,46,16,39,0
0,1,2,4,5,855,11,1,13,2,0,32,0,30,41,25,5,2022,2,3,46,12,16,1
1,1,3,8,5,502,4,1,17,2,4,16,1,20,41,19,5,2019,2,4,46,34,19,0
1,1,3,8,5,466,9,0,27,2,6,10,0,14,41,54,5,2023,2,1,46,22,30,1
1,1,3,8,5,443,7,1,37,2,6,73,0,20,0,19,8,2018,2,1,6,31,35,1
3,1,3,2,5,1533,2,1,45,2,0,10,1,56,41,51,5,2015,2,2,46,2,42,1
3,0,1,3,5,793,8,1,11,2,4,33,1,64,0,11,3,2015,0,1,6,31,11,0
1,1,2,6,5,234,1,0,30,2,4,66,1,76,41,74,6,2023,2,1,46,19,33,0
0,1,4,7,5,692,8,1,38,2,6,54,1,72,41,71,7,2025,2,0,46,36,37,0
1,1,6,8,5,267,1,1,54,1,2,66,2,20,41,19,5,2015,1,3,46,14,34,1
0,1,2,4,5,460,9,1,29,1,6,88,1,30,41,25,4,2017,1,3,46,31,47,1
2,1,3,5,5,81,11,1,55,1,6,7,1,40,41,35,5,2018,1,5,46,2,55,0
0,3,5,6,6,620,7,1,32,2,6,16,1,3,15,4,6,2025,2,2,16,16,15,1
0,2,2,6,0,293,9,1,41,1,1,68,1,3,16,4,6,2024,1,5,21,16,40,0
3,1,2,1,5,1455,7,1,27,2,3,67,0,36,41,79,5,2025,2,1,46,9,30,0
0,0,2,0,5,464,5,1,54,1,4,52,0,50,20,42,5,2017,1,1,25,9,34,1
0,1,1,7,5,834,5,1,27,2,1,29,1,72,41,71,5,2024,2,3,46,30,30,0
0,3,3,4,5,444,4,0,27,1,1,52,1,49,41,44,5,2023,1,2,46,22,30,1
0,2,5,4,5,391,1,1,47,1,3,56,4,39,41,32,4,2019,1,0,46,5,49,1
1,1,1,6,5,116,2,1,13,1,3,54,0,10,20,7,5,2024,1,3,25,30,16,1
0,1,4,4,5,492,12,1,3,1,4,9,2,8,55,9,4,2023,1,1,54,17,4,0
0,1,2,4,5,450,8,1,28,1,5,43,1,30,41,25,4,2016,1,5,46,5,31,1
3,3,3,1,5,632,1,1,40,1,1,15,0,47,41,45,5,2025,1,3,46,9,39,0
3,3,1,2,5,731,9,0,45,1,1,51,0,13,41,14,5,2024,1,0,46,31,42,0
1,0,1,6,4,231,5,1,32,1,6,22,0,16,5,15,6,2023,1,0,4,23,15,0
1,1,5,6,5,191,9,1,32,1,0,43,3,34,20,29,6,2016,1,1,25,28,15,1
1,1,2,8,5,526,3,1,17,2,6,19,1,48,41,43,5,2024,2,5,46,9,19,0
0,1,2,2,8,339,11,1,4,1,5,10,0,13,17,14,8,2016,1,1,51,1,5,1
1,2,1,8,5,429,12,1,27,2,4,46,1,66,41,62,5,2018,2,1,46,28,30,1
0,2,1,7,5,395,5,1,18,1,2,20,0,32,41,26,5,2016,1,2,46,11,1,1
1,0,1,8,5,578,1,0,37,2,4,68,1,38,41,31,8,2020,2,3,46,34,35,1
3,3,3,1,5,1470,6,1,13,2,5,84,0,80,41,77,5,2022,2,2,46,2,16,0
3,0,1,2,5,764,2,0,15,1,0,83,0,65,63,61,5,2022,1,4,68,22,18,0
0,1,4,8,6,360,12,1,0,1,0,6,1,24,4,58,8,2017,1,2,3,35,24,1
0,1,4,4,7,607,5,1,16,2,0,90,2,8,27,9,4,2019,2,0,70,36,41,1
3,1,6,2,5,1608,1,1,45,2,5,70,3,1,50,2,5,2022,2,1,55,9,42,1
2,1,3,5,5,75,1,1,13,1,2,57,2,27,41,24,5,2019,1,3,46,31,16,0
1,1,2,5,8,528,10,1,49,2,6,70,0,40,17,35,8,2024,2,5,51,34,53,0
0,1,2,3,8,351,8,1,18,1,4,5,0,33,37,28,5,2025,1,0,43,7,1,1
1,3,3,8,5,546,5,0,55,2,5,16,0,22,41,22,5,2023,2,1,46,9,55,1
1,3,3,6,5,354,10,1,13,2,6,29,1,28,0,80,5,2017,2,3,6,28,16,1
1,0,2,8,5,510,4,0,15,2,3,109,0,35,41,30,5,2025,2,4,46,22,18,1
3,1,4,1,5,834,5,1,1,1,2,77,1,41,41,59,1,2017,1,1,46,22,7,1
0,3,2,4,5,453,11,1,18,1,6,42,0,39,41,32,5,2023,1,5,46,31,1,1
3,1,3,3,5,1166,2,1,27,2,2,33,1,67,41,67,5,2025,2,0,46,28,30,0
2,3,4,5,5,87,11,1,27,1,4,83,2,7,41,47,5,2018,1,0,46,30,30,1
0,1,3,4,5,1219,12,0,54,3,3,40,0,30,24,25,5,2019,0,0,27,37,34,0
0,1,1,4,5,662,1,1,17,2,3,9,0,59,41,52,5,2025,2,3,46,31,19,0
2,1,1,8,8,348,5,0,4,2,3,58,0,20,30,19,8,2016,2,4,35,34,5,0
1,1,2,8,5,235,12,0,40,1,2,10,1,66,41,62,5,2021,1,3,46,28,39,1
1,1,3,8,5,314,10,1,37,1,6,44,0,14,41,54,8,2016,1,3,46,30,35,1
2,0,3,8,8,368,1,1,8,2,6,5,1,73,22,70,8,2020,2,1,22,3,9,0
0,3,2,8,1,789,9,1,48,2,4,14,1,20,77,19,1,2020,2,1,80,14,50,0
1,1,3,6,5,156,7,1,41,1,2,24,1,3,41,4,6,2017,1,5,46,2,40,1
0,1,6,7,5,437,10,1,17,1,2,1,3,19,41,34,5,2018,1,5,46,15,19,1
0,1,2,7,1,619,2,1,52,2,5,86,1,70,65,27,7,2018,2,1,31,24,51,1
3,1,1,3,5,450,2,1,15,1,0,72,0,67,41,67,5,2023,1,3,46,18,18,0
3,3,2,3,5,1000,8,0,11,2,4,15,0,33,41,28,3,2019,2,1,46,18,11,1
1,1,2,8,5,558,9,0,43,2,2,41,0,51,41,17,8,2022,2,1,46,22,45,0
1,1,3,4,6,605,10,1,18,2,3,74,1,18,75,60,5,2018,2,5,77,16,1,1
0,1,1,7,7,291,6,1,52,1,0,11,1,19,26,34,7,2025,1,0,32,24,51,0
3,1,2,5,1,1448,11,1,2,2,2,96,1,71,18,68,1,2020,2,0,63,0,2,1
0,1,1,7,1,723,8,1,2,2,3,4,0,11,79,8,1,2022,2,3,36,15,2,1
3,1,1,1,5,876,7,0,17,1,4,56,0,47,41,45,5,2024,1,1,46,2,19,0
0,1,6,0,3,322,6,0,26,1,2,52,1,60,28,56,0,2019,1,1,33,21,28,0
1,1,1,8,5,464,10,0,27,2,3,51,0,35,41,30,5,2015,2,3,46,22,30,0
1,1,1,6,5,432,5,0,18,2,5,89,1,76,41,74,5,2025,0,0,46,28,1,1
0,1,3,3,0,447,10,1,33,1,3,76,1,67,36,67,3,2023,1,5,42,10,12,1
1,1,5,8,5,246,4,1,49,1,2,31,0,14,41,54,8,2025,1,3,46,28,53,0
1,3,6,8,5,433,8,1,40,2,5,56,2,24,0,58,5,2018,2,1,6,14,39,0
0,3,5,4,5,379,12,1,27,1,4,32,0,39,41,32,5,2016,1,2,46,5,30,1
1,3,6,8,5,293,11,1,43,1,6,35,1,14,41,54,8,2022,1,4,46,30,45,1
0,1,1,7,5,817,7,1,13,2,5,25,1,45,41,40,5,2018,2,3,46,24,16,0
1,0,1,8,5,256,11,1,4,1,4,1,1,17,41,39,8,2023,1,1,46,9,5,1
1,2,5,8,5,235,11,1,50,1,3,25,1,12,41,13,8,2016,1,3,46,31,46,0
0,1,2,7,5,377,5,1,31,1,1,83,1,11,0,8,7,2025,1,3,6,22,32,0
0,1,3,5,7,322,10,1,27,1,4,31,0,54,27,55,5,2015,1,2,70,2,30,1
3,0,3,2,5,1774,10,1,18,2,1,84,0,1,0,2,5,2025,2,1,6,30,1,1
0,1,2,0,5,300,6,1,15,1,4,30,0,2,47,3,5,2022,1,4,7,31,18,0
1,1,3,8,5,484,9,1,27,2,6,15,1,24,41,58,5,2019,2,1,46,9,30,0
0,0,4,3,7,938,7,0,9,2,3,85,1,78,26,73,3,2016,2,3,32,24,14,1
3,1,2,3,5,983,7,1,40,2,2,67,1,64,41,11,5,2025,2,1,46,9,39,1
0,1,1,8,3,868,3,0,11,2,5,64,1,24,28,58,3,2016,2,5,33,21,11,0
0,1,1,4,5,437,7,0,16,1,6,72,0,8,68,9,4,2024,1,4,71,22,41,1
1,0,1,8,5,192,8,1,50,1,2,7,0,20,41,19,8,2024,1,3,46,30,46,0
0,1,2,5,4,384,10,1,3,1,6,10,1,7,52,47,4,2024,1,2,59,9,4,0
1,0,3,8,5,449,6,1,27,2,4,52,0,17,41,39,5,2019,2,3,46,14,30,1
3,1,3,3,5,538,10,1,13,1,3,8,0,78,41,73,5,2021,1,0,46,22,16,0
1,1,1,6,5,386,7,1,32,2,1,17,0,16,23,15,6,2019,2,3,26,9,15,0
1,0,2,6,5,363,3,1,20,2,1,59,1,61,41,57,5,2019,2,1,46,22,21,1
3,0,6,1,5,1431,10,1,1,2,2,34,2,41,55,59,1,2022,2,3,54,31,7,0
3,1,3,2,5,1678,4,1,54,2,2,59,1,13,55,14,5,2023,2,0,54,9,34,0
2,1,1,5,5,116,6,1,27,1,6,74,0,55,41,50,5,2022,1,5,46,30,30,0
3,3,2,3,5,1112,3,1,40,2,5,8,0,62,41,76,5,2017,2,1,46,18,39,0
1,0,2,8,5,423,7,0,45,2,3,42,0,48,35,43,5,2024,2,5,40,31,42,1
1,0,3,6,5,390,1,0,17,2,4,52,1,77,41,75,5,2022,2,0,46,30,19,0
0,1,2,4,5,937,4,1,3,2,2,67,1,49,63,44,4,2015,2,1,68,13,4,1
1,1,5,8,5,448,4,1,40,2,6,65,2,12,23,13,5,2024,2,3,26,9,39,1
0,1,2,4,5,634,2,1,45,2,0,52,1,52,63,46,5,2018,0,0,68,9,42,0
0,3,3,7,5,382,1,1,45,1,3,34,3,70,63,27,5,2025,1,1,68,9,42,0
0,1,3,6,3,1110,2,1,55,3,1,147,0,74,67,69,5,2017,0,1,67,21,55,0
0,0,3,7,5,417,1,0,17,1,0,88,0,45,41,40,5,2022,1,1,46,24,19,0
0,0,4,5,4,657,3,1,6,2,3,71,1,25,64,20,4,2023,0,5,29,13,22,1
0,0,2,7,5,616,3,1,19,2,1,93,0,11,41,8,7,2024,2,3,46,24,20,0
1,0,4,6,5,274,12,1,41,2,6,4,0,16,41,15,6,2017,2,5,46,8,40,0
0,1,2,4,5,574,6,1,18,2,5,60,1,49,41,44,5,2023,0,3,46,9,1,0
0,1,3,4,5,753,6,1,18,2,0,30,1,29,68,64,5,2018,2,3,71,13,1,0
1,1,5,8,5,247,12,1,15,1,6,89,2,73,41,70,5,2025,1,4,46,2,18,0
1,1,1,8,5,402,3,1,13,2,5,45,1,58,41,53,5,2021,2,0,46,29,16,1
1,3,2,8,5,180,12,1,8,1,0,57,1,43,41,37,8,2022,1,0,46,34,9,1
1,3,1,5,6,104,10,1,32,1,3,41,1,54,69,55,6,2024,1,3,74,9,15,1
0,1,1,0,5,740,8,0,55,2,5,62,0,44,20,38,5,2022,0,4,25,30,55,0
3,1,2,1,5,731,5,1,27,1,0,44,0,47,41,45,5,2019,1,3,46,30,30,1
1,0,1,8,5,387,9,1,55,2,4,93,1,43,41,37,5,2015,2,1,46,29,55,1
0,1,2,7,5,763,11,1,27,2,4,52,0,32,41,26,5,2023,2,3,46,9,30,0
1,1,5,8,5,429,12,1,18,2,6,82,1,22,41,22,5,2024,2,5,46,3,1,1
1,0,1,8,5,479,3,1,37,2,1,84,0,58,0,53,8,2017,2,4,6,28,35,0
0,1,2,8,6,345,3,1,41,1,3,29,1,17,4,39,6,2025,1,0,3,14,40,0
1,3,3,8,5,278,3,1,20,1,0,26,1,22,20,22,5,2018,1,1,25,34,21,1
0,1,1,8,3,684,6,1,49,2,6,11,0,35,28,30,8,2018,2,5,33,18,53,1
0,0,1,4,1,404,5,0,12,1,6,20,0,4,59,5,1,2016,1,4,41,6,13,0
1,1,3,6,5,347,3,1,21,2,4,57,2,10,41,7,6,2024,2,0,46,31,25,1
3,0,4,1,5,1400,9,1,2,2,0,16,1,80,23,77,1,2025,2,5,26,2,2,1
0,1,4,4,5,896,4,1,25,2,1,49,0,79,41,78,4,2022,0,1,46,22,27,1
0,1,5,0,6,323,6,0,30,1,1,59,1,42,69,36,6,2019,1,5,74,23,33,1
0,1,2,4,5,338,11,1,20,1,4,9,1,4,41,5,5,2023,1,1,46,2,21,1
1,1,2,5,8,388,9,1,40,2,0,36,0,26,13,23,5,2023,2,5,12,29,39,0
2,1,1,5,5,102,11,1,20,1,5,57,1,7,41,47,5,2025,1,2,46,22,21,0
0,1,1,6,6,421,8,1,21,1,1,27,0,10,75,7,6,2019,1,5,77,35,25,1
1,1,2,6,5,396,7,1,17,2,3,25,0,77,23,75,5,2017,2,3,26,28,19,1
1,1,5,5,8,561,6,1,55,2,6,3,2,40,39,35,5,2022,2,5,17,14,55,1
1,3,2,8,5,595,1,0,43,2,2,54,1,24,24,58,8,2024,2,0,27,34,45,0
2,1,1,4,4,696,7,1,53,3,1,24,0,59,44,52,4,2023,0,5,49,37,54,0
2,1,3,8,8,243,4,1,37,2,0,36,0,48,22,43,8,2015,2,0,22,3,35,1
3,1,3,3,5,1086,6,1,13,2,0,25,1,37,41,66,5,2024,2,3,46,9,16,1
0,1,2,4,5,1086,12,1,15,3,1,33,1,5,41,6,5,2018,0,3,46,30,18,1
1,1,3,8,5,308,3,1,18,1,5,12,1,17,41,39,5,2018,1,4,46,25,1,0
0,0,2,5,0,1133,3,1,27,3,4,29,1,25,16,20,5,2023,0,1,21,27,30,0
1,1,2,8,5,545,3,1,27,2,4,16,0,73,41,70,5,2017,2,1,46,3,30,0
1,1,2,8,5,307,1,1,15,1,4,32,1,17,41,39,5,2024,1,1,46,3,18,1
0,1,4,4,8,1011,7,1,53,2,4,18,0,79,62,78,4,2020,2,3,66,34,54,1
1,3,2,6,5,393,6,0,27,2,4,48,1,16,41,15,5,2023,2,5,46,22,30,0
0,1,4,4,5,318,1,0,7,1,1,6,0,49,41,44,4,2017,1,2,46,33,10,1
0,1,4,3,4,266,10,0,6,1,2,92,2,67,64,67,4,2018,1,3,29,13,22,0
0,1,3,4,5,656,10,0,27,2,2,45,1,39,41,32,5,2022,2,0,46,28,30,0
0,0,4,4,5,728,11,0,40,2,2,15,1,59,47,52,5,2019,2,4,7,31,39,0
2,1,1,4,4,399,3,1,7,2,4,56,0,39,48,32,4,2018,2,1,53,37,10,0
0,0,2,4,5,424,2,0,40,1,5,15,0,29,41,64,5,2025,1,1,46,2,39,1
1,1,3,8,5,245,11,1,27,1,6,44,1,22,41,22,5,2025,1,5,46,14,30,0
1,1,3,6,5,182,7,1,55,1,1,21,0,61,55,57,5,2019,1,3,54,28,55,1
0,1,3,0,0,797,3,0,26,2,6,19,0,2,38,3,0,2020,2,0,44,20,28,1
3,1,3,3,5,521,7,1,45,1,5,69,1,64,63,11,5,2022,1,1,68,30,42,1
1,1,5,8,5,682,1,1,43,3,6,40,2,48,50,43,8,2024,0,4,55,28,45,0
1,1,2,8,5,229,5,0,50,1,2,61,2,22,41,22,8,2019,1,2,46,28,46,0
2,3,1,5,5,218,5,0,55,2,6,13,1,68,20,63,5,2022,2,3,25,28,55,0
0,3,6,4,5,374,1,1,6,1,0,21,2,59,41,52,4,2025,1,1,46,12,22,0
3,0,1,2,5,1547,5,0,55,2,4,77,0,65,41,61,5,2019,2,1,46,2,55,0
0,1,2,8,4,1158,6,1,47,2,3,36,0,17,33,39,4,2019,2,5,69,13,49,1
0,1,3,6,7,780,11,1,21,2,4,44,0,15,49,10,6,2016,2,4,57,23,25,0
1,0,3,8,5,194,7,0,18,1,3,55,0,38,41,31,5,2017,1,3,46,9,1,0
1,1,3,8,5,430,12,1,15,2,2,18,1,12,41,13,5,2024,2,5,46,31,18,0
0,3,2,4,8,881,1,0,18,2,1,68,0,49,37,44,5,2025,2,0,43,12,1,1
0,1,5,8,7,885,1,1,19,2,5,18,2,20,26,19,7,2019,0,5,32,24,20,1
2,3,1,5,5,80,11,1,45,1,4,16,0,55,41,50,5,2018,1,1,46,22,42,1
0,2,1,0,5,363,11,1,27,1,2,25,0,21,41,16,5,2024,1,3,46,31,30,1
1,1,2,8,5,520,6,1,49,2,4,40,1,12,55,13,8,2015,2,3,54,31,53,0
1,0,4,8,5,293,9,0,13,1,5,63,1,43,41,37,5,2020,1,4,46,9,16,1
0,1,3,8,2,1038,6,0,4,3,5,25,0,17,14,39,8,2018,0,5,13,1,5,0
3,3,1,3,5,464,3,0,33,1,0,31,1,67,41,67,3,2024,1,2,46,31,12,1
0,3,3,4,5,793,12,1,27,2,4,20,0,8,41,9,5,2024,2,2,46,28,30,1
3,3,2,1,5,632,9,1,48,1,6,17,0,47,41,45,1,2018,1,3,46,28,50,1
1,1,5,8,5,580,8,1,17,2,5,22,1,58,41,53,5,2025,2,5,46,3,19,0
0,2,1,7,1,956,11,1,12,2,5,17,0,70,45,27,1,2021,2,5,47,36,13,0
3,1,1,2,5,862,6,1,17,1,2,1,0,56,41,51,5,2025,1,0,46,26,19,0
1,1,2,8,5,552,8,1,17,2,6,34,0,51,41,17,5,2019,2,3,46,30,19,0
1,1,5,6,5,163,12,1,55,1,3,14,4,10,41,7,5,2018,1,0,46,2,55,0
1,1,2,8,5,294,3,1,8,1,1,10,0,66,41,62,8,2015,1,3,46,2,9,1
0,1,1,7,5,778,11,1,52,2,6,12,0,19,41,34,7,2023,2,3,46,15,51,1
0,1,2,0,5,833,10,0,45,2,5,23,1,50,41,42,5,2016,2,3,46,32,42,1
1,0,4,8,5,565,8,1,27,2,0,7,1,43,20,37,5,2025,2,3,25,34,30,0
1,0,5,8,5,301,9,1,8,1,3,67,1,20,41,19,8,2022,1,1,46,34,9,1
1,1,5,8,5,578,12,1,8,2,2,77,4,12,41,13,8,2016,2,2,46,22,9,1
1,1,2,8,5,556,2,1,54,2,4,71,0,17,55,39,5,2017,2,5,54,14,34,0
0,1,3,4,5,368,5,0,53,1,5,83,2,18,41,60,4,2025,1,0,46,17,54,0
1,1,2,8,5,460,4,1,54,2,2,28,0,35,41,30,5,2022,2,5,46,30,34,1
0,1,2,7,2,768,5,0,51,2,4,62,0,70,51,27,2,2019,2,5,56,24,52,0
0,1,2,8,4,504,1,1,50,1,4,25,1,20,32,19,8,2020,1,3,39,14,46,0
3,0,6,3,5,1089,4,1,55,2,5,42,3,64,41,11,5,2018,2,0,46,31,55,0
3,1,2,3,5,464,10,1,33,1,0,41,1,37,68,66,3,2025,1,1,71,9,12,1
1,1,1,5,6,250,2,1,45,1,1,65,0,40,7,35,5,2025,1,5,10,19,42,1
1,3,1,8,5,930,9,0,4,3,4,87,0,17,41,39,8,2024,0,3,46,25,5,1
0,1,2,4,5,836,8,1,53,2,0,80,1,4,41,5,4,2023,2,4,46,33,54,0
1,3,4,8,5,519,7,1,27,2,4,15,2,58,41,53,5,2025,2,3,46,2,30,0
1,1,3,8,5,429,5,0,27,2,4,79,2,73,41,70,5,2025,2,4,46,30,30,1
0,0,2,4,5,308,2,1,27,1,5,18,0,52,41,46,5,2023,1,0,46,22,30,0
0,1,6,0,5,345,7,1,13,1,2,44,3,21,41,16,5,2017,1,4,46,28,16,0
1,1,3,8,5,473,6,0,27,2,6,51,1,73,41,70,5,2024,2,5,46,29,30,1
0,1,1,6,1,434,1,1,1,1,0,70,0,61,18,57,1,2022,1,5,63,0,7,1
1,3,2,6,4,509,11,0,32,2,3,75,0,74,46,69,6,2020,2,0,52,35,15,0
1,1,4,8,5,454,8,0,17,2,1,21,1,48,20,43,5,2022,2,1,25,31,19,0
0,1,2,4,5,376,6,0,27,1,2,12,1,69,41,33,5,2018,1,3,46,5,30,0
0,1,2,4,5,399,8,1,35,1,2,99,0,53,41,48,4,2018,1,1,46,9,8,0
0,1,3,7,8,813,6,1,0,2,4,52,0,70,22,27,8,2017,2,5,22,14,24,1
0,1,1,4,5,360,1,1,7,1,2,14,1,39,41,32,4,2016,1,0,46,9,10,0
2,1,4,5,5,74,8,1,18,1,0,21,1,6,41,0,5,2019,1,1,46,9,1,0
0,1,2,4,5,1053,6,1,16,3,5,85,0,8,41,9,4,2023,0,1,46,2,41,0
0,1,3,7,5,353,10,1,54,1,4,6,0,72,41,71,5,2025,1,1,46,15,34,1
0,1,2,6,8,558,1,1,4,2,0,27,0,16,19,15,8,2020,2,0,20,29,5,0
0,2,6,4,5,384,12,0,27,1,4,55,1,53,41,48,5,2023,1,4,46,22,30,0
3,1,3,3,5,1002,2,0,9,2,0,17,0,78,41,73,3,2019,2,0,46,31,14,1
3,1,2,2,5,1299,11,0,27,2,3,67,1,13,41,14,5,2023,0,5,46,2,30,1
0,1,1,5,0,842,9,1,40,2,2,9,0,40,36,35,5,2022,2,3,42,20,39,0
1,1,3,6,5,383,5,1,27,2,4,14,0,77,41,75,5,2021,2,1,46,2,30,1
1,1,4,8,5,262,4,1,50,1,4,24,3,38,41,31,8,2025,1,3,46,22,46,1
3,1,1,2,5,1737,3,1,51,2,3,7,0,75,41,72,2,2022,2,1,46,2,52,1
0,0,3,4,5,300,1,1,45,1,5,62,2,18,41,60,5,2017,1,0,46,22,42,0
1,1,3,8,5,447,11,1,55,2,0,38,0,20,41,19,5,2019,2,4,46,25,55,1
0,1,2,7,2,354,3,1,38,1,3,7,0,72,61,71,7,2018,1,5,65,15,37,1
1,1,1,8,5,304,1,1,4,1,4,14,0,48,55,43,8,2024,1,0,54,30,5,0
0,1,2,1,2,343,6,0,1,1,6,30,0,47,61,45,1,2017,1,2,65,4,7,0
1,0,2,8,5,246,4,1,8,1,0,44,0,22,41,22,8,2022,1,1,46,30,9,0
1,0,2,4,6,544,6,0,53,2,3,28,0,49,10,44,4,2024,2,1,15,12,54,1
2,1,1,5,5,191,3,1,27,2,6,72,1,40,41,35,5,2025,2,1,46,30,30,1
0,1,1,0,3,605,1,1,33,2,4,123,0,21,28,16,3,2025,2,1,33,18,12,1
0,1,1,6,1,792,2,0,27,2,5,44,1,3,65,4,5,2019,2,3,31,16,30,0
1,0,4,8,5,580,9,1,43,2,0,68,3,17,41,39,8,2023,2,1,46,2,45,1
3,0,2,3,5,1087,6,0,10,2,1,65,0,67,41,67,3,2016,2,3,46,28,3,0
1,2,3,8,5,778,9,1,40,2,4,73,1,73,23,70,5,2022,0,1,26,28,39,0
1,3,2,8,5,656,9,1,55,2,2,40,0,51,41,17,5,2018,0,3,46,34,55,0
1,3,1,8,5,516,9,1,27,2,1,19,1,73,41,70,5,2019,2,5,46,28,30,1
1,1,2,6,5,248,1,1,21,2,1,29,1,15,41,10,6,2018,2,2,46,22,25,1
2,1,2,5,5,152,7,1,17,2,5,142,0,27,20,24,5,2019,2,1,25,30,19,1
1,1,2,6,5,141,3,1,55,1,1,4,1,28,50,80,5,2023,1,3,55,31,55,1
0,0,2,7,5,426,9,1,27,1,1,14,1,72,41,71,5,2025,1,5,46,28,30,0
0,1,1,3,6,348,5,1,21,1,3,34,0,33,10,28,6,2023,1,4,15,23,25,1
2,0,6,5,5,187,12,1,17,2,6,24,2,27,41,24,5,2023,2,1,46,31,19,1
0,1,2,2,8,805,4,0,0,2,5,178,1,75,58,72,8,2024,2,1,24,34,24,0
0,0,1,0,5,744,1,1,54,2,3,93,0,50,35,42,5,2019,2,0,40,9,34,1
1,3,3,6,5,380,11,1,41,2,6,44,1,3,55,4,6,2015,2,0,54,16,40,0
0,1,3,3,0,421,4,0,27,1,5,12,2,78,16,73,5,2018,1,0,21,21,30,1
0,1,3,7,7,988,10,1,44,2,1,38,0,32,71,26,7,2022,2,1,72,15,43,0
1,1,1,8,5,470,12,1,50,2,3,11,1,43,68,37,8,2024,2,5,71,30,46,0
1,0,2,4,6,458,11,1,21,2,4,112,0,81,7,81,6,2016,0,4,10,19,25,1
0,1,1,4,5,688,5,1,17,2,1,3,0,29,41,64,5,2024,2,3,46,37,19,1
0,1,6,4,5,780,4,0,20,2,6,42,1,53,41,48,5,2016,2,2,46,22,21,0
0,3,5,4,5,896,10,0,27,2,4,41,1,59,41,52,5,2017,2,1,46,37,30,1
1,0,2,8,5,501,9,1,18,2,6,36,1,58,50,53,5,2024,2,4,55,25,1,0
3,0,5,3,5,1045,12,1,55,2,0,10,1,67,41,67,5,2025,0,5,46,21,55,1
0,1,1,0,5,670,10,1,45,2,1,65,1,42,41,36,5,2022,2,0,46,9,42,1
2,0,2,5,5,122,2,0,40,2,6,34,1,71,41,68,5,2023,2,4,46,2,39,1
0,0,4,7,5,716,9,0,45,2,0,52,0,72,41,71,5,2018,2,3,46,9,42,0
0,2,3,7,3,757,11,1,33,2,6,64,0,11,66,8,3,2018,2,1,37,18,12,0
1,1,2,8,5,393,2,1,0,2,6,27,0,35,41,30,8,2024,2,2,46,28,24,0
1,1,3,8,5,231,5,0,55,1,3,23,1,17,41,39,5,2022,1,3,46,9,55,0
0,1,1,4,5,810,11,1,16,2,4,101,0,8,20,9,4,2015,2,4,25,37,41,0
0,1,3,4,5,439,1,1,20,1,5,79,0,4,41,5,5,2023,1,1,46,9,21,1
1,1,1,8,5,229,4,1,37,1,2,19,0,38,41,31,8,2016,1,5,46,28,35,1
0,1,3,5,4,357,1,0,29,1,5,38,2,40,46,35,4,2018,1,1,52,33,47,0
1,1,2,6,5,150,10,1,20,1,4,31,0,9,35,12,5,2025,1,3,40,22,21,0
0,1,4,8,6,352,5,0,54,1,3,87,0,12,80,13,5,2024,1,3,28,23,34,0
1,3,2,8,5,216,8,1,18,1,0,32,0,73,41,70,5,2025,1,3,46,2,1,1
3,2,2,1,5,1687,12,1,12,2,1,40,1,80,41,77,1,2017,2,3,46,9,13,0
1,1,1,6,5,168,5,1,15,1,5,71,1,61,41,57,5,2022,1,1,46,30,18,0
0,1,2,7,5,320,4,0,27,1,4,23,1,57,41,49,5,2020,1,3,46,11,30,1
1,1,1,8,5,664,9,1,15,3,6,84,0,35,41,30,5,2017,0,1,46,3,18,1
1,0,2,8,5,462,2,1,0,2,3,34,0,17,41,39,8,2024,2,3,46,30,24,1
0,1,2,5,7,812,1,1,19,2,2,89,1,55,34,50,7,2015,2,2,19,28,20,1
1,1,4,8,5,241,3,1,54,1,3,31,0,73,41,70,5,2025,1,1,46,22,34,0
0,0,5,4,5,333,7,1,40,1,6,20,0,30,41,25,5,2018,1,3,46,2,39,0
3,3,2,1,5,1615,9,1,1,2,0,3,0,36,41,79,1,2024,2,4,46,31,7,1
1,0,3,8,5,595,6,0,27,2,2,29,0,14,41,54,5,2016,2,3,46,30,30,0
0,1,3,2,4,318,2,1,35,1,2,3,0,13,81,14,4,2019,1,2,81,13,8,0
0,1,1,4,5,500,9,1,27,1,6,5,1,53,41,48,5,2018,1,3,46,31,30,1
2,1,4,5,5,175,8,1,27,2,2,23,0,26,41,23,5,2021,2,5,46,9,30,0
1,1,3,8,5,527,11,1,49,2,4,92,0,58,41,53,8,2017,2,3,46,9,53,0
0,1,2,2,4,550,3,1,25,2,0,86,0,1,25,2,4,2023,2,5,30,33,27,1
3,1,1,3,5,1219,3,1,20,3,6,10,1,37,41,66,5,2024,0,3,46,31,21,0
0,3,1,4,5,809,7,1,3,2,5,72,1,79,41,78,4,2020,2,0,46,2,4,1
1,1,2,8,5,1152,1,1,18,3,3,59,1,73,41,70,5,2021,0,1,46,3,1,0
1,3,2,8,5,296,7,1,40,1,0,10,1,24,41,58,5,2025,1,3,46,29,39,1
2,1,5,5,5,465,1,1,40,2,3,12,2,71,41,68,5,2018,0,3,46,28,39,1
0,1,4,4,5,377,9,0,40,1,5,77,2,5,41,6,5,2016,1,3,46,9,39,0
0,0,3,6,7,348,10,1,32,1,5,16,1,74,26,69,6,2017,1,3,32,24,15,0
1,0,1,8,5,299,11,1,45,1,2,1,0,43,63,37,5,2019,1,1,68,2,42,0
0,1,4,4,5,829,3,0,17,2,0,53,2,5,41,6,5,2025,2,3,46,9,19,1
1,1,2,8,5,228,2,0,45,1,6,58,0,43,50,37,5,2023,1,2,55,29,42,1
1,1,3,8,5,530,3,1,45,2,2,76,2,12,41,13,5,2024,2,5,46,25,42,1
0,1,1,4,5,800,7,1,18,2,6,94,1,49,41,44,5,2016,2,3,46,22,1,1
0,1,1,4,5,325,2,0,20,1,5,90,1,81,41,81,5,2022,1,5,46,30,21,0
2,1,1,5,5,188,4,0,55,2,1,5,0,55,41,50,5,2018,2,5,46,9,55,0
2,1,1,5,5,160,2,1,13,2,2,50,0,54,41,55,5,2021,2,3,46,22,16,1
1,1,2,8,5,194,3,0,15,1,2,59,0,22,41,22,5,2023,1,2,46,2,18,0
2,1,6,5,5,168,11,1,45,2,4,35,4,55,41,50,5,2020,2,5,46,22,42,1
0,1,1,5,4,749,10,1,17,2,2,60,0,27,9,24,5,2024,2,5,8,30,19,0
1,1,3,6,5,741,3,1,27,3,1,59,1,16,47,15,5,2025,0,2,7,30,30,0
1,1,1,8,5,201,3,1,4,1,3,49,0,14,41,54,8,2019,1,1,46,31,5,1
0,1,3,4,5,481,2,1,27,1,3,72,0,79,41,78,5,2015,1,2,46,17,30,0
0,1,5,7,5,410,6,1,13,1,4,10,2,32,41,26,5,2015,1,2,46,2,16,1
0,1,4,7,5,342,8,0,45,1,2,111,2,70,63,27,5,2024,1,3,68,30,42,1
3,0,5,1,5,1286,7,1,27,2,0,88,0,47,23,45,5,2024,0,0,26,31,30,0
0,1,2,4,5,1063,3,1,20,3,3,86,1,81,41,81,5,2023,0,5,46,2,21,1
0,1,2,4,5,402,3,1,22,1,2,64,0,39,41,32,4,2017,1,5,46,2,23,0
1,0,1,8,5,514,4,1,50,2,2,51,0,38,41,31,8,2021,2,1,46,29,46,0
0,1,2,4,5,392,9,1,22,1,3,67,1,39,41,32,4,2017,1,5,46,28,23,1
0,1,2,1,7,702,3,1,46,2,2,14,0,31,8,65,7,2018,2,2,11,15,48,0
1,1,2,8,5,572,3,1,13,2,5,14,2,38,41,31,5,2015,0,5,46,29,16,0
1,1,1,8,5,447,3,1,4,2,0,56,0,14,41,54,8,2023,2,0,46,2,5,1
1,0,3,8,5,542,8,1,8,2,5,30,1,38,50,31,8,2015,2,5,55,22,9,0
3,1,2,3,5,1031,12,1,9,2,3,34,1,78,41,73,3,2024,2,3,46,2,14,0
1,1,2,6,5,867,8,1,27,3,1,24,0,76,41,74,5,2019,0,1,46,31,30,1
2,1,4,5,5,67,12,1,54,1,1,33,0,68,41,63,5,2019,1,0,46,9,34,0
0,1,1,0,5,790,12,1,17,2,4,70,0,2,41,3,5,2024,2,0,46,10,19,0
0,1,3,0,4,975,11,0,7,3,6,15,0,23,44,21,4,2018,0,1,49,33,10,0
1,1,3,4,6,280,8,1,30,1,6,51,0,49,12,44,6,2018,1,3,9,33,33,0
3,3,1,1,5,721,12,1,18,1,1,3,1,31,41,65,5,2019,1,0,46,22,1,1
1,0,2,8,5,208,1,1,43,1,3,29,0,20,50,19,8,2021,1,0,55,31,45,1
1,2,3,8,5,531,1,1,50,2,4,1,1,38,20,31,8,2024,2,1,25,2,46,1
1,0,2,5,6,310,3,1,18,2,4,63,0,40,15,35,5,2024,0,3,16,35,1,1
3,2,5,2,5,1735,7,1,40,2,4,35,1,65,41,61,5,2025,2,1,46,30,39,0
1,1,3,6,5,1098,2,0,30,3,2,19,0,9,41,12,6,2023,0,4,46,30,33,0
1,1,4,8,5,243,1,1,17,1,3,93,1,73,41,70,5,2022,1,3,46,9,19,1
0,2,1,4,5,916,1,1,27,2,5,3,0,29,41,64,5,2022,2,0,46,30,30,1
0,3,1,7,5,733,5,1,54,2,1,73,0,72,68,71,5,2025,0,3,71,11,34,1
0,0,3,4,5,755,1,1,27,2,5,35,1,81,41,81,5,2024,2,1,46,2,30,0
1,1,4,5,8,280,7,1,0,1,5,86,1,40,37,35,8,2021,1,5,43,2,24,0
2,2,2,5,5,1177,3,1,45,3,3,93,2,40,63,35,5,2019,0,5,68,9,42,1
1,1,1,6,5,213,1,1,27,2,2,53,1,74,41,69,5,2017,2,3,46,35,30,1
1,3,3,8,5,314,10,1,54,2,0,75,2,12,41,13,5,2019,0,1,46,31,34,1
0,3,1,4,2,302,11,1,25,1,6,18,0,52,51,46,4,2017,1,0,56,1,27,0
0,1,2,4,5,892,5,1,15,2,4,52,1,8,63,9,5,2019,2,4,68,28,18,1
2,0,2,5,5,207,8,1,27,2,0,20,0,40,41,35,5,2023,2,3,46,22,30,1
1,2,1,8,5,459,11,1,13,2,2,84,0,43,41,37,5,2019,2,5,46,34,16,0
0,1,2,4,8,433,5,1,4,1,1,38,0,8,17,9,8,2017,1,3,51,3,5,0
1,3,5,8,5,226,6,0,45,1,1,90,2,51,41,17,5,2019,1,3,46,29,42,1
1,0,2,8,5,422,6,1,55,2,5,12,1,66,41,62,5,2024,2,4,46,22,55,0
0,0,5,8,0,545,3,1,14,2,2,33,0,20,16,19,0,2025,2,3,21,25,17,1
1,1,4,8,5,221,5,1,4,1,1,35,1,17,41,39,8,2019,1,3,46,31,5,0
1,1,3,8,5,215,4,1,55,1,2,8,0,20,23,19,5,2025,1,5,26,2,55,1
0,1,2,0,5,1198,7,1,45,3,6,59,0,0,41,1,5,2019,0,5,46,22,42,0
0,1,5,4,5,853,8,1,27,2,5,1,0,30,41,25,5,2019,2,3,46,13,30,0
0,1,2,4,5,756,9,1,27,2,1,3,1,29,41,64,5,2025,2,2,46,2,30,0
0,3,3,4,5,826,2,0,27,2,3,31,2,52,41,46,5,2017,2,1,46,30,30,1
1,1,2,5,6,687,3,1,40,2,1,51,1,46,7,41,5,2023,0,3,10,23,39,0
0,1,3,4,5,826,6,1,25,2,1,53,0,8,41,9,4,2020,2,3,46,22,27,0
1,2,3,8,5,502,9,1,4,2,4,37,1,24,41,58,8,2019,2,3,46,28,5,1
1,1,1,8,5,504,1,1,40,2,5,17,1,22,41,22,5,2020,2,2,46,31,39,0
0,1,1,5,0,445,10,1,13,1,5,53,1,46,1,41,5,2025,1,1,0,9,16,0
0,3,3,4,5,395,3,1,45,1,1,69,1,4,63,5,5,2025,1,5,68,31,42,0
1,1,2,8,5,884,4,0,55,3,5,23,1,51,63,17,5,2024,0,1,68,2,55,1
0,1,1,0,0,792,11,1,26,2,0,41,0,50,16,42,0,2023,2,3,21,32,28,0
0,0,1,4,1,935,10,1,1,2,6,106,0,79,18,78,1,2018,2,3,63,6,7,0
1,3,3,6,5,149,5,1,18,1,2,58,1,9,47,12,5,2025,1,2,7,30,1,1
3,1,2,1,5,1071,10,1,18,2,1,2,0,41,35,59,5,2017,0,3,40,9,1,0
3,0,2,3,5,558,9,1,10,1,3,23,2,67,20,67,3,2019,1,2,25,2,3,0
0,3,5,4,7,708,4,1,52,2,5,18,2,53,27,48,7,2025,2,2,70,17,51,0
1,1,1,8,5,243,5,1,55,1,4,74,1,66,35,62,5,2020,1,5,40,34,55,0
0,1,2,4,8,465,6,1,49,1,4,25,2,39,62,32,8,2015,1,1,66,25,53,0
0,3,3,4,2,450,5,1,45,1,5,60,1,59,51,52,5,2025,1,2,56,5,42,1
3,1,3,3,5,500,1,1,17,1,3,28,0,33,41,28,5,2017,1,5,46,31,19,0
2,1,2,5,5,570,4,0,55,2,3,2,1,46,0,41,5,2024,0,0,6,9,55,0
1,1,2,4,6,583,7,1,36,2,2,25,1,69,80,33,6,2019,2,5,28,33,36,0
0,1,5,7,6,896,8,1,54,2,0,44,2,70,7,27,5,2023,2,2,10,23,34,0
3,1,2,5,3,1067,7,1,15,2,0,39,0,6,11,0,5,2018,2,1,64,18,18,0
0,2,1,4,5,678,1,1,15,2,6,6,1,8,41,9,5,2022,2,4,46,33,18,1
0,1,2,4,5,822,10,0,27,2,4,50,1,18,41,60,5,2020,2,5,46,9,30,0
1,0,1,8,5,429,9,1,43,2,3,58,0,43,41,37,8,2024,2,1,46,31,45,0
0,0,2,4,5,781,3,1,29,2,2,52,0,81,47,81,4,2021,2,5,7,9,47,1
0,1,1,4,5,834,11,1,13,2,6,88,0,4,41,5,5,2018,2,1,46,2,16,1
1,3,4,8,5,220,10,1,27,1,0,53,1,38,41,31,5,2017,1,2,46,22,30,1
0,0,1,4,5,343,1,1,45,1,6,50,0,18,41,60,5,2023,1,1,46,22,42,1
2,3,2,5,5,82,6,1,15,1,2,47,0,7,41,47,5,2025,1,3,46,22,18,1
1,3,3,8,5,290,10,1,50,1,3,15,0,22,41,22,8,2025,1,1,46,22,46,0
3,1,6,3,5,1105,3,1,27,3,3,27,1,62,41,76,5,2020,0,1,46,31,30,0
1,0,3,8,5,826,11,1,20,2,0,39,1,35,41,30,5,2019,0,3,46,31,21,0
3,2,3,5,1,802,7,0,20,1,0,56,1,71,77,68,5,2024,1,1,80,0,21,0
1,0,4,8,5,192,3,0,27,1,3,21,1,48,41,43,5,2017,1,2,46,34,30,1
1,1,5,8,5,984,9,1,4,3,3,23,1,73,41,70,8,2016,0,3,46,2,5,0
3,1,3,2,5,1704,7,1,20,3,5,33,0,65,41,61,5,2018,0,2,46,31,21,1
2,3,2,5,5,151,2,1,20,2,0,60,0,40,41,35,5,2025,2,2,46,22,21,0
1,1,2,8,5,409,7,1,54,2,2,33,1,20,41,19,5,2017,2,1,46,22,34,0
1,0,2,8,5,539,6,1,17,2,0,37,0,51,41,17,5,2015,2,3,46,31,19,1
1,3,1,8,5,258,11,1,45,1,2,97,0,66,41,62,5,2019,1,1,46,30,42,1
0,3,4,7,4,752,8,1,28,2,3,28,0,32,32,26,4,2025,2,3,39,37,31,0
1,0,2,8,5,1181,5,1,27,3,6,66,1,14,41,54,5,2023,0,1,46,9,30,0
1,3,3,8,5,603,2,1,17,2,2,76,2,20,41,19,5,2016,2,3,46,31,19,0
1,1,2,8,5,248,9,1,27,1,2,44,0,20,41,19,5,2019,1,2,46,29,30,0
2,1,2,5,5,91,2,1,40,1,5,8,0,26,41,23,5,2023,1,2,46,22,39,1
0,1,1,7,5,705,12,1,31,2,5,43,1,45,41,40,7,2025,2,3,46,9,32,1
3,1,6,1,5,1018,11,1,48,2,4,36,1,31,23,65,1,2015,0,5,26,9,50,1
1,0,2,8,5,392,1,1,27,2,6,30,1,12,41,13,5,2020,2,5,46,9,30,0
0,1,1,4,5,382,7,1,47,1,0,18,0,69,41,33,4,2025,1,1,46,28,49,0
0,1,5,4,5,462,2,0,18,1,3,36,1,18,41,60,5,2024,1,3,46,12,1,0
0,1,2,7,8,400,9,1,50,1,0,13,0,32,19,26,8,2023,1,3,20,3,46,0
1,0,4,8,5,610,8,1,49,2,2,42,1,35,41,30,8,2016,2,3,46,29,53,1
0,1,4,4,5,1302,8,0,29,3,0,42,2,81,41,81,4,2018,0,3,46,13,47,0
1,1,2,6,5,141,11,1,20,1,2,75,1,3,41,4,5,2025,1,4,46,16,21,0
1,1,3,6,5,186,10,1,13,1,0,112,0,16,41,15,5,2021,1,1,46,23,16,0
1,1,1,6,5,184,7,1,27,1,2,8,0,76,41,74,5,2022,1,3,46,28,30,1
0,0,3,7,4,400,3,0,38,1,6,35,0,72,25,71,7,2020,1,5,30,5,37,1
0,1,4,7,4,391,3,1,25,1,1,46,1,45,5,40,4,2019,1,1,4,13,27,0
3,1,2,3,5,1045,8,0,33,2,5,47,0,33,41,28,3,2025,2,5,46,30,12,1
1,1,2,8,5,558,11,0,49,2,4,70,0,14,41,54,8,2023,2,1,46,30,53,0
1,1,1,6,5,201,4,1,13,1,5,79,1,77,63,75,5,2023,1,5,68,22,16,0
3,1,2,5,3,993,2,0,17,2,6,39,1,7,11,47,5,2023,2,2,64,21,19,1
3,1,3,5,1,648,9,1,45,1,0,164,2,55,65,50,5,2019,1,1,31,2,42,0
0,1,1,5,4,495,7,0,6,1,1,78,1,68,64,63,4,2024,1,4,29,37,22,0
3,1,2,3,5,912,1,0,55,2,3,55,1,37,41,66,5,2016,2,2,46,28,55,1
0,0,2,0,7,662,11,1,42,2,2,36,0,23,27,21,0,2022,2,1,70,36,44,0
0,2,2,4,5,778,5,1,47,2,2,52,0,69,41,33,4,2023,2,1,46,17,49,1
2,1,1,5,5,236,7,1,45,2,1,54,0,55,41,50,5,2022,2,1,46,28,42,1
0,2,2,4,5,1068,2,1,27,2,4,33,1,81,41,81,5,2025,0,0,46,31,30,1
0,0,1,4,5,396,9,1,55,1,6,20,1,53,35,48,5,2021,1,2,40,22,55,0
1,3,2,6,5,175,5,1,18,1,6,24,1,15,41,10,5,2016,1,3,46,30,1,1
3,3,1,1,5,1619,5,1,1,2,1,20,1,47,41,45,1,2021,2,1,46,4,7,1
0,0,1,2,3,687,7,0,39,2,2,15,0,56,28,51,2,2018,2,3,33,21,38,0
2,0,1,5,5,269,6,1,15,2,2,51,1,6,41,0,5,2019,0,1,46,30,18,1
1,0,6,5,8,275,11,1,43,1,0,54,1,54,43,55,8,2017,1,4,48,29,45,0
1,1,2,8,5,566,7,1,50,2,5,27,0,22,41,22,8,2025,2,3,46,31,46,0
0,1,5,4,5,321,1,0,27,1,4,35,2,39,41,32,5,2021,1,3,46,31,30,0
0,1,4,5,4,456,10,0,6,1,2,86,1,71,6,68,4,2024,1,0,5,33,22,0
2,1,2,5,5,130,6,1,45,1,1,13,1,6,41,0,5,2019,1,4,46,28,42,0
0,2,1,7,4,1036,4,1,53,3,4,67,0,70,44,27,4,2020,0,1,49,12,54,1
0,3,2,4,5,314,8,1,27,1,6,37,0,59,41,52,5,2015,1,4,46,22,30,0
0,1,1,4,5,489,9,1,15,1,0,27,0,52,41,46,5,2015,1,0,46,30,18,0
1,1,2,6,5,201,1,1,41,1,2,53,0,77,41,75,6,2023,1,1,46,8,40,0
0,1,4,4,5,657,8,1,53,2,2,30,1,4,41,5,4,2025,2,1,46,2,54,0
0,1,4,4,5,804,10,1,17,2,0,51,1,81,24,81,5,2025,2,4,27,31,19,1
1,3,2,6,5,194,7,1,27,1,4,16,0,76,41,74,5,2024,1,3,46,28,30,0
2,0,3,5,5,129,8,1,45,1,6,76,0,27,41,24,5,2022,1,5,46,31,42,1
1,1,4,8,5,245,10,0,20,1,2,52,1,17,41,39,5,2015,1,4,46,28,21,0
2,1,1,5,5,111,2,1,54,1,3,22,0,40,41,35,5,2018,1,5,46,2,34,0
0,1,2,4,5,497,12,1,27,1,3,6,1,69,41,33,5,2018,1,3,46,9,30,0
0,3,4,4,7,1232,6,1,18,3,5,3,1,4,71,5,5,2019,0,1,72,13,1,1
3,1,2,3,5,881,8,1,13,2,4,20,2,64,41,11,5,2016,0,3,46,30,16,0
0,0,3,4,5,801,9,1,54,2,1,98,2,29,20,64,5,2016,2,0,25,30,34,1
1,1,1,8,5,566,2,1,27,2,5,40,1,24,41,58,5,2025,2,4,46,22,30,0
1,1,2,8,5,494,4,1,15,2,4,52,0,22,68,22,5,2015,2,1,71,2,18,0
0,1,2,4,5,661,7,0,13,2,3,99,1,5,41,6,5,2015,2,1,46,30,16,0
0,3,2,4,8,1291,10,1,3,3,6,55,0,8,31,9,4,2016,0,3,38,13,4,1
1,1,1,8,5,206,8,1,15,1,5,85,1,43,41,37,5,2016,1,0,46,3,18,1
1,1,3,6,5,425,10,0,27,2,3,72,2,3,23,4,5,2022,0,3,26,22,30,1
2,1,1,5,5,213,7,1,27,2,1,58,0,71,41,68,5,2025,2,0,46,30,30,1
2,1,4,5,5,888,4,0,27,2,6,75,1,54,41,55,5,2025,0,1,46,31,30,1
0,0,2,7,7,732,7,0,52,2,3,56,1,72,27,71,7,2025,2,5,70,11,51,1
3,1,4,3,5,1063,9,1,13,2,3,57,1,37,41,66,5,2025,2,3,46,22,16,1
0,1,1,7,5,1058,9,1,31,3,2,39,1,70,41,27,7,2023,0,3,46,30,32,0
0,0,5,7,5,411,1,1,27,1,4,46,3,72,41,71,5,2018,1,3,46,15,30,0
1,1,2,5,6,199,11,0,18,1,5,101,0,71,10,68,5,2018,1,1,15,16,1,1
0,1,1,4,5,852,1,1,22,2,0,57,1,81,41,81,4,2016,2,3,46,17,23,1
0,1,1,4,1,1037,7,1,55,2,4,78,1,53,77,48,5,2023,0,1,80,4,55,1
1,1,3,8,5,254,6,0,43,1,4,31,0,73,41,70,8,2023,1,2,46,2,45,0
1,3,2,8,5,477,9,1,45,2,0,44,1,22,41,22,5,2022,2,4,46,28,42,0
1,1,1,8,5,245,9,1,50,1,0,20,0,20,41,19,8,2024,1,3,46,30,46,1
1,1,3,8,5,291,4,1,27,1,1,88,2,22,41,22,5,2017,1,4,46,14,30,0
0,1,1,7,5,661,1,1,44,2,5,22,1,72,41,71,7,2024,2,1,46,36,43,0
1,1,4,6,5,176,10,1,40,1,4,19,0,77,41,75,5,2025,1,2,46,28,39,0
0,1,3,7,5,324,6,1,31,1,4,67,0,70,41,27,7,2024,1,3,46,30,32,0
0,1,3,4,0,647,11,1,26,2,2,54,0,30,56,25,0,2025,2,3,60,37,28,0
1,1,1,8,5,189,8,1,27,1,5,15,0,51,41,17,5,2019,1,0,46,29,30,0
0,0,2,4,0,259,6,1,13,1,6,28,2,79,21,78,5,2017,1,3,23,33,16,0
2,1,2,5,5,94,2,1,27,1,1,37,0,6,41,0,5,2024,1,1,46,9,30,0
1,2,5,8,5,466,3,1,27,2,1,77,2,48,41,43,5,2024,2,1,46,30,30,0
1,0,1,8,5,215,3,1,27,1,4,16,1,38,41,31,5,2024,1,1,46,34,30,1
1,0,1,6,5,192,9,0,45,1,3,22,0,10,50,7,5,2016,1,3,55,8,42,1
0,1,2,6,3,307,5,1,41,1,0,35,0,28,67,80,6,2023,1,3,67,21,40,0
0,1,2,7,5,786,12,1,27,2,6,60,1,32,41,26,5,2019,2,0,46,2,30,1
1,0,2,8,5,189,7,0,27,1,2,21,0,38,41,31,5,2019,1,1,46,34,30,1
1,3,4,6,5,164,9,0,40,1,0,61,1,3,41,4,5,2018,1,1,46,16,39,0
0,1,2,4,5,436,7,1,25,1,1,83,1,5,41,6,4,2016,1,3,46,28,27,1
1,1,2,8,5,204,5,1,37,1,3,17,0,51,41,17,8,2025,1,1,46,29,35,0
0,1,2,7,3,600,12,0,31,2,6,54,1,70,28,27,7,2018,2,3,33,24,32,1
0,1,2,4,5,847,9,1,15,2,3,15,1,4,41,5,5,2024,2,5,46,17,18,1
0,3,1,4,5,437,9,0,27,1,1,20,1,81,41,81,5,2019,1,3,46,31,30,1
0,3,1,2,4,310,12,0,51,1,3,24,0,56,5,51,2,2019,1,2,4,1,52,0
1,3,3,6,5,439,1,1,27,2,5,5,1,3,41,4,5,2015,2,3,46,30,30,0
0,3,3,0,5,846,4,1,55,2,3,33,0,23,35,21,5,2023,2,3,40,9,55,0
0,0,5,0,5,691,3,1,55,2,0,57,0,44,41,38,5,2019,2,4,46,30,55,1
1,1,1,8,5,504,10,1,49,2,0,60,0,12,41,13,8,2025,2,0,46,22,53,1
0,0,5,0,5,658,3,0,42,2,3,67,2,50,41,42,0,2025,2,4,46,9,44,1
2,1,2,5,5,145,9,1,45,2,0,48,1,55,41,50,5,2025,2,4,46,28,42,1
1,1,5,8,5,239,1,1,54,1,2,57,2,22,41,22,5,2017,1,3,46,28,34,0
0,1,4,4,5,844,6,1,54,2,5,35,1,79,41,78,5,2023,2,3,46,5,34,0
0,2,3,4,5,786,9,0,16,2,5,31,0,18,41,60,4,2025,2,2,46,28,41,0
1,1,1,6,5,431,8,1,55,2,2,17,0,61,41,57,5,2023,2,4,46,2,55,1
0,1,1,7,5,416,8,1,13,1,3,13,0,19,24,34,5,2023,1,4,27,28,16,1
1,0,1,6,5,936,1,0,21,3,6,10,0,10,41,7,6,2024,0,1,46,2,25,1
3,0,2,2,5,879,11,1,27,1,1,2,1,75,41,72,5,2022,1,2,46,2,30,1
1,1,3,8,5,428,8,0,40,2,0,6,1,58,41,53,5,2024,2,5,46,14,39,0
0,2,2,4,5,330,10,1,17,1,4,8,1,18,24,60,5,2021,1,0,27,37,19,1
0,0,3,4,5,811,1,1,16,2,0,108,1,49,41,44,4,2023,2,1,46,33,41,0
3,0,4,3,5,506,5,1,11,1,3,54,3,78,41,73,3,2023,1,3,46,28,11,1
0,1,1,0,5,460,5,1,14,1,6,19,0,0,41,1,0,2017,1,3,46,9,17,0
1,1,4,6,5,207,9,1,27,1,4,32,1,15,41,10,5,2022,1,1,46,28,30,1
0,3,1,4,5,758,7,1,40,2,1,69,0,59,41,52,5,2024,2,3,46,28,39,1
3,1,1,3,5,982,11,1,15,2,3,42,0,33,41,28,5,2019,2,0,46,22,18,1
0,1,1,7,5,432,6,1,27,1,1,70,0,70,41,27,5,2019,1,5,46,28,30,0
0,1,2,8,4,1014,6,1,20,3,2,41,0,48,48,43,5,2019,0,0,53,33,21,1
1,1,2,8,5,581,4,1,18,2,6,55,0,20,41,19,5,2019,2,4,46,29,1,1
3,3,3,2,5,923,11,1,20,1,6,80,0,65,47,61,5,2016,1,5,7,22,21,1
0,1,5,4,5,914,7,1,16,2,5,49,2,59,41,52,4,2016,2,1,46,31,41,0
1,3,1,6,5,174,5,1,20,1,1,44,0,34,41,29,5,2023,1,0,46,22,21,1
0,1,1,0,5,815,3,0,55,2,6,46,0,50,41,42,5,2018,2,1,46,22,55,0
0,2,2,4,5,331,12,1,3,1,2,71,0,5,50,6,4,2022,1,1,55,22,4,0
3,2,3,1,5,615,4,1,2,1,1,65,0,80,41,77,1,2025,1,4,46,30,2,1
0,1,2,7,5,1122,1,0,27,3,0,92,0,45,41,40,5,2025,0,4,46,28,30,0
1,1,4,8,5,564,12,0,15,2,3,52,1,17,41,39,5,2023,2,0,46,31,18,1
1,1,2,8,5,252,12,1,13,1,3,43,1,12,41,13,5,2019,1,4,46,22,16,1
1,1,3,6,5,467,10,1,20,2,1,30,1,28,50,80,5,2018,2,5,55,9,21,0
0,1,1,1,4,452,3,1,55,1,1,14,1,36,33,79,5,2020,1,2,69,12,55,0
0,1,5,0,5,762,10,0,17,2,6,8,1,44,63,38,5,2019,2,5,68,32,19,0
0,3,2,8,4,993,1,1,28,2,0,44,0,58,81,53,4,2021,2,2,81,14,31,0
1,1,1,8,5,299,4,1,27,1,6,29,1,66,41,62,5,2024,1,5,46,2,30,0
1,1,4,6,5,296,6,1,27,2,1,3,1,74,41,69,5,2017,2,0,46,23,30,0
0,1,3,6,6,377,5,0,30,1,5,71,1,16,75,15,6,2023,1,2,77,16,33,0
0,1,3,4,5,472,6,1,6,1,0,24,0,39,24,32,4,2018,1,5,27,31,22,0
0,1,3,4,5,932,7,1,13,2,2,79,1,39,41,32,5,2023,0,3,46,9,16,0
3,3,6,5,2,819,6,1,27,1,6,98,2,6,51,0,5,2022,1,1,56,30,30,0
2,2,3,5,5,116,1,1,13,1,5,62,2,40,41,35,5,2024,1,5,46,9,16,1
0,2,1,4,5,953,1,0,27,2,1,25,1,29,41,64,5,2018,2,5,46,5,30,1
1,2,3,8,5,822,2,1,45,3,5,21,1,24,23,58,5,2025,0,4,26,22,42,0
0,1,1,4,7,353,9,1,46,1,4,61,0,69,8,33,7,2015,1,5,11,11,48,0
1,1,3,8,5,267,1,1,17,1,3,68,0,24,41,58,5,2025,1,5,46,31,19,0
3,1,4,1,5,1445,12,1,13,2,1,64,1,41,23,59,5,2025,2,4,26,22,16,0
1,0,3,8,5,222,11,0,43,1,4,97,0,12,41,13,8,2015,1,0,46,9,45,1
0,1,1,4,5,700,12,0,27,2,1,5,0,29,41,64,5,2019,2,1,46,33,30,1
0,1,2,4,5,381,3,1,15,1,5,11,2,53,41,48,5,2020,1,3,46,12,18,0
1,1,5,8,5,182,9,0,37,1,4,43,2,38,41,31,8,2022,1,4,46,28,35,0
1,0,4,8,5,433,5,1,54,2,6,64,1,51,41,17,5,2018,2,2,46,34,34,1
3,1,3,2,5,1892,10,1,23,2,4,25,0,13,41,14,2,2025,2,4,46,30,26,0
0,1,2,4,5,809,7,1,55,2,0,15,0,29,20,64,5,2024,0,0,25,22,55,0
0,3,3,4,3,662,3,1,33,2,5,72,0,18,67,60,3,2019,2,4,67,18,12,1
0,3,2,4,5,751,1,1,40,2,6,30,0,4,23,5,5,2023,2,1,26,22,39,0
1,1,2,8,5,206,8,1,54,1,0,44,1,43,41,37,5,2022,1,2,46,29,34,0
2,1,1,5,5,95,8,0,20,1,5,87,0,7,41,47,5,2022,1,1,46,31,21,0
0,3,5,2,8,888,7,1,13,2,4,78,4,75,22,72,5,2018,2,3,22,14,16,0
1,0,3,8,5,265,5,1,0,1,4,6,2,14,0,54,8,2019,1,4,6,22,24,1
2,0,4,5,5,221,7,1,20,2,1,32,1,7,41,47,5,2023,2,5,46,31,21,0
1,1,2,8,5,392,2,1,49,2,3,64,0,24,41,58,8,2019,2,1,46,25,53,0
0,0,2,7,5,365,5,1,27,1,2,46,1,32,41,26,5,2021,1,5,46,2,30,1
1,0,2,8,5,259,4,1,55,1,4,28,0,20,41,19,5,2018,1,2,46,30,55,0
0,2,1,0,5,489,6,1,40,1,2,21,1,44,41,38,5,2022,1,0,46,22,39,1
1,0,3,6,5,160,5,1,32,1,1,14,0,15,41,10,6,2023,1,5,46,23,15,1
0,1,2,7,5,706,1,1,31,2,1,61,0,57,41,49,7,2024,2,1,46,30,32,0
3,1,3,3,5,482,2,1,17,1,6,53,1,62,41,76,5,2025,1,3,46,9,19,1
3,1,6,2,5,1410,8,1,54,3,0,20,4,13,41,14,5,2023,0,1,46,9,34,0
0,3,1,0,5,357,2,1,42,1,0,17,0,42,41,36,0,2022,1,5,46,30,44,0
3,3,1,1,5,1757,4,0,45,2,0,6,0,80,41,77,5,2024,2,4,46,30,42,1
1,1,1,6,5,343,1,1,18,2,6,69,1,16,41,15,5,2024,2,3,46,9,1,0
1,1,4,6,5,138,7,0,21,1,1,106,1,3,41,4,6,2017,1,1,46,30,25,1
3,3,5,1,5,769,8,0,2,1,0,60,2,80,50,77,1,2018,1,0,55,2,2,0
2,0,3,5,5,203,10,1,15,2,5,4,1,55,55,50,5,2023,2,5,54,30,18,1
0,0,2,8,4,432,11,1,6,1,2,27,1,48,9,43,4,2019,1,3,8,37,22,0
0,1,2,4,5,312,9,0,13,1,2,5,0,5,20,6,5,2024,1,3,25,9,16,0
0,1,2,4,5,383,11,1,16,1,6,18,1,69,41,33,4,2016,1,0,46,12,41,1
2,3,2,8,8,173,3,0,18,2,6,70,1,17,37,39,5,2023,2,0,43,29,1,0
0,1,3,4,5,655,6,1,20,2,4,18,0,69,41,33,5,2017,2,3,46,13,21,1
0,1,4,4,5,943,11,1,40,2,3,82,0,52,41,46,5,2025,2,3,46,9,39,1
1,1,1,8,5,407,10,0,0,2,3,43,0,35,41,30,8,2018,2,3,46,14,24,0
1,0,2,8,5,223,7,1,45,1,5,45,1,66,41,62,5,2021,1,3,46,31,42,0
1,3,2,8,5,383,6,0,15,2,6,25,0,73,41,70,5,2024,2,2,46,3,18,0
0,0,3,4,5,795,11,1,53,2,3,37,1,49,0,44,4,2016,2,0,6,30,54,1
0,1,2,0,5,829,11,0,27,2,5,18,2,60,41,56,5,2023,2,5,46,28,30,0
1,1,2,6,5,172,2,1,40,1,4,29,0,10,41,7,5,2024,1,3,46,22,39,0
3,3,1,1,5,768,8,1,54,1,5,53,1,63,41,18,5,2019,1,5,46,28,34,0
1,1,2,8,5,579,11,1,0,2,5,8,0,51,41,17,8,2024,2,4,46,29,24,1
2,1,1,5,5,81,7,0,27,1,3,17,0,54,41,55,5,2021,1,1,46,31,30,1
0,1,1,6,8,715,5,0,0,2,2,58,1,15,19,10,8,2024,2,5,20,3,24,1
0,1,2,7,5,699,6,1,55,2,5,8,0,70,41,27,5,2015,2,3,46,30,55,0
0,0,1,4,5,428,4,1,45,1,2,34,0,49,41,44,5,2015,1,2,46,9,42,1
0,1,2,7,5,357,9,1,27,1,2,72,0,11,41,8,5,2024,1,3,46,28,30,0
0,1,3,4,5,841,12,1,40,2,6,14,0,30,41,25,5,2023,2,5,46,17,39,0
0,0,3,4,5,726,10,1,45,2,1,2,0,18,0,60,5,2024,2,0,6,30,42,0
0,3,4,4,5,925,12,1,17,2,5,9,2,5,24,6,5,2019,2,3,27,37,19,0
0,1,1,4,5,359,10,1,29,1,1,58,0,81,41,81,4,2019,1,1,46,12,47,1
0,3,3,4,5,640,1,0,53,2,5,5,0,53,41,48,4,2015,2,2,46,12,54,0
0,1,1,4,5,456,8,1,47,1,0,23,0,53,63,48,4,2018,1,5,68,12,49,0
1,1,1,8,5,480,1,1,20,2,2,72,0,58,47,53,5,2022,2,0,7,2,21,1
1,1,2,4,6,431,8,1,36,2,2,43,0,18,75,60,6,2019,2,5,77,5,36,1
1,1,4,8,5,473,8,1,49,2,5,18,1,20,63,19,8,2021,2,1,68,3,53,1
0,1,3,7,2,580,10,1,39,2,3,16,1,45,61,40,2,2024,2,4,65,15,38,1
1,1,4,8,5,302,4,0,4,1,6,14,2,66,41,62,8,2025,1,1,46,3,5,1
0,1,1,4,5,843,7,1,6,2,2,9,0,4,41,5,4,2023,0,0,46,31,22,0
0,1,2,4,5,831,1,0,28,2,0,71,0,30,41,25,4,2025,2,5,46,12,31,0
0,1,1,4,5,714,1,0,45,2,0,51,0,5,63,6,5,2017,2,3,68,22,42,1
3,1,3,2,5,750,2,0,39,1,6,41,2,75,41,72,2,2015,1,0,46,22,38,1
3,3,2,5,1,1505,6,1,20,2,3,20,1,7,65,47,5,2023,2,1,31,9,21,1
0,1,2,5,4,355,2,1,13,1,1,19,1,46,6,41,5,2023,1,3,5,2,16,1
0,1,1,8,4,1102,9,1,29,2,0,5,1,17,81,39,4,2025,2,5,81,13,47,0
2,1,3,5,5,187,4,0,45,2,6,145,1,55,41,50,5,2025,2,3,46,30,42,0
2,1,5,5,5,129,2,1,27,1,1,89,1,46,20,41,5,2022,1,5,25,30,30,0
0,1,2,7,4,670,6,0,46,2,4,77,0,11,52,8,7,2019,2,1,59,37,48,0
0,1,2,7,5,690,1,1,54,2,4,41,0,32,41,26,5,2021,2,4,46,22,34,0
1,0,3,8,5,461,10,0,37,2,5,45,1,48,41,43,8,2023,2,3,46,34,35,0
3,1,1,1,5,1257,4,0,13,2,0,36,0,31,35,65,5,2022,2,4,40,2,16,1
0,1,1,4,5,787,12,0,29,2,6,24,0,81,41,81,4,2016,2,1,46,31,47,1
1,0,2,8,5,266,9,1,37,1,2,11,0,58,41,53,8,2019,1,3,46,9,35,1
0,1,2,4,2,823,3,1,39,2,5,16,1,4,61,5,2,2019,2,0,65,12,38,0
1,2,4,8,5,234,4,0,43,1,0,72,1,14,41,54,8,2019,1,3,46,30,45,1
1,1,1,6,5,988,5,1,55,3,5,62,0,15,63,10,5,2018,0,0,68,30,55,0
3,1,1,3,5,554,6,1,27,1,5,28,0,67,41,67,5,2019,1,5,46,18,30,1
1,1,2,8,5,488,3,1,27,2,3,41,1,51,41,17,5,2019,2,4,46,22,30,1
1,1,2,6,5,409,11,1,20,2,6,68,2,3,41,4,5,2022,2,2,46,2,21,1
0,0,2,4,5,819,5,1,45,2,0,16,2,4,35,5,5,2018,2,1,40,13,42,1
1,1,4,6,5,144,7,1,27,1,6,26,1,61,41,57,5,2025,1,1,46,28,30,1
0,1,3,4,1,1023,10,1,2,3,1,31,1,4,45,5,1,2022,0,3,47,6,2,1
1,1,2,6,5,377,8,1,15,2,5,47,0,15,41,10,5,2022,2,1,46,2,18,0
1,1,6,8,5,305,9,0,27,1,5,84,1,73,41,70,5,2021,1,3,46,3,30,0
0,1,2,0,5,300,12,1,27,1,5,23,1,42,41,36,5,2024,1,4,46,31,30,0
0,1,3,4,0,416,3,1,47,1,4,52,2,39,21,32,4,2015,1,3,23,10,49,1
0,0,2,4,5,654,1,1,45,2,0,46,0,69,41,33,5,2024,2,5,46,22,42,1
0,2,1,4,5,951,9,1,7,2,2,33,0,30,20,25,4,2024,2,3,25,31,10,0
2,1,5,4,4,179,12,1,47,1,1,11,2,4,9,5,4,2023,1,4,8,33,49,1
0,0,2,8,3,591,8,1,24,2,1,59,0,22,28,22,3,2022,2,1,33,21,29,0
1,1,4,8,5,218,5,1,49,1,0,25,1,12,41,13,8,2017,1,3,46,34,53,1
0,1,4,7,4,655,6,1,35,2,0,98,0,19,6,34,4,2022,2,3,5,13,8,0
0,1,6,0,5,883,5,1,27,2,2,51,2,21,41,16,5,2022,2,3,46,2,30,0
3,2,3,2,5,750,8,0,51,1,5,9,1,13,41,14,2,2021,1,1,46,2,52,0
0,0,1,7,5,684,9,1,55,2,5,73,1,11,50,8,5,2024,2,0,55,22,55,1
0,1,4,3,4,762,3,0,24,2,4,42,1,37,6,66,3,2023,2,3,5,13,29,0
0,1,1,6,1,763,9,0,12,2,5,13,0,76,65,74,1,2015,2,5,31,0,13,1
0,0,4,0,5,820,9,1,17,2,0,43,0,23,24,21,5,2022,2,2,27,32,19,1
2,3,2,5,5,66,1,1,17,1,6,18,0,26,41,23,5,2019,1,1,46,28,19,1
0,1,4,2,4,292,6,0,29,1,2,23,0,13,81,14,4,2023,1,0,81,17,47,1
0,1,1,4,5,768,8,1,17,2,4,62,0,30,41,25,5,2021,2,5,46,22,19,0
1,1,1,8,5,219,3,0,18,1,1,63,0,43,41,37,5,2024,1,2,46,34,1,0
1,1,2,8,5,499,3,1,27,2,4,37,0,58,41,53,5,2022,2,4,46,34,30,1
0,0,4,4,5,483,10,1,54,1,4,83,2,79,0,78,5,2015,1,1,6,28,34,0
3,0,3,1,5,1484,8,1,20,2,2,43,0,36,24,79,5,2022,2,1,27,9,21,1
1,1,5,6,5,203,8,1,36,1,4,45,2,3,41,4,6,2023,1,5,46,30,36,1
0,3,1,4,5,334,1,1,27,1,3,37,0,53,41,48,5,2019,1,5,46,9,30,0
0,1,4,2,8,624,2,1,49,2,6,18,2,13,58,14,8,2023,2,3,24,25,53,1
1,2,1,8,5,426,9,1,27,2,1,20,1,20,41,19,5,2020,2,1,46,14,30,0
1,3,2,8,5,481,2,1,37,2,2,46,1,66,55,62,8,2018,2,5,54,28,35,0
2,1,1,5,5,199,4,1,27,2,5,73,1,27,41,24,5,2015,2,3,46,31,30,1
1,1,6,8,5,221,5,1,4,1,4,98,1,51,41,17,8,2019,1,3,46,31,5,0
0,0,5,7,5,1021,6,0,27,3,2,10,1,57,41,49,5,2017,0,3,46,22,30,0
1,1,3,6,5,131,9,1,15,1,5,93,0,16,41,15,5,2024,1,5,46,2,18,0
0,1,4,6,6,1016,4,1,21,3,1,75,1,74,57,69,6,2025,0,1,61,16,25,1
1,0,2,8,5,767,12,1,37,2,5,30,1,73,41,70,8,2025,0,2,46,2,35,1
1,1,5,8,5,529,8,1,50,2,4,13,2,20,41,19,8,2024,2,1,46,25,46,0
0,1,1,4,5,400,12,1,18,1,0,50,1,18,41,60,5,2017,1,4,46,28,1,0
1,0,1,8,5,1012,2,1,17,3,3,18,0,35,41,30,5,2022,0,4,46,3,19,0
0,1,3,4,5,755,4,0,47,2,2,113,2,39,41,32,4,2019,2,2,46,13,49,0
3,1,3,2,5,884,9,0,27,1,2,19,2,75,41,72,5,2022,1,4,46,22,30,1
0,1,2,7,5,1523,7,1,46,3,5,7,0,19,41,34,7,2023,0,5,46,22,48,1
3,3,6,2,5,738,11,1,40,1,5,78,2,13,41,14,5,2021,1,1,46,28,39,0
0,0,5,2,4,608,12,1,51,2,6,78,1,56,5,51,2,2025,0,2,4,1,52,1
1,1,2,5,6,382,9,1,27,2,0,66,0,25,7,20,5,2024,2,2,10,23,30,0
3,0,2,2,5,1646,5,1,13,3,0,21,1,56,41,51,5,2024,0,0,46,28,16,1
1,1,3,8,5,258,6,1,27,1,2,18,0,51,41,17,5,2021,1,4,46,14,30,1
0,1,1,3,7,752,1,1,38,2,2,31,0,67,49,67,7,2018,2,3,57,11,37,0
0,1,4,0,5,342,2,1,15,1,2,46,3,21,41,16,5,2023,1,2,46,31,18,0
0,1,4,8,1,471,10,1,0,1,3,106,1,43,77,37,8,2022,1,5,80,0,24,0
1,3,2,8,5,491,10,1,55,2,1,23,0,73,41,70,5,2023,2,1,46,9,55,0
0,1,2,0,5,882,12,1,27,2,0,22,0,44,41,38,5,2022,2,5,46,30,30,1
0,1,3,4,5,877,4,0,25,2,0,46,1,59,41,52,4,2023,2,1,46,37,27,1
3,0,2,3,5,938,3,1,34,2,5,90,2,62,41,76,3,2024,2,3,46,30,0,0
0,1,2,4,0,717,4,1,42,2,5,101,0,18,42,60,0,2021,2,4,50,5,44,0
3,1,4,2,5,1769,7,1,27,2,0,5,2,13,63,14,5,2022,2,3,68,2,30,1
1,1,1,8,5,560,2,1,43,2,0,6,0,24,41,58,8,2025,2,2,46,22,45,0
1,1,6,8,5,379,10,1,27,2,3,29,4,12,41,13,5,2024,0,1,46,22,30,1
0,1,2,4,5,761,10,1,15,2,3,106,1,49,0,44,5,2023,2,2,6,2,18,0
0,3,1,3,7,303,5,0,20,1,6,10,1,67,8,67,5,2025,1,3,11,24,21,0
1,0,4,6,5,328,10,1,27,2,0,71,3,3,20,4,5,2023,2,5,25,28,30,1
3,1,1,2,5,780,2,1,20,1,2,68,0,75,41,72,5,2018,1,2,46,22,21,1
0,1,2,7,5,421,5,0,13,1,0,85,1,32,24,26,5,2020,1,3,27,9,16,1
0,1,2,4,8,942,6,0,20,2,0,51,0,53,37,48,5,2016,2,1,43,12,21,0
1,1,2,6,5,219,11,1,27,1,0,34,2,15,41,10,5,2025,1,2,46,30,30,1
3,1,3,2,5,945,10,1,18,1,6,50,0,13,41,14,5,2018,1,3,46,30,1,1
1,0,3,8,5,468,12,1,27,2,0,111,1,58,41,53,5,2021,2,2,46,14,30,1
1,1,1,6,5,360,4,1,18,2,1,27,0,77,41,75,5,2025,2,1,46,35,1,1
1,1,2,8,5,223,2,1,15,1,4,43,0,35,47,30,5,2017,1,1,7,14,18,0
1,3,6,8,5,403,6,1,54,2,5,45,3,20,41,19,5,2024,2,5,46,30,34,1
1,2,3,4,6,285,5,1,21,1,2,80,0,18,29,60,6,2017,1,5,34,23,25,1
0,1,5,1,6,811,8,0,12,2,3,54,2,80,7,77,1,2023,2,5,10,19,13,1
0,1,1,4,8,582,9,0,8,1,2,1,1,8,22,9,8,2025,1,4,22,29,9,0
0,3,1,1,8,359,9,1,4,1,3,66,0,41,58,59,8,2023,1,3,24,29,5,0
1,1,3,8,5,441,3,0,4,2,2,86,0,17,41,39,8,2024,2,1,46,14,5,0
1,1,5,6,5,362,6,0,17,2,2,55,1,74,41,69,5,2023,2,5,46,28,19,0
1,0,4,8,5,206,7,1,17,1,2,40,2,43,41,37,5,2020,1,3,46,34,19,0
0,0,2,7,5,369,7,1,13,1,5,58,1,45,41,40,5,2018,1,2,46,22,16,1
3,3,2,1,5,673,2,1,55,1,5,14,0,41,35,59,5,2022,1,1,40,0,55,0
1,1,5,8,5,552,11,0,4,2,6,80,1,17,55,39,8,2023,2,1,54,28,5,1
1,1,1,4,6,526,7,1,20,2,2,38,0,52,7,46,5,2025,2,3,10,37,21,1
1,1,3,6,5,297,3,1,45,2,6,44,1,61,41,57,5,2025,2,2,46,9,42,1
1,1,5,6,5,397,7,1,27,2,5,23,1,61,20,57,5,2024,2,0,25,30,30,1
0,0,4,0,5,306,2,1,55,1,2,18,0,21,35,16,5,2022,1,1,40,27,55,0
2,1,1,4,4,212,3,0,6,1,0,33,0,59,48,52,4,2025,1,4,53,33,22,1
1,3,2,8,5,668,11,1,27,3,3,4,1,58,41,53,5,2021,0,1,46,31,30,1
3,1,3,2,5,1660,5,0,13,2,6,17,3,1,23,2,5,2015,2,5,26,31,16,1
1,1,1,8,5,484,2,1,18,2,2,76,1,43,41,37,5,2019,2,4,46,28,1,0
1,1,1,8,5,525,5,1,49,2,2,27,1,43,41,37,8,2024,2,3,46,14,53,0
0,1,4,4,8,1075,9,0,15,2,1,22,0,39,22,32,5,2019,2,5,22,13,18,1
0,1,1,7,5,407,10,1,17,1,6,101,0,32,41,26,5,2023,1,5,46,28,19,0
0,1,2,7,5,729,11,1,44,2,6,28,0,72,41,71,7,2025,2,1,46,15,43,1
0,1,6,6,1,872,5,1,48,2,2,88,0,34,59,29,1,2023,2,1,41,4,50,1
0,1,1,4,5,796,4,1,35,2,4,97,0,18,41,60,4,2019,0,2,46,30,8,1
1,1,1,8,5,528,4,0,27,2,1,70,0,12,41,13,5,2023,2,1,46,29,30,1
0,1,3,4,5,430,6,1,17,1,0,44,1,39,41,32,5,2018,1,2,46,37,19,0
1,1,2,6,5,216,8,1,36,1,4,60,0,77,41,75,6,2017,1,3,46,2,36,1
0,1,2,4,5,797,12,1,13,2,5,48,2,59,41,52,5,2025,2,1,46,22,16,0
0,1,4,1,1,644,8,1,12,2,4,41,1,63,59,18,1,2024,2,3,41,0,13,1
2,1,1,5,5,146,7,1,40,2,1,75,1,26,41,23,5,2023,2,3,46,2,39,1
0,1,5,4,5,696,2,1,16,2,6,9,1,39,41,32,4,2022,2,3,46,31,41,1
0,1,1,4,5,368,9,1,13,1,5,16,0,8,23,9,5,2024,1,1,26,28,16,1
0,1,2,4,5,680,11,1,17,2,5,26,0,5,41,6,5,2021,2,3,46,28,19,1
2,1,1,5,5,116,4,0,18,1,2,73,0,26,41,23,5,2020,1,3,46,31,1,1
0,0,4,4,2,752,2,0,47,2,3,14,1,39,2,32,4,2022,2,3,1,1,49,0
1,1,4,8,5,508,10,1,40,2,1,25,1,43,41,37,5,2024,2,5,46,31,39,1
0,3,2,4,3,935,2,1,24,2,2,38,0,69,76,33,3,2019,0,1,62,18,29,1
0,0,2,5,4,344,7,0,7,1,0,57,1,27,48,24,4,2016,1,1,53,37,10,0
1,0,1,8,5,225,5,1,27,1,4,83,0,73,41,70,5,2025,1,2,46,29,30,1
2,3,1,5,5,119,10,1,15,1,2,48,1,27,41,24,5,2019,1,2,46,2,18,0
3,3,4,3,5,1032,6,1,27,2,3,72,2,64,41,11,5,2019,2,2,46,2,30,0
0,1,2,4,5,407,9,1,27,1,0,42,0,79,41,78,5,2024,1,3,46,2,30,1
3,0,1,3,5,429,1,1,45,1,0,43,0,33,41,28,5,2020,1,5,46,31,42,0
1,0,3,8,5,541,3,1,55,2,0,81,1,35,41,30,5,2018,2,0,46,31,55,0
3,1,2,2,5,1702,2,1,55,2,2,11,1,1,41,2,5,2024,2,1,46,22,55,1
1,3,1,8,5,535,3,1,40,2,6,15,0,51,41,17,5,2017,0,4,46,9,39,1
0,3,2,3,0,282,12,0,55,1,3,33,0,64,42,11,5,2019,1,3,50,20,55,1
1,1,3,8,5,510,12,0,27,2,6,4,0,43,41,37,5,2023,2,2,46,22,30,0
0,0,2,4,5,347,9,0,13,1,4,12,1,79,68,78,5,2023,1,0,71,31,16,1
3,1,1,2,5,1644,7,0,39,2,0,10,1,75,41,72,2,2016,2,4,46,28,38,1
0,2,2,0,5,464,4,1,13,1,0,40,0,50,55,42,5,2023,1,1,54,9,16,1
2,3,4,5,5,62,1,1,15,1,3,60,0,68,35,63,5,2019,1,0,40,22,18,0
1,1,5,6,5,304,1,1,40,2,0,31,2,34,41,29,5,2025,2,3,46,22,39,0
0,1,1,5,4,1226,1,0,53,3,3,1,0,7,44,47,4,2017,0,1,49,9,54,0
0,0,2,4,5,462,2,1,22,1,0,78,0,29,41,64,4,2025,1,4,46,30,23,1
0,3,5,8,1,481,2,1,37,1,6,14,1,43,65,37,8,2021,1,3,31,4,35,0
0,1,2,6,6,647,3,0,54,2,0,59,0,34,69,29,5,2017,2,1,74,23,34,1
0,1,1,7,5,437,6,1,19,1,1,11,1,72,41,71,7,2025,1,5,46,24,20,1
0,0,2,4,5,802,10,0,3,2,1,77,0,53,20,48,4,2018,2,3,25,28,4,1
1,1,2,8,5,572,9,1,37,2,0,51,1,12,41,13,8,2022,2,3,46,14,35,1
0,3,5,4,5,878,1,1,15,2,2,20,2,81,55,81,5,2017,2,2,54,9,18,0
1,0,6,6,5,132,6,1,17,1,3,26,2,3,24,4,5,2024,1,5,27,9,19,1
1,0,1,8,5,281,11,0,0,1,4,16,0,17,50,39,8,2019,1,1,55,2,24,0
0,1,3,4,5,856,5,1,53,2,0,31,1,81,0,81,4,2020,2,3,6,12,54,1
1,1,4,8,5,215,8,1,27,1,3,52,2,20,41,19,5,2025,1,0,46,28,30,0
1,1,3,8,5,261,9,0,0,1,1,80,0,35,41,30,8,2020,1,2,46,28,24,1
0,1,4,7,7,946,8,1,52,2,5,46,0,11,27,8,7,2022,2,5,70,24,51,0
1,1,2,6,5,340,2,1,21,2,4,61,0,77,41,75,6,2022,2,3,46,9,25,0
3,3,2,3,5,951,9,1,33,2,3,1,1,62,41,76,3,2018,2,1,46,30,12,0
1,1,1,8,5,552,6,1,54,2,4,15,0,22,41,22,5,2025,2,3,46,2,34,1
1,1,2,8,5,235,7,1,17,1,4,6,1,12,41,13,5,2024,1,0,46,2,19,0
2,0,2,5,5,162,6,1,40,2,2,14,1,40,41,35,5,2025,2,1,46,28,39,1
0,1,1,7,5,756,8,1,55,2,2,75,0,70,41,27,5,2023,2,0,46,2,55,1
2,1,2,5,5,179,1,1,55,2,3,92,0,55,35,50,5,2020,2,3,40,9,55,1
0,1,2,7,4,373,9,1,7,1,5,74,0,72,48,71,4,2019,1,5,53,37,10,1
1,1,2,8,5,282,3,1,43,1,5,25,1,14,41,54,8,2015,1,3,46,31,45,1
3,0,2,1,5,625,5,1,17,1,3,80,0,47,41,45,5,2015,1,3,46,9,19,0
1,1,5,8,5,299,2,1,45,1,2,98,4,12,41,13,5,2019,1,2,46,25,42,1
0,0,6,4,8,898,6,1,0,2,2,6,2,79,39,78,8,2023,0,3,17,14,24,1
0,2,2,4,5,646,9,0,27,2,2,33,1,39,41,32,5,2022,0,1,46,28,30,0
1,1,1,8,5,426,5,1,27,2,1,34,0,20,41,19,5,2021,2,1,46,22,30,1
0,1,4,4,5,954,7,1,40,2,0,61,1,49,41,44,5,2023,0,0,46,9,39,1
1,1,2,6,5,380,3,0,45,2,1,91,1,15,63,10,5,2018,2,5,68,22,42,1
1,2,1,6,5,295,9,1,54,2,0,25,0,15,41,10,5,2017,2,2,46,31,34,1
0,1,1,7,0,739,12,1,46,2,0,43,1,70,3,27,7,2025,2,0,2,20,48,0
1,3,1,8,5,185,9,1,0,1,6,36,0,14,41,54,8,2015,1,3,46,28,24,1
1,1,1,8,5,495,12,0,17,2,1,20,0,24,24,58,5,2018,0,3,27,25,19,0
1,1,2,8,5,238,6,0,27,1,6,40,0,73,41,70,5,2024,1,3,46,22,30,1
1,1,4,8,5,319,1,1,40,1,5,34,1,51,41,17,5,2023,1,5,46,9,39,1
0,0,2,4,8,539,1,1,43,1,1,108,2,30,13,25,8,2023,1,4,12,13,45,0
0,0,1,4,5,302,10,0,45,1,4,4,1,18,63,60,5,2024,1,0,68,37,42,1
0,1,1,4,5,307,8,1,18,1,5,19,0,59,41,52,5,2016,1,2,46,2,1,1
0,3,4,7,5,731,10,0,38,2,0,86,1,45,41,40,7,2023,2,3,46,30,37,1
2,3,2,5,5,77,5,1,45,1,1,78,1,27,41,24,5,2015,1,3,46,31,42,0
1,0,2,8,5,539,3,1,27,2,4,61,1,48,41,43,5,2025,2,1,46,31,30,1
0,0,4,5,4,842,4,0,16,2,6,54,0,26,9,23,4,2016,2,2,8,37,41,0
2,1,2,2,2,409,9,1,23,2,2,12,0,1,51,2,2,2024,2,4,56,26,26,0
1,1,1,8,5,599,8,0,43,2,4,90,1,43,41,37,8,2025,2,3,46,31,45,0
1,1,1,6,5,304,9,1,40,2,3,40,1,76,55,74,5,2024,2,3,54,35,39,1
0,0,2,4,5,468,6,0,45,1,3,5,0,49,41,44,5,2015,1,1,46,17,42,0
0,1,5,4,8,1113,4,0,8,2,2,56,0,8,22,9,8,2017,2,4,22,25,9,0
0,1,1,4,5,422,7,0,27,1,6,9,0,5,41,6,5,2017,1,3,46,28,30,1
1,1,2,6,5,240,7,0,36,1,0,83,0,76,41,74,6,2024,1,3,46,30,36,1
0,1,5,4,5,806,6,1,7,2,3,27,2,53,41,48,4,2018,2,2,46,31,10,0
0,0,3,0,5,459,6,1,26,1,0,36,0,60,41,56,0,2018,1,3,46,9,28,1
0,1,2,4,8,451,2,1,49,1,6,18,2,5,58,6,8,2021,1,0,24,12,53,1
0,0,2,2,8,563,5,1,23,2,4,72,0,1,31,2,2,2015,2,3,38,14,26,0
0,3,2,4,0,760,5,1,26,2,4,14,0,4,56,5,0,2017,2,3,60,27,28,0
0,1,3,0,5,829,11,1,45,2,3,84,0,42,23,36,5,2022,2,5,26,9,42,0
1,1,1,8,5,225,4,1,37,1,5,66,0,48,24,43,8,2015,1,2,27,30,35,0
1,1,2,6,5,253,10,1,21,2,6,18,0,74,41,69,6,2015,2,1,46,23,25,1
3,2,1,1,5,1428,1,1,45,2,5,63,0,31,50,65,5,2017,2,1,55,4,42,1
3,1,5,2,5,1316,10,1,40,2,3,8,0,65,41,61,5,2025,0,3,46,9,39,1
0,3,3,7,5,796,12,1,45,2,1,25,0,19,0,34,5,2025,2,0,6,31,42,0
0,3,2,4,5,417,6,1,7,1,6,15,0,49,41,44,4,2015,1,5,46,30,10,0
1,1,4,6,5,341,6,0,27,2,6,85,0,3,41,4,5,2015,2,3,46,22,30,1
0,3,3,5,7,316,6,1,38,1,1,22,1,7,40,47,7,2021,1,4,45,15,37,0
1,2,6,6,5,366,8,0,27,2,0,23,2,61,41,57,5,2016,2,0,46,19,30,1
0,1,1,4,5,415,9,1,17,1,2,7,0,29,41,64,5,2024,1,3,46,9,19,1
0,0,3,7,5,763,4,1,54,2,2,20,1,11,41,8,5,2017,2,2,46,28,34,0
0,0,2,4,5,783,4,1,47,2,0,11,0,79,41,78,4,2018,2,2,46,13,49,1
2,0,2,5,5,184,7,0,27,2,6,36,0,27,41,24,5,2015,2,5,46,28,30,1
1,1,2,6,4,356,9,1,6,1,4,67,0,28,5,80,4,2023,1,5,4,5,22,0
0,1,1,6,2,689,5,1,51,2,2,30,0,28,72,80,2,2016,2,0,75,16,52,0
0,1,5,4,5,786,11,1,22,2,5,48,3,30,41,25,4,2022,2,0,46,5,23,1
0,3,2,4,5,899,12,0,53,2,3,50,1,8,63,9,4,2018,2,1,68,31,54,0
2,1,3,5,5,206,11,1,15,2,3,23,0,6,41,0,5,2025,2,2,46,30,18,1
0,1,2,4,5,484,2,0,55,1,4,110,1,59,63,52,5,2018,1,3,68,30,55,1
1,3,4,8,5,483,3,1,45,2,5,14,1,38,41,31,5,2024,2,1,46,30,42,1
0,1,2,7,5,1061,5,1,45,3,6,76,0,70,41,27,5,2025,0,5,46,24,42,0
1,1,1,8,5,444,12,1,50,2,3,18,0,48,24,43,8,2017,2,3,27,29,46,0
1,1,4,6,5,142,5,1,13,1,6,67,1,76,41,74,5,2025,1,4,46,9,16,0
1,1,5,6,5,344,6,1,55,2,5,33,1,34,41,29,5,2023,2,5,46,8,55,0
1,1,2,4,6,282,7,1,21,1,2,47,0,53,12,48,6,2021,1,5,9,33,25,1
0,3,2,4,5,464,7,1,16,1,4,24,1,49,41,44,4,2024,1,2,46,17,41,1
1,0,5,6,5,165,7,1,20,1,6,101,2,77,23,75,5,2023,1,5,26,31,21,0
1,1,5,6,5,441,9,1,15,2,2,32,0,15,41,10,5,2023,0,3,46,31,18,0
0,1,4,4,5,832,2,0,27,2,3,92,0,81,41,81,5,2016,2,3,46,33,30,0
1,0,4,4,6,288,11,1,32,1,2,12,4,29,69,64,6,2017,1,3,74,37,15,0
0,1,3,4,0,324,8,1,53,1,3,21,1,8,1,9,4,2019,1,1,0,20,54,0
0,1,2,7,5,725,7,1,19,2,1,26,1,19,41,34,7,2024,2,1,46,28,20,1
0,3,3,8,2,351,11,1,51,1,3,47,1,48,14,43,2,2024,1,2,13,26,52,0
2,3,4,2,2,153,6,1,23,1,2,79,0,65,2,61,2,2022,1,3,1,1,26,1
1,0,1,8,5,451,9,1,43,2,6,21,1,35,41,30,8,2022,2,3,46,34,45,0
1,3,1,8,5,460,8,0,15,2,5,21,1,24,23,58,5,2025,2,2,26,22,18,1
0,1,1,4,5,433,4,1,3,1,3,67,0,8,41,9,4,2018,1,3,46,37,4,1
0,1,4,4,5,434,11,1,55,1,1,172,3,69,63,33,5,2017,1,3,68,30,55,1
0,1,1,4,0,1070,10,1,6,3,1,2,0,29,36,64,4,2022,0,5,42,13,22,1
3,1,2,3,5,547,8,1,13,1,2,34,0,78,41,73,5,2024,1,3,46,2,16,0
1,1,1,8,5,503,8,1,40,2,3,2,1,66,41,62,5,2020,2,3,46,34,39,0
1,0,1,8,5,289,5,1,27,1,4,56,0,66,41,62,5,2019,1,3,46,9,30,1
1,1,2,5,8,182,9,1,8,1,4,82,1,55,22,50,8,2023,1,4,22,9,9,1
0,1,1,4,5,700,12,1,45,2,1,43,0,79,47,78,5,2017,0,5,7,30,42,0
0,1,5,7,4,903,4,0,27,2,2,14,2,32,78,26,5,2017,2,4,79,37,30,0
1,0,5,8,5,261,10,1,45,1,1,47,0,22,50,22,5,2016,1,1,55,2,42,0
1,1,5,6,4,491,9,1,53,2,3,96,0,28,44,80,4,2019,2,2,49,17,54,1
0,2,5,4,5,824,7,1,7,2,4,84,1,81,41,81,4,2021,2,1,46,13,10,0
0,0,2,2,7,383,6,1,38,1,6,39,1,1,71,2,7,2017,1,1,72,26,37,1
0,1,4,4,5,724,12,1,16,2,4,56,1,49,41,44,4,2025,2,3,46,17,41,0
2,1,2,5,5,163,10,1,40,2,5,3,0,7,23,47,5,2023,2,5,26,30,39,1
1,1,4,8,5,265,6,0,8,1,2,6,1,22,41,22,8,2023,1,4,46,30,9,0
1,1,1,8,5,469,6,1,54,2,5,73,1,43,50,37,5,2017,2,4,55,31,34,1
1,0,4,8,5,309,11,1,18,1,2,99,0,20,41,19,5,2017,1,0,46,31,1,1
1,1,3,8,5,271,10,0,43,1,2,72,0,73,41,70,8,2022,1,0,46,9,45,0
3,1,4,1,5,1431,10,1,54,2,6,70,2,36,41,79,5,2018,2,0,46,22,34,0
1,1,3,8,5,263,8,1,15,1,3,98,0,48,41,43,5,2025,1,2,46,2,18,1
0,1,2,4,8,474,2,1,4,1,0,72,1,5,13,6,8,2015,1,0,12,34,5,1
0,1,1,4,5,832,7,1,27,2,2,39,0,18,41,60,5,2016,2,1,46,9,30,1
0,1,6,4,5,737,7,1,6,2,5,67,3,29,41,64,4,2025,0,0,46,17,22,1
1,1,1,4,6,325,2,1,30,1,6,111,1,5,12,6,6,2017,1,4,9,35,33,0
1,2,1,6,5,212,4,1,41,1,2,34,1,3,41,4,6,2025,1,3,46,16,40,0
1,1,4,8,5,512,9,0,37,2,0,57,0,66,41,62,8,2024,2,5,46,2,35,1
0,1,2,4,5,362,5,1,45,1,2,59,0,49,41,44,5,2015,1,1,46,12,42,0
1,0,2,5,8,423,9,0,0,2,1,12,0,46,30,41,8,2024,2,1,35,3,24,1
1,3,5,6,5,206,1,0,21,2,5,98,1,15,41,10,6,2016,2,2,46,22,25,1
2,0,6,5,5,208,3,1,55,2,4,57,3,27,41,24,5,2018,2,1,46,30,55,0
0,3,3,4,2,576,3,1,39,2,5,40,0,8,72,9,2,2023,2,3,75,26,38,0
0,1,4,4,5,323,4,1,25,1,2,63,1,4,50,5,4,2019,1,4,55,28,27,0
2,1,1,5,5,163,7,1,54,2,3,16,1,27,41,24,5,2023,2,1,46,31,34,1
3,3,4,3,5,911,6,1,10,2,2,34,0,64,41,11,3,2019,2,3,46,2,3,1
1,1,2,8,5,507,11,1,54,2,6,104,0,73,55,70,5,2024,2,5,54,28,34,1
0,2,2,7,5,726,9,1,27,2,0,43,1,57,41,49,5,2022,2,2,46,9,30,0
0,1,1,8,7,453,5,1,49,1,2,15,1,14,40,54,8,2024,1,1,45,15,53,1
0,3,2,4,5,685,11,0,35,2,2,70,1,59,41,52,4,2017,2,1,46,2,8,0
1,1,3,8,5,524,6,0,43,2,2,36,0,35,41,30,8,2020,2,1,46,25,45,1
1,1,1,6,5,334,7,1,45,2,6,84,1,61,41,57,5,2024,2,0,46,22,42,1
3,1,4,3,5,469,2,1,11,1,4,108,0,37,23,66,3,2017,1,5,26,21,11,1
2,3,1,5,5,87,10,1,45,1,2,47,1,40,41,35,5,2024,1,5,46,30,42,1
0,2,1,4,5,1201,5,1,40,3,0,88,0,49,41,44,5,2019,0,1,46,33,39,0
1,1,3,6,5,248,6,1,27,1,3,36,1,77,41,75,5,2025,1,5,46,2,30,1
2,2,1,8,8,108,2,1,37,1,5,23,0,22,31,22,8,2021,1,1,38,3,35,0
1,3,3,8,5,474,5,1,27,2,3,40,1,58,41,53,5,2024,2,3,46,22,30,1
2,1,2,5,5,203,4,1,55,2,2,75,0,40,41,35,5,2020,2,5,46,28,55,1
1,1,5,8,5,200,7,1,17,1,6,178,0,66,41,62,5,2023,1,1,46,29,19,1
0,1,4,8,0,835,12,1,0,2,0,116,1,22,38,22,8,2024,2,3,44,10,24,0
0,2,4,4,5,846,2,1,54,2,4,25,0,69,41,33,5,2017,2,2,46,2,34,1
1,1,4,8,5,260,10,1,50,1,4,27,1,20,0,19,8,2016,1,1,6,31,46,1
0,1,3,7,5,341,8,1,45,1,3,12,1,72,41,71,5,2025,1,3,46,2,42,0
2,1,1,5,5,80,4,1,45,1,3,77,1,71,20,68,5,2023,1,0,25,22,42,0
3,1,2,2,5,842,1,0,27,2,5,60,2,1,41,2,5,2019,0,5,46,2,30,1
3,1,2,2,5,1704,5,1,17,2,0,78,0,13,24,14,5,2024,2,1,27,30,19,0
0,1,1,4,5,394,2,1,55,1,2,19,1,29,41,64,5,2020,1,5,46,13,55,0
0,1,3,7,5,756,3,1,27,2,3,30,1,32,41,26,5,2019,2,1,46,15,30,0
0,1,4,4,5,472,9,1,7,1,3,56,3,53,24,48,4,2024,1,3,27,28,10,1
3,1,3,2,5,700,4,0,27,1,2,28,0,56,41,51,5,2023,1,3,46,9,30,1
0,1,1,8,6,900,4,1,43,2,3,90,0,51,12,17,8,2018,2,3,9,3,45,0
0,1,1,6,6,841,8,0,32,2,2,69,0,16,57,15,6,2024,2,1,61,35,15,0
0,0,3,6,2,414,10,1,23,1,5,29,0,76,2,74,2,2024,1,4,1,1,26,0
0,2,1,8,6,819,3,1,43,2,3,53,0,51,15,17,8,2019,2,3,16,8,45,0
0,1,5,7,5,735,2,1,52,2,3,46,2,57,20,49,7,2024,2,5,25,9,51,0
0,1,3,4,2,360,12,1,47,1,5,27,0,69,2,33,4,2018,1,1,1,33,49,1
0,1,2,4,5,659,5,1,17,2,0,9,1,39,41,32,5,2015,0,3,46,12,19,1
0,3,2,4,5,325,4,0,16,1,1,72,1,49,41,44,4,2025,1,2,46,9,41,1
1,0,3,6,5,250,4,1,17,2,6,38,2,34,41,29,5,2025,2,1,46,8,19,0
0,1,3,6,0,1064,1,1,18,3,2,74,0,28,1,80,5,2019,0,0,0,27,1,1
0,1,2,2,7,371,3,1,46,1,2,94,0,75,8,72,7,2025,1,1,11,15,48,1
1,2,2,6,4,271,12,1,6,1,2,114,0,74,25,69,4,2016,1,3,30,16,22,0
0,1,5,7,5,713,4,1,40,2,1,60,1,45,41,40,5,2019,2,5,46,22,39,1
3,3,2,3,5,1078,7,1,13,2,6,38,1,37,41,66,5,2021,2,1,46,31,16,1
1,1,1,8,5,274,7,0,27,1,0,34,0,66,41,62,5,2022,1,5,46,34,30,1
1,0,4,8,5,264,6,1,13,1,3,148,2,58,41,53,5,2024,1,1,46,9,16,0
3,1,4,3,5,957,4,1,15,2,4,23,0,67,41,67,5,2022,0,3,46,31,18,1
1,0,3,8,5,520,2,1,15,2,0,21,0,22,63,22,5,2024,2,3,68,22,18,1
1,1,1,8,5,253,11,1,27,1,5,45,0,66,41,62,5,2022,1,4,46,3,30,1
0,0,4,0,7,729,1,1,31,2,1,65,1,0,40,1,7,2024,2,3,45,24,32,1
0,2,3,4,8,960,10,1,43,2,1,11,0,39,13,32,8,2016,2,4,12,12,45,0
1,0,2,8,5,756,4,1,37,3,2,42,1,20,41,19,8,2023,0,3,46,3,35,1
1,1,4,8,5,506,11,1,50,2,1,28,2,14,50,54,8,2023,2,0,55,22,46,1
0,0,5,7,5,374,12,1,20,1,0,50,1,45,0,40,5,2022,1,4,6,28,21,1
0,1,2,6,3,768,10,1,40,2,6,85,1,74,67,69,5,2019,0,0,67,23,39,0
1,1,2,8,5,419,2,1,13,2,2,25,0,24,41,58,5,2019,2,1,46,3,16,0
3,1,6,1,5,1296,8,1,12,2,4,43,2,41,41,59,1,2018,2,1,46,22,13,0
0,1,2,4,5,375,8,1,29,1,2,63,1,52,41,46,4,2015,1,2,46,9,47,0
1,1,2,8,5,583,7,1,18,2,1,83,0,38,0,31,5,2023,2,3,6,22,1,1
3,1,1,3,5,463,11,1,45,1,0,31,0,67,41,67,5,2023,1,1,46,28,42,1
2,2,3,5,5,130,7,1,17,2,5,21,0,27,41,24,5,2025,2,3,46,2,19,0
1,1,1,6,5,208,6,0,55,1,0,31,0,9,41,12,5,2021,1,0,46,30,55,1
0,3,2,7,5,854,1,0,5,2,2,18,0,32,41,26,7,2023,2,1,46,31,6,0
1,1,4,6,5,244,7,0,18,2,0,41,0,15,41,10,5,2025,2,4,46,16,1,1
0,0,4,4,5,621,10,1,29,2,1,21,2,5,47,6,4,2023,2,5,7,2,47,1
1,1,1,8,5,412,2,0,27,2,4,32,1,73,41,70,5,2024,2,3,46,25,30,0
1,0,1,8,5,395,12,0,27,2,6,60,0,22,41,22,5,2024,2,3,46,25,30,0
0,0,3,7,5,778,2,0,44,2,5,30,1,32,20,26,7,2019,2,5,25,31,43,1
0,1,5,3,1,298,8,1,54,1,1,70,0,64,18,11,5,2024,1,5,63,0,34,0
0,2,1,2,8,779,2,1,0,2,4,34,0,65,62,61,8,2016,2,1,66,34,24,0
3,0,4,2,5,757,5,1,45,1,3,89,1,13,41,14,5,2015,1,1,46,31,42,1
0,0,4,0,4,285,6,0,22,1,1,20,1,60,46,56,4,2019,1,1,52,20,23,0
1,3,1,8,5,559,3,0,37,2,1,77,0,48,35,43,8,2024,2,3,40,30,35,1
0,3,4,7,5,713,5,0,13,2,2,86,0,11,41,8,5,2021,2,4,46,9,16,0
0,1,4,4,5,452,1,1,18,1,0,4,1,49,41,44,5,2020,1,1,46,13,1,0
0,0,3,0,5,963,2,1,54,2,3,22,0,23,41,21,5,2025,2,0,46,30,34,0
3,1,3,2,5,1934,1,1,27,3,6,118,1,13,41,14,5,2024,0,1,46,9,30,1
0,1,2,3,7,737,2,1,34,2,3,99,1,78,8,73,3,2015,2,5,11,24,0,1
2,1,5,5,5,926,9,1,27,3,2,57,2,55,41,50,5,2024,0,3,46,22,30,1
0,3,2,4,5,816,4,1,40,2,5,16,1,29,23,64,5,2015,2,3,26,12,39,0
1,1,2,8,5,490,11,1,27,2,2,57,0,14,20,54,5,2018,0,4,25,30,30,1
1,3,2,8,5,199,1,0,8,1,3,9,1,24,41,58,8,2021,1,0,46,30,9,1
0,1,1,1,4,447,7,1,1,1,1,73,0,41,46,59,1,2022,1,5,52,12,7,0
1,1,2,8,5,254,4,1,18,1,6,33,0,22,41,22,5,2017,1,5,46,28,1,0
0,1,1,4,5,884,8,1,47,3,6,44,1,69,0,33,4,2023,0,3,6,13,49,1
0,1,2,4,5,842,10,1,53,3,1,56,1,49,41,44,4,2025,0,5,46,9,54,0
1,3,2,8,5,412,12,1,0,2,6,21,0,51,41,17,8,2021,2,5,46,22,24,0
0,0,2,0,5,778,11,1,26,2,2,25,0,42,41,36,0,2025,2,2,46,20,28,0
0,0,6,8,6,431,8,1,45,1,2,20,2,12,4,13,5,2025,1,1,3,3,42,0
2,1,1,5,5,162,9,1,15,2,3,25,1,26,47,23,5,2015,2,1,7,31,18,0
1,0,6,8,5,441,1,0,37,2,6,34,2,58,41,53,8,2025,2,1,46,2,35,0
2,1,2,2,2,1015,10,1,51,3,1,38,1,13,2,14,2,2017,0,2,1,26,52,0
2,1,1,5,5,129,1,1,45,1,1,27,0,68,41,63,5,2023,1,3,46,22,42,1
0,3,2,8,3,894,3,1,11,2,4,59,0,38,66,31,3,2023,2,1,37,18,11,1
1,0,1,8,5,301,5,1,27,1,6,27,0,43,41,37,5,2024,1,1,46,25,30,0
3,2,1,2,5,895,10,1,51,1,4,15,1,13,41,14,2,2023,1,0,46,9,52,1
1,1,4,8,5,292,2,1,17,1,0,87,0,58,41,53,5,2023,1,1,46,30,19,1
0,3,3,8,6,380,1,0,32,1,6,76,0,66,29,62,6,2022,1,2,34,35,15,1
0,1,2,7,5,383,2,0,46,1,1,30,0,32,41,26,7,2021,1,1,46,24,48,0
1,0,2,6,5,133,6,1,27,1,6,27,1,3,41,4,5,2025,1,3,46,31,30,0
1,3,1,4,6,663,10,1,22,2,6,18,0,8,69,9,4,2019,0,4,74,17,23,1
1,1,1,8,5,506,6,1,0,2,5,42,1,12,41,13,8,2018,2,1,46,30,24,0
0,1,1,8,7,310,2,1,8,1,0,58,0,22,26,22,8,2025,1,3,32,15,9,1
0,1,3,8,4,963,12,1,37,2,3,29,0,38,52,31,8,2017,2,2,59,34,35,0
0,1,5,3,3,304,4,1,10,1,0,16,2,62,11,76,3,2024,1,2,64,21,3,1
2,3,6,8,8,328,6,1,37,2,6,90,2,12,17,13,8,2025,2,4,51,29,35,1
1,0,2,6,5,328,12,1,27,2,2,69,2,61,41,57,5,2018,2,1,46,22,30,0
3,1,6,2,5,794,1,1,27,1,4,57,2,1,41,2,5,2025,1,1,46,2,30,0
0,1,5,0,5,798,6,1,15,2,1,59,1,42,41,36,5,2022,2,2,46,30,18,1
1,1,1,8,5,435,11,1,15,2,4,26,1,12,41,13,5,2025,2,3,46,31,18,0
0,1,2,8,6,901,8,1,4,3,3,28,0,14,10,54,8,2015,0,0,15,3,5,0
0,0,2,7,5,839,6,1,31,2,5,93,1,32,41,26,7,2022,2,3,46,28,32,1
1,3,5,6,4,534,2,0,22,2,6,36,2,28,9,80,4,2023,2,1,8,33,23,0
0,1,2,5,4,782,6,1,40,2,5,87,1,26,6,23,5,2016,2,3,5,17,39,1
0,1,1,7,5,651,2,1,27,2,2,42,0,32,41,26,5,2025,2,5,46,11,30,0
0,2,2,4,5,800,3,1,17,2,1,49,1,39,41,32,5,2023,2,3,46,22,19,1
3,1,2,2,5,1780,6,1,20,3,0,106,2,56,41,51,5,2024,0,3,46,28,21,1
1,1,1,8,5,544,12,1,37,2,0,78,0,73,41,70,8,2023,2,0,46,9,35,0
1,1,1,8,5,244,4,1,55,1,5,37,0,22,41,22,5,2022,1,3,46,2,55,0
0,1,2,4,5,412,1,1,6,1,5,44,0,79,41,78,4,2024,1,3,46,2,22,1
0,1,4,4,5,383,4,1,15,1,3,48,2,59,41,52,5,2025,1,3,46,2,18,1
0,1,2,7,5,727,10,1,19,2,1,101,1,19,41,34,7,2023,2,3,46,22,20,1
2,1,5,5,5,242,11,1,20,2,3,75,0,46,68,41,5,2023,2,1,71,30,21,1
1,1,6,6,5,473,10,1,17,2,6,7,4,74,24,69,5,2022,2,2,27,22,19,1
1,1,5,8,5,425,9,0,20,2,3,78,3,73,41,70,5,2019,2,5,46,31,21,1
1,1,3,8,5,471,11,1,45,2,5,21,1,73,63,70,5,2017,2,5,68,14,42,0
1,1,3,5,6,185,1,1,27,1,2,72,0,6,69,0,5,2018,1,3,74,23,30,1
1,1,2,8,5,361,5,0,27,2,6,20,1,17,41,39,5,2018,2,5,46,2,30,0
0,3,2,8,4,588,5,1,3,1,1,112,0,48,46,43,4,2017,1,1,52,17,4,1
1,1,6,8,5,531,3,1,4,2,0,41,1,12,41,13,8,2022,2,1,46,22,5,0
0,1,1,7,5,403,7,1,27,1,5,52,0,70,41,27,5,2023,1,2,46,28,30,1
3,0,1,2,5,707,3,0,27,1,1,100,0,75,41,72,5,2018,1,4,46,9,30,1
1,1,3,8,5,185,5,1,27,1,6,11,0,14,41,54,5,2019,1,5,46,30,30,0
0,1,5,5,4,383,11,1,20,1,3,26,3,40,60,35,5,2024,1,1,18,22,21,1
0,1,1,4,5,760,6,1,40,2,1,55,1,30,41,25,5,2024,2,3,46,13,39,0
2,0,1,5,5,227,12,1,45,2,5,39,0,26,35,23,5,2022,2,1,40,30,42,0
0,0,3,4,8,428,11,1,53,1,4,6,0,81,39,81,4,2022,1,3,17,25,54,0
1,1,4,6,5,405,9,1,13,2,2,57,0,9,41,12,5,2025,2,4,46,30,16,1
1,0,4,6,5,848,11,0,40,3,0,46,0,3,23,4,5,2020,0,3,26,2,39,0
2,1,3,5,5,243,10,1,45,2,6,1,1,40,41,35,5,2019,2,5,46,9,42,1
3,1,2,2,5,1884,1,1,54,2,2,24,0,13,55,14,5,2021,2,3,54,1,34,0
3,1,2,3,5,502,1,0,17,1,6,96,1,37,41,66,5,2023,1,1,46,30,19,1
1,0,4,8,5,241,9,0,27,1,5,16,0,22,41,22,5,2023,1,1,46,9,30,0
2,1,1,5,5,135,5,1,17,2,1,17,0,27,20,24,5,2023,2,5,25,2,19,0
3,1,1,1,5,764,5,1,15,1,5,103,0,80,0,77,5,2023,1,5,6,22,18,1
3,1,1,3,5,991,12,0,40,2,6,31,1,37,41,66,5,2022,2,1,46,2,39,0
0,0,4,4,5,713,8,0,47,2,6,53,1,39,41,32,4,2018,2,1,46,12,49,0
1,1,2,8,5,503,10,0,27,2,0,40,1,24,41,58,5,2023,2,0,46,9,30,0
3,3,2,1,5,605,10,1,13,1,4,61,0,47,41,45,5,2021,1,0,46,9,16,1
2,1,1,5,5,88,7,1,45,1,1,104,0,6,41,0,5,2018,1,5,46,28,42,1
0,1,6,4,5,778,7,1,22,2,5,14,3,59,41,52,4,2022,2,2,46,5,23,0
0,1,3,8,3,415,6,1,43,1,5,46,0,73,66,70,8,2018,1,3,37,7,45,0
1,2,3,6,5,245,8,1,17,1,3,1,0,9,41,12,5,2023,1,5,46,31,19,0
1,1,2,8,5,501,9,1,8,2,2,21,2,48,41,43,8,2024,2,1,46,3,9,1
0,1,1,5,7,430,6,1,40,1,1,29,0,54,26,55,5,2025,1,5,32,11,39,0
3,0,2,1,5,748,3,0,15,1,2,23,1,31,41,65,5,2024,1,2,46,0,18,1
0,1,1,0,5,311,3,0,18,1,5,56,1,42,41,36,5,2018,1,2,46,30,1,1
0,1,3,7,5,809,11,0,18,2,0,12,1,57,41,49,5,2022,2,5,46,28,1,0
3,3,1,3,5,1116,4,1,54,3,1,13,0,64,41,11,5,2019,0,1,46,21,34,1
0,1,4,6,2,318,8,1,32,1,0,47,1,34,51,29,6,2025,1,1,56,1,15,1
1,1,6,8,5,273,3,1,20,1,6,21,3,12,0,13,5,2023,1,2,6,2,21,0
1,1,6,6,5,392,4,1,27,2,0,78,1,61,41,57,5,2015,2,1,46,9,30,1
1,1,2,8,5,484,1,1,8,2,4,106,0,73,41,70,8,2018,2,1,46,3,9,0
1,1,3,8,5,491,8,1,27,2,6,15,0,43,41,37,5,2019,2,3,46,31,30,1
1,0,3,8,5,208,12,1,17,1,0,52,2,73,41,70,5,2023,1,3,46,2,19,1
0,1,1,4,5,718,12,1,22,2,2,18,1,8,41,9,4,2025,2,1,46,2,23,1
1,1,5,8,5,371,11,0,45,2,6,62,1,12,20,13,5,2021,2,1,25,2,42,0
0,2,1,0,5,496,6,1,13,1,5,66,1,0,50,1,5,2021,1,5,55,31,16,0
0,3,3,4,3,703,10,1,33,2,1,51,0,52,76,46,3,2022,0,5,62,7,12,0
0,3,2,7,5,768,6,1,5,2,2,23,0,70,68,27,7,2020,2,5,71,36,6,1
3,1,1,1,5,644,5,1,15,1,6,6,0,80,41,77,5,2020,1,4,46,30,18,0
1,1,1,6,5,424,8,1,18,2,1,97,1,77,47,75,5,2016,2,5,7,23,1,1
0,1,3,4,5,586,5,1,53,2,0,33,0,49,41,44,4,2024,0,3,46,37,54,1
0,1,5,4,5,468,1,1,45,1,3,8,2,4,24,5,5,2020,1,3,27,22,42,1
1,2,1,8,5,247,7,1,0,1,4,91,0,66,63,62,8,2025,1,1,68,30,24,1
2,1,2,8,8,296,1,1,13,2,2,22,1,12,17,13,5,2016,2,3,51,3,16,1
1,1,2,8,5,493,12,1,27,2,5,39,0,43,41,37,5,2025,2,1,46,22,30,0
1,1,4,6,5,105,4,1,21,1,2,57,1,10,41,7,6,2015,1,3,46,30,25,1
1,1,1,6,5,135,9,1,20,1,0,44,0,74,41,69,5,2022,1,1,46,22,21,1
0,1,2,4,5,1125,5,1,40,3,3,52,1,81,41,81,5,2022,0,2,46,28,39,1
1,1,1,8,5,547,6,1,17,2,3,46,0,38,41,31,5,2019,2,3,46,34,19,1
1,0,2,6,5,267,2,1,41,2,3,30,1,16,41,15,6,2019,2,4,46,31,40,0
1,1,2,6,4,277,8,1,28,1,4,30,0,77,9,75,4,2023,1,2,8,17,31,0
0,1,2,0,5,762,5,1,14,2,3,12,1,23,41,21,0,2019,2,0,46,2,17,0
0,0,5,4,8,542,6,1,37,1,5,31,1,8,31,9,8,2024,1,3,38,37,35,1
1,1,2,5,8,265,2,1,0,1,2,75,0,54,70,55,8,2023,1,1,73,28,24,0
1,1,1,8,5,583,6,1,40,2,2,43,1,48,23,43,5,2023,2,5,26,9,39,0
1,0,1,8,5,182,11,1,40,1,0,23,0,43,47,37,5,2024,1,5,7,9,39,1
0,3,1,8,4,888,6,1,3,2,1,59,1,58,9,53,4,2024,2,0,8,5,4,1
0,1,4,4,5,843,7,1,28,2,1,55,0,8,47,9,4,2023,2,3,7,33,31,1
1,1,1,8,5,285,7,0,45,1,2,42,1,73,41,70,5,2018,1,3,46,14,42,0
1,1,4,6,5,197,1,0,13,1,2,66,1,15,41,10,5,2022,1,5,46,23,16,0
0,3,1,4,5,858,3,1,13,2,5,43,0,4,0,5,5,2021,2,3,6,2,16,1
1,0,2,8,5,431,11,0,27,2,1,15,0,48,41,43,5,2023,2,3,46,30,30,0
1,1,4,6,5,236,6,1,55,1,6,133,0,15,41,10,5,2016,1,3,46,2,55,1
1,1,2,6,5,242,2,0,15,1,1,168,1,3,41,4,5,2017,1,1,46,31,18,0
0,1,4,4,5,826,8,1,47,2,1,30,2,59,41,52,4,2025,2,2,46,22,49,1
1,1,2,8,5,248,12,0,4,1,6,42,0,14,41,54,8,2025,1,3,46,14,5,1
3,1,2,3,5,955,5,0,20,2,4,42,1,33,41,28,5,2020,2,3,46,22,21,1
1,1,2,8,5,188,4,0,4,1,1,38,1,51,41,17,8,2017,1,5,46,30,5,1
1,1,2,8,5,291,1,1,0,1,5,15,2,20,41,19,8,2021,1,1,46,2,24,1
0,0,2,7,5,1483,7,0,38,3,3,17,0,57,50,49,7,2024,0,3,55,36,37,0
0,1,3,2,7,462,8,1,23,1,6,25,0,75,8,72,2,2025,1,4,11,11,26,1
1,3,2,8,5,266,9,1,27,1,3,91,0,22,41,22,5,2025,1,2,46,22,30,1
2,2,4,5,5,216,8,1,15,2,1,38,1,54,41,55,5,2016,2,5,46,22,18,0
1,2,3,8,5,560,12,1,40,2,4,5,0,17,41,39,5,2017,2,0,46,30,39,0
3,1,3,5,3,472,7,1,15,1,4,69,1,68,73,63,5,2018,1,1,78,30,18,0
2,0,1,5,5,194,6,1,45,2,3,16,1,55,41,50,5,2022,0,2,46,31,42,0
3,1,1,2,5,1737,6,1,27,2,2,22,0,65,41,61,5,2023,2,0,46,2,30,0
2,0,2,5,5,193,11,1,20,2,1,100,0,25,41,20,5,2015,2,5,46,2,21,0
1,1,3,8,5,500,2,1,20,2,3,33,0,22,63,22,5,2017,2,0,68,3,21,1
1,3,5,8,5,442,10,1,49,2,2,93,2,14,41,54,8,2016,2,4,46,22,53,0
2,1,2,5,5,82,9,0,15,1,1,46,0,25,41,20,5,2019,1,4,46,22,18,1
0,1,1,7,5,737,6,1,55,2,2,31,0,19,35,34,5,2019,2,0,40,22,55,1
0,2,5,7,5,443,5,1,27,1,2,42,0,19,41,34,5,2021,1,3,46,11,30,0
3,0,1,3,5,515,3,0,27,1,4,17,0,62,41,76,5,2022,1,1,46,21,30,1
1,1,3,6,5,105,4,1,30,1,4,28,1,34,0,29,6,2022,1,4,6,22,33,0
2,1,1,5,5,213,9,1,27,2,1,5,0,27,41,24,5,2023,2,1,46,2,30,1
3,1,2,3,5,1081,11,1,27,2,3,13,0,67,41,67,5,2024,2,1,46,22,30,0
0,1,2,7,0,320,12,1,26,1,6,34,1,70,3,27,0,2017,1,4,2,32,28,1
0,1,2,7,5,802,2,1,15,2,2,8,1,57,41,49,5,2016,2,5,46,28,18,1
3,0,3,2,5,1492,6,1,45,3,5,94,1,13,41,14,5,2022,0,3,46,30,42,1
2,1,5,8,8,192,9,1,37,1,6,17,1,66,31,62,8,2020,1,5,38,25,35,0
0,1,2,4,5,781,3,1,53,2,3,43,1,4,41,5,4,2024,2,1,46,30,54,1
1,1,2,8,5,529,6,1,27,2,5,4,1,38,41,31,5,2018,2,2,46,9,30,0
0,1,4,4,5,357,6,1,17,1,0,63,0,18,41,60,5,2025,1,1,46,22,19,1
0,0,3,0,5,835,5,1,27,2,2,79,1,44,41,38,5,2023,2,5,46,20,30,1
1,1,3,6,5,367,8,0,32,2,3,114,1,10,41,7,6,2017,2,5,46,31,15,1
1,1,2,5,8,530,11,1,15,2,0,29,0,7,70,47,5,2017,2,2,73,14,18,1
1,0,4,8,5,276,8,1,37,1,2,4,1,24,41,58,8,2021,1,3,46,31,35,1
0,0,1,4,5,494,6,0,27,1,6,31,1,81,41,81,5,2024,1,1,46,28,30,1
1,1,2,8,5,199,1,1,43,1,6,94,0,38,41,31,8,2018,1,0,46,28,45,0
1,3,1,8,5,491,6,1,20,2,4,80,1,73,41,70,5,2016,2,5,46,14,21,1
0,0,2,4,5,466,5,1,20,1,4,33,1,81,41,81,5,2018,1,3,46,28,21,1
2,3,1,5,5,148,5,1,27,2,5,17,0,26,41,23,5,2024,2,3,46,9,30,0
1,3,4,8,5,243,8,1,27,1,2,17,2,43,41,37,5,2022,1,1,46,31,30,1
1,1,6,6,5,228,12,0,18,2,5,27,0,3,41,4,5,2022,2,0,46,2,1,0
1,0,3,8,5,520,9,1,4,2,0,55,0,43,41,37,8,2017,2,1,46,2,5,1
0,3,1,6,7,835,1,1,44,2,1,81,0,16,71,15,7,2024,2,3,72,16,43,1
3,1,1,5,1,844,12,1,45,1,5,23,0,55,77,50,5,2023,1,3,80,0,42,0
1,1,3,8,5,185,1,1,37,1,1,33,2,73,68,70,8,2024,1,4,71,28,35,1
3,1,1,2,5,1533,5,1,27,2,5,91,1,1,41,2,5,2023,2,2,46,22,30,1
2,1,2,5,5,88,11,1,55,1,3,47,1,68,68,63,5,2025,1,5,71,9,55,0
1,2,3,8,5,213,9,0,27,1,0,16,1,58,41,53,5,2025,1,2,46,30,30,0
0,0,1,7,5,374,1,0,52,1,5,66,1,11,41,8,7,2018,1,1,46,9,51,1
3,2,1,1,5,1466,12,1,40,2,3,97,1,80,41,77,5,2019,2,3,46,31,39,0
0,1,3,7,5,396,4,0,55,1,0,47,1,32,20,26,5,2025,1,5,25,9,55,1
0,1,2,0,5,446,2,0,27,1,1,75,1,23,41,21,5,2021,1,3,46,28,30,0
1,1,2,8,5,306,7,1,13,1,6,36,2,73,41,70,5,2025,1,2,46,25,16,0
0,0,2,7,1,802,11,0,52,2,6,37,0,70,59,27,7,2017,0,5,41,15,51,0
0,1,2,0,8,283,4,1,26,1,1,27,1,50,31,42,0,2023,1,5,38,10,28,0
1,1,3,5,6,330,7,0,15,2,2,40,1,27,12,24,5,2017,2,1,9,19,18,0
1,1,2,8,5,472,6,1,40,2,6,50,0,48,41,43,5,2019,2,2,46,31,39,1
1,0,1,8,5,409,10,0,18,2,3,12,1,35,41,30,5,2023,2,5,46,28,1,1
0,1,6,3,0,279,8,1,17,1,2,37,2,33,42,28,5,2018,1,1,50,32,19,1
0,1,1,0,5,462,3,1,15,1,4,30,1,21,0,16,5,2016,1,1,6,9,18,0
0,1,2,8,6,819,10,1,43,2,1,20,0,17,4,39,8,2025,2,0,3,19,45,1
0,3,1,7,5,759,6,1,52,2,0,58,0,70,41,27,7,2016,2,1,46,22,51,1
3,1,1,3,5,958,9,1,17,2,0,5,0,78,24,73,5,2018,2,3,27,18,19,0
0,0,3,4,5,673,10,1,6,2,0,66,1,29,41,64,4,2022,2,3,46,28,22,0
3,1,2,5,1,669,10,0,40,1,4,54,0,26,77,23,5,2017,1,1,80,6,39,0
